================================================================================
Contenido de: results/svm/annealing/batches/betas00010_iterations00010/2026-08-10_12:40:55/summary.txt
================================================================================

B-idx	Energy	Acceptance
0	0.000000	0.
1	-0.005471	1.000000
2	-0.010479	1.000000
3	-0.016063	1.000000
4	-0.021455	1.000000
5	-0.024978	1.000000
6	-0.030570	1.000000
7	-0.038090	1.000000
8	-0.042423	1.000000
9	-0.049138	1.000000
10	-0.056200	1.000000


================================================================================
Contenido de: results/svm/annealing/batches/betas00010_iterations00010/2026-08-10_12:41:24/summary.txt
================================================================================

B-idx	Energy	Acceptance
0	0.000000	0.
1	-0.005615	1.000000
2	-0.012151	1.000000
3	-0.018775	1.000000
4	-0.026291	1.000000
5	-0.032231	1.000000
6	-0.038229	1.000000
7	-0.044054	1.000000
8	-0.049563	1.000000
9	-0.052940	1.000000
10	-0.059622	1.000000


================================================================================
Contenido de: results/svm/annealing/batches/betas00010_iterations00010/2026-08-10_16:12:54/summary.txt
================================================================================

B-idx	Beta	Energy	Acceptance
1	2107.620401	-0.003393	1.000000
2	2318.382442	-0.009994	1.000000
3	2550.220686	-0.016793	1.000000
4	2805.242754	-0.022720	1.000000
5	3085.767030	-0.027754	1.000000
6	3394.343733	-0.032728	1.000000
7	3733.778106	-0.039075	1.000000
8	4107.155917	-0.046042	0.900000
9	4517.871508	-0.049113	1.000000
10	4969.658659	-0.054548	1.000000


================================================================================
Contenido de: results/svm/annealing/batches/betas00010_iterations00010/2026-08-10_16:18:31/summary.txt
================================================================================

B-idx	Beta	Energy	Acceptance
1	1930.502686	-0.005050	1.000000
2	2123.552955	-0.012872	1.000000
3	2335.908250	-0.015806	1.000000
4	2569.499075	-0.020347	1.000000
5	2826.448983	-0.024850	1.000000
6	3109.093881	-0.031307	1.000000
7	3420.003269	-0.038001	1.000000
8	3762.003596	-0.043170	1.000000
9	4138.203955	-0.046988	1.000000
10	4552.024351	-0.055396	1.000000


================================================================================
Contenido de: results/svm/annealing/batches/betas00010_iterations00010/2026-08-11_11:06:44/summary.txt
================================================================================

B-idx	Beta	Energy	Acceptance
1	2031.617175	-0.003316	1.000000
2	2234.778892	-0.007079	1.000000
3	2458.256781	-0.010515	1.000000
4	2704.082460	-0.015430	1.000000
5	2974.490706	-0.019296	1.000000
6	3271.939776	-0.025110	1.000000
7	3599.133754	-0.031655	1.000000
8	3959.047129	-0.033823	1.000000
9	4354.951842	-0.039572	1.000000
10	4790.447026	-0.045900	1.000000


================================================================================
Contenido de: results/svm/annealing/batches/betas00010_iterations00010/2026-08-11_11:07:53/summary.txt
================================================================================

B-idx	Beta	Energy	Acceptance
1	2010.190752	-0.002268	1.000000
2	2211.209827	-0.005461	1.000000
3	2432.330809	-0.008595	1.000000
4	2675.563890	-0.012880	1.000000
5	2943.120279	-0.016476	1.000000
6	3237.432307	-0.023705	1.000000
7	3561.175538	-0.030311	1.000000
8	3917.293092	-0.034536	1.000000
9	4309.022401	-0.037775	1.000000
10	4739.924641	-0.045704	1.000000


================================================================================
Contenido de: results/svm/annealing/batches/betas00010_iterations100000/2026-08-11_11:54:34/summary.txt
================================================================================

B-idx	Beta	Energy	Acceptance
1	52.263699	-39.805402	0.571030
2	57.490069	-41.433049	0.566950
3	63.239076	-42.760987	0.553460
4	69.562983	-43.143076	0.548710
5	76.519282	-43.937128	0.540830
6	84.171210	-44.477732	0.534240
7	92.588331	-45.649466	0.527900
8	101.847164	-46.042808	0.526280
9	112.031880	-46.837019	0.513500
10	123.235068	-47.781503	0.502550


================================================================================
Contenido de: results/svm/annealing/batches/betas00010_iterations50000/2026-08-11_11:54:21/summary.txt
================================================================================

B-idx	Beta	Energy	Acceptance
1	50.853335	-37.816377	0.576500
2	55.938669	-40.109885	0.560880
3	61.532536	-42.216654	0.554580
4	67.685789	-43.338471	0.548500
5	74.454368	-44.059173	0.542700
6	81.899805	-44.492397	0.536460
7	90.089786	-45.334385	0.528140
8	99.098764	-46.306647	0.519600
9	109.008641	-47.109399	0.518640
10	119.909505	-47.123952	0.504560


================================================================================
Contenido de: results/svm/annealing/batches/betas00050_iterations10000_c-limit0.1/2026-08-16_13:54:10/summary.txt
================================================================================



================================================================================
Contenido de: results/svm/annealing/batches/betas00050_iterations10000_c-limit0.1/2026-08-16_20:22:02/summary.txt
================================================================================

B-idx	Beta	Energy	Acceptance
1	29.665916	-32.824401	0.773900
2	32.632508	-35.703865	0.693800
3	35.895759	-38.758307	0.698300
4	39.485334	-39.674150	0.683900
5	43.433868	-41.644420	0.674700
6	47.777255	-42.930351	0.663300
7	52.554980	-44.465630	0.653700
8	57.810478	-46.039389	0.636500
9	63.591526	-47.641540	0.640800
10	69.950679	-48.445378	0.640600
11	76.945747	-49.331097	0.617400
12	84.640321	-50.315549	0.615700
13	93.104353	-51.069775	0.605400
14	102.414789	-51.711301	0.588600
15	112.656267	-52.475919	0.584900
16	123.921894	-53.935656	0.573900
17	136.314084	-54.531722	0.565300
18	149.945492	-55.225828	0.560000
19	164.940041	-55.698888	0.549800
20	181.434045	-56.490170	0.538900
21	199.577450	-57.015607	0.523600
22	219.535195	-57.409654	0.525900
23	241.488714	-57.942260	0.513000
24	265.637586	-58.626868	0.499800
25	292.201344	-58.914065	0.498100
26	321.421479	-59.472146	0.487900
27	353.563627	-59.851931	0.469400
28	388.919989	-60.372161	0.464700
29	427.811988	-60.831592	0.470900
30	470.593187	-61.287650	0.447900
31	517.652506	-61.764235	0.439000
32	569.417756	-62.060045	0.427800
33	626.359532	-62.469883	0.421600
34	688.995485	-62.805263	0.408000
35	757.895034	-63.136384	0.398400
36	833.684537	-63.374383	0.408300
37	917.052991	-63.596066	0.392900
38	1008.758290	-63.845639	0.385800
39	1109.634119	-64.031613	0.374300
40	1220.597531	-64.241740	0.380200
41	1342.657284	-64.453742	0.368100
42	1476.923013	-64.609575	0.358400
43	1624.615314	-64.770446	0.367700
44	1787.076845	-64.916748	0.346100
45	1965.784530	-65.043634	0.342300
46	2162.362983	-65.186306	0.334100
47	2378.599281	-65.345244	0.338700
48	2616.459209	-65.448968	0.333500
49	2878.105130	-65.506710	0.309300
50	3165.915643	-65.608264	0.325600



================================================================================
Contenido de: results/svm/annealing/batches/betas00050_iterations10000_c-limit0.1/2026-08-16_20:33:13-000/summary.txt
================================================================================



================================================================================
Contenido de: results/svm/annealing/batches/betas00050_iterations10000_c-limit0.1/2026-08-16_20:33:13-001/summary.txt
================================================================================



================================================================================
Contenido de: results/svm/annealing/batches/betas00050_iterations10000_c-limit0.1/2026-08-16_20:33:13-002/summary.txt
================================================================================



================================================================================
Contenido de: results/svm/annealing/batches/betas00050_iterations10000_c-limit0.1/2026-08-16_20:33:13-003/summary.txt
================================================================================



================================================================================
Contenido de: results/svm/annealing/batches/betas00050_iterations10000_c-limit0.1/2026-08-16_20:33:13-004/summary.txt
================================================================================



================================================================================
Contenido de: results/svm/annealing/batches/betas00050_iterations10000_c-limit0.1/2026-08-16_20:35:35-000/summary.txt
================================================================================

B-idx	Beta	Energy	Acceptance
1	30.773071	-34.256549	0.771000
2	33.850378	-37.260802	0.707200
3	37.235416	-38.593069	0.693400
4	40.958958	-40.447770	0.677600
5	45.054854	-41.409491	0.672300
6	49.560339	-43.002136	0.670400
7	54.516373	-44.967975	0.652800
8	59.968010	-46.277608	0.643000
9	65.964811	-47.199243	0.628400
10	72.561293	-48.625411	0.626000
11	79.817422	-49.781172	0.621300
12	87.799164	-49.866512	0.607900
13	96.579080	-51.502487	0.593600
14	106.236988	-52.180550	0.585800
15	116.860687	-52.733291	0.583200
16	128.546756	-53.750141	0.568200
17	141.401432	-54.065969	0.558000
18	155.541575	-55.248174	0.546800
19	171.095732	-55.946346	0.536900
20	188.205305	-56.655028	0.528800
21	207.025836	-56.928784	0.512700
22	227.728420	-57.588371	0.512500
23	250.501261	-58.307463	0.502700
24	275.551388	-58.949773	0.493700
25	303.106526	-59.683917	0.492100
26	333.417179	-59.901770	0.477300
27	366.758897	-60.509595	0.477700
28	403.434787	-60.872979	0.468400
29	443.778265	-61.372481	0.458300
30	488.156092	-61.725573	0.447400
31	536.971701	-62.007487	0.435200
32	590.668871	-62.303516	0.425400
33	649.735758	-62.644650	0.426700
34	714.709334	-62.822241	0.401400
35	786.180267	-63.118082	0.403300
36	864.798294	-63.403771	0.405200
37	951.278124	-63.672824	0.391400
38	1046.405936	-63.843785	0.387200
39	1151.046529	-64.077433	0.390100
40	1266.151182	-64.264172	0.370900
41	1392.766301	-64.459284	0.367200
42	1532.042931	-64.691373	0.362200
43	1685.247224	-64.822518	0.360800
44	1853.771946	-64.953296	0.349600
45	2039.149141	-65.123088	0.344300
46	2243.064055	-65.232713	0.348700
47	2467.370460	-65.327872	0.339100
48	2714.107506	-65.445888	0.335500
49	2985.518257	-65.563148	0.328500
50	3284.070083	-65.657133	0.329800


================================================================================
Contenido de: results/svm/annealing/batches/betas00050_iterations10000_c-limit0.1/2026-08-16_20:35:35-001/summary.txt
================================================================================

B-idx	Beta	Energy	Acceptance
1	31.069212	-31.964092	0.778500
2	34.176133	-34.422649	0.705200
3	37.593746	-39.418652	0.691700
4	41.353121	-40.854785	0.680600
5	45.488433	-41.715206	0.669600
6	50.037276	-43.795733	0.662000
7	55.041004	-45.501938	0.651800
8	60.545104	-46.603723	0.643600
9	66.599614	-46.784325	0.632800
10	73.259576	-48.027481	0.620000
11	80.585533	-49.749137	0.612300
12	88.644087	-50.507444	0.605400
13	97.508495	-51.239497	0.594800
14	107.259345	-52.359139	0.579200
15	117.985279	-53.078216	0.586900
16	129.783807	-53.579768	0.577000
17	142.762188	-54.302833	0.565200
18	157.038407	-55.444668	0.553900
19	172.742247	-56.380233	0.544900
20	190.016472	-56.514941	0.528300
21	209.018119	-57.292096	0.520300
22	229.919931	-58.053108	0.511100
23	252.911924	-58.610646	0.510300
24	278.203117	-59.095117	0.489000
25	306.023429	-59.204284	0.481300
26	336.625771	-59.830426	0.485100
27	370.288349	-60.421286	0.465900
28	407.317183	-60.711607	0.456400
29	448.048902	-60.986887	0.461300
30	492.853792	-61.511803	0.447300
31	542.139171	-61.897181	0.439100
32	596.353088	-62.297613	0.430000
33	655.988397	-62.513685	0.419700
34	721.587237	-62.816729	0.413700
35	793.745960	-63.100137	0.404300
36	873.120556	-63.388639	0.388200
37	960.432612	-63.657794	0.384300
38	1056.475873	-63.890323	0.388100
39	1162.123461	-64.127995	0.376200
40	1278.335807	-64.361536	0.372500
41	1406.169387	-64.482806	0.360300
42	1546.786326	-64.687285	0.352500
43	1701.464959	-64.885663	0.353300
44	1871.611455	-64.992571	0.354100
45	2058.772600	-65.137763	0.340700
46	2264.649860	-65.252452	0.337700
47	2491.114846	-65.350534	0.332600
48	2740.226331	-65.489108	0.330800
49	3014.248964	-65.616624	0.329300
50	3315.673860	-65.709141	0.325300


================================================================================
Contenido de: results/svm/annealing/batches/betas00050_iterations10000_c-limit0.1/2026-08-16_20:35:35-002/summary.txt
================================================================================

B-idx	Beta	Energy	Acceptance
1	30.463190	-33.133161	0.773500
2	33.509509	-36.199270	0.706000
3	36.860460	-38.705481	0.687500
4	40.546506	-40.813500	0.681300
5	44.601156	-42.563989	0.667700
6	49.061272	-43.653709	0.658900
7	53.967399	-45.126425	0.652600
8	59.364139	-46.343668	0.648700
9	65.300553	-46.611782	0.633400
10	71.830608	-47.811634	0.616200
11	79.013669	-49.612759	0.615700
12	86.915036	-50.379988	0.611800
13	95.606539	-50.885932	0.592500
14	105.167193	-52.585935	0.581200
15	115.683912	-53.318165	0.584100
16	127.252304	-53.646577	0.569600
17	139.977534	-54.627447	0.557200
18	153.975288	-55.337775	0.545200
19	169.372816	-56.255146	0.542400
20	186.310098	-56.930686	0.534300
21	204.941108	-57.644697	0.535400
22	225.435218	-57.938304	0.511200
23	247.978740	-58.413032	0.502100
24	272.776614	-58.987012	0.498900
25	300.054276	-59.469826	0.484100
26	330.059703	-59.863377	0.486300
27	363.065674	-60.363368	0.473100
28	399.372241	-60.679558	0.469700
29	439.309465	-61.254970	0.466000
30	483.240412	-61.579951	0.445700
31	531.564453	-61.914711	0.449500
32	584.720898	-62.245806	0.417200
33	643.192988	-62.652805	0.415900
34	707.512287	-62.849652	0.411600
35	778.263515	-63.171943	0.395300
36	856.089867	-63.365434	0.395100
37	941.698854	-63.569455	0.392200
38	1035.868739	-63.826379	0.390800
39	1139.455613	-64.034103	0.385700
40	1253.401174	-64.255379	0.366200
41	1378.741292	-64.435419	0.362100
42	1516.615421	-64.647962	0.356200
43	1668.276963	-64.772062	0.351900
44	1835.104659	-64.926193	0.355500
45	2018.615125	-65.109446	0.343000
46	2220.476637	-65.254228	0.341200
47	2442.524301	-65.376074	0.337200
48	2686.776731	-65.490352	0.332700
49	2955.454405	-65.580221	0.327400
50	3250.999845	-65.672286	0.318100


================================================================================
Contenido de: results/svm/annealing/batches/betas00050_iterations10000_c-limit0.1/2026-08-16_20:35:35-003/summary.txt
================================================================================

B-idx	Beta	Energy	Acceptance
1	30.374713	-33.032766	0.771300
2	33.412184	-36.226179	0.698400
3	36.753402	-37.786121	0.697200
4	40.428743	-40.841324	0.680700
5	44.471617	-42.775584	0.677000
6	48.918778	-44.044560	0.666100
7	53.810656	-43.969227	0.652700
8	59.191722	-46.249415	0.637300
9	65.110894	-47.083573	0.638000
10	71.621984	-48.006845	0.629500
11	78.784182	-49.480739	0.619200
12	86.662600	-50.444639	0.602100
13	95.328860	-51.180609	0.600100
14	104.861746	-51.899544	0.585800
15	115.347921	-52.758223	0.581600
16	126.882713	-53.363919	0.565500
17	139.570984	-54.289647	0.556900
18	153.528082	-54.780060	0.562200
19	168.880891	-55.873310	0.540800
20	185.768980	-56.390401	0.539200
21	204.345878	-57.425720	0.518700
22	224.780465	-57.995751	0.516500
23	247.258512	-58.092529	0.508900
24	271.984363	-58.775369	0.500300
25	299.182800	-59.297426	0.490700
26	329.101080	-59.824955	0.469100
27	362.011187	-60.082841	0.462500
28	398.212306	-60.399192	0.454800
29	438.033537	-60.892298	0.452800
30	481.836891	-61.392455	0.443300
31	530.020580	-61.733399	0.428900
32	583.022638	-62.117806	0.426500
33	641.324901	-62.406146	0.424400
34	705.457391	-62.823349	0.405300
35	776.003131	-63.027822	0.411300
36	853.603444	-63.315151	0.403500
37	938.963788	-63.616131	0.399800
38	1032.860167	-63.899015	0.379700
39	1136.146183	-64.120768	0.380100
40	1249.760802	-64.285928	0.372800
41	1374.736882	-64.470179	0.366600
42	1512.210570	-64.634940	0.356900
43	1663.431627	-64.810127	0.356800
44	1829.774790	-64.978769	0.347900
45	2012.752269	-65.140029	0.338900
46	2214.027496	-65.255263	0.329400
47	2435.430245	-65.367755	0.331500
48	2678.973270	-65.461099	0.327000
49	2946.870597	-65.562258	0.329000
50	3241.557656	-65.681935	0.319000


================================================================================
Contenido de: results/svm/annealing/batches/betas00050_iterations10000_c-limit0.1/2026-08-16_20:35:35-004/summary.txt
================================================================================

B-idx	Beta	Energy	Acceptance
1	30.440925	-33.340543	0.775300
2	33.485017	-36.666861	0.698600
3	36.833519	-38.980702	0.691200
4	40.516871	-41.295651	0.686800
5	44.568558	-42.076237	0.664100
6	49.025414	-43.531682	0.653200
7	53.927955	-44.697099	0.651200
8	59.320751	-45.279994	0.640400
9	65.252826	-47.738428	0.643000
10	71.778108	-48.312793	0.634300
11	78.955919	-49.226782	0.619000
12	86.851511	-50.653486	0.602400
13	95.536662	-50.720531	0.600500
14	105.090328	-51.663181	0.597400
15	115.599361	-53.000595	0.583700
16	127.159297	-53.896332	0.570900
17	139.875227	-54.353206	0.560400
18	153.862750	-55.246123	0.557700
19	169.249025	-55.833034	0.534800
20	186.173927	-56.719728	0.528900
21	204.791320	-57.231760	0.527300
22	225.270452	-57.603903	0.521700
23	247.797497	-58.294294	0.507500
24	272.577247	-58.768864	0.502600
25	299.834971	-59.255162	0.491900
26	329.818469	-59.619904	0.487100
27	362.800315	-59.984792	0.470500
28	399.080347	-60.624752	0.460100
29	438.988382	-61.128287	0.454300
30	482.887220	-61.432485	0.454100
31	531.175942	-61.891003	0.441700
32	584.293536	-62.279494	0.435600
33	642.722890	-62.580918	0.421800
34	706.995179	-62.845788	0.415100
35	777.694696	-63.085899	0.400600
36	855.464166	-63.392795	0.399600
37	941.010583	-63.637780	0.389800
38	1035.111641	-63.851963	0.398800
39	1138.622805	-64.078462	0.382400
40	1252.485085	-64.294862	0.366600
41	1377.733594	-64.475526	0.363100
42	1515.506953	-64.642306	0.367900
43	1667.057649	-64.797780	0.356400
44	1833.763414	-64.955823	0.355400
45	2017.139755	-65.085055	0.356100
46	2218.853731	-65.226565	0.342200
47	2440.739104	-65.374353	0.339700
48	2684.813014	-65.484249	0.334200
49	2953.294315	-65.563661	0.333800
50	3248.623747	-65.656070	0.320500


================================================================================
Contenido de: results/svm/annealing/batches/betas00050_iterations10000_c-limit0.1/2026-08-16_20:35:35-005/summary.txt
================================================================================

B-idx	Beta	Energy	Acceptance
1	30.717474	-32.910258	0.771700
2	33.789222	-35.918305	0.707400
3	37.168144	-39.633763	0.692400
4	40.884958	-40.223537	0.674900
5	44.973454	-42.212343	0.673000
6	49.470800	-43.422477	0.660500
7	54.417880	-44.278926	0.659100
8	59.859667	-46.031481	0.640800
9	65.845634	-46.955411	0.641700
10	72.430198	-48.702227	0.625400
11	79.673217	-49.146648	0.613800
12	87.640539	-50.333820	0.600800
13	96.404593	-51.597788	0.608800
14	106.045052	-52.176110	0.589100
15	116.649558	-52.822151	0.583800
16	128.314513	-54.005894	0.579300
17	141.145965	-54.370412	0.553000
18	155.260561	-55.104754	0.552400
19	170.786617	-55.746159	0.549700
20	187.865279	-56.694336	0.527400
21	206.651807	-57.472304	0.530900
22	227.316988	-57.877201	0.524500
23	250.048686	-58.564795	0.505900
24	275.053555	-58.994670	0.493000
25	302.558911	-59.346897	0.490000
26	332.814802	-59.838058	0.483300
27	366.096282	-60.404375	0.476700
28	402.705910	-60.919481	0.466900
29	442.976501	-61.305021	0.442000
30	487.274151	-61.707146	0.450000
31	536.001566	-62.084604	0.445500
32	589.601723	-62.242433	0.432000
33	648.561895	-62.589232	0.424900
34	713.418085	-62.893604	0.409600
35	784.759893	-63.168372	0.409600
36	863.235882	-63.383083	0.404400
37	949.559470	-63.588696	0.391500
38	1044.515418	-63.889347	0.379300
39	1148.966959	-64.110504	0.389100
40	1263.863655	-64.255814	0.374200
41	1390.250021	-64.457341	0.364300
42	1529.275023	-64.631097	0.359900
43	1682.202525	-64.826253	0.356300
44	1850.422778	-64.995740	0.345900
45	2035.465055	-65.135504	0.342500
46	2239.011561	-65.279260	0.338300
47	2462.912717	-65.408239	0.338500
48	2709.203989	-65.499107	0.329600
49	2980.124388	-65.619905	0.333200
50	3278.136826	-65.720499	0.327400


================================================================================
Contenido de: results/svm/annealing/batches/betas00050_iterations10000_c-limit0.1/2026-08-16_20:35:35-006/summary.txt
================================================================================

B-idx	Beta	Energy	Acceptance
1	30.808461	-34.500656	0.779000
2	33.889307	-37.060794	0.701600
3	37.278237	-38.903815	0.687200
4	41.006061	-40.152964	0.675900
5	45.106667	-42.088995	0.679500
6	49.617334	-43.054311	0.662200
7	54.579067	-44.550347	0.659700
8	60.036974	-45.399221	0.639400
9	66.040672	-47.231927	0.630000
10	72.644739	-47.536527	0.622800
11	79.909213	-48.852612	0.612700
12	87.900134	-49.417114	0.610900
13	96.690147	-51.412645	0.597600
14	106.359162	-51.711470	0.589400
15	116.995078	-52.890915	0.575200
16	128.694586	-53.847311	0.576100
17	141.564045	-54.796604	0.562200
18	155.720449	-55.776989	0.556300
19	171.292494	-56.662040	0.540400
20	188.421744	-57.049304	0.542100
21	207.263918	-56.893515	0.523200
22	227.990310	-57.766971	0.511500
23	250.789341	-58.345261	0.511300
24	275.868275	-58.771113	0.507000
25	303.455102	-59.510563	0.494200
26	333.800613	-60.096463	0.465200
27	367.180674	-60.392951	0.465900
28	403.898741	-60.751086	0.458700
29	444.288615	-61.116918	0.450500
30	488.717477	-61.366434	0.446600
31	537.589224	-61.745072	0.434200
32	591.348147	-62.127624	0.437800
33	650.482962	-62.467396	0.426400
34	715.531258	-62.816247	0.406800
35	787.084384	-63.136741	0.408800
36	865.792822	-63.416302	0.398500
37	952.372104	-63.701065	0.389400
38	1047.609314	-63.971679	0.388100
39	1152.370246	-64.195633	0.377100
40	1267.607270	-64.395036	0.368900
41	1394.367998	-64.547717	0.367300
42	1533.804797	-64.731311	0.370900
43	1687.185277	-64.874854	0.363400
44	1855.903805	-65.021453	0.346200
45	2041.494185	-65.145428	0.343400
46	2245.643604	-65.268533	0.337700
47	2470.207964	-65.396865	0.338300
48	2717.228760	-65.476854	0.324800
49	2988.951637	-65.565666	0.336600
50	3287.846800	-65.685210	0.320700


================================================================================
Contenido de: results/svm/annealing/batches/betas00050_iterations10000_c-limit0.1/2026-08-16_20:35:35-007/summary.txt
================================================================================

B-idx	Beta	Energy	Acceptance
1	30.301760	-33.825168	0.778100
2	33.331936	-37.257211	0.708700
3	36.665129	-38.040870	0.689900
4	40.331642	-40.462819	0.682100
5	44.364807	-40.853967	0.664200
6	48.801287	-43.655375	0.658400
7	53.681416	-45.137871	0.657100
8	59.049557	-46.058894	0.650000
9	64.954513	-47.186622	0.631000
10	71.449965	-48.200689	0.625800
11	78.594961	-48.698169	0.611600
12	86.454457	-49.967678	0.611400
13	95.099903	-51.494250	0.604600
14	104.609893	-51.710530	0.596600
15	115.070882	-52.928769	0.586600
16	126.577971	-53.297934	0.571400
17	139.235768	-54.485436	0.556400
18	153.159344	-54.856937	0.556100
19	168.475279	-55.557904	0.544600
20	185.322807	-56.398311	0.529500
21	203.855088	-57.304436	0.521000
22	224.240596	-57.726782	0.523000
23	246.664656	-58.140524	0.508600
24	271.331121	-58.844810	0.491900
25	298.464234	-59.457137	0.488000
26	328.310657	-59.903323	0.477100
27	361.141723	-60.104782	0.471400
28	397.255895	-60.625462	0.470000
29	436.981484	-61.063365	0.455100
30	480.679633	-61.554874	0.449400
31	528.747596	-61.895181	0.441900
32	581.622356	-62.104245	0.426200
33	639.784591	-62.406951	0.428800
34	703.763051	-62.817876	0.418900
35	774.139356	-63.110076	0.414400
36	851.553291	-63.438056	0.406900
37	936.708620	-63.666692	0.394300
38	1030.379482	-63.929686	0.383000
39	1133.417431	-64.099151	0.387400
40	1246.759174	-64.336518	0.377200
41	1371.435091	-64.468997	0.360100
42	1508.578600	-64.695247	0.375900
43	1659.436460	-64.821498	0.362700
44	1825.380106	-64.990712	0.356200
45	2007.918117	-65.117471	0.349000
46	2208.709928	-65.234069	0.338800
47	2429.580921	-65.379368	0.333700
48	2672.539013	-65.491684	0.336100
49	2939.792915	-65.606915	0.329400
50	3233.772206	-65.688745	0.322600


================================================================================
Contenido de: results/svm/annealing/batches/betas00050_iterations10000_c-limit0.1/2026-08-16_20:35:35-008/summary.txt
================================================================================

B-idx	Beta	Energy	Acceptance
1	31.405936	-34.059603	0.769400
2	34.546529	-35.775306	0.695400
3	38.001182	-39.306528	0.694200
4	41.801301	-40.377028	0.680600
5	45.981431	-42.238306	0.668700
6	50.579574	-42.997142	0.656200
7	55.637531	-44.196458	0.654000
8	61.201284	-46.804848	0.641300
9	67.321413	-47.624872	0.634600
10	74.053554	-48.659006	0.626400
11	81.458909	-49.636916	0.617200
12	89.604800	-50.302364	0.610800
13	98.565280	-51.621217	0.600100
14	108.421808	-52.572022	0.581900
15	119.263989	-52.745121	0.578500
16	131.190388	-53.413922	0.579300
17	144.309427	-54.750827	0.557800
18	158.740370	-55.610311	0.551400
19	174.614407	-56.339468	0.534400
20	192.075847	-56.926175	0.530000
21	211.283432	-57.564045	0.516400
22	232.411775	-58.121927	0.522900
23	255.652953	-58.588354	0.504000
24	281.218248	-59.367487	0.498300
25	309.340073	-59.620883	0.485800
26	340.274080	-60.193330	0.477500
27	374.301488	-60.498398	0.469200
28	411.731637	-60.712023	0.468200
29	452.904801	-61.153860	0.441400
30	498.195281	-61.516132	0.444200
31	548.014809	-61.954678	0.436700
32	602.816290	-62.269670	0.429600
33	663.097919	-62.668403	0.428100
34	729.407711	-62.899551	0.412500
35	802.348482	-63.240618	0.405400
36	882.583330	-63.509665	0.398900
37	970.841663	-63.800223	0.390800
38	1067.925829	-64.021303	0.388800
39	1174.718412	-64.217211	0.374800
40	1292.190253	-64.409398	0.370900
41	1421.409278	-64.565943	0.367300
42	1563.550206	-64.700097	0.362100
43	1719.905227	-64.825405	0.345500
44	1891.895750	-65.014800	0.340400
45	2081.085325	-65.099838	0.342300
46	2289.193857	-65.223912	0.340400
47	2518.113243	-65.368294	0.333400
48	2769.924567	-65.484516	0.330700
49	3046.917024	-65.606754	0.323200
50	3351.608726	-65.688701	0.326900


================================================================================
Contenido de: results/svm/annealing/batches/betas00050_iterations10000_c-limit0.1/2026-08-16_20:35:35-009/summary.txt
================================================================================

B-idx	Beta	Energy	Acceptance
1	31.098996	-33.452710	0.773300
2	34.208896	-37.017961	0.711200
3	37.629786	-39.125824	0.688600
4	41.392764	-40.839688	0.681900
5	45.532040	-41.911734	0.665800
6	50.085245	-43.920805	0.660800
7	55.093769	-44.472980	0.661200
8	60.603146	-45.488560	0.639700
9	66.663460	-47.021629	0.640800
10	73.329807	-48.514544	0.624700
11	80.662787	-49.461271	0.627300
12	88.729066	-50.727758	0.614200
13	97.601973	-51.142149	0.596800
14	107.362170	-52.065821	0.585000
15	118.098387	-52.864348	0.586900
16	129.908225	-53.562290	0.576700
17	142.899048	-54.536229	0.563800
18	157.188953	-55.256085	0.548600
19	172.907848	-55.985407	0.536600
20	190.198633	-56.746289	0.528600
21	209.218496	-57.228988	0.523800
22	230.140346	-58.047997	0.496200
23	253.154380	-58.532307	0.494800
24	278.469818	-59.007826	0.501800
25	306.316800	-59.362463	0.488600
26	336.948480	-59.804306	0.475800
27	370.643328	-60.422362	0.464600
28	407.707661	-60.943149	0.467700
29	448.478427	-61.240981	0.445000
30	493.326270	-61.693667	0.452900
31	542.658897	-62.027164	0.437000
32	596.924786	-62.213569	0.427800
33	656.617265	-62.662122	0.419000
34	722.278992	-62.939176	0.412600
35	794.506891	-63.113521	0.404000
36	873.957580	-63.380066	0.393900
37	961.353338	-63.600122	0.391400
38	1057.488672	-63.899528	0.385800
39	1163.237539	-64.052900	0.370600
40	1279.561293	-64.306318	0.370300
41	1407.517422	-64.439962	0.364500
42	1548.269164	-64.635995	0.360400
43	1703.096080	-64.833893	0.348600
44	1873.405689	-64.963715	0.352200
45	2060.746257	-65.076870	0.353400
46	2266.820883	-65.267775	0.338000
47	2493.502971	-65.404857	0.339200
48	2742.853269	-65.516106	0.326100
49	3017.138595	-65.609689	0.329500
50	3318.852455	-65.696811	0.321700


================================================================================
Contenido de: results/svm/annealing/batches/betas00050_iterations10000_c-limit0.1/2026-08-17_10:57:26-000/summary.txt
================================================================================

B-idx	Beta	Energy	Acceptance
1	30.719684	-34.783306	0.772600
2	33.791652	-36.028574	0.705600
3	37.170818	-38.927485	0.686900
4	40.887899	-41.588925	0.678100
5	44.976689	-41.887563	0.675600
6	49.474358	-43.962484	0.665300
7	54.421794	-45.320701	0.660300
8	59.863973	-46.296276	0.636600
9	65.850371	-47.082266	0.635000
10	72.435408	-48.767848	0.627000
11	79.678949	-49.307055	0.617900
12	87.646843	-50.651865	0.603000
13	96.411528	-51.485271	0.598900
14	106.052681	-51.999970	0.593100
15	116.657949	-52.988578	0.588500
16	128.323744	-53.807811	0.566900
17	141.156118	-54.470220	0.568600
18	155.271730	-55.343096	0.558600
19	170.798903	-55.849056	0.534000
20	187.878793	-56.666699	0.533300
21	206.666672	-57.319459	0.518300
22	227.333339	-58.063254	0.514000
23	250.066673	-58.364778	0.507500
24	275.073341	-58.873062	0.505300
25	302.580675	-59.335627	0.483000
26	332.838742	-59.847347	0.479700
27	366.122616	-60.250226	0.461500
28	402.734878	-60.746997	0.471300
29	443.008366	-61.217910	0.456500
30	487.309203	-61.658144	0.445100
31	536.040123	-62.137629	0.441900
32	589.644135	-62.499842	0.433400
33	648.608549	-62.739919	0.425900
34	713.469403	-62.993354	0.415000
35	784.816344	-63.205386	0.417800
36	863.297978	-63.353470	0.406200
37	949.627776	-63.627976	0.399100
38	1044.590554	-63.835474	0.383100
39	1149.049609	-64.062850	0.380900
40	1263.954570	-64.299601	0.362300
41	1390.350027	-64.544140	0.379200
42	1529.385029	-64.661258	0.360000
43	1682.323532	-64.843687	0.353200
44	1850.555886	-64.987356	0.351100
45	2035.611474	-65.108390	0.358000
46	2239.172622	-65.229207	0.344900
47	2463.089884	-65.377083	0.336800
48	2709.398872	-65.468149	0.325700
49	2980.338759	-65.599732	0.333400
50	3278.372635	-65.690818	0.322200


================================================================================
Contenido de: results/svm/annealing/batches/betas00050_iterations10000_c-limit0.1/2026-08-17_10:57:26-001/summary.txt
================================================================================

B-idx	Beta	Energy	Acceptance
1	30.819520	-33.185582	0.775700
2	33.901472	-37.849965	0.710400
3	37.291619	-39.384801	0.691600
4	41.020781	-39.730152	0.684700
5	45.122859	-42.309224	0.675400
6	49.635145	-43.174879	0.661800
7	54.598659	-45.226891	0.654200
8	60.058525	-46.880072	0.646600
9	66.064378	-47.276226	0.634700
10	72.670816	-48.016374	0.621900
11	79.937897	-49.418176	0.616700
12	87.931687	-49.666102	0.616400
13	96.724855	-51.487455	0.604900
14	106.397341	-52.251442	0.581200
15	117.037075	-52.843030	0.577700
16	128.740783	-53.779104	0.569800
17	141.614861	-54.567628	0.566700
18	155.776347	-55.164619	0.541400
19	171.353982	-55.961793	0.540300
20	188.489380	-56.486193	0.522200
21	207.338318	-57.088356	0.522100
22	228.072150	-57.720367	0.515100
23	250.879365	-58.549713	0.509400
24	275.967301	-59.039614	0.488100
25	303.564031	-59.711530	0.490700
26	333.920434	-60.158377	0.489300
27	367.312478	-60.522281	0.476100
28	404.043726	-60.919510	0.471700
29	444.448098	-61.272238	0.451700
30	488.892908	-61.645570	0.437800
31	537.782199	-62.021191	0.440700
32	591.560419	-62.273664	0.433900
33	650.716460	-62.592601	0.426900
34	715.788106	-62.946848	0.415700
35	787.366917	-63.168193	0.405800
36	866.103609	-63.516436	0.395400
37	952.713970	-63.752775	0.395400
38	1047.985367	-63.933240	0.388200
39	1152.783903	-64.151122	0.381500
40	1268.062294	-64.347560	0.375500
41	1394.868523	-64.495197	0.359100
42	1534.355375	-64.702067	0.365800
43	1687.790913	-64.849239	0.352500
44	1856.570004	-65.014562	0.343500
45	2042.227004	-65.145032	0.346800
46	2246.449705	-65.253802	0.334700
47	2471.094675	-65.395047	0.337300
48	2718.204143	-65.488520	0.324900
49	2990.024557	-65.597300	0.330700
50	3289.027013	-65.701211	0.326800


================================================================================
Contenido de: results/svm/annealing/batches/betas00050_iterations10000_c-limit0.1/2026-08-17_10:57:26-002/summary.txt
================================================================================

B-idx	Beta	Energy	Acceptance
1	30.456204	-33.417487	0.767000
2	33.501824	-35.791208	0.708100
3	36.852006	-39.414047	0.693700
4	40.537207	-41.218968	0.685000
5	44.590928	-42.382750	0.676200
6	49.050020	-43.535544	0.663200
7	53.955022	-43.996914	0.653200
8	59.350525	-45.258244	0.642700
9	65.285577	-46.932657	0.627400
10	71.814135	-47.921995	0.628400
11	78.995548	-49.678611	0.618800
12	86.895103	-50.287226	0.616400
13	95.584614	-50.974463	0.604000
14	105.143075	-51.973962	0.604300
15	115.657382	-52.412519	0.574500
16	127.223121	-53.957153	0.577000
17	139.945433	-54.777344	0.558800
18	153.939976	-55.498184	0.556400
19	169.333974	-55.941089	0.545400
20	186.267371	-56.576358	0.536700
21	204.894108	-57.524801	0.535700
22	225.383519	-57.939989	0.507800
23	247.921871	-58.265895	0.507600
24	272.714058	-58.798507	0.500400
25	299.985464	-59.390508	0.490700
26	329.984010	-59.686318	0.490600
27	362.982411	-60.153107	0.460200
28	399.280652	-60.640101	0.470200
29	439.208717	-60.985755	0.447800
30	483.129589	-61.500727	0.441200
31	531.442548	-61.935309	0.427300
32	584.586803	-62.183139	0.415500
33	643.045483	-62.576646	0.425500
34	707.350032	-62.835415	0.408400
35	778.085035	-63.155789	0.405500
36	855.893538	-63.487593	0.407900
37	941.482892	-63.757085	0.405000
38	1035.631181	-63.998979	0.387300
39	1139.194299	-64.132206	0.385900
40	1253.113729	-64.292267	0.372100
41	1378.425102	-64.488982	0.362500
42	1516.267612	-64.626490	0.362700
43	1667.894374	-64.780400	0.362200
44	1834.683811	-64.987455	0.348300
45	2018.152192	-65.146000	0.351700
46	2219.967411	-65.254412	0.339000
47	2441.964152	-65.384829	0.333600
48	2686.160568	-65.485090	0.322300
49	2954.776625	-65.603207	0.325900
50	3250.254287	-65.682056	0.327800


================================================================================
Contenido de: results/svm/annealing/batches/betas00050_iterations10000_c-limit0.1/2026-08-17_10:57:26-003/summary.txt
================================================================================

B-idx	Beta	Energy	Acceptance
1	31.207099	-35.133086	0.766400
2	34.327809	-37.599071	0.702400
3	37.760590	-39.102962	0.691700
4	41.536649	-40.275990	0.673900
5	45.690314	-41.679117	0.668500
6	50.259345	-43.704407	0.663800
7	55.285280	-44.545632	0.646800
8	60.813807	-46.311105	0.640300
9	66.895188	-46.957586	0.630100
10	73.584707	-48.604083	0.620900
11	80.943178	-49.019854	0.612100
12	89.037496	-50.136802	0.612700
13	97.941245	-51.222696	0.589400
14	107.735370	-52.056623	0.588300
15	118.508907	-53.164819	0.568800
16	130.359797	-54.103170	0.577700
17	143.395777	-54.792275	0.563200
18	157.735355	-55.395001	0.559000
19	173.508890	-56.537201	0.543500
20	190.859779	-56.701031	0.538800
21	209.945757	-57.301102	0.519800
22	230.940333	-58.122477	0.510200
23	254.034366	-58.683020	0.502200
24	279.437803	-59.146067	0.496300
25	307.381583	-59.475932	0.495500
26	338.119741	-60.252860	0.479600
27	371.931715	-60.540263	0.477400
28	409.124887	-60.948753	0.470900
29	450.037375	-61.267556	0.451000
30	495.041113	-61.678032	0.450700
31	544.545224	-62.128348	0.434400
32	598.999747	-62.413397	0.417500
33	658.899721	-62.598410	0.413200
34	724.789693	-62.926714	0.419100
35	797.268663	-63.125988	0.406200
36	876.995529	-63.383981	0.394300
37	964.695082	-63.663181	0.388200
38	1061.164590	-63.946096	0.384400
39	1167.281049	-64.155382	0.379200
40	1284.009154	-64.371668	0.385600
41	1412.410069	-64.575668	0.366300
42	1553.651076	-64.710527	0.355100
43	1709.016184	-64.897114	0.351400
44	1879.917802	-65.033580	0.342000
45	2067.909582	-65.151446	0.343100
46	2274.700541	-65.294932	0.334900
47	2502.170595	-65.432570	0.331500
48	2752.387654	-65.549684	0.324400
49	3027.626420	-65.650401	0.325900
50	3330.389062	-65.733291	0.322200


================================================================================
Contenido de: results/svm/annealing/batches/betas00050_iterations10000_c-limit0.1/2026-08-17_10:57:26-004/summary.txt
================================================================================

B-idx	Beta	Energy	Acceptance
1	30.488902	-34.473330	0.773200
2	33.537792	-37.138256	0.702100
3	36.891572	-39.300595	0.686300
4	40.580729	-40.473376	0.688600
5	44.638802	-43.243521	0.670000
6	49.102682	-43.305050	0.658900
7	54.012950	-45.535337	0.651700
8	59.414245	-45.626200	0.644700
9	65.355669	-46.941083	0.640300
10	71.891236	-47.852934	0.618500
11	79.080360	-48.466628	0.623700
12	86.988396	-49.789481	0.606400
13	95.687235	-50.871282	0.597200
14	105.255959	-52.316498	0.594100
15	115.781555	-53.381249	0.576500
16	127.359710	-54.187336	0.563300
17	140.095681	-54.659183	0.561300
18	154.105250	-55.363692	0.550500
19	169.515775	-55.890339	0.540300
20	186.467352	-56.169911	0.532500
21	205.114087	-56.967166	0.538700
22	225.625496	-57.504303	0.508200
23	248.188046	-57.936521	0.510100
24	273.006850	-58.697162	0.501900
25	300.307535	-59.274293	0.489500
26	330.338289	-59.834884	0.482500
27	363.372118	-60.231338	0.469100
28	399.709329	-60.599584	0.458200
29	439.680262	-61.141707	0.455100
30	483.648288	-61.515375	0.450200
31	532.013117	-61.964657	0.422300
32	585.214429	-62.198928	0.430300
33	643.735872	-62.609045	0.416000
34	708.109459	-62.956649	0.416700
35	778.920405	-63.131561	0.406600
36	856.812445	-63.418746	0.401600
37	942.493690	-63.603154	0.380200
38	1036.743059	-63.937201	0.387600
39	1140.417365	-64.169301	0.381500
40	1254.459101	-64.326118	0.384900
41	1379.905012	-64.471064	0.364700
42	1517.895513	-64.665876	0.361700
43	1669.685064	-64.861215	0.364100
44	1836.653570	-65.000165	0.346100
45	2020.318927	-65.144181	0.346400
46	2222.350820	-65.209458	0.332000
47	2444.585902	-65.342048	0.335600
48	2689.044492	-65.461517	0.331600
49	2957.948942	-65.563183	0.323500
50	3253.743836	-65.668481	0.315600


================================================================================
Contenido de: results/svm/annealing/batches/betas00050_iterations10000_c-limit0.1/2026-08-17_10:57:26-005/summary.txt
================================================================================

B-idx	Beta	Energy	Acceptance
1	31.059314	-33.839780	0.767000
2	34.165246	-37.614556	0.698000
3	37.581770	-39.004747	0.698500
4	41.339947	-41.004910	0.675800
5	45.473942	-42.445060	0.665700
6	50.021336	-43.254949	0.653700
7	55.023470	-44.288490	0.648400
8	60.525817	-46.101843	0.643400
9	66.578399	-47.904444	0.630500
10	73.236239	-48.312299	0.621400
11	80.559863	-49.123126	0.613200
12	88.615849	-50.998015	0.604000
13	97.477434	-51.962168	0.601500
14	107.225177	-52.371081	0.593100
15	117.947695	-52.935827	0.583000
16	129.742464	-53.858435	0.573400
17	142.716711	-54.426250	0.562700
18	156.988382	-55.474754	0.551000
19	172.687220	-56.155203	0.536800
20	189.955942	-56.661301	0.527300
21	208.951536	-57.131947	0.526400
22	229.846690	-57.713398	0.512200
23	252.831359	-58.434332	0.510700
24	278.114495	-59.091885	0.504000
25	305.925944	-59.484539	0.484600
26	336.518539	-59.990666	0.482800
27	370.170392	-60.382860	0.470300
28	407.187432	-60.846831	0.466500
29	447.906175	-61.245253	0.453400
30	492.696792	-61.791813	0.439000
31	541.966472	-62.080701	0.433000
32	596.163119	-62.255442	0.421300
33	655.779431	-62.591101	0.417800
34	721.357374	-62.909112	0.425400
35	793.493111	-63.197970	0.404600
36	872.842422	-63.493717	0.401900
37	960.126664	-63.744944	0.390900
38	1056.139331	-63.912276	0.386800
39	1161.753264	-64.124776	0.385500
40	1277.928590	-64.336378	0.377200
41	1405.721449	-64.505088	0.372800
42	1546.293594	-64.692468	0.361400
43	1700.922953	-64.865112	0.350200
44	1871.015249	-64.989522	0.344600
45	2058.116774	-65.129023	0.348000
46	2263.928451	-65.285304	0.342700
47	2490.321296	-65.389472	0.343600
48	2739.353426	-65.499215	0.331900
49	3013.288768	-65.595408	0.329800
50	3314.617645	-65.695744	0.321200


================================================================================
Contenido de: results/svm/annealing/batches/betas00050_iterations10000_c-limit0.1/2026-08-17_10:57:26-006/summary.txt
================================================================================

B-idx	Beta	Energy	Acceptance
1	30.903073	-34.509293	0.767500
2	33.993380	-36.528303	0.699700
3	37.392718	-39.469548	0.691800
4	41.131990	-39.333266	0.679500
5	45.245189	-41.843519	0.664800
6	49.769708	-42.096021	0.659900
7	54.746679	-44.524075	0.644100
8	60.221347	-45.608073	0.648600
9	66.243481	-47.503444	0.647200
10	72.867829	-48.539319	0.626800
11	80.154612	-49.371689	0.612000
12	88.170074	-50.145188	0.616700
13	96.987081	-50.872072	0.593300
14	106.685789	-52.020638	0.584800
15	117.354368	-53.126717	0.574700
16	129.089805	-53.981575	0.580000
17	141.998785	-55.051484	0.559300
18	156.198664	-55.603354	0.554100
19	171.818530	-56.625109	0.546200
20	189.000383	-56.699401	0.537600
21	207.900422	-57.223426	0.529200
22	228.690464	-57.756861	0.514700
23	251.559510	-58.520691	0.510100
24	276.715461	-58.870510	0.493100
25	304.387007	-59.152406	0.483200
26	334.825708	-59.759792	0.475700
27	368.308279	-60.459547	0.472400
28	405.139107	-60.952432	0.456500
29	445.653017	-61.474385	0.450900
30	490.218319	-61.752463	0.444000
31	539.240151	-62.006313	0.441400
32	593.164166	-62.392752	0.436400
33	652.480583	-62.751938	0.433800
34	717.728641	-62.980143	0.403100
35	789.501505	-63.186408	0.416700
36	868.451656	-63.514089	0.395400
37	955.296821	-63.728204	0.393000
38	1050.826504	-63.865929	0.381600
39	1155.909154	-64.043630	0.379300
40	1271.500069	-64.284891	0.368100
41	1398.650076	-64.540175	0.370400
42	1538.515084	-64.687298	0.355700
43	1692.366592	-64.848632	0.364400
44	1861.603252	-65.008400	0.344300
45	2047.763577	-65.110893	0.346700
46	2252.539934	-65.265233	0.335000
47	2477.793928	-65.364758	0.339500
48	2725.573321	-65.476003	0.335800
49	2998.130653	-65.584688	0.326100
50	3297.943718	-65.679779	0.319300


================================================================================
Contenido de: results/svm/annealing/batches/betas00050_iterations10000_c-limit0.1/2026-08-17_10:57:26-007/summary.txt
================================================================================

B-idx	Beta	Energy	Acceptance
1	30.241295	-34.115156	0.775400
2	33.265425	-35.566294	0.707000
3	36.591967	-39.334233	0.694900
4	40.251164	-39.859933	0.675600
5	44.276280	-41.384575	0.662600
6	48.703908	-43.808005	0.662300
7	53.574299	-44.132739	0.656900
8	58.931729	-45.764523	0.641900
9	64.824902	-46.653224	0.639200
10	71.307392	-48.130723	0.623300
11	78.438131	-49.113610	0.619300
12	86.281945	-50.016227	0.616600
13	94.910139	-51.585181	0.601500
14	104.401153	-51.972703	0.583500
15	114.841268	-53.024021	0.585000
16	126.325395	-53.370326	0.570600
17	138.957935	-54.611708	0.568700
18	152.853728	-55.073023	0.567000
19	168.139101	-55.498039	0.543300
20	184.953011	-56.048422	0.524700
21	203.448312	-56.995575	0.522700
22	223.793143	-57.540973	0.514000
23	246.172457	-58.463198	0.497000
24	270.789703	-59.030115	0.491900
25	297.868674	-59.438212	0.481000
26	327.655541	-59.776298	0.473900
27	360.421095	-60.161336	0.465700
28	396.463205	-60.804972	0.461900
29	436.109525	-61.161540	0.454100
30	479.720477	-61.399124	0.443600
31	527.692525	-61.719720	0.432800
32	580.461778	-62.081512	0.434100
33	638.507956	-62.415777	0.428900
34	702.358751	-62.636478	0.413700
35	772.594626	-62.967274	0.395600
36	849.854089	-63.279656	0.403300
37	934.839498	-63.525736	0.385800
38	1028.323447	-63.778823	0.379300
39	1131.155792	-64.025848	0.388500
40	1244.271371	-64.248747	0.380900
41	1368.698509	-64.467582	0.368000
42	1505.568359	-64.637445	0.355400
43	1656.125195	-64.862828	0.358000
44	1821.737715	-64.995130	0.345800
45	2003.911486	-65.123927	0.337100
46	2204.302635	-65.265299	0.340100
47	2424.732899	-65.361410	0.341000
48	2667.206188	-65.460626	0.335300
49	2933.926807	-65.562274	0.322900
50	3227.319488	-65.645443	0.319000


================================================================================
Contenido de: results/svm/annealing/batches/betas00050_iterations10000_c-limit0.1/2026-08-17_10:57:26-008/summary.txt
================================================================================

B-idx	Beta	Energy	Acceptance
1	29.443883	-33.003639	0.770100
2	32.388271	-36.127509	0.716700
3	35.627098	-39.039254	0.701900
4	39.189808	-41.190958	0.679300
5	43.108788	-41.850987	0.674100
6	47.419667	-43.080075	0.666000
7	52.161634	-45.007416	0.663000
8	57.377797	-46.285021	0.648700
9	63.115577	-46.846908	0.642900
10	69.427135	-47.572181	0.639600
11	76.369848	-48.720942	0.623900
12	84.006833	-50.116871	0.610800
13	92.407517	-50.677738	0.598600
14	101.648268	-51.753399	0.595300
15	111.813095	-52.716187	0.585000
16	122.994404	-53.185126	0.576200
17	135.293845	-53.861970	0.557800
18	148.823229	-54.913190	0.561400
19	163.705552	-55.981276	0.542100
20	180.076108	-56.291467	0.528900
21	198.083718	-57.377515	0.528000
22	217.892090	-58.029710	0.518700
23	239.681299	-58.457576	0.505500
24	263.649429	-58.801076	0.509300
25	290.014372	-59.398380	0.495100
26	319.015809	-59.685357	0.492000
27	350.917390	-60.200329	0.483500
28	386.009129	-60.662767	0.455900
29	424.610042	-60.865642	0.456700
30	467.071046	-61.273893	0.444200
31	513.778151	-61.616882	0.443100
32	565.155966	-61.968950	0.430000
33	621.671563	-62.297062	0.426500
34	683.838719	-62.708676	0.413300
35	752.222591	-63.034526	0.410000
36	827.444850	-63.353692	0.407700
37	910.189335	-63.511102	0.395000
38	1001.208268	-63.813279	0.402300
39	1101.329095	-64.074867	0.383300
40	1211.462005	-64.279185	0.381200
41	1332.608205	-64.471583	0.373300
42	1465.869026	-64.668249	0.369800
43	1612.455928	-64.815174	0.365600
44	1773.701521	-64.991717	0.353100
45	1951.071673	-65.109149	0.356100
46	2146.178841	-65.254690	0.335400
47	2360.796725	-65.349246	0.336200
48	2596.876397	-65.462858	0.339300
49	2856.564037	-65.576125	0.327400
50	3142.220441	-65.658204	0.322200


================================================================================
Contenido de: results/svm/annealing/batches/betas00050_iterations10000_c-limit0.1/2026-08-17_10:57:26-009/summary.txt
================================================================================

B-idx	Beta	Energy	Acceptance
1	29.735677	-32.599172	0.771000
2	32.709245	-35.835858	0.703700
3	35.980169	-37.181869	0.702900
4	39.578186	-40.072340	0.682900
5	43.536005	-40.835381	0.672400
6	47.889605	-42.725404	0.675000
7	52.678566	-43.714220	0.659400
8	57.946422	-45.448832	0.656100
9	63.741065	-47.205071	0.632800
10	70.115171	-48.699895	0.623100
11	77.126688	-48.553199	0.621600
12	84.839357	-50.198744	0.619400
13	93.323293	-50.635613	0.592800
14	102.655622	-51.562553	0.608200
15	112.921184	-52.682879	0.578300
16	124.213303	-53.698277	0.571600
17	136.634633	-54.204145	0.568600
18	150.298096	-54.944345	0.547700
19	165.327906	-55.779052	0.545400
20	181.860696	-56.389716	0.535100
21	200.046766	-57.325149	0.529000
22	220.051443	-57.688314	0.520500
23	242.056587	-58.210009	0.512500
24	266.262246	-58.700957	0.501400
25	292.888470	-59.183399	0.488200
26	322.177317	-59.752821	0.491300
27	354.395049	-60.061108	0.475600
28	389.834554	-60.429857	0.455600
29	428.818009	-60.944950	0.457300
30	471.699810	-61.462833	0.449000
31	518.869791	-61.789899	0.441400
32	570.756770	-62.073045	0.432800
33	627.832447	-62.355776	0.424700
34	690.615692	-62.663595	0.416400
35	759.677261	-63.092829	0.418300
36	835.644987	-63.250785	0.401500
37	919.209486	-63.617467	0.397600
38	1011.130434	-63.743561	0.382400
39	1112.243478	-64.018400	0.379700
40	1223.467825	-64.220251	0.377600
41	1345.814608	-64.390009	0.364300
42	1480.396069	-64.555471	0.363100
43	1628.435676	-64.735899	0.352500
44	1791.279243	-64.871676	0.350700
45	1970.407168	-65.053109	0.345700
46	2167.447884	-65.222878	0.343200
47	2384.192673	-65.387324	0.337400
48	2622.611940	-65.489992	0.324400
49	2884.873134	-65.586532	0.326400
50	3173.360447	-65.707861	0.324800


================================================================================
Contenido de: results/svm/annealing/batches/betas00050_iterations10000_c-limit0.1/2026-08-17_11:07:18-000/summary.txt
================================================================================

B-idx	Beta	Energy	Acceptance
1	31.021629	-34.198080	0.773100
2	34.123792	-37.376339	0.708800
3	37.536171	-39.120765	0.694100
4	41.289788	-40.813854	0.670300
5	45.418767	-42.032166	0.676500
6	49.960643	-44.625666	0.664500
7	54.956708	-45.480894	0.664300
8	60.452378	-46.627884	0.647700
9	66.497616	-47.153313	0.641400
10	73.147378	-48.643256	0.628100
11	80.462116	-49.024962	0.622700
12	88.508327	-50.186119	0.600200
13	97.359160	-51.089884	0.599500
14	107.095076	-51.764012	0.588100
15	117.804584	-52.763759	0.577800
16	129.585042	-53.793778	0.573500
17	142.543546	-54.807404	0.556200
18	156.797901	-55.324774	0.550600
19	172.477691	-55.982892	0.545700
20	189.725460	-56.612373	0.528200
21	208.698006	-57.078914	0.516800
22	229.567806	-57.844072	0.511200
23	252.524587	-58.430252	0.504100
24	277.777046	-58.809690	0.502300
25	305.554750	-59.408574	0.498400
26	336.110225	-59.827432	0.470900
27	369.721248	-60.383559	0.463900
28	406.693373	-60.695584	0.462400
29	447.362710	-61.090905	0.450500
30	492.098981	-61.513269	0.440900
31	541.308879	-62.013944	0.439000
32	595.439767	-62.344054	0.428600
33	654.983744	-62.618354	0.420900
34	720.482118	-62.926033	0.415000
35	792.530330	-63.246062	0.407600
36	871.783363	-63.588663	0.393100
37	958.961699	-63.757594	0.390400
38	1054.857869	-64.040641	0.389600
39	1160.343656	-64.194077	0.375000
40	1276.378022	-64.417863	0.371200
41	1404.015824	-64.573179	0.364400
42	1544.417406	-64.708501	0.355700
43	1698.859147	-64.868349	0.369500
44	1868.745062	-64.962477	0.351800
45	2055.619568	-65.088408	0.346100
46	2261.181525	-65.212866	0.345900
47	2487.299677	-65.354032	0.335400
48	2736.029645	-65.490511	0.326200
49	3009.632610	-65.592727	0.320100
50	3310.595871	-65.696220	0.327300


================================================================================
Contenido de: results/svm/annealing/batches/betas00050_iterations10000_c-limit0.1/2026-08-17_11:07:18-001/summary.txt
================================================================================

B-idx	Beta	Energy	Acceptance
1	30.501178	-33.346117	0.779000
2	33.551296	-36.335379	0.706400
3	36.906426	-38.054222	0.686200
4	40.597068	-39.950668	0.682600
5	44.656775	-42.106466	0.685500
6	49.122452	-42.764724	0.660100
7	54.034698	-44.667090	0.648400
8	59.438167	-46.536173	0.644200
9	65.381984	-47.157459	0.631000
10	71.920183	-48.559846	0.620000
11	79.112201	-49.720569	0.621300
12	87.023421	-50.369155	0.609100
13	95.725763	-50.843492	0.590200
14	105.298339	-51.130407	0.589400
15	115.828173	-53.165583	0.579800
16	127.410990	-53.969797	0.567300
17	140.152090	-55.184817	0.557000
18	154.167298	-55.198896	0.552800
19	169.584028	-55.644004	0.552400
20	186.542431	-56.668097	0.530900
21	205.196674	-57.179264	0.522200
22	225.716342	-57.797841	0.521900
23	248.287976	-58.167529	0.507000
24	273.116773	-58.627796	0.504000
25	300.428451	-59.213210	0.490400
26	330.471296	-59.847120	0.473000
27	363.518425	-60.306399	0.475300
28	399.870268	-60.838843	0.465900
29	439.857295	-61.189777	0.458800
30	483.843024	-61.636350	0.438900
31	532.227327	-61.904389	0.444000
32	585.450059	-62.250228	0.429900
33	643.995065	-62.637831	0.420200
34	708.394572	-62.845410	0.415900
35	779.234029	-63.038134	0.409000
36	857.157432	-63.315808	0.392900
37	942.873175	-63.594309	0.393600
38	1037.160493	-63.805415	0.384400
39	1140.876542	-64.096799	0.371600
40	1254.964196	-64.372770	0.377300
41	1380.460616	-64.549049	0.372100
42	1518.506677	-64.745446	0.359400
43	1670.357345	-64.895252	0.358900
44	1837.393079	-65.030673	0.342100
45	2021.132387	-65.166061	0.335400
46	2223.245626	-65.283751	0.341000
47	2445.570189	-65.397164	0.344600
48	2690.127207	-65.517312	0.323300
49	2959.139928	-65.615670	0.333700
50	3255.053921	-65.709883	0.319600


================================================================================
Contenido de: results/svm/annealing/batches/betas00050_iterations10000_c-limit0.1/2026-08-17_11:07:18-002/summary.txt
================================================================================

B-idx	Beta	Energy	Acceptance
1	30.747549	-33.833513	0.773700
2	33.822304	-37.006841	0.709200
3	37.204534	-39.435286	0.696000
4	40.924988	-40.394355	0.676300
5	45.017486	-41.737626	0.663100
6	49.519235	-42.507517	0.662000
7	54.471159	-44.414390	0.650400
8	59.918275	-44.611139	0.640100
9	65.910102	-46.339388	0.636200
10	72.501112	-48.485398	0.618200
11	79.751223	-49.395118	0.616500
12	87.726346	-49.899731	0.603300
13	96.498980	-51.301281	0.601500
14	106.148878	-52.174850	0.590300
15	116.763766	-53.087095	0.581200
16	128.440143	-53.976087	0.564600
17	141.284157	-54.953607	0.571300
18	155.412573	-55.711622	0.550700
19	170.953830	-56.140760	0.545200
20	188.049213	-56.720086	0.525900
21	206.854134	-57.125501	0.524400
22	227.539548	-57.951784	0.515100
23	250.293502	-58.438797	0.498300
24	275.322853	-58.654732	0.491700
25	302.855138	-59.199893	0.504100
26	333.140652	-59.879962	0.486000
27	366.454717	-60.242365	0.464200
28	403.100189	-60.742198	0.462300
29	443.410208	-61.220964	0.457400
30	487.751228	-61.651748	0.447200
31	536.526351	-62.145580	0.435800
32	590.178986	-62.431118	0.426900
33	649.196885	-62.665810	0.411100
34	714.116573	-62.926987	0.420400
35	785.528231	-63.183374	0.399200
36	864.081054	-63.417430	0.403300
37	950.489159	-63.660927	0.393500
38	1045.538075	-63.928722	0.391400
39	1150.091883	-64.073377	0.385800
40	1265.101071	-64.264230	0.379500
41	1391.611178	-64.462017	0.364700
42	1530.772296	-64.674595	0.358300
43	1683.849525	-64.835258	0.351000
44	1852.234478	-64.987629	0.352000
45	2037.457926	-65.108303	0.345300
46	2241.203718	-65.282418	0.343600
47	2465.324090	-65.386068	0.335400
48	2711.856499	-65.507590	0.331600
49	2983.042149	-65.586066	0.327400
50	3281.346364	-65.680593	0.331100


================================================================================
Contenido de: results/svm/annealing/batches/betas00050_iterations10000_c-limit0.1/2026-08-17_11:07:18-003/summary.txt
================================================================================

B-idx	Beta	Energy	Acceptance
1	30.552691	-33.893283	0.770100
2	33.607960	-35.167138	0.696000
3	36.968756	-38.554262	0.691700
4	40.665632	-40.775548	0.685000
5	44.732195	-41.814400	0.667600
6	49.205415	-43.553298	0.654000
7	54.125956	-44.939863	0.654100
8	59.538552	-46.444556	0.643400
9	65.492407	-47.713683	0.636300
10	72.041648	-48.626308	0.617200
11	79.245813	-49.373468	0.612400
12	87.170394	-50.282018	0.608700
13	95.887433	-51.604670	0.598600
14	105.476177	-52.122773	0.587500
15	116.023794	-52.780683	0.577700
16	127.626174	-53.695303	0.570400
17	140.388791	-54.411725	0.565800
18	154.427670	-54.835535	0.554100
19	169.870437	-55.730486	0.550000
20	186.857481	-56.519281	0.530000
21	205.543229	-56.904978	0.537300
22	226.097552	-57.631773	0.520800
23	248.707307	-58.083226	0.504800
24	273.578038	-58.601825	0.496500
25	300.935842	-59.273410	0.483000
26	331.029426	-60.066674	0.482500
27	364.132369	-60.515657	0.474800
28	400.545606	-60.951405	0.465900
29	440.600166	-61.334189	0.456300
30	484.660183	-61.607973	0.444800
31	533.126201	-61.960486	0.435800
32	586.438821	-62.184165	0.429300
33	645.082703	-62.447235	0.427200
34	709.590974	-62.765093	0.419600
35	780.550071	-63.100335	0.407100
36	858.605078	-63.432651	0.403300
37	944.465586	-63.596386	0.391800
38	1038.912145	-63.859780	0.387700
39	1142.803359	-64.133994	0.385300
40	1257.083695	-64.332526	0.381600
41	1382.792065	-64.510308	0.364300
42	1521.071271	-64.664299	0.362500
43	1673.178398	-64.772899	0.360100
44	1840.496238	-64.948065	0.350000
45	2024.545862	-65.099181	0.340300
46	2227.000448	-65.202142	0.336500
47	2449.700493	-65.331301	0.332400
48	2694.670542	-65.477216	0.329800
49	2964.137596	-65.589291	0.326500
50	3260.551356	-65.705191	0.333200


================================================================================
Contenido de: results/svm/annealing/batches/betas00050_iterations10000_c-limit0.1/2026-08-17_11:07:18-004/summary.txt
================================================================================

B-idx	Beta	Energy	Acceptance
1	29.324759	-33.379712	0.779500
2	32.257235	-34.712269	0.710700
3	35.482958	-36.952805	0.693500
4	39.031254	-40.169411	0.689200
5	42.934380	-40.758861	0.685300
6	47.227818	-42.301820	0.664600
7	51.950600	-44.321197	0.661800
8	57.145659	-45.752984	0.652900
9	62.860225	-47.289610	0.644100
10	69.146248	-48.275827	0.633900
11	76.060873	-49.374203	0.622200
12	83.666960	-49.789705	0.614000
13	92.033656	-50.729244	0.595100
14	101.237022	-51.931179	0.581000
15	111.360724	-52.657881	0.589600
16	122.496796	-53.347222	0.573400
17	134.746476	-53.926043	0.569800
18	148.221123	-54.874238	0.556700
19	163.043236	-55.645513	0.542900
20	179.347559	-56.446223	0.539300
21	197.282315	-57.363208	0.532500
22	217.010547	-57.814118	0.521500
23	238.711601	-57.881456	0.511700
24	262.582762	-58.446832	0.503500
25	288.841038	-58.946922	0.490100
26	317.725142	-59.640366	0.480900
27	349.497656	-60.104500	0.481900
28	384.447421	-60.496358	0.459500
29	422.892163	-61.017100	0.459300
30	465.181380	-61.213679	0.441400
31	511.699518	-61.624415	0.443900
32	562.869469	-62.063347	0.429200
33	619.156416	-62.435819	0.424300
34	681.072058	-62.789762	0.418900
35	749.179264	-62.998916	0.417500
36	824.097190	-63.265537	0.408400
37	906.506909	-63.529746	0.402700
38	997.157600	-63.711753	0.381700
39	1096.873360	-64.022772	0.382100
40	1206.560696	-64.243177	0.368600
41	1327.216766	-64.455081	0.377100
42	1459.938443	-64.584695	0.364900
43	1605.932287	-64.734827	0.357800
44	1766.525515	-64.884706	0.351000
45	1943.178067	-65.032466	0.350900
46	2137.495874	-65.155174	0.336800
47	2351.245461	-65.262514	0.334400
48	2586.370007	-65.402789	0.332300
49	2845.007008	-65.537608	0.326600
50	3129.507709	-65.633847	0.329400


================================================================================
Contenido de: results/svm/annealing/batches/betas00050_iterations10000_c-limit0.1/2026-08-17_11:07:18-005/summary.txt
================================================================================

B-idx	Beta	Energy	Acceptance
1	30.866853	-34.521697	0.766900
2	33.953538	-36.259729	0.697400
3	37.348892	-37.442879	0.690400
4	41.083781	-41.198061	0.681800
5	45.192159	-43.036848	0.668100
6	49.711375	-43.820477	0.664100
7	54.682513	-44.480438	0.657000
8	60.150764	-45.788398	0.632500
9	66.165840	-46.507952	0.638900
10	72.782424	-47.757741	0.625300
11	80.060667	-49.889895	0.603300
12	88.066733	-50.814896	0.601500
13	96.873407	-51.148742	0.596400
14	106.560747	-51.594286	0.591600
15	117.216822	-53.185984	0.583300
16	128.938504	-53.851770	0.573400
17	141.832355	-55.071678	0.558500
18	156.015590	-55.405740	0.549600
19	171.617149	-56.018835	0.539400
20	188.778864	-56.793272	0.537800
21	207.656751	-57.414843	0.527300
22	228.422426	-57.900852	0.516800
23	251.264668	-58.283723	0.509400
24	276.391135	-58.734485	0.496600
25	304.030249	-59.243919	0.484800
26	334.433273	-59.725308	0.475000
27	367.876601	-60.168940	0.476900
28	404.664261	-60.701995	0.456500
29	445.130687	-61.079944	0.460000
30	489.643756	-61.389885	0.443600
31	538.608131	-61.816317	0.442800
32	592.468944	-62.035896	0.422800
33	651.715839	-62.526719	0.425500
34	716.887423	-62.855462	0.420700
35	788.576165	-63.173691	0.407500
36	867.433781	-63.413795	0.402000
37	954.177159	-63.689236	0.394200
38	1049.594875	-63.870434	0.382200
39	1154.554363	-64.082715	0.380600
40	1270.009799	-64.300680	0.384800
41	1397.010779	-64.500578	0.366300
42	1536.711857	-64.696222	0.358300
43	1690.383043	-64.842877	0.356300
44	1859.421347	-64.991260	0.349900
45	2045.363482	-65.143455	0.352200
46	2249.899830	-65.283525	0.340200
47	2474.889813	-65.386083	0.341900
48	2722.378794	-65.498969	0.329900
49	2994.616674	-65.598159	0.319100
50	3294.078341	-65.685495	0.321300


================================================================================
Contenido de: results/svm/annealing/batches/betas00050_iterations10000_c-limit0.1/2026-08-17_11:07:18-006/summary.txt
================================================================================

B-idx	Beta	Energy	Acceptance
1	31.257944	-33.036159	0.771300
2	34.383738	-35.897539	0.696100
3	37.822112	-39.071084	0.685600
4	41.604324	-40.003648	0.677700
5	45.764756	-42.407865	0.662200
6	50.341231	-43.914557	0.658900
7	55.375355	-44.867623	0.648200
8	60.912890	-46.420423	0.645300
9	67.004179	-47.234681	0.624800
10	73.704597	-47.975701	0.617900
11	81.075057	-49.712954	0.615100
12	89.182562	-50.301380	0.592100
13	98.100819	-51.854807	0.602500
14	107.910900	-51.860599	0.580300
15	118.701990	-52.950003	0.584100
16	130.572189	-53.735590	0.559800
17	143.629408	-54.685016	0.560800
18	157.992349	-55.263979	0.549000
19	173.791584	-55.744242	0.554900
20	191.170743	-56.582798	0.533700
21	210.287817	-56.953284	0.527800
22	231.316599	-57.526766	0.507500
23	254.448258	-58.351453	0.505200
24	279.893084	-58.958184	0.499500
25	307.882393	-59.333160	0.499500
26	338.670632	-59.791088	0.480200
27	372.537695	-60.414587	0.470900
28	409.791465	-60.839617	0.446400
29	450.770611	-61.169896	0.447900
30	495.847672	-61.692663	0.439600
31	545.432439	-62.128208	0.440400
32	599.975683	-62.436413	0.426300
33	659.973252	-62.701511	0.415300
34	725.970577	-62.932277	0.407800
35	798.567635	-63.207086	0.405800
36	878.424398	-63.445447	0.396300
37	966.266838	-63.651887	0.390200
38	1062.893522	-63.884738	0.376000
39	1169.182874	-64.067294	0.365600
40	1286.101161	-64.276270	0.363900
41	1414.711277	-64.491376	0.364200
42	1556.182405	-64.655462	0.355300
43	1711.800645	-64.835954	0.354200
44	1882.980710	-64.970503	0.348600
45	2071.278781	-65.152663	0.342400
46	2278.406659	-65.278480	0.342800
47	2506.247325	-65.410269	0.337100
48	2756.872058	-65.498015	0.330900
49	3032.559263	-65.583057	0.322600
50	3335.815190	-65.659334	0.327500


================================================================================
Contenido de: results/svm/annealing/batches/betas00050_iterations10000_c-limit0.1/2026-08-17_11:07:18-007/summary.txt
================================================================================

B-idx	Beta	Energy	Acceptance
1	30.069524	-33.266871	0.779900
2	33.076477	-37.258360	0.697400
3	36.384124	-39.440222	0.697400
4	40.022537	-40.397124	0.684100
5	44.024790	-41.002141	0.683400
6	48.427269	-42.858237	0.656000
7	53.269996	-44.587835	0.654700
8	58.596996	-46.138904	0.644300
9	64.456696	-46.768879	0.635200
10	70.902365	-47.282480	0.632200
11	77.992602	-48.014602	0.615600
12	85.791862	-49.803961	0.612900
13	94.371048	-50.388531	0.601300
14	103.808153	-52.134525	0.586800
15	114.188968	-52.696903	0.572900
16	125.607865	-53.471669	0.581900
17	138.168651	-53.980990	0.562500
18	151.985517	-54.917589	0.567000
19	167.184068	-56.004356	0.547600
20	183.902475	-56.180863	0.540800
21	202.292723	-56.892288	0.522500
22	222.521995	-57.874004	0.512700
23	244.774194	-58.353921	0.511300
24	269.251614	-58.857067	0.502100
25	296.176775	-59.447079	0.488100
26	325.794453	-59.970067	0.477900
27	358.373898	-60.409395	0.468600
28	394.211288	-60.810019	0.455900
29	433.632417	-61.175778	0.442600
30	476.995658	-61.534412	0.443000
31	524.695224	-62.019796	0.439600
32	577.164747	-62.278817	0.433800
33	634.881221	-62.620184	0.415500
34	698.369343	-62.907530	0.408800
35	768.206278	-63.152203	0.411100
36	845.026905	-63.420357	0.400000
37	929.529596	-63.678504	0.397100
38	1022.482555	-63.851283	0.383200
39	1124.730811	-63.973130	0.384000
40	1237.203892	-64.235970	0.381000
41	1360.924281	-64.441508	0.377500
42	1497.016709	-64.648034	0.361200
43	1646.718380	-64.812626	0.355000
44	1811.390218	-64.935668	0.345300
45	1992.529240	-65.098226	0.339300
46	2191.782164	-65.259881	0.342300
47	2410.960381	-65.374315	0.337100
48	2652.056419	-65.485156	0.330600
49	2917.262061	-65.575101	0.331300
50	3208.988267	-65.666335	0.328300


================================================================================
Contenido de: results/svm/annealing/batches/betas00050_iterations10000_c-limit0.1/2026-08-17_11:07:18-008/summary.txt
================================================================================

B-idx	Beta	Energy	Acceptance
1	30.562847	-34.184173	0.773900
2	33.619131	-36.971762	0.697100
3	36.981044	-39.254148	0.684900
4	40.679149	-40.233093	0.686700
5	44.747064	-42.176757	0.675700
6	49.221770	-43.421194	0.674500
7	54.143947	-44.723417	0.658700
8	59.558342	-44.736159	0.644700
9	65.514176	-45.950269	0.637000
10	72.065593	-47.733896	0.630300
11	79.272153	-49.225623	0.608900
12	87.199368	-50.039666	0.604000
13	95.919305	-50.429103	0.597500
14	105.511235	-51.659958	0.585400
15	116.062359	-52.463106	0.572800
16	127.668595	-53.910132	0.575900
17	140.435454	-54.626990	0.561500
18	154.479000	-54.687518	0.542700
19	169.926900	-56.062075	0.539700
20	186.919589	-56.900993	0.530200
21	205.611548	-57.455770	0.530900
22	226.172703	-57.996858	0.512700
23	248.789974	-58.451287	0.507900
24	273.668971	-58.911908	0.498700
25	301.035868	-59.371172	0.493200
26	331.139455	-59.760300	0.477200
27	364.253400	-60.173408	0.469900
28	400.678740	-60.741203	0.453900
29	440.746614	-61.217055	0.450500
30	484.821276	-61.550563	0.451000
31	533.303403	-61.901421	0.444400
32	586.633744	-62.163789	0.430900
33	645.297118	-62.464956	0.426200
34	709.826830	-62.869618	0.408900
35	780.809513	-63.113926	0.414700
36	858.890464	-63.460917	0.398800
37	944.779511	-63.714773	0.396400
38	1039.257462	-63.884971	0.388700
39	1143.183208	-64.125644	0.381700
40	1257.501529	-64.292040	0.377800
41	1383.251682	-64.431999	0.367900
42	1521.576850	-64.675971	0.360300
43	1673.734535	-64.846297	0.359500
44	1841.107988	-65.025497	0.346100
45	2025.218787	-65.147739	0.342700
46	2227.740666	-65.294238	0.346200
47	2450.514733	-65.422710	0.333200
48	2695.566206	-65.501800	0.337200
49	2965.122826	-65.597649	0.328400
50	3261.635109	-65.685336	0.325300


================================================================================
Contenido de: results/svm/annealing/batches/betas00050_iterations10000_c-limit0.1/2026-08-17_11:07:18-009/summary.txt
================================================================================

B-idx	Beta	Energy	Acceptance
1	30.749509	-33.663456	0.775000
2	33.824459	-36.953161	0.698000
3	37.206905	-39.425785	0.689600
4	40.927596	-41.782047	0.683000
5	45.020355	-41.690481	0.680400
6	49.522391	-44.450080	0.659600
7	54.474630	-44.293295	0.658400
8	59.922093	-45.954005	0.635100
9	65.914302	-46.134709	0.631100
10	72.505733	-48.265019	0.624200
11	79.756306	-48.865328	0.622400
12	87.731937	-50.460972	0.607900
13	96.505130	-51.349152	0.598300
14	106.155643	-51.775970	0.588800
15	116.771208	-52.819968	0.581800
16	128.448328	-54.077534	0.568500
17	141.293161	-54.622114	0.566000
18	155.422477	-55.157285	0.554800
19	170.964725	-55.643556	0.548400
20	188.061197	-56.538986	0.538000
21	206.867317	-57.086132	0.525200
22	227.554049	-57.727028	0.517500
23	250.309454	-58.149967	0.509000
24	275.340399	-59.043193	0.498200
25	302.874439	-59.448288	0.488800
26	333.161883	-59.919365	0.474400
27	366.478071	-60.541409	0.480100
28	403.125878	-60.897757	0.460800
29	443.438466	-61.197711	0.447000
30	487.782313	-61.669901	0.445900
31	536.560544	-61.985784	0.436300
32	590.216598	-62.317059	0.427000
33	649.238258	-62.504163	0.418600
34	714.162084	-62.841791	0.405400
35	785.578293	-63.125714	0.393600
36	864.136122	-63.471463	0.408300
37	950.549734	-63.641505	0.390500
38	1045.604707	-63.916113	0.378700
39	1150.165178	-64.123529	0.378400
40	1265.181696	-64.348997	0.380300
41	1391.699866	-64.505033	0.360600
42	1530.869852	-64.653651	0.360800
43	1683.956837	-64.826325	0.349100
44	1852.352521	-64.987195	0.348200
45	2037.587773	-65.153999	0.338700
46	2241.346551	-65.291161	0.337200
47	2465.481206	-65.367697	0.332400
48	2712.029326	-65.482607	0.339600
49	2983.232259	-65.567484	0.326700
50	3281.555485	-65.654736	0.316100


================================================================================
Contenido de: results/svm/annealing/batches/betas00050_iterations10000_c-limit0.1/run_000/summary.txt
================================================================================

B-idx	Beta	Energy	Acceptance
1	30.912687	-35.373961	0.764900
2	34.003956	-35.838050	0.701100
3	37.404352	-37.636931	0.688500
4	41.144787	-39.824395	0.675400
5	45.259265	-42.401079	0.673900
6	49.785192	-44.342191	0.669200
7	54.763711	-45.530695	0.646400
8	60.240082	-45.949957	0.645100
9	66.264091	-47.455427	0.637500
10	72.890500	-47.379881	0.629600
11	80.179550	-49.144243	0.615100
12	88.197505	-50.311573	0.604700
13	97.017255	-51.246755	0.598500
14	106.718980	-52.165793	0.581000
15	117.390879	-53.140022	0.578700
16	129.129966	-53.579471	0.572700
17	142.042963	-54.156090	0.552900
18	156.247259	-55.436601	0.557900
19	171.871985	-55.919652	0.541600
20	189.059184	-56.367135	0.530600
21	207.965102	-57.051724	0.527100
22	228.761612	-57.560634	0.524000
23	251.637774	-58.101436	0.501700
24	276.801551	-58.888296	0.503700
25	304.481706	-59.313515	0.489000
26	334.929877	-59.969799	0.477300
27	368.422864	-60.264287	0.464900
28	405.265151	-60.603083	0.461800
29	445.791666	-61.072118	0.453300
30	490.370833	-61.574055	0.435200
31	539.407916	-61.992845	0.437100
32	593.348707	-62.293348	0.430200
33	652.683578	-62.525854	0.417300
34	717.951936	-62.779274	0.406800
35	789.747129	-63.134987	0.397000
36	868.721842	-63.401526	0.395500
37	955.594027	-63.610320	0.394000
38	1051.153429	-63.905703	0.391900
39	1156.268772	-64.133469	0.382500
40	1271.895649	-64.349722	0.376400
41	1399.085214	-64.544684	0.364200
42	1538.993736	-64.697706	0.366200
43	1692.893109	-64.826874	0.351800
44	1862.182420	-64.998195	0.349500
45	2048.400662	-65.142577	0.341400
46	2253.240729	-65.285503	0.336100
47	2478.564802	-65.429710	0.342900
48	2726.421282	-65.528499	0.337000
49	2999.063410	-65.611653	0.328300
50	3298.969751	-65.694143	0.316200


================================================================================
Contenido de: results/svm/annealing/batches/betas00050_iterations10000_c-limit0.1/run_001/summary.txt
================================================================================

B-idx	Beta	Energy	Acceptance
1	29.375860	-32.559686	0.775100
2	32.313445	-35.910226	0.706000
3	35.544790	-37.986124	0.694300
4	39.099269	-38.914058	0.690700
5	43.009196	-41.041473	0.675900
6	47.310115	-43.251685	0.675100
7	52.041127	-43.589505	0.655800
8	57.245240	-44.939513	0.638500
9	62.969764	-46.812778	0.633300
10	69.266740	-48.556244	0.637000
11	76.193414	-49.446716	0.626100
12	83.812756	-49.807746	0.614700
13	92.194031	-51.035148	0.599900
14	101.413434	-51.570806	0.588300
15	111.554778	-52.779317	0.579900
16	122.710255	-53.371917	0.588400
17	134.981281	-54.287237	0.562600
18	148.479409	-55.111218	0.564000
19	163.327350	-55.329396	0.543700
20	179.660085	-55.989407	0.538500
21	197.626093	-56.650685	0.528400
22	217.388703	-57.460317	0.521300
23	239.127573	-58.240748	0.502400
24	263.040330	-58.463173	0.500900
25	289.344363	-59.146681	0.491900
26	318.278800	-59.641622	0.482700
27	350.106679	-60.102428	0.473300
28	385.117347	-60.445936	0.467900
29	423.629082	-60.971383	0.459900
30	465.991990	-61.344767	0.454900
31	512.591189	-61.718723	0.434600
32	563.850308	-62.065387	0.434900
33	620.235339	-62.346180	0.427600
34	682.258873	-62.627897	0.427600
35	750.484760	-63.039657	0.412700
36	825.533237	-63.288983	0.390100
37	908.086560	-63.519660	0.397200
38	998.895216	-63.734488	0.392500
39	1098.784738	-63.993979	0.387700
40	1208.663212	-64.254367	0.372500
41	1329.529533	-64.474218	0.362300
42	1462.482486	-64.611931	0.364600
43	1608.730735	-64.779752	0.358000
44	1769.603808	-64.939363	0.349500
45	1946.564189	-65.059176	0.347500
46	2141.220608	-65.232852	0.342900
47	2355.342669	-65.351514	0.332100
48	2590.876935	-65.465925	0.335000
49	2849.964629	-65.572907	0.325800
50	3134.961092	-65.670427	0.322200


================================================================================
Contenido de: results/svm/annealing/batches/betas00050_iterations10000_c-limit0.1/run_002/summary.txt
================================================================================

B-idx	Beta	Energy	Acceptance
1	30.329118	-34.662110	0.766900
2	33.362030	-35.397703	0.701100
3	36.698233	-38.024986	0.703000
4	40.368056	-40.968727	0.680200
5	44.404862	-41.476415	0.680300
6	48.845348	-43.362859	0.669000
7	53.729882	-44.390901	0.660100
8	59.102871	-45.421953	0.649100
9	65.013158	-46.386764	0.635100
10	71.514474	-48.297738	0.625700
11	78.665921	-49.299960	0.611800
12	86.532513	-50.448894	0.610100
13	95.185764	-51.440924	0.599600
14	104.704341	-51.698930	0.591500
15	115.174775	-52.886436	0.590900
16	126.692252	-53.819589	0.558500
17	139.361478	-54.449272	0.561600
18	153.297625	-55.342178	0.548700
19	168.627388	-56.190644	0.544300
20	185.490127	-56.652958	0.536600
21	204.039139	-57.262417	0.520800
22	224.443053	-57.686859	0.522600
23	246.887358	-58.216403	0.508600
24	271.576094	-59.051471	0.494500
25	298.733704	-59.519430	0.488600
26	328.607074	-59.952598	0.484200
27	361.467782	-60.344920	0.477600
28	397.614560	-60.763798	0.456700
29	437.376016	-61.185283	0.453200
30	481.113617	-61.680845	0.447000
31	529.224979	-61.959347	0.442400
32	582.147477	-62.290877	0.437000
33	640.362225	-62.569711	0.424200
34	704.398447	-62.810537	0.425400
35	774.838292	-63.071619	0.408400
36	852.322121	-63.373748	0.407300
37	937.554333	-63.693904	0.397200
38	1031.309766	-63.929235	0.394800
39	1134.440743	-64.071478	0.393200
40	1247.884817	-64.341716	0.369200
41	1372.673299	-64.525477	0.370000
42	1509.940629	-64.723033	0.366500
43	1660.934692	-64.818758	0.362500
44	1827.028161	-64.977211	0.350200
45	2009.730977	-65.119342	0.343700
46	2210.704075	-65.210705	0.338000
47	2431.774482	-65.337226	0.333900
48	2674.951930	-65.466458	0.329700
49	2942.447123	-65.564657	0.323400
50	3236.691836	-65.669829	0.331100


================================================================================
Contenido de: results/svm/annealing/batches/betas00050_iterations10000_c-limit0.1/run_003/summary.txt
================================================================================

B-idx	Beta	Energy	Acceptance
1	29.849545	-33.311511	0.780800
2	32.834499	-36.373402	0.716000
3	36.117949	-36.805586	0.695100
4	39.729744	-38.926910	0.683800
5	43.702719	-40.820490	0.667100
6	48.072991	-42.414302	0.663600
7	52.880290	-44.805402	0.656500
8	58.168319	-45.864406	0.649600
9	63.985150	-46.965131	0.640500
10	70.383665	-47.438993	0.625100
11	77.422032	-49.011822	0.622700
12	85.164235	-50.249494	0.604600
13	93.680659	-51.069053	0.600600
14	103.048725	-52.029619	0.583000
15	113.353597	-52.739682	0.578700
16	124.688957	-53.666369	0.578000
17	137.157852	-54.201640	0.568300
18	150.873638	-54.718700	0.558300
19	165.961001	-55.430054	0.540300
20	182.557102	-55.956388	0.523000
21	200.812812	-56.851817	0.516100
22	220.894093	-57.633297	0.516200
23	242.983502	-58.196710	0.512000
24	267.281852	-58.791240	0.499700
25	294.010038	-59.097237	0.487800
26	323.411042	-59.820345	0.477000
27	355.752146	-60.277333	0.473800
28	391.327360	-60.611298	0.469100
29	430.460096	-61.154213	0.462400
30	473.506106	-61.578613	0.442200
31	520.856716	-61.984332	0.438700
32	572.942388	-62.271163	0.443200
33	630.236627	-62.501565	0.423100
34	693.260290	-62.872414	0.410400
35	762.586319	-63.189599	0.409000
36	838.844950	-63.471137	0.409600
37	922.729445	-63.752331	0.397100
38	1015.002390	-63.873508	0.393500
39	1116.502629	-64.076832	0.394400
40	1228.152892	-64.273313	0.381000
41	1350.968181	-64.490764	0.365500
42	1486.064999	-64.702158	0.360900
43	1634.671499	-64.860990	0.361300
44	1798.138649	-64.989432	0.349700
45	1977.952514	-65.111510	0.352400
46	2175.747765	-65.273918	0.347900
47	2393.322542	-65.372235	0.342100
48	2632.654796	-65.479731	0.341200
49	2895.920276	-65.605468	0.335300
50	3185.512303	-65.695753	0.325900


================================================================================
Contenido de: results/svm/annealing/batches/betas00050_iterations10000_c-limit0.1/run_004/summary.txt
================================================================================

B-idx	Beta	Energy	Acceptance
1	30.498719	-33.780307	0.776800
2	33.548591	-37.290542	0.705200
3	36.903450	-38.975897	0.695400
4	40.593795	-41.691545	0.676400
5	44.653175	-41.049538	0.665100
6	49.118492	-43.336109	0.664400
7	54.030341	-44.943664	0.657400
8	59.433375	-46.323315	0.652200
9	65.376713	-48.017479	0.632900
10	71.914384	-47.799006	0.627300
11	79.105823	-49.285304	0.609000
12	87.016405	-50.330980	0.615300
13	95.718046	-51.272611	0.598000
14	105.289850	-52.098222	0.596100
15	115.818835	-52.925373	0.579900
16	127.400719	-53.432396	0.569400
17	140.140790	-54.583547	0.563700
18	154.154870	-55.525103	0.562500
19	169.570356	-56.114126	0.545700
20	186.527392	-56.703578	0.535500
21	205.180131	-57.089365	0.522800
22	225.698144	-57.599727	0.503600
23	248.267959	-58.192740	0.502000
24	273.094755	-58.845691	0.493400
25	300.404230	-59.352712	0.493100
26	330.444653	-59.682942	0.493200
27	363.489119	-60.237198	0.476600
28	399.838031	-60.835451	0.469900
29	439.821834	-61.160314	0.447300
30	483.804017	-61.441256	0.438800
31	532.184419	-61.816243	0.436300
32	585.402861	-62.179114	0.414800
33	643.943147	-62.539694	0.417800
34	708.337461	-62.902638	0.406300
35	779.171207	-63.180842	0.412200
36	857.088328	-63.509055	0.396200
37	942.797161	-63.673690	0.386000
38	1037.076877	-63.913220	0.383300
39	1140.784565	-64.146370	0.384600
40	1254.863021	-64.349007	0.368400
41	1380.349323	-64.540716	0.377600
42	1518.384256	-64.699441	0.358200
43	1670.222681	-64.838010	0.358800
44	1837.244949	-64.985671	0.347300
45	2020.969444	-65.125811	0.341300
46	2223.066389	-65.284552	0.338800
47	2445.373027	-65.387889	0.349300
48	2689.910330	-65.473103	0.334900
49	2958.901363	-65.579340	0.324300
50	3254.791500	-65.663852	0.319400


================================================================================
Contenido de: results/svm/annealing/batches/betas00050_iterations10000_c-limit1/2026-08-16_20:23:08/summary.txt
================================================================================

B-idx	Beta	Energy	Acceptance
1	12.519399	2.840287	0.653200
2	13.771338	-9.506734	0.624900
3	15.148472	-36.406615	0.599800
4	16.663320	-51.695497	0.588900
5	18.329652	-75.694444	0.581400
6	20.162617	-88.889576	0.564300
7	22.178878	-95.981683	0.546400
8	24.396766	-107.431718	0.541600
9	26.836443	-115.263713	0.529500
10	29.520087	-118.811129	0.526200
11	32.472096	-124.578270	0.511100
12	35.719305	-127.760351	0.490500
13	39.291236	-132.309705	0.496400
14	43.220359	-134.532405	0.499400
15	47.542395	-139.036902	0.500500
16	52.296635	-140.989753	0.489800
17	57.526298	-143.238749	0.493100
18	63.278928	-145.876035	0.483800
19	69.606821	-147.584131	0.489900
20	76.567503	-150.326448	0.480200
21	84.224254	-151.163706	0.480100
22	92.646679	-153.010155	0.474700
23	101.911347	-154.836327	0.481700
24	112.102481	-155.956241	0.480800
25	123.312730	-157.005274	0.470600
26	135.644003	-158.118929	0.471400
27	149.208403	-159.416108	0.468500
28	164.129243	-160.650816	0.462900
29	180.542167	-161.510201	0.462400
30	198.596384	-162.138941	0.474900
31	218.456023	-162.880921	0.462300
32	240.301625	-163.968194	0.452500
33	264.331787	-164.959161	0.464100
34	290.764966	-165.487217	0.471000
35	319.841463	-166.513433	0.454600
36	351.825609	-167.075786	0.451600
37	387.008170	-167.590517	0.464500
38	425.708987	-168.111199	0.445400
39	468.279885	-168.893810	0.446300
40	515.107874	-169.444367	0.444900
41	566.618661	-169.812073	0.439300
42	623.280527	-170.209767	0.433900
43	685.608580	-170.581746	0.430500
44	754.169438	-170.967108	0.426600
45	829.586382	-171.363080	0.419900
46	912.545020	-171.677425	0.411100
47	1003.799522	-172.019806	0.406300
48	1104.179474	-172.305133	0.412300
49	1214.597422	-172.523832	0.405600
50	1336.057164	-172.759721	0.396900
00


================================================================================
Contenido de: results/svm/annealing/batches/betas00050_iterations10000_c-limit1/2026-08-16_20:36:50-000/summary.txt
================================================================================

B-idx	Beta	Energy	Acceptance
1	12.551730	7.064350	0.653000
2	13.806903	-11.113835	0.611200
3	15.187594	-31.937591	0.587700
4	16.706353	-50.989879	0.576900
5	18.376988	-72.699741	0.580700
6	20.214687	-88.514301	0.564200
7	22.236156	-99.865386	0.552100
8	24.459771	-110.361521	0.540700
9	26.905748	-114.463983	0.526500
10	29.596323	-120.733181	0.515000
11	32.555956	-125.642005	0.505800
12	35.811551	-129.900709	0.503000
13	39.392706	-132.997096	0.486700
14	43.331977	-135.771925	0.486000
15	47.665175	-139.774884	0.482400
16	52.431692	-141.989116	0.485400
17	57.674861	-143.011376	0.477000
18	63.442348	-146.750288	0.477400
19	69.786582	-148.235692	0.486400
20	76.765240	-149.667766	0.487300
21	84.441765	-151.545184	0.473400
22	92.885941	-152.760828	0.478500
23	102.174535	-154.079593	0.478000
24	112.391989	-155.416805	0.475300
25	123.631187	-156.370182	0.480600
26	135.994306	-157.884176	0.479800
27	149.593737	-159.001639	0.467900
28	164.553111	-160.134574	0.478000
29	181.008422	-161.002411	0.469500
30	199.109264	-161.793542	0.468200
31	219.020190	-163.011209	0.464300
32	240.922209	-163.842495	0.457600
33	265.014430	-164.924972	0.458300
34	291.515873	-165.422410	0.454800
35	320.667460	-166.127331	0.457300
36	352.734206	-166.714506	0.447700
37	388.007627	-167.417106	0.451000
38	426.808390	-168.037319	0.448200
39	469.489229	-168.717275	0.435300
40	516.438152	-169.280122	0.444500
41	568.081967	-169.653261	0.440300
42	624.890163	-170.068833	0.431300
43	687.379180	-170.525033	0.428600
44	756.117098	-170.991772	0.432100
45	831.728807	-171.334962	0.421100
46	914.901688	-171.708211	0.407300
47	1006.391857	-172.077411	0.406300
48	1107.031043	-172.364572	0.405200
49	1217.734147	-172.531866	0.408200
50	1339.507562	-172.845064	0.404400


================================================================================
Contenido de: results/svm/annealing/batches/betas00050_iterations10000_c-limit1/2026-08-16_20:36:50-001/summary.txt
================================================================================

B-idx	Beta	Energy	Acceptance
1	12.806299	0.792069	0.657700
2	14.086928	-15.552145	0.615800
3	15.495621	-32.940424	0.591200
4	17.045183	-55.780099	0.577200
5	18.749702	-68.423233	0.567300
6	20.624672	-83.436406	0.551700
7	22.687139	-96.208071	0.556400
8	24.955853	-104.827720	0.525700
9	27.451438	-112.035234	0.522300
10	30.196582	-117.202020	0.508400
11	33.216240	-123.816881	0.500900
12	36.537864	-127.164723	0.492700
13	40.191651	-132.274137	0.499300
14	44.210816	-135.843723	0.492400
15	48.631897	-137.677689	0.498200
16	53.495087	-140.738917	0.492300
17	58.844596	-144.354316	0.495400
18	64.729056	-145.706934	0.496300
19	71.201961	-146.911050	0.491100
20	78.322157	-149.630329	0.489700
21	86.154373	-151.481739	0.496400
22	94.769810	-152.870516	0.498200
23	104.246791	-153.986205	0.483200
24	114.671470	-156.038345	0.486400
25	126.138617	-156.593233	0.474200
26	138.752479	-158.204639	0.488400
27	152.627727	-159.509785	0.486500
28	167.890500	-160.268553	0.483000
29	184.679550	-161.247603	0.479400
30	203.147505	-162.379040	0.474800
31	223.462255	-163.148179	0.477300
32	245.808481	-163.891842	0.473300
33	270.389329	-164.624986	0.470300
34	297.428262	-165.442544	0.473600
35	327.171088	-166.249696	0.467100
36	359.888197	-167.018750	0.463600
37	395.877016	-167.613653	0.462100
38	435.464718	-168.146703	0.462800
39	479.011190	-168.819219	0.455600
40	526.912309	-169.193479	0.439200
41	579.603540	-169.757983	0.450400
42	637.563894	-170.170499	0.439400
43	701.320283	-170.567494	0.434700
44	771.452311	-170.902106	0.437600
45	848.597543	-171.234831	0.421500
46	933.457297	-171.483992	0.421000
47	1026.803026	-171.822063	0.434500
48	1129.483329	-172.190239	0.422600
49	1242.431662	-172.528367	0.421100
50	1366.674828	-172.743170	0.404400


================================================================================
Contenido de: results/svm/annealing/batches/betas00050_iterations10000_c-limit1/2026-08-16_20:36:50-002/summary.txt
================================================================================

B-idx	Beta	Energy	Acceptance
1	12.668250	5.165487	0.651800
2	13.935075	-15.408174	0.621600
3	15.328582	-37.332037	0.607000
4	16.861440	-54.848286	0.590500
5	18.547584	-73.435569	0.567200
6	20.402343	-85.843369	0.563300
7	22.442577	-98.888310	0.553100
8	24.686835	-103.101718	0.538400
9	27.155518	-112.091739	0.517400
10	29.871070	-119.503395	0.508800
11	32.858177	-125.497994	0.510900
12	36.143995	-129.665707	0.496400
13	39.758394	-132.296633	0.494100
14	43.734233	-134.926888	0.490300
15	48.107657	-138.231278	0.494000
16	52.918422	-140.940179	0.491200
17	58.210265	-143.336181	0.494900
18	64.031291	-145.013404	0.502300
19	70.434420	-147.429547	0.486300
20	77.477862	-149.297868	0.488000
21	85.225649	-150.960008	0.488500
22	93.748213	-152.824050	0.471300
23	103.123035	-154.313672	0.478600
24	113.435338	-155.414354	0.477500
25	124.778872	-156.336840	0.472600
26	137.256759	-157.792786	0.471100
27	150.982435	-158.561370	0.468700
28	166.080679	-160.017895	0.467600
29	182.688747	-160.623187	0.468500
30	200.957621	-161.836991	0.471600
31	221.053384	-162.768106	0.465700
32	243.158722	-163.644719	0.460000
33	267.474594	-164.444627	0.462200
34	294.222053	-165.508614	0.456700
35	323.644259	-166.293908	0.451500
36	356.008685	-166.817626	0.455400
37	391.609553	-167.515716	0.444400
38	430.770508	-168.209875	0.440800
39	473.847559	-168.725619	0.447400
40	521.232315	-169.186427	0.437200
41	573.355547	-169.712744	0.430400
42	630.691101	-170.295539	0.427500
43	693.760212	-170.703660	0.413800
44	763.136233	-171.060295	0.414500
45	839.449856	-171.321743	0.410700
46	923.394842	-171.633882	0.411300
47	1015.734326	-172.016996	0.415600
48	1117.307758	-172.288169	0.412200
49	1229.038534	-172.558175	0.398000
50	1351.942388	-172.785016	0.394300


================================================================================
Contenido de: results/svm/annealing/batches/betas00050_iterations10000_c-limit1/2026-08-16_20:36:50-003/summary.txt
================================================================================

B-idx	Beta	Energy	Acceptance
1	12.525658	4.170912	0.660700
2	13.778223	-13.470278	0.616900
3	15.156046	-33.216874	0.599600
4	16.671650	-54.550246	0.582500
5	18.338815	-65.335328	0.566000
6	20.172697	-83.415624	0.560400
7	22.189966	-95.472242	0.557200
8	24.408963	-103.618647	0.543700
9	26.849859	-109.206649	0.526000
10	29.534845	-116.258877	0.522300
11	32.488330	-122.970837	0.513000
12	35.737163	-126.949438	0.495400
13	39.310879	-130.676657	0.496600
14	43.241967	-134.873253	0.493600
15	47.566164	-137.684544	0.493900
16	52.322780	-141.302763	0.493400
17	57.555058	-143.190240	0.506900
18	63.310564	-145.263503	0.485100
19	69.641620	-147.271381	0.496000
20	76.605782	-150.018296	0.483300
21	84.266361	-151.376275	0.478400
22	92.692997	-153.014662	0.489300
23	101.962296	-154.954062	0.482800
24	112.158526	-155.653612	0.478600
25	123.374379	-156.704087	0.469200
26	135.711816	-157.803373	0.465800
27	149.282998	-159.155574	0.480100
28	164.211298	-160.707208	0.471200
29	180.632428	-161.424146	0.480200
30	198.695670	-162.386391	0.471400
31	218.565238	-163.321675	0.467500
32	240.421761	-163.902775	0.464800
33	264.463937	-164.567669	0.460700
34	290.910331	-165.357105	0.449800
35	320.001364	-166.252286	0.460700
36	352.001501	-167.070364	0.456700
37	387.201651	-167.593825	0.454200
38	425.921816	-168.208314	0.442900
39	468.513997	-168.783449	0.427600
40	515.365397	-169.355058	0.441200
41	566.901937	-169.758018	0.437700
42	623.592131	-170.130725	0.438000
43	685.951344	-170.536394	0.429800
44	754.546478	-171.059060	0.421100
45	830.001126	-171.361374	0.417000
46	913.001238	-171.792261	0.419500
47	1004.301362	-172.118896	0.408600
48	1104.731498	-172.339322	0.406900
49	1215.204648	-172.620985	0.410800
50	1336.725113	-172.920494	0.402800


================================================================================
Contenido de: results/svm/annealing/batches/betas00050_iterations10000_c-limit1/2026-08-16_20:36:50-004/summary.txt
================================================================================

B-idx	Beta	Energy	Acceptance
1	12.299855	0.472546	0.665500
2	13.529841	-13.094313	0.622500
3	14.882825	-29.730663	0.596300
4	16.371108	-46.158624	0.581500
5	18.008218	-68.046556	0.583400
6	19.809040	-87.452532	0.574500
7	21.789944	-94.321933	0.554200
8	23.968939	-105.016384	0.549900
9	26.365833	-113.332536	0.529700
10	29.002416	-116.146804	0.522000
11	31.902657	-123.181102	0.498700
12	35.092923	-127.715615	0.510600
13	38.602215	-131.756627	0.498500
14	42.462437	-136.092373	0.487000
15	46.708681	-138.436715	0.496600
16	51.379549	-140.161685	0.493200
17	56.517504	-142.683061	0.495400
18	62.169254	-143.923916	0.489200
19	68.386179	-147.554726	0.495900
20	75.224797	-149.445673	0.497500
21	82.747277	-150.979918	0.491200
22	91.022005	-152.226589	0.495400
23	100.124205	-153.014089	0.490000
24	110.136626	-154.635803	0.485800
25	121.150288	-156.270436	0.477700
26	133.265317	-157.840741	0.500500
27	146.591849	-158.481884	0.470100
28	161.251034	-159.702683	0.474700
29	177.376137	-160.890427	0.470900
30	195.113751	-161.911988	0.473900
31	214.625126	-162.683992	0.463800
32	236.087638	-163.550600	0.461100
33	259.696402	-164.384525	0.468000
34	285.666043	-165.189230	0.456600
35	314.232647	-165.929232	0.459000
36	345.655911	-166.649236	0.454600
37	380.221503	-167.262692	0.449500
38	418.243653	-167.763365	0.442300
39	460.068018	-168.325491	0.441700
40	506.074820	-168.897256	0.438600
41	556.682302	-169.372892	0.438800
42	612.350532	-169.908388	0.436800
43	673.585585	-170.320550	0.429300
44	740.944144	-170.689233	0.431000
45	815.038558	-171.118872	0.420200
46	896.542414	-171.437807	0.427400
47	986.196656	-171.832794	0.415500
48	1084.816321	-172.119574	0.419200
49	1193.297953	-172.394007	0.410100
50	1312.627749	-172.683890	0.406300


================================================================================
Contenido de: results/svm/annealing/batches/betas00050_iterations10000_c-limit1/2026-08-16_20:36:50-005/summary.txt
================================================================================

B-idx	Beta	Energy	Acceptance
1	11.704959	11.045221	0.657300
2	12.875455	-4.596576	0.623300
3	14.163001	-21.547468	0.591700
4	15.579301	-43.551995	0.582600
5	17.137231	-59.422927	0.572400
6	18.850954	-75.960268	0.567000
7	20.736049	-93.047296	0.552900
8	22.809654	-100.393167	0.545700
9	25.090619	-109.970804	0.536800
10	27.599681	-115.965144	0.518500
11	30.359650	-121.884590	0.506300
12	33.395615	-124.218584	0.494100
13	36.735176	-130.234133	0.500000
14	40.408694	-133.064494	0.491600
15	44.449563	-135.865305	0.501600
16	48.894519	-139.494000	0.485400
17	53.783971	-141.761798	0.486500
18	59.162368	-143.444262	0.485600
19	65.078605	-145.838319	0.489800
20	71.586466	-147.991010	0.492500
21	78.745112	-149.706605	0.482800
22	86.619623	-150.739471	0.491700
23	95.281586	-152.043871	0.492500
24	104.809744	-153.895601	0.484800
25	115.290719	-155.247923	0.471500
26	126.819791	-156.969316	0.479900
27	139.501770	-158.272790	0.479500
28	153.451947	-158.968801	0.484600
29	168.797141	-160.273985	0.478700
30	185.676855	-161.395635	0.480500
31	204.244541	-162.184783	0.466100
32	224.668995	-163.047018	0.474600
33	247.135895	-164.108691	0.462900
34	271.849484	-164.972110	0.466100
35	299.034432	-165.361978	0.466300
36	328.937876	-166.109962	0.465700
37	361.831663	-166.616797	0.455400
38	398.014830	-167.224819	0.455000
39	437.816312	-168.086612	0.450200
40	481.597944	-168.555382	0.442500
41	529.757738	-169.124470	0.442700
42	582.733512	-169.761376	0.440300
43	641.006863	-170.131997	0.441200
44	705.107549	-170.584146	0.433200
45	775.618304	-171.015445	0.425300
46	853.180135	-171.414217	0.420900
47	938.498148	-171.715629	0.425400
48	1032.347963	-172.065352	0.423600
49	1135.582759	-172.325226	0.411800
50	1249.141035	-172.669121	0.413800


================================================================================
Contenido de: results/svm/annealing/batches/betas00050_iterations10000_c-limit1/2026-08-16_20:36:50-006/summary.txt
================================================================================

B-idx	Beta	Energy	Acceptance
1	12.622475	-1.733371	0.652800
2	13.884723	-17.539917	0.620100
3	15.273195	-35.036823	0.605000
4	16.800515	-51.518007	0.590300
5	18.480566	-70.065815	0.571800
6	20.328623	-88.317389	0.566200
7	22.361485	-94.923311	0.547800
8	24.597634	-105.905695	0.534300
9	27.057397	-115.156149	0.529000
10	29.763137	-119.168178	0.511300
11	32.739450	-123.300733	0.501400
12	36.013395	-127.413833	0.494700
13	39.614735	-131.730964	0.486100
14	43.576209	-134.420066	0.487600
15	47.933829	-137.745868	0.491700
16	52.727212	-140.426445	0.496900
17	57.999934	-142.391031	0.492500
18	63.799927	-144.136370	0.493600
19	70.179920	-146.595883	0.493700
20	77.197912	-147.836284	0.500800
21	84.917703	-150.023201	0.481400
22	93.409473	-151.831193	0.474300
23	102.750420	-153.177826	0.476300
24	113.025462	-154.701636	0.486700
25	124.328009	-156.533683	0.476400
26	136.760809	-157.279456	0.478500
27	150.436890	-158.873913	0.471600
28	165.480579	-159.695414	0.471200
29	182.028637	-160.638395	0.477000
30	200.231501	-161.885231	0.474800
31	220.254651	-162.885999	0.467400
32	242.280116	-163.865777	0.471300
33	266.508128	-164.843676	0.459400
34	293.158941	-165.382280	0.467600
35	322.474835	-166.000264	0.462500
36	354.722318	-166.702340	0.454900
37	390.194550	-167.434369	0.457300
38	429.214005	-167.988223	0.448500
39	472.135406	-168.721033	0.441500
40	519.348946	-169.102748	0.442000
41	571.283841	-169.693059	0.433200
42	628.412225	-170.062387	0.441300
43	691.253448	-170.485938	0.432000
44	760.378792	-170.895336	0.422200
45	836.416672	-171.198862	0.425800
46	920.058339	-171.602528	0.420100
47	1012.064173	-171.938410	0.415900
48	1113.270590	-172.146856	0.413000
49	1224.597649	-172.478311	0.413000
50	1347.057414	-172.747237	0.407700


================================================================================
Contenido de: results/svm/annealing/batches/betas00050_iterations10000_c-limit1/2026-08-16_20:36:50-007/summary.txt
================================================================================

B-idx	Beta	Energy	Acceptance
1	12.622539	0.312005	0.657300
2	13.884793	-9.900882	0.616900
3	15.273272	-35.600895	0.597000
4	16.800599	-50.553422	0.584800
5	18.480659	-70.982504	0.571000
6	20.328725	-85.860987	0.571500
7	22.361597	-95.781668	0.551000
8	24.597757	-102.934166	0.537700
9	27.057533	-108.712093	0.530900
10	29.763286	-116.918756	0.523600
11	32.739615	-124.206149	0.507900
12	36.013576	-128.946496	0.493600
13	39.614934	-132.114356	0.495300
14	43.576427	-136.090477	0.495200
15	47.934070	-138.429452	0.498000
16	52.727477	-141.285899	0.491300
17	58.000225	-143.420099	0.489000
18	63.800247	-145.711584	0.493100
19	70.180272	-147.444287	0.489800
20	77.198299	-149.207935	0.493900
21	84.918129	-150.963993	0.500600
22	93.409942	-152.976856	0.482900
23	102.750936	-154.718428	0.475800
24	113.026030	-156.069169	0.468500
25	124.328633	-157.503921	0.472000
26	136.761496	-158.649345	0.478600
27	150.437646	-159.677112	0.476300
28	165.481410	-160.790768	0.464000
29	182.029551	-161.607643	0.470600
30	200.232506	-162.135857	0.473600
31	220.255757	-163.205387	0.467300
32	242.281333	-163.936116	0.454600
33	266.509466	-164.876019	0.465600
34	293.160412	-165.704796	0.464000
35	322.476454	-166.442529	0.457100
36	354.724099	-167.012705	0.444200
37	390.196509	-167.692627	0.439600
38	429.216160	-168.235313	0.447200
39	472.137776	-168.722267	0.437200
40	519.351553	-169.240869	0.440100
41	571.286709	-169.770934	0.445600
42	628.415379	-170.254978	0.431700
43	691.256917	-170.806056	0.441000
44	760.382609	-171.143763	0.422700
45	836.420870	-171.458861	0.421600
46	920.062957	-171.796272	0.408200
47	1012.069253	-172.058639	0.407400
48	1113.276178	-172.306124	0.416300
49	1224.603796	-172.623597	0.400000
50	1347.064175	-172.860155	0.407400


================================================================================
Contenido de: results/svm/annealing/batches/betas00050_iterations10000_c-limit1/2026-08-16_20:36:50-008/summary.txt
================================================================================

B-idx	Beta	Energy	Acceptance
1	12.313263	3.124119	0.662000
2	13.544590	-10.954248	0.618800
3	14.899049	-31.032179	0.595700
4	16.388954	-52.408908	0.588400
5	18.027849	-72.042354	0.577600
6	19.830634	-87.996962	0.560100
7	21.813697	-100.155941	0.549300
8	23.995067	-106.464701	0.540900
9	26.394574	-116.364562	0.531700
10	29.034031	-122.494778	0.521800
11	31.937434	-123.881469	0.494900
12	35.131177	-130.508928	0.498600
13	38.644295	-130.857757	0.521000
14	42.508725	-135.571225	0.489700
15	46.759597	-139.434184	0.497600
16	51.435557	-140.978338	0.493200
17	56.579112	-142.899290	0.499400
18	62.237024	-145.032787	0.491900
19	68.460726	-147.606292	0.494400
20	75.306799	-148.609520	0.498600
21	82.837479	-150.040423	0.486000
22	91.121226	-151.993677	0.496000
23	100.233349	-154.119350	0.494200
24	110.256684	-155.416508	0.490400
25	121.282352	-156.647627	0.497400
26	133.410588	-158.107776	0.487600
27	146.751646	-159.535832	0.483700
28	161.426811	-160.586557	0.486400
29	177.569492	-160.955620	0.491200
30	195.326441	-162.159766	0.484200
31	214.859085	-163.004949	0.476700
32	236.344994	-163.695419	0.473500
33	259.979493	-164.296016	0.474400
34	285.977443	-165.195804	0.475800
35	314.575187	-165.854386	0.469100
36	346.032706	-166.527519	0.480200
37	380.635976	-167.221968	0.467700
38	418.699574	-167.912211	0.475500
39	460.569531	-168.452268	0.462600
40	506.626484	-168.964826	0.458800
41	557.289133	-169.505850	0.447300
42	613.018046	-169.993652	0.448000
43	674.319851	-170.440983	0.444800
44	741.751836	-170.753853	0.431700
45	815.927019	-171.161140	0.432700
46	897.519721	-171.521530	0.430700
47	987.271693	-171.788896	0.433000
48	1085.998863	-172.091854	0.433300
49	1194.598749	-172.403508	0.424700
50	1314.058624	-172.668248	0.410500


================================================================================
Contenido de: results/svm/annealing/batches/betas00050_iterations10000_c-limit1/2026-08-16_20:36:50-009/summary.txt
================================================================================

B-idx	Beta	Energy	Acceptance
1	12.271905	-0.501487	0.660100
2	13.499095	-17.079475	0.624200
3	14.849005	-38.752743	0.613500
4	16.333905	-51.029844	0.593100
5	17.967296	-66.798901	0.578500
6	19.764025	-82.390861	0.556500
7	21.740428	-95.699253	0.556900
8	23.914470	-106.418451	0.540500
9	26.305917	-114.533267	0.527000
10	28.936509	-118.269668	0.518400
11	31.830160	-124.933700	0.503900
12	35.013176	-127.843564	0.498300
13	38.514494	-131.575086	0.492300
14	42.365943	-133.239570	0.497200
15	46.602537	-136.672198	0.495800
16	51.262791	-139.531714	0.498300
17	56.389070	-142.259542	0.490200
18	62.027977	-144.480049	0.499400
19	68.230775	-148.140591	0.502900
20	75.053853	-148.663953	0.482500
21	82.559238	-150.984629	0.492600
22	90.815162	-152.135325	0.481000
23	99.896678	-153.808823	0.489200
24	109.886345	-155.354561	0.481600
25	120.874980	-156.977543	0.474300
26	132.962478	-158.082762	0.470100
27	146.258726	-158.899186	0.465200
28	160.884598	-160.060550	0.470400
29	176.973058	-161.066172	0.466000
30	194.670364	-162.201733	0.461900
31	214.137400	-163.164456	0.469300
32	235.551140	-163.818843	0.471000
33	259.106255	-164.755052	0.459900
34	285.016880	-165.504347	0.453300
35	313.518568	-166.013147	0.459700
36	344.870425	-166.829681	0.450300
37	379.357467	-167.539070	0.454900
38	417.293214	-168.259999	0.438000
39	459.022535	-168.747805	0.444000
40	504.924789	-169.121289	0.429600
41	555.417268	-169.650329	0.440200
42	610.958995	-170.257628	0.434200
43	672.054894	-170.613724	0.431500
44	739.260383	-170.993320	0.419800
45	813.186422	-171.215843	0.419100
46	894.505064	-171.570340	0.415800
47	983.955570	-171.970944	0.412000
48	1082.351127	-172.193587	0.407800
49	1190.586240	-172.486727	0.412400
50	1309.644864	-172.820203	0.402700


================================================================================
Contenido de: results/svm/annealing/batches/betas00050_iterations10000_c-limit1/2026-08-17_10:58:48-000/summary.txt
================================================================================



================================================================================
Contenido de: results/svm/annealing/batches/betas00050_iterations10000_c-limit1/2026-08-17_10:58:48-001/summary.txt
================================================================================



================================================================================
Contenido de: results/svm/annealing/batches/betas00050_iterations10000_c-limit1/2026-08-17_10:58:48-002/summary.txt
================================================================================



================================================================================
Contenido de: results/svm/annealing/batches/betas00050_iterations10000_c-limit1/2026-08-17_10:58:48-003/summary.txt
================================================================================



================================================================================
Contenido de: results/svm/annealing/batches/betas00050_iterations10000_c-limit1/2026-08-17_10:58:48-004/summary.txt
================================================================================



================================================================================
Contenido de: results/svm/annealing/batches/betas00050_iterations10000_c-limit1/2026-08-17_10:58:48-005/summary.txt
================================================================================



================================================================================
Contenido de: results/svm/annealing/batches/betas00050_iterations10000_c-limit1/2026-08-17_10:58:48-006/summary.txt
================================================================================



================================================================================
Contenido de: results/svm/annealing/batches/betas00050_iterations10000_c-limit1/2026-08-17_10:58:48-007/summary.txt
================================================================================



================================================================================
Contenido de: results/svm/annealing/batches/betas00050_iterations10000_c-limit1/2026-08-17_10:58:48-008/summary.txt
================================================================================



================================================================================
Contenido de: results/svm/annealing/batches/betas00050_iterations10000_c-limit1/2026-08-17_10:58:48-009/summary.txt
================================================================================



================================================================================
Contenido de: results/svm/annealing/batches/betas00050_iterations10000_c-limit1/2026-08-17_11:08:34-000/summary.txt
================================================================================

B-idx	Beta	Energy	Acceptance
1	11.844795	6.962752	0.661200
2	13.029274	-5.979944	0.620500
3	14.332202	-23.861262	0.601400
4	15.765422	-44.379550	0.588100
5	17.341964	-63.595616	0.581100
6	19.076161	-79.489515	0.567400
7	20.983777	-91.903031	0.556300
8	23.082155	-101.971934	0.541300
9	25.390370	-110.063114	0.544000
10	27.929407	-117.136055	0.523300
11	30.722348	-120.123477	0.508700
12	33.794582	-124.404651	0.504000
13	37.174041	-129.648837	0.481100
14	40.891445	-133.996240	0.486200
15	44.980589	-136.448117	0.482000
16	49.478648	-139.917701	0.486800
17	54.426513	-142.922851	0.485200
18	59.869164	-144.852796	0.484700
19	65.856081	-147.420408	0.492900
20	72.441689	-149.268585	0.485100
21	79.685858	-151.005738	0.490900
22	87.654443	-152.191059	0.483800
23	96.419888	-154.562207	0.483200
24	106.061876	-155.389182	0.481600
25	116.668064	-156.404530	0.480600
26	128.334871	-158.006454	0.486000
27	141.168358	-159.188695	0.485600
28	155.285193	-160.023793	0.476500
29	170.813713	-161.032992	0.473400
30	187.895084	-162.272596	0.483600
31	206.684592	-163.072371	0.466500
32	227.353052	-163.519348	0.463600
33	250.088357	-164.315354	0.463400
34	275.097192	-165.183803	0.470800
35	302.606912	-165.985529	0.456000
36	332.867603	-166.691500	0.458400
37	366.154363	-167.401509	0.463300
38	402.769799	-167.999103	0.468900
39	443.046779	-168.512114	0.451500
40	487.351457	-169.050877	0.443400
41	536.086603	-169.462679	0.445700
42	589.695263	-169.926094	0.443900
43	648.664790	-170.303466	0.426300
44	713.531269	-170.728669	0.419300
45	784.884396	-171.163087	0.429300
46	863.372835	-171.490979	0.426600
47	949.710119	-171.820591	0.415100
48	1044.681130	-172.064321	0.421400
49	1149.149244	-172.429286	0.402800
50	1264.064168	-172.707766	0.410900


================================================================================
Contenido de: results/svm/annealing/batches/betas00050_iterations10000_c-limit1/2026-08-17_11:08:34-001/summary.txt
================================================================================

B-idx	Beta	Energy	Acceptance
1	12.543970	-3.874420	0.657400
2	13.798367	-15.397786	0.616900
3	15.178204	-29.148922	0.599800
4	16.696025	-46.499590	0.592800
5	18.365627	-65.219770	0.566000
6	20.202190	-79.776430	0.562200
7	22.222409	-93.076141	0.549700
8	24.444650	-100.324069	0.536800
9	26.889115	-106.896870	0.525200
10	29.578026	-116.593458	0.517400
11	32.535829	-123.871380	0.492700
12	35.789411	-128.378858	0.498500
13	39.368353	-132.586970	0.501400
14	43.305188	-135.661499	0.495800
15	47.635707	-137.494719	0.499000
16	52.399277	-140.203446	0.489600
17	57.639205	-142.151632	0.486900
18	63.403126	-144.545569	0.496700
19	69.743438	-147.308482	0.493100
20	76.717782	-149.440590	0.485100
21	84.389560	-151.493860	0.493500
22	92.828516	-153.108580	0.497900
23	102.111368	-153.958433	0.501700
24	112.322505	-155.779329	0.477900
25	123.554755	-157.066682	0.470200
26	135.910231	-158.170545	0.479700
27	149.501254	-159.277490	0.471300
28	164.451379	-160.709104	0.472500
29	180.896517	-161.547147	0.475200
30	198.986169	-162.465330	0.464200
31	218.884785	-163.108120	0.466100
32	240.773264	-164.113304	0.456900
33	264.850590	-164.903355	0.475100
34	291.335649	-165.944354	0.465300
35	320.469214	-166.280003	0.454400
36	352.516136	-167.096788	0.459300
37	387.767749	-167.657082	0.450800
38	426.544524	-168.135948	0.442400
39	469.198977	-168.897260	0.456300
40	516.118875	-169.326963	0.436600
41	567.730762	-169.827406	0.432400
42	624.503838	-170.194004	0.423000
43	686.954222	-170.606708	0.438000
44	755.649644	-170.994483	0.422000
45	831.214609	-171.345774	0.415900
46	914.336069	-171.840560	0.418100
47	1005.769676	-172.124304	0.413800
48	1106.346644	-172.386408	0.409800
49	1216.981308	-172.625443	0.411200
50	1338.679439	-172.914604	0.405000


================================================================================
Contenido de: results/svm/annealing/batches/betas00050_iterations10000_c-limit1/2026-08-17_11:08:34-002/summary.txt
================================================================================

B-idx	Beta	Energy	Acceptance
1	12.706792	0.393807	0.658500
2	13.977471	-17.903724	0.624200
3	15.375218	-36.074010	0.609000
4	16.912740	-53.648455	0.595700
5	18.604014	-74.083819	0.581400
6	20.464416	-89.726194	0.565600
7	22.510857	-99.109009	0.560000
8	24.761943	-107.581447	0.538000
9	27.238137	-114.979927	0.522900
10	29.961951	-119.484370	0.522000
11	32.958146	-123.134579	0.517700
12	36.253961	-128.408148	0.500300
13	39.879357	-132.208775	0.485200
14	43.867293	-135.955926	0.490300
15	48.254022	-139.170785	0.483300
16	53.079424	-141.439025	0.485100
17	58.387366	-143.519367	0.478500
18	64.226103	-145.580944	0.475800
19	70.648713	-146.336539	0.474500
20	77.713585	-149.297902	0.486200
21	85.484943	-151.883480	0.482800
22	94.033437	-152.333892	0.481600
23	103.436781	-154.392533	0.481700
24	113.780459	-155.735940	0.471800
25	125.158505	-157.054080	0.473800
26	137.674356	-158.188993	0.469000
27	151.441791	-159.353071	0.473500
28	166.585970	-160.419910	0.474300
29	183.244568	-161.530229	0.480400
30	201.569024	-162.723111	0.461700
31	221.725927	-163.411003	0.459500
32	243.898519	-164.259565	0.469600
33	268.288371	-164.778242	0.452200
34	295.117208	-165.613507	0.470200
35	324.628929	-166.359913	0.459800
36	357.091822	-167.144670	0.452600
37	392.801004	-167.702832	0.443200
38	432.081105	-168.309547	0.441500
39	475.289215	-168.933881	0.448300
40	522.818137	-169.524850	0.448400
41	575.099951	-170.007807	0.431600
42	632.609946	-170.301832	0.435500
43	695.870940	-170.844271	0.420600
44	765.458034	-171.146265	0.417900
45	842.003838	-171.596849	0.420900
46	926.204221	-171.948756	0.410500
47	1018.824644	-172.157279	0.410500
48	1120.707108	-172.421544	0.420500
49	1232.777819	-172.678512	0.402300
50	1356.055601	-172.938047	0.390200


================================================================================
Contenido de: results/svm/annealing/batches/betas00050_iterations10000_c-limit1/2026-08-17_11:08:34-003/summary.txt
================================================================================

B-idx	Beta	Energy	Acceptance
1	12.288418	0.527890	0.667500
2	13.517260	-13.456363	0.622100
3	14.868986	-31.681448	0.602300
4	16.355885	-47.327034	0.589600
5	17.991473	-68.589234	0.571000
6	19.790621	-81.403183	0.574600
7	21.769683	-93.999871	0.552900
8	23.946651	-101.122412	0.550800
9	26.341316	-113.461833	0.526600
10	28.975448	-118.816929	0.526900
11	31.872992	-124.641653	0.508600
12	35.060292	-128.343000	0.489200
13	38.566321	-130.897727	0.497200
14	42.422953	-134.569847	0.489200
15	46.665248	-137.234306	0.495700
16	51.331773	-138.193671	0.495200
17	56.464950	-140.942485	0.494900
18	62.111445	-143.595216	0.496700
19	68.322590	-146.236746	0.503200
20	75.154849	-148.659895	0.492300
21	82.670334	-149.755070	0.487300
22	90.937367	-152.178181	0.475100
23	100.031104	-153.489564	0.482300
24	110.034214	-155.128991	0.464700
25	121.037635	-156.467251	0.475500
26	133.141399	-157.496552	0.473400
27	146.455539	-158.745509	0.470200
28	161.101093	-159.954633	0.473700
29	177.211202	-160.714835	0.450800
30	194.932322	-161.597807	0.465700
31	214.425554	-162.726407	0.466400
32	235.868110	-163.596288	0.470300
33	259.454921	-164.376022	0.463300
34	285.400413	-165.130243	0.456400
35	313.940454	-165.851557	0.456400
36	345.334500	-166.405157	0.463000
37	379.867950	-167.284746	0.457300
38	417.854745	-167.997506	0.448500
39	459.640219	-168.514289	0.446500
40	505.604241	-169.134110	0.448000
41	556.164665	-169.648859	0.443100
42	611.781132	-169.930198	0.421900
43	672.959245	-170.145439	0.435500
44	740.255169	-170.609886	0.431700
45	814.280686	-170.993156	0.419800
46	895.708755	-171.384855	0.422900
47	985.279630	-171.753447	0.421500
48	1083.807593	-171.940982	0.402500
49	1192.188353	-172.396403	0.408700
50	1311.407188	-172.680326	0.406600


================================================================================
Contenido de: results/svm/annealing/batches/betas00050_iterations10000_c-limit1/2026-08-17_11:08:34-004/summary.txt
================================================================================

B-idx	Beta	Energy	Acceptance
1	12.264130	2.747226	0.649800
2	13.490544	-10.955746	0.618400
3	14.839598	-32.865395	0.609900
4	16.323558	-53.753310	0.590800
5	17.955913	-71.170787	0.572300
6	19.751505	-85.190259	0.563000
7	21.726655	-96.755283	0.550600
8	23.899321	-102.467275	0.537500
9	26.289253	-110.715493	0.536500
10	28.918178	-115.510006	0.521300
11	31.809996	-122.423689	0.510100
12	34.990996	-128.527054	0.498400
13	38.490095	-132.017649	0.506200
14	42.339105	-132.941340	0.479200
15	46.573015	-136.867260	0.481400
16	51.230317	-140.112354	0.479200
17	56.353348	-142.836184	0.483000
18	61.988683	-144.815770	0.491400
19	68.187551	-146.768689	0.480400
20	75.006307	-148.877622	0.482200
21	82.506937	-150.599777	0.478200
22	90.757631	-152.056001	0.471100
23	99.833394	-153.834289	0.485800
24	109.816733	-154.673932	0.472900
25	120.798407	-156.345885	0.472900
26	132.878247	-157.595281	0.491900
27	146.166072	-158.996584	0.473000
28	160.782679	-159.932527	0.468900
29	176.860947	-160.888822	0.472600
30	194.547042	-161.788208	0.468800
31	214.001746	-162.726401	0.461900
32	235.401921	-163.903110	0.465600
33	258.942113	-164.602447	0.461000
34	284.836324	-165.071911	0.466300
35	313.319957	-165.696669	0.457600
36	344.651952	-166.448853	0.447100
37	379.117148	-167.178454	0.454700
38	417.028862	-167.755659	0.447800
39	458.731749	-168.406979	0.447500
40	504.604923	-169.021355	0.445100
41	555.065416	-169.423224	0.443400
42	610.571957	-169.855781	0.437800
43	671.629153	-170.412383	0.432600
44	738.792068	-170.847142	0.437400
45	812.671275	-171.226285	0.418300
46	893.938403	-171.582859	0.411300
47	983.332243	-171.875509	0.412900
48	1081.665467	-172.237795	0.405900
49	1189.832014	-172.565817	0.413500
50	1308.815215	-172.777732	0.405900


================================================================================
Contenido de: results/svm/annealing/batches/betas00050_iterations10000_c-limit1/2026-08-17_11:08:34-005/summary.txt
================================================================================

B-idx	Beta	Energy	Acceptance
1	12.336823	1.598303	0.659100
2	13.570505	-16.751308	0.626200
3	14.927556	-34.664913	0.596400
4	16.420311	-51.047953	0.595100
5	18.062343	-64.819847	0.572900
6	19.868577	-82.048163	0.565600
7	21.855435	-94.156189	0.554100
8	24.040978	-103.435576	0.538100
9	26.445076	-113.564798	0.532000
10	29.089583	-117.426799	0.513100
11	31.998542	-123.282862	0.506700
12	35.198396	-127.209198	0.499000
13	38.718236	-131.306918	0.489900
14	42.590059	-135.073267	0.507100
15	46.849065	-139.286022	0.487600
16	51.533972	-141.895001	0.480100
17	56.687369	-142.754086	0.486600
18	62.356106	-145.778683	0.483000
19	68.591716	-146.425646	0.477700
20	75.450888	-148.913378	0.481400
21	82.995977	-150.681937	0.475300
22	91.295574	-152.815522	0.478300
23	100.425132	-153.524841	0.478400
24	110.467645	-155.185872	0.470600
25	121.514409	-156.679987	0.479000
26	133.665850	-157.653655	0.480100
27	147.032435	-158.806011	0.484100
28	161.735679	-159.898397	0.468900
29	177.909247	-160.971360	0.469900
30	195.700171	-161.763599	0.466900
31	215.270188	-162.824523	0.463900
32	236.797207	-163.889856	0.465300
33	260.476928	-164.624402	0.468000
34	286.524621	-165.172955	0.456000
35	315.177083	-165.878268	0.457000
36	346.694791	-166.397519	0.452500
37	381.364270	-167.246641	0.441600
38	419.500697	-167.870297	0.454400
39	461.450767	-168.362033	0.453200
40	507.595843	-168.966932	0.441200
41	558.355428	-169.351291	0.443900
42	614.190971	-169.823255	0.426700
43	675.610068	-170.244210	0.425600
44	743.171074	-170.641522	0.430200
45	817.488182	-171.129422	0.416200
46	899.237000	-171.510996	0.421200
47	989.160700	-171.790701	0.412000
48	1088.076770	-172.054325	0.402700
49	1196.884447	-172.398075	0.406000
50	1316.572892	-172.694242	0.406800


================================================================================
Contenido de: results/svm/annealing/batches/betas00050_iterations10000_c-limit1/2026-08-17_11:08:34-006/summary.txt
================================================================================

B-idx	Beta	Energy	Acceptance
1	12.599982	-0.593508	0.656600
2	13.859980	-16.452299	0.625600
3	15.245978	-32.766074	0.592800
4	16.770576	-51.939175	0.585900
5	18.447633	-66.899139	0.573100
6	20.292397	-84.863153	0.553600
7	22.321636	-99.851816	0.552500
8	24.553800	-104.606454	0.534800
9	27.009180	-112.251931	0.542500
10	29.710098	-119.338381	0.517000
11	32.681108	-123.689928	0.500500
12	35.949219	-127.370437	0.499900
13	39.544141	-130.559951	0.492800
14	43.498555	-136.284915	0.488900
15	47.848410	-138.680015	0.499200
16	52.633251	-139.792729	0.486700
17	57.896576	-143.335258	0.492000
18	63.686234	-145.660186	0.493100
19	70.054857	-147.372718	0.479000
20	77.060343	-149.577071	0.498700
21	84.766377	-151.351726	0.496600
22	93.243015	-152.575734	0.491200
23	102.567317	-153.908335	0.479100
24	112.824048	-155.228105	0.484300
25	124.106453	-156.844262	0.492700
26	136.517099	-157.630055	0.483900
27	150.168808	-159.343146	0.481800
28	165.185689	-160.323878	0.490400
29	181.704258	-161.188158	0.485400
30	199.874684	-162.232411	0.477700
31	219.862152	-162.908732	0.483900
32	241.848368	-163.710457	0.476200
33	266.033204	-164.821016	0.472000
34	292.636525	-165.371534	0.464600
35	321.900177	-166.088905	0.465100
36	354.090195	-166.641053	0.456300
37	389.499214	-167.212412	0.465700
38	428.449136	-167.966976	0.467100
39	471.294049	-168.360828	0.457200
40	518.423454	-168.967364	0.449000
41	570.265800	-169.466544	0.451500
42	627.292380	-169.923906	0.437300
43	690.021618	-170.334862	0.443200
44	759.023780	-170.718411	0.436200
45	834.926158	-171.098818	0.418800
46	918.418773	-171.526794	0.430400
47	1010.260651	-171.837677	0.425300
48	1111.286716	-172.195682	0.420100
49	1222.415387	-172.437049	0.425900
50	1344.656926	-172.674258	0.416600


================================================================================
Contenido de: results/svm/annealing/batches/betas00050_iterations10000_c-limit1/2026-08-17_11:08:34-007/summary.txt
================================================================================

B-idx	Beta	Energy	Acceptance
1	12.813220	-0.577123	0.654700
2	14.094542	-19.813496	0.629200
3	15.503996	-31.631581	0.605600
4	17.054395	-52.351756	0.580600
5	18.759835	-65.112263	0.566600
6	20.635818	-83.757681	0.563400
7	22.699400	-96.817361	0.549100
8	24.969340	-102.421503	0.544000
9	27.466274	-115.345460	0.530600
10	30.212902	-121.317738	0.519100
11	33.234192	-126.179992	0.498300
12	36.557611	-128.459407	0.507500
13	40.213372	-131.988285	0.493500
14	44.234709	-135.236794	0.501700
15	48.658180	-137.874586	0.477200
16	53.523998	-140.017482	0.476800
17	58.876398	-143.880521	0.478900
18	64.764038	-144.868974	0.484000
19	71.240442	-147.895254	0.476300
20	78.364486	-149.550499	0.474100
21	86.200935	-150.847727	0.475100
22	94.821028	-153.001297	0.484500
23	104.303131	-153.611685	0.473200
24	114.733444	-154.896645	0.486500
25	126.206789	-156.049445	0.469100
26	138.827467	-157.873655	0.476700
27	152.710214	-159.112053	0.465000
28	167.981236	-160.250661	0.469600
29	184.779359	-161.214666	0.473900
30	203.257295	-161.854434	0.463400
31	223.583025	-162.913205	0.469200
32	245.941327	-164.136822	0.463400
33	270.535460	-164.583473	0.466300
34	297.589006	-165.438854	0.449800
35	327.347906	-166.072967	0.452700
36	360.082697	-166.906627	0.454300
37	396.090967	-167.583550	0.447300
38	435.700063	-168.199719	0.443100
39	479.270070	-168.692579	0.435500
40	527.197076	-169.118425	0.440900
41	579.916784	-169.559452	0.430500
42	637.908463	-170.042666	0.417700
43	701.699309	-170.516735	0.423100
44	771.869240	-170.940989	0.429400
45	849.056164	-171.294355	0.418400
46	933.961780	-171.643258	0.419100
47	1027.357958	-171.931229	0.406800
48	1130.093754	-172.282469	0.402700
49	1243.103129	-172.631258	0.403900
50	1367.413442	-172.895163	0.395900


================================================================================
Contenido de: results/svm/annealing/batches/betas00050_iterations10000_c-limit1/2026-08-17_11:08:34-008/summary.txt
================================================================================

B-idx	Beta	Energy	Acceptance
1	12.625541	-0.307833	0.655600
2	13.888095	-13.015315	0.612300
3	15.276904	-33.977746	0.596700
4	16.804595	-51.904763	0.584400
5	18.485054	-73.462270	0.577400
6	20.333560	-87.007843	0.565200
7	22.366916	-100.427853	0.555400
8	24.603607	-110.049222	0.537300
9	27.063968	-114.901664	0.532200
10	29.770365	-120.401656	0.513800
11	32.747401	-125.931340	0.508300
12	36.022141	-128.760362	0.488100
13	39.624355	-133.530411	0.494000
14	43.586791	-135.379434	0.498900
15	47.945470	-138.364132	0.483200
16	52.740017	-140.472982	0.482900
17	58.014019	-143.588817	0.491700
18	63.815420	-145.531374	0.489200
19	70.196962	-147.426322	0.491900
20	77.216659	-149.671346	0.490100
21	84.938325	-151.419024	0.482900
22	93.432157	-152.419301	0.493000
23	102.775373	-154.455597	0.490300
24	113.052910	-156.232336	0.485600
25	124.358201	-157.140564	0.492300
26	136.794021	-158.137485	0.491800
27	150.473423	-159.068091	0.488600
28	165.520766	-159.931929	0.482300
29	182.072842	-161.206790	0.472700
30	200.280126	-162.187478	0.477500
31	220.308139	-162.673634	0.478800
32	242.338953	-163.610546	0.477800
33	266.572848	-164.685205	0.480400
34	293.230133	-165.541533	0.463800
35	322.553146	-166.055252	0.458400
36	354.808461	-166.860724	0.460900
37	390.289307	-167.467984	0.462500
38	429.318238	-167.949478	0.453100
39	472.250061	-168.586418	0.456100
40	519.475067	-169.117918	0.455100
41	571.422574	-169.612061	0.453100
42	628.564832	-170.049118	0.434700
43	691.421315	-170.433186	0.434700
44	760.563446	-170.839826	0.443300
45	836.619791	-171.164456	0.433000
46	920.281770	-171.505287	0.432500
47	1012.309947	-171.834606	0.425700
48	1113.540942	-172.201806	0.418100
49	1224.895036	-172.456735	0.415300
50	1347.384539	-172.773639	0.413200


================================================================================
Contenido de: results/svm/annealing/batches/betas00050_iterations10000_c-limit1/2026-08-17_11:08:34-009/summary.txt
================================================================================

B-idx	Beta	Energy	Acceptance
1	11.853132	4.200890	0.655600
2	13.038445	-13.038704	0.624600
3	14.342289	-35.896543	0.603200
4	15.776518	-48.299401	0.597800
5	17.354170	-67.068319	0.572000
6	19.089587	-80.550276	0.558700
7	20.998546	-91.074569	0.557800
8	23.098400	-104.185090	0.539800
9	25.408240	-111.536381	0.534200
10	27.949064	-116.008380	0.527600
11	30.743971	-119.814240	0.508400
12	33.818368	-123.613594	0.489900
13	37.200205	-128.988453	0.489100
14	40.920225	-133.337109	0.504700
15	45.012248	-136.590714	0.479000
16	49.513473	-139.670380	0.482000
17	54.464820	-142.903746	0.486000
18	59.911302	-145.111955	0.489700
19	65.902432	-147.409408	0.495100
20	72.492675	-149.679471	0.476700
21	79.741943	-151.291061	0.477800
22	87.716137	-152.446859	0.480900
23	96.487751	-154.085005	0.489800
24	106.136526	-154.938734	0.484300
25	116.750178	-156.432278	0.485900
26	128.425196	-157.229949	0.490100
27	141.267716	-158.437504	0.478100
28	155.394487	-159.250113	0.474000
29	170.933936	-160.573377	0.482500
30	188.027330	-161.720937	0.489100
31	206.830063	-162.602176	0.460400
32	227.513069	-163.550250	0.466600
33	250.264376	-164.262235	0.468100
34	275.290814	-164.941832	0.460200
35	302.819895	-165.819017	0.458000
36	333.101884	-166.472233	0.455500
37	366.412073	-167.050760	0.450800
38	403.053280	-167.636453	0.454300
39	443.358608	-168.381674	0.439600
40	487.694469	-168.920881	0.443100
41	536.463916	-169.494369	0.443900
42	590.110307	-169.817259	0.442200
43	649.121338	-170.306335	0.427800
44	714.033472	-170.595517	0.423000
45	785.436819	-171.034617	0.437000
46	863.980501	-171.388274	0.417000
47	950.378551	-171.706208	0.426600
48	1045.416406	-172.056538	0.423500
49	1149.958047	-172.314733	0.416600
50	1264.953852	-172.554303	0.406600


================================================================================
Contenido de: results/svm/annealing/batches/betas00050_iterations10000_c-limit1/run_000/summary.txt
================================================================================

B-idx	Beta	Energy	Acceptance
1	12.967140	-0.416584	0.649700
2	14.263854	-18.574705	0.617700
3	15.690240	-33.426977	0.596700
4	17.259264	-53.586823	0.585300
5	18.985190	-70.469456	0.571100
6	20.883709	-86.360480	0.560800
7	22.972080	-98.493171	0.545700
8	25.269288	-106.583533	0.541600
9	27.796217	-113.995874	0.518900
10	30.575839	-120.098887	0.508200
11	33.633422	-123.973597	0.503700
12	36.996765	-128.350502	0.488500
13	40.696441	-132.721478	0.488000
14	44.766085	-135.999458	0.500800
15	49.242694	-139.143305	0.488400
16	54.166963	-142.179625	0.486400
17	59.583659	-143.711512	0.480900
18	65.542025	-146.417996	0.478500
19	72.096228	-148.235908	0.476000
20	79.305851	-149.719491	0.483200
21	87.236436	-152.691936	0.468600
22	95.960079	-153.777116	0.475900
23	105.556087	-155.201134	0.477400
24	116.111696	-156.472187	0.480900
25	127.722866	-158.063110	0.473600
26	140.495152	-159.067961	0.477200
27	154.544667	-160.087809	0.473300
28	169.999134	-160.931693	0.474200
29	186.999047	-162.125831	0.469100
30	205.698952	-163.083531	0.459800
31	226.268847	-163.737701	0.469200
32	248.895732	-164.473473	0.462500
33	273.785305	-165.163480	0.451700
34	301.163836	-165.981522	0.456300
35	331.280219	-166.600348	0.448600
36	364.408241	-167.290071	0.443200
37	400.849066	-167.884491	0.443000
38	440.933972	-168.501199	0.448900
39	485.027369	-169.029019	0.442500
40	533.530106	-169.351590	0.447300
41	586.883117	-169.944591	0.440600
42	645.571429	-170.398832	0.438700
43	710.128571	-170.839759	0.426300
44	781.141429	-171.260007	0.425900
45	859.255571	-171.528096	0.423400
46	945.181128	-171.871314	0.413600
47	1039.699241	-172.188239	0.414400
48	1143.669165	-172.487465	0.404200
49	1258.036082	-172.743327	0.402400
50	1383.839690	-173.019018	0.400300


================================================================================
Contenido de: results/svm/annealing/batches/betas00050_iterations10000_c-limit1/run_001/summary.txt
================================================================================

B-idx	Beta	Energy	Acceptance
1	12.799217	1.245507	0.658500
2	14.079138	-19.256289	0.628200
3	15.487052	-34.009093	0.599300
4	17.035758	-52.361285	0.588900
5	18.739333	-68.230915	0.571400
6	20.613267	-81.457244	0.557000
7	22.674593	-97.299662	0.548400
8	24.942053	-106.328423	0.540000
9	27.436258	-113.873700	0.528300
10	30.179884	-118.316122	0.526200
11	33.197872	-123.579986	0.507400
12	36.517659	-128.005737	0.491600
13	40.169425	-131.685781	0.499800
14	44.186368	-135.573443	0.492900
15	48.605004	-138.922508	0.493400
16	53.465505	-140.948630	0.493800
17	58.812055	-143.723673	0.489300
18	64.693261	-145.564095	0.494700
19	71.162587	-148.395490	0.489200
20	78.278846	-150.293973	0.493500
21	86.106730	-151.495442	0.491000
22	94.717403	-152.763828	0.498000
23	104.189144	-153.848735	0.491600
24	114.608058	-154.820502	0.489800
25	126.068864	-157.074893	0.489100
26	138.675750	-157.736966	0.493900
27	152.543325	-159.473125	0.490400
28	167.797658	-160.320287	0.478000
29	184.577424	-160.951473	0.473000
30	203.035166	-162.293058	0.481700
31	223.338683	-163.406255	0.474600
32	245.672551	-164.329329	0.471700
33	270.239806	-164.913236	0.478800
34	297.263786	-165.713170	0.475200
35	326.990165	-166.349526	0.474400
36	359.689182	-167.011454	0.453700
37	395.658100	-167.653269	0.461100
38	435.223910	-168.301054	0.450800
39	478.746301	-168.790455	0.454200
40	526.620931	-169.360007	0.454000
41	579.283024	-169.830149	0.444100
42	637.211326	-170.304125	0.438400
43	700.932459	-170.716978	0.444400
44	771.025705	-171.082431	0.415700
45	848.128275	-171.303913	0.428900
46	932.941103	-171.702984	0.438700
47	1026.235213	-172.045912	0.425000
48	1128.858734	-172.322896	0.419600
49	1241.744608	-172.581238	0.429200
50	1365.919069	-172.872226	0.415200


================================================================================
Contenido de: results/svm/annealing/batches/betas00050_iterations10000_c-limit1/run_002/summary.txt
================================================================================

B-idx	Beta	Energy	Acceptance
1	12.190982	2.604193	0.660700
2	13.410080	-16.100385	0.626700
3	14.751088	-33.443048	0.598200
4	16.226197	-53.619200	0.591900
5	17.848817	-69.034125	0.577800
6	19.633699	-87.500856	0.561400
7	21.597069	-93.382638	0.546800
8	23.756775	-104.642371	0.534100
9	26.132453	-110.979814	0.526900
10	28.745698	-118.102760	0.527700
11	31.620268	-122.203863	0.504100
12	34.782295	-126.335580	0.495600
13	38.260524	-131.197122	0.485900
14	42.086577	-134.691735	0.485500
15	46.295235	-138.183758	0.498900
16	50.924758	-139.684092	0.506600
17	56.017234	-142.413186	0.479900
18	61.618957	-144.765848	0.489800
19	67.780853	-146.927244	0.481000
20	74.558938	-148.894209	0.486400
21	82.014832	-150.647191	0.488400
22	90.216315	-152.467011	0.477600
23	99.237947	-153.856652	0.472200
24	109.161741	-155.167930	0.479600
25	120.077915	-156.253507	0.478100
26	132.085707	-157.347833	0.475700
27	145.294278	-158.674841	0.473500
28	159.823705	-160.056723	0.476500
29	175.806076	-161.405841	0.484500
30	193.386684	-162.475312	0.460900
31	212.725352	-163.472102	0.469400
32	233.997887	-164.299730	0.468400
33	257.397676	-165.086498	0.459100
34	283.137443	-165.880456	0.461800
35	311.451188	-166.470202	0.459600
36	342.596307	-166.917466	0.453800
37	376.855937	-167.451107	0.451100
38	414.541531	-168.089881	0.448600
39	455.995684	-168.582333	0.454400
40	501.595253	-169.223308	0.443300
41	551.754778	-169.604495	0.437100
42	606.930256	-170.099063	0.429300
43	667.623281	-170.635353	0.433700
44	734.385609	-171.097201	0.420300
45	807.824170	-171.430342	0.423400
46	888.606587	-171.715961	0.415500
47	977.467246	-172.039400	0.411100
48	1075.213970	-172.354695	0.411400
49	1182.735367	-172.619567	0.399800
50	1301.008904	-172.871700	0.406700


================================================================================
Contenido de: results/svm/annealing/batches/betas00050_iterations10000_c-limit1/run_003/summary.txt
================================================================================

B-idx	Beta	Energy	Acceptance
1	11.965874	6.220711	0.663100
2	13.162461	-15.171486	0.623300
3	14.478707	-37.216734	0.607100
4	15.926578	-51.077825	0.592000
5	17.519235	-69.948554	0.587200
6	19.271159	-84.303666	0.572800
7	21.198275	-97.295424	0.557200
8	23.318102	-104.093822	0.531000
9	25.649913	-112.842974	0.524900
10	28.214904	-117.974707	0.526800
11	31.036394	-121.009429	0.509800
12	34.140034	-124.414818	0.496800
13	37.554037	-129.684579	0.499600
14	41.309441	-132.920566	0.513500
15	45.440385	-135.423325	0.485100
16	49.984423	-138.372422	0.489500
17	54.982866	-139.984080	0.489900
18	60.481152	-143.716011	0.483300
19	66.529267	-146.598898	0.486400
20	73.182194	-147.563844	0.484800
21	80.500413	-149.847483	0.483600
22	88.550455	-151.573816	0.480400
23	97.405500	-153.403056	0.486300
24	107.146050	-154.743555	0.472500
25	117.860655	-156.117574	0.480500
26	129.646721	-157.310927	0.488500
27	142.611393	-158.431866	0.480000
28	156.872532	-159.522751	0.475800
29	172.559785	-160.897582	0.473000
30	189.815764	-161.519557	0.458200
31	208.797340	-162.719670	0.468400
32	229.677074	-163.041416	0.468000
33	252.644782	-164.073824	0.462800
34	277.909260	-164.899994	0.457100
35	305.700186	-165.805218	0.466200
36	336.270204	-166.547368	0.451600
37	369.897225	-167.295935	0.455500
38	406.886947	-167.858791	0.445200
39	447.575642	-168.318865	0.447500
40	492.333206	-168.954555	0.442200
41	541.566527	-169.570151	0.440400
42	595.723180	-169.915768	0.432900
43	655.295498	-170.337070	0.433500
44	720.825047	-170.758937	0.437700
45	792.907552	-171.271793	0.415500
46	872.198307	-171.588417	0.418400
47	959.418138	-171.993672	0.415800
48	1055.359952	-172.290927	0.420200
49	1160.895947	-172.546684	0.405500
50	1276.985542	-172.884617	0.403200


================================================================================
Contenido de: results/svm/annealing/batches/betas00050_iterations10000_c-limit1/run_004/summary.txt
================================================================================

B-idx	Beta	Energy	Acceptance
1	12.286261	4.699221	0.650600
2	13.514887	-11.762583	0.617200
3	14.866376	-30.200289	0.608200
4	16.353014	-52.676195	0.591200
5	17.988315	-70.129542	0.591000
6	19.787146	-78.806072	0.552200
7	21.765861	-95.089412	0.559800
8	23.942447	-103.590954	0.533600
9	26.336692	-112.004470	0.533300
10	28.970361	-120.589188	0.520500
11	31.867397	-122.719368	0.516100
12	35.054137	-127.808956	0.496700
13	38.559551	-131.976157	0.492400
14	42.415506	-135.737142	0.500500
15	46.657056	-136.838148	0.484900
16	51.322762	-139.989314	0.479100
17	56.455038	-142.246315	0.491500
18	62.100542	-144.570481	0.477500
19	68.310596	-147.070454	0.480700
20	75.141656	-149.196292	0.479800
21	82.655821	-151.275731	0.478500
22	90.921403	-153.037776	0.474000
23	100.013544	-154.171844	0.468300
24	110.014898	-155.767169	0.474100
25	121.016388	-156.846391	0.475600
26	133.118027	-158.456181	0.484900
27	146.429829	-159.332986	0.474100
28	161.072812	-160.582550	0.467100
29	177.180093	-161.922204	0.473300
30	194.898103	-162.652853	0.471600
31	214.387913	-163.694641	0.478000
32	235.826704	-164.534997	0.466300
33	259.409375	-164.885568	0.462400
34	285.350312	-165.374476	0.446600
35	313.885343	-166.408753	0.461500
36	345.273878	-166.875225	0.455000
37	379.801266	-167.714600	0.451500
38	417.781392	-168.173245	0.444200
39	459.559531	-168.659917	0.438300
40	505.515484	-169.130220	0.444400
41	556.067033	-169.670822	0.433700
42	611.673736	-170.038236	0.437100
43	672.841110	-170.461934	0.434700
44	740.125221	-170.871666	0.429200
45	814.137743	-171.238729	0.436300
46	895.551517	-171.543113	0.414000
47	985.106669	-171.897061	0.420100
48	1083.617336	-172.204401	0.411800
49	1191.979069	-172.510526	0.402400
50	1311.176976	-172.764134	0.399100


================================================================================
Contenido de: results/svm/annealing/batches/betas00050_iterations10000_c-limit10/2026-08-16_20:24:13/summary.txt
================================================================================

B-idx	Beta	Energy	Acceptance
1	0.697335	9658.703128	0.758700
2	0.767069	6789.513076	0.749300
3	0.843776	4793.604987	0.740600
4	0.928153	3273.162718	0.747100
5	1.020968	2329.993240	0.742500
6	1.123065	1771.101348	0.734200
7	1.235372	1436.280132	0.742900
8	1.358909	1189.608872	0.724100
9	1.494800	921.255105	0.714900
10	1.644280	719.854696	0.705700
11	1.808708	570.736066	0.698800
12	1.989579	518.127133	0.679500
13	2.188536	407.854319	0.664000
14	2.407390	318.644484	0.663600
15	2.648129	240.223269	0.647300
16	2.912942	190.652885	0.638300
17	3.204236	117.397089	0.613200
18	3.524660	80.961867	0.600400
19	3.877126	26.160869	0.602300
20	4.264838	-1.002302	0.593400
21	4.691322	-41.278237	0.585800
22	5.160454	-60.859804	0.569700
23	5.676500	-96.841068	0.558400
24	6.244150	-120.838547	0.542700
25	6.868565	-153.470317	0.543200
26	7.555421	-175.708011	0.522000
27	8.310963	-194.296524	0.522000
28	9.142060	-211.102153	0.506300
29	10.056266	-229.461028	0.493400
30	11.061892	-246.075996	0.495300
31	12.168082	-260.828922	0.490200
32	13.384890	-270.433536	0.503500
33	14.723379	-285.366728	0.483400
34	16.195716	-296.465334	0.488900
35	17.815288	-305.167841	0.487300
36	19.596817	-313.072010	0.480100
37	21.556499	-322.456137	0.482600
38	23.712148	-330.515684	0.483800
39	26.083363	-337.026745	0.486900
40	28.691700	-344.578066	0.485000
41	31.560870	-352.237595	0.477600
42	34.716957	-359.225741	0.476200
43	38.188652	-365.628563	0.481100
44	42.007518	-369.127640	0.480900
45	46.208269	-374.785952	0.473300
46	50.829096	-379.601645	0.465500
47	55.912006	-383.061883	0.472500
48	61.503206	-388.067846	0.475800
49	67.653527	-392.656059	0.460800
50	74.418880	-395.541078	0.467400




================================================================================
Contenido de: results/svm/annealing/batches/betas00050_iterations10000_c-limit10/2026-08-16_20:38:07-000/summary.txt
================================================================================

B-idx	Beta	Energy	Acceptance
1	0.721101	8849.369491	0.751700
2	0.793212	6156.734375	0.751900
3	0.872533	4368.353529	0.748400
4	0.959786	3092.432558	0.746000
5	1.055765	2260.417161	0.737600
6	1.161341	1724.049510	0.738600
7	1.277475	1355.296805	0.732500
8	1.405223	1048.983436	0.725300
9	1.545745	867.461877	0.713700
10	1.700319	693.480574	0.693500
11	1.870351	605.394555	0.693800
12	2.057386	492.448425	0.679500
13	2.263125	413.887903	0.654500
14	2.489438	312.802990	0.652600
15	2.738381	209.110206	0.648200
16	3.012219	165.190045	0.625600
17	3.313441	110.704615	0.613200
18	3.644785	73.649277	0.602400
19	4.009264	33.352310	0.600800
20	4.410190	11.031520	0.576200
21	4.851209	-42.635885	0.576900
22	5.336330	-79.262503	0.564700
23	5.869963	-97.460747	0.544500
24	6.456960	-120.524901	0.546000
25	7.102656	-143.859170	0.535400
26	7.812921	-163.093644	0.522000
27	8.594213	-189.554055	0.526700
28	9.453635	-208.770415	0.501100
29	10.398998	-231.040705	0.505900
30	11.438898	-243.531964	0.475400
31	12.582788	-255.906930	0.474700
32	13.841067	-269.973083	0.478900
33	15.225173	-283.239498	0.477200
34	16.747691	-295.709379	0.486000
35	18.422460	-305.629086	0.482300
36	20.264706	-314.073663	0.491800
37	22.291176	-322.515193	0.491100
38	24.520294	-329.447264	0.483500
39	26.972323	-336.145913	0.478500
40	29.669556	-344.231414	0.478800
41	32.636511	-350.493392	0.479300
42	35.900162	-356.443360	0.480900
43	39.490179	-362.294503	0.466700
44	43.439197	-367.735467	0.481300
45	47.783116	-374.192278	0.475200
46	52.561428	-378.326326	0.484700
47	57.817571	-383.208921	0.470600
48	63.599328	-386.903750	0.468200
49	69.959260	-390.083262	0.465000
50	76.955186	-394.629658	0.467100


================================================================================
Contenido de: results/svm/annealing/batches/betas00050_iterations10000_c-limit10/2026-08-16_20:38:07-001/summary.txt
================================================================================

B-idx	Beta	Energy	Acceptance
1	0.688734	9590.992466	0.759300
2	0.757607	6573.503549	0.750000
3	0.833368	4571.928065	0.752900
4	0.916704	3289.334106	0.736300
5	1.008375	2457.363234	0.744500
6	1.109212	1826.484581	0.746900
7	1.220133	1485.962790	0.732000
8	1.342147	1206.484233	0.721000
9	1.476361	973.909409	0.715900
10	1.623998	767.690978	0.702100
11	1.786397	619.126938	0.687600
12	1.965037	500.575567	0.682500
13	2.161541	441.498460	0.674100
14	2.377695	363.011519	0.650700
15	2.615464	243.379745	0.641000
16	2.877011	221.526613	0.627300
17	3.164712	138.563619	0.625800
18	3.481183	96.987516	0.600700
19	3.829301	53.256314	0.591700
20	4.212232	12.382938	0.583500
21	4.633455	-29.915952	0.571000
22	5.096800	-62.805413	0.569600
23	5.606480	-91.444648	0.555500
24	6.167128	-128.157898	0.548600
25	6.783841	-144.762258	0.532200
26	7.462225	-157.890032	0.526100
27	8.208448	-184.611156	0.516300
28	9.029293	-205.327746	0.506000
29	9.932222	-223.955470	0.494000
30	10.925444	-235.342247	0.484300
31	12.017988	-243.283646	0.499100
32	13.219787	-258.631328	0.499100
33	14.541766	-274.551878	0.503400
34	15.995942	-286.496370	0.493800
35	17.595537	-297.641890	0.484600
36	19.355090	-309.711391	0.488900
37	21.290599	-316.731236	0.465500
38	23.419659	-329.196011	0.488700
39	25.761625	-335.937316	0.489700
40	28.337788	-343.997511	0.483400
41	31.171567	-350.558185	0.481300
42	34.288723	-356.411960	0.483500
43	37.717596	-362.825414	0.475100
44	41.489355	-368.924759	0.475300
45	45.638291	-373.708425	0.480800
46	50.202120	-378.154559	0.476800
47	55.222332	-382.787703	0.473100
48	60.744565	-387.084515	0.474000
49	66.819022	-390.739672	0.479200
50	73.500924	-394.568848	0.468900


================================================================================
Contenido de: results/svm/annealing/batches/betas00050_iterations10000_c-limit10/2026-08-16_20:38:07-002/summary.txt
================================================================================

B-idx	Beta	Energy	Acceptance
1	0.694157	10020.396559	0.753700
2	0.763573	6947.799109	0.750900
3	0.839930	4844.612959	0.737200
4	0.923924	3396.385828	0.739500
5	1.016316	2487.867887	0.747000
6	1.117947	1894.700578	0.731700
7	1.229742	1475.610158	0.732200
8	1.352716	1158.412322	0.722600
9	1.487988	915.379594	0.724100
10	1.636787	729.299762	0.704700
11	1.800466	628.660171	0.697400
12	1.980512	518.294499	0.677600
13	2.178563	416.971381	0.674500
14	2.396420	328.143585	0.662400
15	2.636062	264.035526	0.644600
16	2.899668	186.397241	0.627600
17	3.189635	107.396143	0.627100
18	3.508598	45.011316	0.613000
19	3.859458	36.120597	0.608500
20	4.245404	4.507629	0.579900
21	4.669944	-44.351078	0.574100
22	5.136938	-70.296756	0.573100
23	5.650632	-93.342342	0.553800
24	6.215696	-124.564350	0.550500
25	6.837265	-156.267306	0.535700
26	7.520992	-180.450310	0.536200
27	8.273091	-193.913947	0.516300
28	9.100400	-214.434496	0.501900
29	10.010440	-229.598386	0.488200
30	11.011484	-242.616983	0.490300
31	12.112632	-257.654637	0.501200
32	13.323895	-276.404218	0.495800
33	14.656285	-282.992024	0.483000
34	16.121913	-297.654241	0.481400
35	17.734105	-308.923350	0.483700
36	19.507515	-318.073155	0.480200
37	21.458267	-323.915072	0.485300
38	23.604093	-331.234715	0.490800
39	25.964503	-340.065545	0.490100
40	28.560953	-348.542133	0.485300
41	31.417048	-355.054497	0.481300
42	34.558753	-360.137319	0.485200
43	38.014629	-365.286586	0.476700
44	41.816091	-370.369924	0.465700
45	45.997701	-374.845257	0.480100
46	50.597471	-379.773525	0.477300
47	55.657218	-384.183972	0.473200
48	61.222939	-388.866240	0.467200
49	67.345233	-392.363957	0.470700
50	74.079757	-396.517338	0.477800


================================================================================
Contenido de: results/svm/annealing/batches/betas00050_iterations10000_c-limit10/2026-08-16_20:38:07-003/summary.txt
================================================================================

B-idx	Beta	Energy	Acceptance
1	0.688483	9798.664251	0.752500
2	0.757332	6918.981544	0.745500
3	0.833065	4810.809347	0.741000
4	0.916371	3400.208885	0.740400
5	1.008008	2512.078248	0.747500
6	1.108809	1965.747531	0.731400
7	1.219690	1557.667398	0.728100
8	1.341659	1247.430137	0.720100
9	1.475825	957.691692	0.704100
10	1.623407	787.338459	0.706900
11	1.785748	623.576106	0.700200
12	1.964323	500.908174	0.682000
13	2.160755	420.587870	0.673400
14	2.376831	312.891288	0.662700
15	2.614514	272.462566	0.643300
16	2.875965	185.702771	0.627500
17	3.163562	142.083089	0.609700
18	3.479918	84.647641	0.593200
19	3.827910	25.648971	0.591000
20	4.210701	-17.496621	0.581800
21	4.631771	-39.605277	0.575900
22	5.094948	-71.169083	0.562700
23	5.604443	-98.215944	0.545300
24	6.164887	-120.148709	0.541100
25	6.781376	-147.244605	0.531100
26	7.459513	-170.736744	0.535300
27	8.205465	-193.603945	0.508900
28	9.026011	-213.293496	0.503800
29	9.928612	-227.833894	0.488800
30	10.921473	-240.052230	0.496900
31	12.013621	-258.024040	0.499000
32	13.214983	-265.942174	0.501200
33	14.536481	-283.144607	0.482700
34	15.990129	-290.035415	0.492300
35	17.589142	-303.826194	0.488500
36	19.348056	-315.799338	0.481400
37	21.282862	-323.822784	0.490200
38	23.411148	-332.121402	0.493000
39	25.752263	-337.559541	0.492100
40	28.327489	-343.218127	0.498700
41	31.160238	-351.105952	0.484700
42	34.276262	-357.550874	0.481000
43	37.703888	-364.174470	0.471000
44	41.474277	-371.192343	0.480800
45	45.621704	-375.879600	0.480500
46	50.183875	-380.621308	0.474800
47	55.202262	-385.001626	0.468600
48	60.722489	-389.662631	0.471500
49	66.794738	-394.381522	0.475200
50	73.474211	-398.026643	0.471400


================================================================================
Contenido de: results/svm/annealing/batches/betas00050_iterations10000_c-limit10/2026-08-16_20:38:07-004/summary.txt
================================================================================

B-idx	Beta	Energy	Acceptance
1	0.670476	9977.753162	0.757500
2	0.737523	7019.822215	0.751400
3	0.811276	4934.778466	0.751500
4	0.892403	3559.758139	0.753100
5	0.981643	2659.035741	0.750900
6	1.079808	1968.501222	0.736400
7	1.187788	1549.399610	0.740500
8	1.306567	1219.041407	0.724000
9	1.437224	1007.618922	0.718100
10	1.580946	865.338214	0.703000
11	1.739041	692.888678	0.699800
12	1.912945	541.774437	0.674700
13	2.104240	455.141401	0.672000
14	2.314664	366.817361	0.655800
15	2.546130	325.664052	0.634100
16	2.800743	239.133528	0.626400
17	3.080817	144.680716	0.620500
18	3.388899	91.371631	0.609100
19	3.727789	49.448512	0.605200
20	4.100568	13.125918	0.595300
21	4.510625	-31.675848	0.569300
22	4.961687	-66.969087	0.566200
23	5.457856	-84.145899	0.560600
24	6.003642	-106.237164	0.553700
25	6.604006	-134.754583	0.534000
26	7.264406	-166.349291	0.515000
27	7.990847	-190.014938	0.528600
28	8.789932	-204.688378	0.512700
29	9.668925	-219.440474	0.504900
30	10.635817	-237.107216	0.501400
31	11.699399	-253.798518	0.484100
32	12.869339	-266.384634	0.480400
33	14.156273	-278.565384	0.471100
34	15.571900	-286.725348	0.482100
35	17.129090	-301.691475	0.472200
36	18.841999	-312.592080	0.477100
37	20.726199	-320.156789	0.484300
38	22.798819	-328.385274	0.476300
39	25.078701	-335.548258	0.461400
40	27.586571	-342.634124	0.480600
41	30.345228	-351.594238	0.481200
42	33.379751	-356.723051	0.469300
43	36.717726	-362.018647	0.468900
44	40.389498	-368.189357	0.457500
45	44.428448	-374.389611	0.470400
46	48.871293	-378.216380	0.462500
47	53.758422	-382.581781	0.472500
48	59.134265	-386.958763	0.463800
49	65.047691	-390.309592	0.455700
50	71.552460	-394.455632	0.456100


================================================================================
Contenido de: results/svm/annealing/batches/betas00050_iterations10000_c-limit10/2026-08-16_20:38:07-005/summary.txt
================================================================================

B-idx	Beta	Energy	Acceptance
1	0.714845	9113.908818	0.746600
2	0.786330	6143.183399	0.760000
3	0.864963	4296.268750	0.747600
4	0.951459	3106.911322	0.755400
5	1.046605	2383.213178	0.739900
6	1.151265	1792.320446	0.737200
7	1.266392	1443.162554	0.737200
8	1.393031	1174.547052	0.719700
9	1.532334	957.061953	0.709300
10	1.685567	769.063694	0.711300
11	1.854124	616.180124	0.684500
12	2.039536	529.108640	0.677700
13	2.243490	387.598484	0.662100
14	2.467839	296.973930	0.656600
15	2.714623	220.038922	0.644900
16	2.986085	185.994114	0.627300
17	3.284694	132.345316	0.613700
18	3.613163	86.544493	0.610200
19	3.974479	19.242542	0.595900
20	4.371927	-12.598031	0.577900
21	4.809120	-52.374730	0.578700
22	5.290032	-90.011859	0.575400
23	5.819035	-106.784776	0.550500
24	6.400939	-131.457750	0.539600
25	7.041033	-150.117944	0.538900
26	7.745136	-165.452482	0.524300
27	8.519649	-192.545076	0.509200
28	9.371614	-209.693660	0.502400
29	10.308776	-235.974872	0.495500
30	11.339653	-250.551487	0.492300
31	12.473619	-265.597656	0.495900
32	13.720981	-275.252780	0.504800
33	15.093079	-286.319952	0.485800
34	16.602387	-300.044973	0.480000
35	18.262625	-306.638176	0.479800
36	20.088888	-316.227795	0.481600
37	22.097777	-323.713178	0.481600
38	24.307554	-332.514227	0.483500
39	26.738310	-342.918947	0.491400
40	29.412141	-348.285738	0.482300
41	32.353355	-354.435017	0.481400
42	35.588690	-360.897605	0.491000
43	39.147559	-367.209169	0.483000
44	43.062315	-374.802603	0.481300
45	47.368546	-378.751060	0.482600
46	52.105401	-382.863799	0.471000
47	57.315941	-388.915019	0.468500
48	63.047535	-392.800608	0.462400
49	69.352289	-396.058887	0.473800
50	76.287518	-399.979619	0.461900


================================================================================
Contenido de: results/svm/annealing/batches/betas00050_iterations10000_c-limit10/2026-08-16_20:38:07-006/summary.txt
================================================================================

B-idx	Beta	Energy	Acceptance
1	0.731479	8959.702516	0.751500
2	0.804627	6289.056592	0.742000
3	0.885090	4310.400697	0.743600
4	0.973599	3093.292454	0.735900
5	1.070959	2262.881570	0.734600
6	1.178054	1738.569238	0.740700
7	1.295860	1392.575120	0.728000
8	1.425446	1088.031686	0.715000
9	1.567990	900.175770	0.707000
10	1.724789	712.927595	0.699100
11	1.897268	567.974783	0.690800
12	2.086995	463.841919	0.680200
13	2.295695	368.525429	0.655600
14	2.525264	278.402649	0.653400
15	2.777791	208.092000	0.640000
16	3.055570	156.630007	0.632400
17	3.361127	85.976600	0.615500
18	3.697239	53.650438	0.605800
19	4.066963	12.044403	0.600100
20	4.473660	-25.042933	0.580600
21	4.921026	-63.310985	0.572300
22	5.413128	-88.796639	0.566000
23	5.954441	-115.168035	0.556000
24	6.549885	-141.532415	0.547400
25	7.204874	-159.936425	0.527100
26	7.925361	-185.157625	0.526000
27	8.717897	-206.142585	0.515500
28	9.589687	-218.779208	0.509400
29	10.548656	-231.465591	0.493200
30	11.603521	-248.465863	0.494000
31	12.763873	-261.022651	0.499000
32	14.040261	-276.464546	0.488200
33	15.444287	-283.699220	0.488900
34	16.988715	-294.778381	0.502600
35	18.687587	-307.804410	0.486600
36	20.556346	-315.836146	0.483000
37	22.611980	-324.675678	0.481800
38	24.873178	-332.619541	0.480700
39	27.360496	-337.221060	0.474700
40	30.096546	-346.605927	0.478800
41	33.106200	-351.908162	0.488500
42	36.416820	-360.844565	0.482600
43	40.058502	-365.909416	0.480500
44	44.064353	-372.538866	0.473400
45	48.470788	-378.304513	0.464800
46	53.317867	-382.149922	0.470300
47	58.649653	-386.556461	0.470900
48	64.514619	-391.001226	0.476200
49	70.966080	-394.448872	0.465500
50	78.062688	-397.919261	0.455200


================================================================================
Contenido de: results/svm/annealing/batches/betas00050_iterations10000_c-limit10/2026-08-16_20:38:07-007/summary.txt
================================================================================

B-idx	Beta	Energy	Acceptance
1	0.718053	8846.751893	0.754900
2	0.789858	6127.238414	0.745800
3	0.868844	4404.603959	0.740700
4	0.955728	3088.039257	0.742600
5	1.051301	2298.271558	0.741800
6	1.156431	1770.021001	0.733500
7	1.272074	1418.463228	0.729100
8	1.399281	1162.384897	0.725600
9	1.539210	920.870359	0.719000
10	1.693130	740.884484	0.700800
11	1.862443	636.771489	0.687400
12	2.048688	500.956647	0.674900
13	2.253557	399.087356	0.667600
14	2.478912	294.623602	0.658000
15	2.726804	216.259346	0.641800
16	2.999484	165.490215	0.643000
17	3.299432	106.103145	0.621900
18	3.629375	78.665536	0.604300
19	3.992313	30.119449	0.598500
20	4.391544	-2.280325	0.581400
21	4.830699	-44.270671	0.572300
22	5.313769	-78.496489	0.563600
23	5.845146	-102.427663	0.556900
24	6.429660	-125.465143	0.545700
25	7.072626	-149.218981	0.539100
26	7.779889	-175.935645	0.517900
27	8.557878	-190.610159	0.519400
28	9.413665	-211.960961	0.507700
29	10.355032	-231.654580	0.502000
30	11.390535	-246.047422	0.493700
31	12.529589	-261.269236	0.483800
32	13.782547	-274.650069	0.482100
33	15.160802	-284.347008	0.485900
34	16.676882	-297.413089	0.493300
35	18.344571	-303.660395	0.492500
36	20.179028	-313.494668	0.481200
37	22.196930	-322.735619	0.485900
38	24.416623	-332.982055	0.474600
39	26.858286	-339.741324	0.482100
40	29.544114	-346.955927	0.468100
41	32.498526	-354.397577	0.467700
42	35.748378	-360.236880	0.468900
43	39.323216	-368.125681	0.490400
44	43.255538	-372.820770	0.477000
45	47.581092	-377.333609	0.468900
46	52.339201	-381.276558	0.474400
47	57.573121	-386.707662	0.476000
48	63.330433	-389.880340	0.464400
49	69.663476	-394.408779	0.471600
50	76.629824	-398.212131	0.471600


================================================================================
Contenido de: results/svm/annealing/batches/betas00050_iterations10000_c-limit10/2026-08-16_20:38:07-008/summary.txt
================================================================================

B-idx	Beta	Energy	Acceptance
1	0.694902	9353.910600	0.758300
2	0.764392	6454.961685	0.751000
3	0.840831	4618.849276	0.752600
4	0.924914	3357.585905	0.745100
5	1.017406	2514.666968	0.740500
6	1.119146	1929.840995	0.740300
7	1.231061	1519.677029	0.730100
8	1.354167	1198.452538	0.726200
9	1.489584	987.183439	0.715800
10	1.638542	802.880473	0.696600
11	1.802396	664.193788	0.690100
12	1.982636	526.937435	0.683000
13	2.180900	395.579607	0.664300
14	2.398990	321.237796	0.653900
15	2.638889	251.587638	0.641200
16	2.902777	215.285235	0.625600
17	3.193055	144.257240	0.622300
18	3.512361	96.137212	0.613200
19	3.863597	54.145070	0.594300
20	4.249956	3.897895	0.580100
21	4.674952	-33.119471	0.578400
22	5.142447	-70.287416	0.561500
23	5.656692	-110.852150	0.559300
24	6.222361	-134.280832	0.545100
25	6.844597	-155.326084	0.533300
26	7.529057	-176.704226	0.523900
27	8.281963	-192.593737	0.513100
28	9.110159	-205.977705	0.516100
29	10.021175	-227.323151	0.489200
30	11.023292	-242.280383	0.492100
31	12.125621	-252.171532	0.495500
32	13.338184	-264.832685	0.501900
33	14.672002	-276.233235	0.483600
34	16.139202	-287.703515	0.477700
35	17.753122	-297.124825	0.481000
36	19.528435	-308.431322	0.483100
37	21.481278	-318.012334	0.485800
38	23.629406	-325.733717	0.478800
39	25.992346	-335.952558	0.489900
40	28.591581	-343.093679	0.483600
41	31.450739	-346.440219	0.481300
42	34.595813	-352.227191	0.480200
43	38.055394	-359.484952	0.480000
44	41.860934	-365.970475	0.488500
45	46.047027	-369.459010	0.473400
46	50.651730	-375.977776	0.474900
47	55.716903	-380.551182	0.475800
48	61.288593	-384.430834	0.478900
49	67.417453	-389.032658	0.471300
50	74.159198	-393.211013	0.476700


================================================================================
Contenido de: results/svm/annealing/batches/betas00050_iterations10000_c-limit10/2026-08-16_20:38:07-009/summary.txt
================================================================================

B-idx	Beta	Energy	Acceptance
1	0.670505	9879.506535	0.755700
2	0.737555	6696.523111	0.750600
3	0.811311	4690.731602	0.752600
4	0.892442	3399.244735	0.752100
5	0.981686	2477.855838	0.747000
6	1.079854	1929.283524	0.744300
7	1.187840	1536.911628	0.737700
8	1.306624	1203.660952	0.728100
9	1.437286	967.176146	0.718300
10	1.581015	813.362298	0.713100
11	1.739116	709.012247	0.687400
12	1.913028	590.436498	0.680800
13	2.104331	454.066825	0.672500
14	2.314764	358.206475	0.664400
15	2.546240	271.771071	0.646500
16	2.800864	194.091901	0.635900
17	3.080950	140.603429	0.623700
18	3.389045	96.123359	0.604900
19	3.727950	47.462082	0.605500
20	4.100745	9.589170	0.582600
21	4.510819	-25.720262	0.573400
22	4.961901	-53.312656	0.570500
23	5.458091	-93.596878	0.549100
24	6.003901	-123.563572	0.546700
25	6.604291	-146.060523	0.536600
26	7.264720	-165.676849	0.533000
27	7.991192	-187.164129	0.515800
28	8.790311	-207.703251	0.498100
29	9.669342	-212.551064	0.497700
30	10.636276	-234.230868	0.503900
31	11.699904	-250.583041	0.494800
32	12.869894	-261.739359	0.498300
33	14.156883	-274.545216	0.493300
34	15.572572	-289.390529	0.502600
35	17.129829	-302.473176	0.483600
36	18.842812	-309.042964	0.489100
37	20.727093	-318.513419	0.489400
38	22.799802	-326.091073	0.479600
39	25.079783	-332.084413	0.491300
40	27.587761	-338.040004	0.489900
41	30.346537	-345.380303	0.489500
42	33.381191	-353.138696	0.486800
43	36.719310	-359.505171	0.487400
44	40.391241	-366.963587	0.484200
45	44.430365	-372.360008	0.491100
46	48.873401	-376.968507	0.481600
47	53.760741	-382.391598	0.482500
48	59.136815	-387.026773	0.474500
49	65.050497	-391.735491	0.476300
50	71.555547	-395.630905	0.471000


================================================================================
Contenido de: results/svm/annealing/batches/betas00050_iterations10000_c-limit10/2026-08-17_11:09:51-000/summary.txt
================================================================================

B-idx	Beta	Energy	Acceptance
1	0.674176	10491.402459	0.753900
2	0.741594	7160.034044	0.749000
3	0.815753	4947.928684	0.752400
4	0.897328	3431.382552	0.741300
5	0.987061	2572.079225	0.743000
6	1.085767	1924.693131	0.738900
7	1.194344	1503.818027	0.724600
8	1.313778	1133.438091	0.726700
9	1.445156	920.996730	0.723100
10	1.589672	791.387406	0.708000
11	1.748639	639.505847	0.696200
12	1.923503	519.828776	0.680800
13	2.115853	424.724389	0.661000
14	2.327438	326.530198	0.659300
15	2.560182	258.818683	0.651000
16	2.816200	202.520007	0.627000
17	3.097820	122.947268	0.628200
18	3.407602	68.020702	0.618000
19	3.748362	24.996610	0.605800
20	4.123199	-17.405977	0.583200
21	4.535519	-35.048109	0.582600
22	4.989070	-63.553893	0.563200
23	5.487978	-94.986653	0.555700
24	6.036775	-121.114255	0.539500
25	6.640453	-141.940819	0.540700
26	7.304498	-167.222982	0.532200
27	8.034948	-179.139592	0.522200
28	8.838443	-201.130058	0.505800
29	9.722287	-228.764621	0.494600
30	10.694516	-244.593259	0.493400
31	11.763967	-256.425537	0.510200
32	12.940364	-265.566298	0.490600
33	14.234400	-278.549924	0.494100
34	15.657840	-288.087549	0.482800
35	17.223624	-303.412690	0.482800
36	18.945987	-310.622071	0.484500
37	20.840586	-322.190609	0.485700
38	22.924644	-329.050005	0.497300
39	25.217108	-337.069085	0.490400
40	27.738819	-343.879910	0.487100
41	30.512701	-351.272907	0.482900
42	33.563971	-356.929272	0.475300
43	36.920369	-363.042678	0.483300
44	40.612405	-367.133188	0.481900
45	44.673646	-373.078267	0.483200
46	49.141011	-378.156813	0.473800
47	54.055112	-381.979156	0.472600
48	59.460623	-387.298410	0.486500
49	65.406685	-390.900336	0.481400
50	71.947354	-395.071554	0.466600


================================================================================
Contenido de: results/svm/annealing/batches/betas00050_iterations10000_c-limit10/2026-08-17_11:09:51-001/summary.txt
================================================================================

B-idx	Beta	Energy	Acceptance
1	0.696233	9898.860916	0.745900
2	0.765857	6913.127672	0.746500
3	0.842442	4772.046032	0.747000
4	0.926687	3393.177079	0.737300
5	1.019355	2517.663273	0.740300
6	1.121291	1841.182784	0.745400
7	1.233420	1407.452340	0.726800
8	1.356762	1150.201766	0.727200
9	1.492438	970.363732	0.711400
10	1.641682	757.357302	0.703000
11	1.805850	606.691719	0.694900
12	1.986435	507.334825	0.678900
13	2.185078	393.262883	0.673500
14	2.403586	305.911256	0.658000
15	2.643945	264.734573	0.642800
16	2.908339	203.332894	0.631700
17	3.199173	147.198829	0.618200
18	3.519091	90.833184	0.602500
19	3.871000	44.937334	0.588300
20	4.258100	-2.881747	0.587200
21	4.683910	-48.290262	0.575700
22	5.152301	-81.025553	0.575800
23	5.667531	-102.483959	0.558500
24	6.234284	-121.271939	0.546600
25	6.857712	-152.436125	0.537000
26	7.543483	-169.940055	0.524000
27	8.297831	-189.649495	0.510500
28	9.127615	-207.594515	0.503800
29	10.040376	-227.627703	0.507300
30	11.044414	-240.484567	0.497000
31	12.148855	-260.182218	0.482500
32	13.363741	-276.245077	0.485800
33	14.700115	-287.839778	0.483000
34	16.170126	-294.531332	0.486500
35	17.787139	-308.023086	0.500400
36	19.565853	-316.930647	0.477200
37	21.522438	-326.026883	0.466400
38	23.674682	-333.284481	0.477700
39	26.042150	-340.745883	0.473600
40	28.646365	-348.452692	0.472300
41	31.511001	-353.593953	0.467400
42	34.662101	-357.649540	0.462200
43	38.128312	-366.288907	0.461400
44	41.941143	-371.451297	0.462900
45	46.135257	-377.496966	0.466100
46	50.748783	-381.265958	0.462500
47	55.823661	-386.032420	0.461000
48	61.406027	-390.467914	0.459300
49	67.546630	-394.478971	0.468400
50	74.301293	-397.928767	0.462700


================================================================================
Contenido de: results/svm/annealing/batches/betas00050_iterations10000_c-limit10/2026-08-17_11:09:51-002/summary.txt
================================================================================

B-idx	Beta	Energy	Acceptance
1	0.675387	10010.963523	0.750600
2	0.742925	6983.375240	0.741200
3	0.817218	4877.284055	0.743600
4	0.898939	3378.499360	0.753300
5	0.988833	2462.050176	0.743500
6	1.087717	1855.404027	0.741600
7	1.196488	1496.636710	0.732700
8	1.316137	1186.174774	0.726000
9	1.447751	970.243926	0.721500
10	1.592526	778.945695	0.708100
11	1.751779	633.650548	0.699900
12	1.926957	496.294603	0.685500
13	2.119652	454.510824	0.678200
14	2.331617	391.591552	0.655200
15	2.564779	292.636524	0.643400
16	2.821257	220.933413	0.634300
17	3.103383	152.111758	0.617500
18	3.413721	106.824980	0.606200
19	3.755093	51.519465	0.597200
20	4.130602	10.043339	0.583400
21	4.543663	-25.429232	0.575300
22	4.998029	-60.675987	0.564400
23	5.497832	-86.727113	0.547800
24	6.047615	-119.455608	0.549500
25	6.652377	-142.853168	0.529800
26	7.317614	-161.794816	0.530900
27	8.049376	-179.008832	0.521000
28	8.854313	-202.096212	0.516700
29	9.739745	-220.407190	0.494100
30	10.713719	-237.923527	0.498700
31	11.785091	-252.098581	0.510800
32	12.963600	-264.133128	0.489800
33	14.259960	-279.494237	0.483900
34	15.685956	-291.957075	0.489100
35	17.254552	-303.503979	0.490400
36	18.980007	-311.065088	0.492500
37	20.878008	-319.114815	0.485800
38	22.965808	-329.381828	0.482900
39	25.262389	-338.895039	0.481700
40	27.788628	-345.025374	0.485100
41	30.567491	-351.987667	0.485200
42	33.624240	-358.038759	0.476000
43	36.986664	-363.006894	0.478800
44	40.685330	-368.353620	0.480900
45	44.753863	-375.823004	0.490500
46	49.229250	-382.526134	0.481000
47	54.152175	-385.234975	0.479700
48	59.567392	-389.147146	0.481400
49	65.524131	-392.073023	0.472500
50	72.076544	-396.362552	0.474300


================================================================================
Contenido de: results/svm/annealing/batches/betas00050_iterations10000_c-limit10/2026-08-17_11:09:51-003/summary.txt
================================================================================

B-idx	Beta	Energy	Acceptance
1	0.681991	9839.162068	0.744700
2	0.750190	6886.989106	0.754700
3	0.825209	4908.922015	0.746600
4	0.907730	3534.194361	0.749700
5	0.998503	2580.598582	0.748100
6	1.098353	1941.156001	0.742600
7	1.208189	1493.841872	0.730000
8	1.329007	1160.660845	0.728600
9	1.461908	926.629917	0.720700
10	1.608099	764.188662	0.704100
11	1.768909	623.793715	0.691700
12	1.945800	496.005843	0.690400
13	2.140380	390.941965	0.675200
14	2.354418	350.385333	0.651900
15	2.589859	248.949542	0.648500
16	2.848845	185.021358	0.626800
17	3.133730	131.246176	0.615500
18	3.447103	74.410333	0.614400
19	3.791813	42.410678	0.600000
20	4.170994	-19.158257	0.584700
21	4.588094	-57.692981	0.585100
22	5.046903	-78.641195	0.580600
23	5.551594	-90.331096	0.555700
24	6.106753	-127.269192	0.546800
25	6.717428	-147.807665	0.536600
26	7.389171	-174.320634	0.532500
27	8.128088	-196.782990	0.512100
28	8.940897	-209.176711	0.511800
29	9.834987	-229.417071	0.499700
30	10.818485	-245.910343	0.495900
31	11.900334	-261.637682	0.493300
32	13.090367	-268.508182	0.504000
33	14.399404	-278.468699	0.476600
34	15.839344	-294.488456	0.482700
35	17.423279	-302.129084	0.486000
36	19.165607	-313.127862	0.487800
37	21.082167	-323.814131	0.484000
38	23.190384	-331.686191	0.486000
39	25.509422	-339.992332	0.490400
40	28.060365	-345.392283	0.486700
41	30.866401	-351.350356	0.479100
42	33.953041	-357.896005	0.482200
43	37.348345	-364.357786	0.480300
44	41.083180	-371.718668	0.474700
45	45.191498	-377.755477	0.475700
46	49.710648	-382.036407	0.478500
47	54.681713	-385.890180	0.473000
48	60.149884	-389.810798	0.480200
49	66.164872	-393.037142	0.479000
50	72.781359	-396.473689	0.471500


================================================================================
Contenido de: results/svm/annealing/batches/betas00050_iterations10000_c-limit10/2026-08-17_11:09:51-004/summary.txt
================================================================================

B-idx	Beta	Energy	Acceptance
1	0.722708	8302.550184	0.749000
2	0.794978	5740.671035	0.755800
3	0.874476	4179.612260	0.753000
4	0.961924	3068.125965	0.738100
5	1.058116	2346.823227	0.740100
6	1.163928	1801.907263	0.734000
7	1.280321	1391.259274	0.737800
8	1.408353	1070.689669	0.716200
9	1.549188	834.516156	0.718600
10	1.704107	677.605866	0.701300
11	1.874517	545.207953	0.689700
12	2.061969	465.822248	0.681900
13	2.268166	367.311714	0.664900
14	2.494983	301.423106	0.643500
15	2.744481	216.260823	0.647900
16	3.018929	139.609940	0.637200
17	3.320822	109.329675	0.609300
18	3.652904	71.948022	0.600000
19	4.018195	19.526491	0.602400
20	4.420014	-10.384726	0.585400
21	4.862016	-54.188442	0.566500
22	5.348217	-71.806337	0.560300
23	5.883039	-106.276495	0.554700
24	6.471343	-135.143466	0.544000
25	7.118477	-160.378826	0.532600
26	7.830325	-171.820478	0.530300
27	8.613357	-188.388186	0.510200
28	9.474693	-205.060887	0.499100
29	10.422162	-224.814331	0.498700
30	11.464378	-239.940272	0.506000
31	12.610816	-255.127327	0.497900
32	13.871898	-266.384968	0.489200
33	15.259088	-275.197097	0.501200
34	16.784996	-287.703690	0.481700
35	18.463496	-299.403871	0.490200
36	20.309846	-312.299803	0.481900
37	22.340830	-318.609859	0.485000
38	24.574913	-325.506286	0.483700
39	27.032405	-335.688110	0.481500
40	29.735645	-341.893636	0.474300
41	32.709210	-348.617853	0.479000
42	35.980131	-354.122209	0.481200
43	39.578144	-362.050775	0.478300
44	43.535958	-367.417410	0.482600
45	47.889554	-372.758210	0.474300
46	52.678509	-379.002313	0.473100
47	57.946360	-383.795539	0.464700
48	63.740996	-388.876772	0.469200
49	70.115096	-393.031341	0.466600
50	77.126605	-396.423870	0.468400


================================================================================
Contenido de: results/svm/annealing/batches/betas00050_iterations10000_c-limit10/2026-08-17_11:09:51-005/summary.txt
================================================================================

B-idx	Beta	Energy	Acceptance
1	0.694838	9115.423741	0.746900
2	0.764322	6320.958433	0.748100
3	0.840754	4368.117023	0.751800
4	0.924830	3188.183672	0.744300
5	1.017313	2364.808853	0.750400
6	1.119044	1801.397390	0.741600
7	1.230949	1323.623380	0.732500
8	1.354043	1065.880228	0.729000
9	1.489448	849.768734	0.720400
10	1.638393	707.982456	0.704000
11	1.802232	585.169556	0.690900
12	1.982455	499.158032	0.680600
13	2.180701	414.757538	0.667500
14	2.398771	329.646068	0.657800
15	2.638648	254.417087	0.639400
16	2.902512	205.930136	0.631700
17	3.192764	130.885238	0.622400
18	3.512040	71.784784	0.608300
19	3.863244	39.721713	0.602500
20	4.249568	-10.348884	0.587200
21	4.674525	-39.459796	0.570700
22	5.141978	-59.508904	0.559200
23	5.656176	-91.938290	0.545600
24	6.221793	-124.682735	0.555200
25	6.843973	-158.692219	0.551700
26	7.528370	-168.850656	0.527800
27	8.281207	-189.629800	0.517100
28	9.109327	-209.931828	0.508600
29	10.020260	-220.023892	0.497100
30	11.022286	-242.534973	0.502700
31	12.124515	-257.908789	0.492200
32	13.336966	-271.953782	0.478300
33	14.670663	-284.151213	0.490500
34	16.137729	-297.942926	0.485100
35	17.751502	-306.737971	0.477600
36	19.526652	-315.755138	0.481600
37	21.479318	-325.818822	0.483500
38	23.627249	-332.571506	0.477700
39	25.989974	-341.278691	0.485500
40	28.588972	-347.128523	0.489100
41	31.447869	-352.324838	0.476500
42	34.592656	-359.235016	0.476200
43	38.051921	-366.315358	0.486300
44	41.857113	-370.925596	0.480700
45	46.042825	-375.803913	0.488100
46	50.647107	-380.365503	0.479900
47	55.711818	-385.752468	0.472300
48	61.283000	-390.827371	0.465600
49	67.411300	-395.069616	0.471000
50	74.152430	-399.332400	0.467100


================================================================================
Contenido de: results/svm/annealing/batches/betas00050_iterations10000_c-limit10/2026-08-17_11:09:51-006/summary.txt
================================================================================

B-idx	Beta	Energy	Acceptance
1	0.708798	9270.152359	0.753200
2	0.779678	6457.396537	0.741900
3	0.857646	4627.695691	0.748500
4	0.943411	3380.380879	0.746500
5	1.037752	2365.046963	0.741200
6	1.141527	1779.839767	0.735100
7	1.255679	1376.131464	0.731100
8	1.381247	1088.528463	0.723100
9	1.519372	926.136658	0.719600
10	1.671309	770.037970	0.695100
11	1.838440	626.147434	0.675900
12	2.022284	463.473865	0.675600
13	2.224513	396.941796	0.671700
14	2.446964	338.592959	0.655200
15	2.691660	249.438125	0.638900
16	2.960827	179.119356	0.625200
17	3.256909	120.357002	0.625200
18	3.582600	80.693090	0.607600
19	3.940860	45.373865	0.594400
20	4.334946	11.195441	0.585900
21	4.768441	-30.104107	0.579400
22	5.245285	-57.673784	0.565700
23	5.769813	-88.314080	0.553100
24	6.346795	-130.634502	0.540600
25	6.981474	-152.502127	0.525400
26	7.679621	-178.716051	0.527300
27	8.447584	-200.618880	0.515100
28	9.292342	-211.049811	0.513400
29	10.221576	-224.054143	0.490700
30	11.243734	-236.773822	0.496600
31	12.368107	-251.683362	0.495500
32	13.604918	-267.115790	0.496200
33	14.965410	-277.802805	0.489200
34	16.461951	-290.745605	0.489700
35	18.108146	-301.768384	0.503200
36	19.918960	-309.698047	0.483400
37	21.910856	-323.702481	0.491200
38	24.101942	-330.025915	0.488900
39	26.512136	-337.539086	0.475500
40	29.163350	-345.264324	0.476800
41	32.079685	-352.282159	0.472500
42	35.287653	-357.674138	0.482100
43	38.816418	-362.691461	0.479900
44	42.698060	-369.355768	0.477700
45	46.967866	-376.146407	0.479600
46	51.664653	-381.493308	0.481800
47	56.831118	-384.967781	0.478700
48	62.514230	-388.791011	0.465500
49	68.765653	-392.437613	0.474900
50	75.642218	-396.829712	0.472900


================================================================================
Contenido de: results/svm/annealing/batches/betas00050_iterations10000_c-limit10/2026-08-17_11:09:51-007/summary.txt
================================================================================

B-idx	Beta	Energy	Acceptance
1	0.695815	9699.091422	0.753800
2	0.765397	6756.010974	0.745500
3	0.841937	4642.423478	0.741500
4	0.926130	3288.020466	0.740800
5	1.018743	2406.647099	0.737000
6	1.120618	1877.184065	0.738000
7	1.232679	1415.123281	0.735800
8	1.355947	1145.060517	0.726200
9	1.491542	958.774845	0.711000
10	1.640696	770.416256	0.700700
11	1.804766	614.127066	0.695700
12	1.985243	507.368853	0.681500
13	2.183767	425.868818	0.675100
14	2.402144	318.664253	0.653700
15	2.642358	237.858489	0.648300
16	2.906594	189.095786	0.622600
17	3.197253	137.429257	0.619900
18	3.516978	88.206598	0.601600
19	3.868676	41.412882	0.594300
20	4.255544	-1.436853	0.589400
21	4.681098	-48.603203	0.562700
22	5.149208	-80.416061	0.562900
23	5.664129	-89.941604	0.555500
24	6.230542	-117.455962	0.544700
25	6.853596	-151.108933	0.531000
26	7.538956	-170.888933	0.525500
27	8.292851	-196.976405	0.519700
28	9.122136	-215.744724	0.502500
29	10.034350	-225.133012	0.498400
30	11.037785	-243.669165	0.495300
31	12.141563	-259.828825	0.495700
32	13.355720	-267.442771	0.490800
33	14.691292	-278.719083	0.494000
34	16.160421	-287.858653	0.497500
35	17.776463	-298.703481	0.492600
36	19.554109	-308.639637	0.490700
37	21.509520	-316.129128	0.484000
38	23.660472	-322.875895	0.501800
39	26.026520	-333.219914	0.480100
40	28.629172	-340.001656	0.488900
41	31.492089	-346.692769	0.482300
42	34.641298	-352.602375	0.488800
43	38.105427	-360.150663	0.481500
44	41.915970	-365.013721	0.472800
45	46.107567	-371.060838	0.479100
46	50.718324	-376.621865	0.487200
47	55.790156	-380.807600	0.468200
48	61.369172	-385.720980	0.467100
49	67.506089	-390.750545	0.477400
50	74.256698	-394.816990	0.478500


================================================================================
Contenido de: results/svm/annealing/batches/betas00050_iterations10000_c-limit10/2026-08-17_11:09:51-008/summary.txt
================================================================================

B-idx	Beta	Energy	Acceptance
1	0.715385	8556.049403	0.758800
2	0.786924	5982.201547	0.744500
3	0.865616	4235.471891	0.749300
4	0.952178	2979.991548	0.747900
5	1.047396	2201.065867	0.743900
6	1.152135	1713.672040	0.740500
7	1.267349	1327.276613	0.732900
8	1.394083	1097.901045	0.731800
9	1.533492	881.894811	0.714600
10	1.686841	704.334538	0.703200
11	1.855525	558.362137	0.695600
12	2.041078	467.118522	0.668600
13	2.245185	357.205922	0.670400
14	2.469704	314.649638	0.663100
15	2.716674	243.354999	0.640000
16	2.988342	182.493781	0.627100
17	3.287176	110.515580	0.626600
18	3.615893	66.806525	0.605400
19	3.977483	32.510531	0.591100
20	4.375231	-3.470944	0.575400
21	4.812754	-35.683096	0.577200
22	5.294030	-79.001040	0.556300
23	5.823433	-102.931195	0.550500
24	6.405776	-117.354177	0.548100
25	7.046353	-144.837409	0.533500
26	7.750989	-166.561208	0.530900
27	8.526088	-186.936193	0.510700
28	9.378696	-211.173308	0.505700
29	10.316566	-222.889349	0.492100
30	11.348223	-240.642150	0.491400
31	12.483045	-249.078856	0.495800
32	13.731349	-265.668999	0.495100
33	15.104484	-282.039474	0.494300
34	16.614933	-290.793763	0.503200
35	18.276426	-296.871859	0.475600
36	20.104069	-310.615598	0.475300
37	22.114476	-318.937149	0.483100
38	24.325923	-327.588141	0.483700
39	26.758515	-336.803147	0.473200
40	29.434367	-342.615347	0.484000
41	32.377804	-349.111118	0.479800
42	35.615584	-356.408034	0.472300
43	39.177142	-362.372676	0.473400
44	43.094857	-368.942337	0.472700
45	47.404342	-373.790739	0.482900
46	52.144776	-378.520601	0.474500
47	57.359254	-383.178513	0.474500
48	63.095180	-388.358237	0.465300
49	69.404697	-391.874335	0.465400
50	76.345167	-395.614250	0.475400


================================================================================
Contenido de: results/svm/annealing/batches/betas00050_iterations10000_c-limit10/2026-08-17_11:09:51-009/summary.txt
================================================================================

B-idx	Beta	Energy	Acceptance
1	0.676564	9779.435623	0.752900
2	0.744220	6846.982128	0.748200
3	0.818642	4906.523900	0.745500
4	0.900507	3514.898077	0.743600
5	0.990557	2532.728648	0.739700
6	1.089613	1853.547141	0.743800
7	1.198574	1517.934374	0.722300
8	1.318432	1175.626729	0.721900
9	1.450275	894.680556	0.717900
10	1.595302	809.021186	0.700800
11	1.754833	665.235109	0.691900
12	1.930316	592.527266	0.683700
13	2.123347	444.040958	0.666500
14	2.335682	374.802789	0.648500
15	2.569250	307.881467	0.639300
16	2.826175	213.422135	0.630700
17	3.108793	153.706884	0.618600
18	3.419672	90.510839	0.611600
19	3.761639	63.277961	0.594300
20	4.137803	4.211492	0.583700
21	4.551584	-43.378151	0.564700
22	5.006742	-69.143069	0.565100
23	5.507416	-96.391439	0.565600
24	6.058158	-127.700973	0.556000
25	6.663974	-148.017712	0.538900
26	7.330371	-160.278790	0.530100
27	8.063408	-186.032752	0.509800
28	8.869749	-212.207513	0.509400
29	9.756724	-226.572118	0.492500
30	10.732396	-241.878619	0.491900
31	11.805636	-257.438684	0.494700
32	12.986199	-271.673506	0.501900
33	14.284819	-283.940496	0.500700
34	15.713301	-296.176617	0.478900
35	17.284631	-304.647084	0.475500
36	19.013094	-312.052545	0.479800
37	20.914404	-324.707837	0.466100
38	23.005844	-332.534488	0.474500
39	25.306428	-340.112231	0.462200
40	27.837071	-345.417427	0.474100
41	30.620778	-352.691972	0.471200
42	33.682856	-359.247556	0.480200
43	37.051142	-365.249098	0.473600
44	40.756256	-369.586938	0.475200
45	44.831882	-375.125629	0.480400
46	49.315070	-379.902339	0.459000
47	54.246577	-384.692952	0.461800
48	59.671234	-389.599884	0.451400
49	65.638358	-394.971290	0.453000
50	72.202194	-398.109331	0.452700


================================================================================
Contenido de: results/svm/annealing/batches/betas00050_iterations10000_c-limit10/run_000/summary.txt
================================================================================



================================================================================
Contenido de: results/svm/annealing/batches/betas00050_iterations10000_c-limit10/run_001/summary.txt
================================================================================



================================================================================
Contenido de: results/svm/annealing/batches/betas00050_iterations10000_c-limit10/run_002/summary.txt
================================================================================



================================================================================
Contenido de: results/svm/annealing/batches/betas00050_iterations10000_c-limit10/run_003/summary.txt
================================================================================



================================================================================
Contenido de: results/svm/annealing/batches/betas00050_iterations10000_c-limit10/run_004/summary.txt
================================================================================



================================================================================
Contenido de: results/svm/annealing/batches/betas00050_iterations10000_c-limit100/2026-08-16_20:25:26/summary.txt
================================================================================

B-idx	Beta	Energy	Acceptance
1	0.065704	1354816.392742	0.765300
2	0.072274	1293644.604747	0.747600
3	0.079502	1231163.250669	0.730100
4	0.087452	1168314.998164	0.723900
5	0.096197	1099325.449114	0.704400
6	0.105817	1033118.933410	0.691500
7	0.116398	967869.406569	0.679200
8	0.128038	899612.632691	0.666900
9	0.140842	830536.033664	0.652600
10	0.154926	762951.404989	0.641500
11	0.170419	696943.105078	0.628200
12	0.187461	636572.893088	0.614900
13	0.206207	574758.127859	0.609200
14	0.226828	514161.027617	0.588600
15	0.249510	454979.551470	0.595900
16	0.274461	400444.314794	0.574600
17	0.301908	349343.155441	0.570900
18	0.332098	303351.317365	0.548800
19	0.365308	260606.326263	0.545600
20	0.401839	222402.024106	0.532100
21	0.442023	188219.569795	0.522600
22	0.486225	157608.311458	0.522400
23	0.534848	131279.677033	0.507800
24	0.588332	108470.364729	0.489900
25	0.647166	90693.500867	0.482700
26	0.711882	76073.268168	0.502200
27	0.783070	63231.056202	0.505100
28	0.861377	52860.260573	0.482800
29	0.947515	44306.525805	0.494000
30	1.042267	37447.660792	0.498800
31	1.146493	31437.110751	0.510700
32	1.261143	26349.410943	0.507300
33	1.387257	22111.781214	0.494200
34	1.525982	18411.833354	0.510600
35	1.678581	15094.451657	0.492300
36	1.846439	12328.033366	0.513800
37	2.031083	9913.398587	0.502400
38	2.234191	8025.788033	0.497100
39	2.457610	6492.355097	0.505000
40	2.703371	5151.427238	0.501000
41	2.973708	4051.327910	0.489200
42	3.271079	3178.451466	0.498400
43	3.598187	2479.771519	0.496800
44	3.958006	1941.262668	0.516600
45	4.353806	1503.991769	0.511400
46	4.789187	1116.428776	0.506000
47	5.268105	822.383580	0.493900
48	5.794916	598.374540	0.507400
49	6.374408	417.595806	0.508100
50	7.011848	276.057026	0.509500
0


================================================================================
Contenido de: results/svm/annealing/batches/betas00050_iterations10000_c-limit100/2026-08-16_20:39:28-000/summary.txt
================================================================================

B-idx	Beta	Energy	Acceptance
1	0.068859	1316687.438239	0.761400
2	0.075745	1259498.796681	0.734600
3	0.083319	1196955.807050	0.730100
4	0.091651	1135067.424583	0.705000
5	0.100816	1071193.307261	0.693600
6	0.110898	1006655.250022	0.684200
7	0.121987	942166.571614	0.673300
8	0.134186	874412.747130	0.656700
9	0.147605	806313.216551	0.644200
10	0.162365	741695.668436	0.622900
11	0.178602	677018.718798	0.629800
12	0.196462	611843.998720	0.616100
13	0.216108	550691.547947	0.604800
14	0.237719	494485.748213	0.583800
15	0.261491	437014.594232	0.574300
16	0.287640	386416.180727	0.564400
17	0.316404	339261.468102	0.560200
18	0.348044	296027.776192	0.538100
19	0.382849	254448.274955	0.533400
20	0.421134	216671.509833	0.528500
21	0.463247	184649.159110	0.509100
22	0.509572	157001.216402	0.497700
23	0.560529	132585.501507	0.511500
24	0.616582	109265.947890	0.503500
25	0.678240	91095.437737	0.500300
26	0.746064	74863.548931	0.485800
27	0.820671	61732.220622	0.496600
28	0.902738	51913.894053	0.503500
29	0.993011	43492.923349	0.489100
30	1.092313	36351.338384	0.502500
31	1.201544	30072.247872	0.495200
32	1.321698	25179.385554	0.503900
33	1.453868	20726.531322	0.508400
34	1.599255	17109.150285	0.493400
35	1.759180	13981.234307	0.497600
36	1.935098	11446.610493	0.511800
37	2.128608	9218.643490	0.511900
38	2.341469	7469.722141	0.496300
39	2.575616	5945.792922	0.501900
40	2.833177	4705.980369	0.498700
41	3.116495	3726.885686	0.505600
42	3.428145	2898.734159	0.497600
43	3.770959	2283.044358	0.509900
44	4.148055	1748.822479	0.504500
45	4.562861	1330.802944	0.497400
46	5.019147	977.786934	0.522100
47	5.521061	710.392813	0.511200
48	6.073167	519.511914	0.502400
49	6.680484	341.942162	0.509200
50	7.348533	197.930727	0.487800


================================================================================
Contenido de: results/svm/annealing/batches/betas00050_iterations10000_c-limit100/2026-08-16_20:39:28-001/summary.txt
================================================================================

B-idx	Beta	Energy	Acceptance
1	0.067737	1341679.040822	0.760600
2	0.074510	1283417.107852	0.741300
3	0.081961	1221451.737013	0.731700
4	0.090158	1158601.654749	0.720800
5	0.099173	1095143.145680	0.706000
6	0.109091	1031221.488416	0.679400
7	0.120000	964346.316796	0.676600
8	0.132000	899367.808797	0.658800
9	0.145200	831758.413886	0.649800
10	0.159720	769577.050826	0.627500
11	0.175692	703013.037633	0.621900
12	0.193261	641463.823662	0.610800
13	0.212587	578688.401029	0.604800
14	0.233846	518572.648411	0.590900
15	0.257230	461148.162417	0.583200
16	0.282953	405876.999487	0.568600
17	0.311248	355955.857754	0.556800
18	0.342373	306998.950575	0.549500
19	0.376611	261025.521612	0.544600
20	0.414272	223127.038994	0.532600
21	0.455699	187219.187354	0.519500
22	0.501269	157158.028670	0.508800
23	0.551396	131241.092868	0.493200
24	0.606535	109465.065891	0.506700
25	0.667189	91068.739995	0.498300
26	0.733907	75633.626217	0.511900
27	0.807298	62946.556851	0.500800
28	0.888028	52357.994016	0.483800
29	0.976831	43910.063659	0.485100
30	1.074514	36301.839497	0.497900
31	1.181965	30509.135042	0.495600
32	1.300162	25593.982957	0.515800
33	1.430178	21355.752023	0.504300
34	1.573196	17697.828589	0.506700
35	1.730515	14648.313279	0.497400
36	1.903567	11890.913163	0.502400
37	2.093924	9688.191957	0.507300
38	2.303316	7701.918440	0.496100
39	2.533648	6119.045647	0.499500
40	2.787012	4868.949458	0.504200
41	3.065714	3830.444392	0.504000
42	3.372285	2995.257162	0.501300
43	3.709513	2310.588464	0.498200
44	4.080465	1774.127371	0.501100
45	4.488511	1328.022813	0.499600
46	4.937362	966.516362	0.511700
47	5.431099	693.965786	0.502600
48	5.974208	504.029996	0.493700
49	6.571629	334.733517	0.510000
50	7.228792	197.833108	0.506500


================================================================================
Contenido de: results/svm/annealing/batches/betas00050_iterations10000_c-limit100/2026-08-16_20:39:28-002/summary.txt
================================================================================

B-idx	Beta	Energy	Acceptance
1	0.066510	1395446.161636	0.760400
2	0.073161	1334541.764200	0.748800
3	0.080477	1270439.609961	0.739500
4	0.088525	1206796.107955	0.712300
5	0.097378	1140314.861129	0.701200
6	0.107116	1072511.916246	0.688300
7	0.117827	1003912.773293	0.670600
8	0.129610	935265.593013	0.656500
9	0.142571	870081.973032	0.650400
10	0.156828	803592.566083	0.631300
11	0.172511	737962.870786	0.622500
12	0.189762	672443.332512	0.609700
13	0.208738	609658.318676	0.611500
14	0.229612	548123.874966	0.593600
15	0.252573	487357.029251	0.586600
16	0.277830	431145.602197	0.570100
17	0.305613	378000.490820	0.564200
18	0.336174	328617.649749	0.555700
19	0.369792	281641.977765	0.544900
20	0.406771	240057.244576	0.536300
21	0.447448	204625.027914	0.521700
22	0.492193	172708.361406	0.503800
23	0.541412	142643.455614	0.502000
24	0.595554	118556.603297	0.497600
25	0.655109	98387.063851	0.505700
26	0.720620	81619.382039	0.494100
27	0.792682	68526.325126	0.494600
28	0.871950	57178.179605	0.501700
29	0.959145	47531.297660	0.490000
30	1.055060	39483.993169	0.506300
31	1.160565	33151.614815	0.489100
32	1.276622	27684.148488	0.499300
33	1.404284	23153.069647	0.502600
34	1.544713	19123.150447	0.504100
35	1.699184	15875.985553	0.492600
36	1.869102	13071.812455	0.496200
37	2.056013	10739.458248	0.501000
38	2.261614	8910.130803	0.495800
39	2.487775	7138.267206	0.500200
40	2.736553	5792.306924	0.495600
41	3.010208	4551.978192	0.511700
42	3.311229	3595.333323	0.515400
43	3.642352	2782.085981	0.492400
44	4.006587	2141.105379	0.498600
45	4.407245	1626.638733	0.523800
46	4.847970	1253.184416	0.513200
47	5.332767	929.561813	0.514100
48	5.866044	687.574923	0.500900
49	6.452648	493.321468	0.507800
50	7.097913	312.480089	0.496800


================================================================================
Contenido de: results/svm/annealing/batches/betas00050_iterations10000_c-limit100/2026-08-16_20:39:28-003/summary.txt
================================================================================

B-idx	Beta	Energy	Acceptance
1	0.065474	1488110.267757	0.766900
2	0.072022	1426329.976780	0.744200
3	0.079224	1364438.451582	0.735900
4	0.087146	1294008.803584	0.718400
5	0.095861	1222520.420860	0.700200
6	0.105447	1152649.465707	0.684300
7	0.115992	1079960.376732	0.685300
8	0.127591	1008441.400761	0.666400
9	0.140350	936072.230395	0.645400
10	0.154385	863632.597330	0.637200
11	0.169824	794378.569186	0.630600
12	0.186806	725993.080215	0.616000
13	0.205487	658999.140287	0.601800
14	0.226036	594416.771500	0.591000
15	0.248639	529701.124574	0.588400
16	0.273503	468701.616991	0.569900
17	0.300853	411452.449578	0.564700
18	0.330939	357688.299595	0.547000
19	0.364033	309296.635035	0.542100
20	0.400436	265977.284791	0.531500
21	0.440479	224027.740896	0.533800
22	0.484527	188006.643189	0.516600
23	0.532980	156934.577859	0.502800
24	0.586278	130328.012595	0.497200
25	0.644906	108869.591844	0.494000
26	0.709396	92239.287453	0.498500
27	0.780336	77538.865160	0.517800
28	0.858370	65033.228013	0.488800
29	0.944207	55513.923523	0.501700
30	1.038627	46459.090704	0.499000
31	1.142490	39234.715459	0.493800
32	1.256739	33197.760318	0.505000
33	1.382413	27954.158510	0.486900
34	1.520654	23706.990285	0.499400
35	1.672720	19929.404511	0.503800
36	1.839992	16720.212726	0.497100
37	2.023991	14061.665169	0.511700
38	2.226390	11624.722830	0.507000
39	2.449029	9562.739303	0.490900
40	2.693932	8008.409577	0.506100
41	2.963325	6537.661554	0.493800
42	3.259657	5369.797837	0.489800
43	3.585623	4336.150919	0.510200
44	3.944185	3477.916023	0.507500
45	4.338604	2770.430893	0.500900
46	4.772464	2138.876369	0.494900
47	5.249711	1687.135360	0.494600
48	5.774682	1271.631556	0.505100
49	6.352150	960.793489	0.500000
50	6.987365	699.422261	0.515800


================================================================================
Contenido de: results/svm/annealing/batches/betas00050_iterations10000_c-limit100/2026-08-16_20:39:28-004/summary.txt
================================================================================

B-idx	Beta	Energy	Acceptance
1	0.067447	1385164.347221	0.762200
2	0.074191	1324875.212525	0.737400
3	0.081610	1261874.512821	0.731200
4	0.089771	1198887.274578	0.713400
5	0.098749	1132673.178506	0.699200
6	0.108623	1068667.821461	0.685200
7	0.119486	998170.981026	0.676500
8	0.131434	929801.694227	0.658200
9	0.144578	861836.955245	0.651100
10	0.159036	793723.844995	0.635600
11	0.174939	728417.908777	0.621500
12	0.192433	663817.473659	0.609200
13	0.211676	599594.394135	0.600900
14	0.232844	538082.618871	0.589900
15	0.256128	478634.927515	0.582800
16	0.281741	423745.351432	0.567100
17	0.309915	371616.560378	0.559800
18	0.340907	321277.406832	0.549800
19	0.374998	276768.257132	0.542400
20	0.412497	236436.373278	0.531700
21	0.453747	199815.527561	0.524700
22	0.499122	168325.892730	0.505900
23	0.549034	141410.996830	0.498400
24	0.603937	118238.238652	0.505400
25	0.664331	98627.449068	0.488700
26	0.730764	82756.644530	0.489500
27	0.803841	70731.022380	0.499300
28	0.884225	60557.169820	0.506400
29	0.972647	51576.108034	0.510100
30	1.069912	43133.126075	0.494100
31	1.176903	36466.060175	0.506600
32	1.294593	30427.976174	0.500200
33	1.424053	25622.548121	0.485200
34	1.566458	21253.745002	0.505900
35	1.723104	17727.950555	0.489700
36	1.895414	14649.294655	0.492400
37	2.084956	12144.854524	0.502900
38	2.293451	10037.985917	0.496800
39	2.522796	8177.867615	0.501200
40	2.775076	6657.572859	0.485900
41	3.052583	5351.540597	0.500200
42	3.357842	4190.603996	0.498100
43	3.693626	3319.314024	0.502700
44	4.062988	2621.954545	0.495400
45	4.469287	2023.034648	0.506700
46	4.916216	1549.131680	0.501800
47	5.407838	1149.180884	0.494500
48	5.948621	845.788696	0.501700
49	6.543484	615.815621	0.501600
50	7.197832	430.651347	0.506400


================================================================================
Contenido de: results/svm/annealing/batches/betas00050_iterations10000_c-limit100/2026-08-16_20:39:28-005/summary.txt
================================================================================

B-idx	Beta	Energy	Acceptance
1	0.064204	1439088.704787	0.759700
2	0.070624	1379555.045009	0.748900
3	0.077687	1315949.519319	0.731700
4	0.085456	1251072.942017	0.716800
5	0.094001	1182735.077317	0.702700
6	0.103401	1113312.073559	0.687600
7	0.113741	1043587.533177	0.675800
8	0.125115	970600.127849	0.663600
9	0.137627	901245.158734	0.656000
10	0.151390	830451.607182	0.638900
11	0.166529	761091.273816	0.631500
12	0.183181	692358.545647	0.618100
13	0.201500	624508.562904	0.612600
14	0.221650	560781.019136	0.600900
15	0.243815	499391.601715	0.583200
16	0.268196	442641.613361	0.565200
17	0.295016	389659.114584	0.565700
18	0.324517	339321.467624	0.555000
19	0.356969	291597.093779	0.550800
20	0.392666	248574.308167	0.539000
21	0.431932	209339.854206	0.521600
22	0.475126	174699.518412	0.504900
23	0.522638	144569.182243	0.503400
24	0.574902	119449.069885	0.485500
25	0.632392	98060.757460	0.497800
26	0.695631	82195.183206	0.492900
27	0.765195	69057.209471	0.506800
28	0.841714	58173.327154	0.501300
29	0.925885	48357.258747	0.483700
30	1.018474	40897.545497	0.493200
31	1.120321	34437.296283	0.487900
32	1.232354	29163.761581	0.496600
33	1.355589	24867.783156	0.501000
34	1.491148	21053.897897	0.506600
35	1.640263	17630.601113	0.503100
36	1.804289	14825.242531	0.492000
37	1.984718	12328.182657	0.501600
38	2.183189	10298.259504	0.493400
39	2.401508	8475.370377	0.514500
40	2.641659	6831.304745	0.495300
41	2.905825	5569.203760	0.500300
42	3.196408	4520.332750	0.494200
43	3.516048	3602.760590	0.509400
44	3.867653	2819.915966	0.511400
45	4.254419	2234.281663	0.486800
46	4.679860	1697.029875	0.500800
47	5.147847	1240.636999	0.511300
48	5.662631	914.130877	0.495600
49	6.228894	638.505565	0.502100
50	6.851784	446.581815	0.506400


================================================================================
Contenido de: results/svm/annealing/batches/betas00050_iterations10000_c-limit100/2026-08-16_20:39:28-006/summary.txt
================================================================================

B-idx	Beta	Energy	Acceptance
1	0.066759	1322083.329746	0.759300
2	0.073435	1265221.977522	0.749000
3	0.080778	1204783.554834	0.730500
4	0.088856	1143113.290353	0.708400
5	0.097742	1079013.258267	0.703300
6	0.107516	1013161.542569	0.689300
7	0.118268	947450.159677	0.663400
8	0.130094	881515.216691	0.668900
9	0.143104	814569.691612	0.653600
10	0.157414	748821.365350	0.638200
11	0.173156	686409.005732	0.619800
12	0.190471	622094.219531	0.615100
13	0.209518	561388.414073	0.601500
14	0.230470	502625.252081	0.595300
15	0.253517	445452.135242	0.587600
16	0.278869	393167.445029	0.572700
17	0.306756	344584.454875	0.561500
18	0.337432	300309.978329	0.554400
19	0.371175	258907.737364	0.547200
20	0.408292	220961.726776	0.536500
21	0.449121	185894.181994	0.523900
22	0.494033	156023.289261	0.514300
23	0.543437	129046.505366	0.507500
24	0.597781	106862.014140	0.485800
25	0.657559	89623.552426	0.489700
26	0.723314	74674.405549	0.505400
27	0.795646	62551.249468	0.506800
28	0.875210	51508.835680	0.493500
29	0.962732	43137.093372	0.495400
30	1.059005	36554.630058	0.504600
31	1.164905	30368.782784	0.501800
32	1.281396	25091.505565	0.495700
33	1.409535	20584.527006	0.502300
34	1.550489	16938.669704	0.497800
35	1.705538	13992.808588	0.491100
36	1.876091	11448.725084	0.513400
37	2.063701	9236.694845	0.503100
38	2.270071	7303.771886	0.498600
39	2.497078	5805.004120	0.506800
40	2.746785	4647.186691	0.497400
41	3.021464	3635.222936	0.512400
42	3.323610	2789.776040	0.505200
43	3.655971	2129.332547	0.502300
44	4.021568	1628.862900	0.497200
45	4.423725	1227.453229	0.499900
46	4.866098	921.560742	0.517000
47	5.352708	671.918486	0.516200
48	5.887978	493.965570	0.500000
49	6.476776	334.781087	0.522700
50	7.124454	200.363527	0.517900


================================================================================
Contenido de: results/svm/annealing/batches/betas00050_iterations10000_c-limit100/2026-08-16_20:39:28-007/summary.txt
================================================================================

B-idx	Beta	Energy	Acceptance
1	0.065633	1418198.942060	0.751200
2	0.072196	1355921.131329	0.746300
3	0.079416	1292625.136423	0.728300
4	0.087358	1228469.908710	0.708400
5	0.096093	1162075.814513	0.697000
6	0.105703	1090268.977934	0.695400
7	0.116273	1019825.771221	0.681300
8	0.127900	952709.919197	0.659400
9	0.140690	883163.866470	0.648400
10	0.154759	815617.562639	0.637600
11	0.170235	746797.136691	0.621400
12	0.187259	680557.681257	0.614000
13	0.205985	614956.085859	0.599600
14	0.226583	551529.173441	0.586300
15	0.249241	493707.184866	0.580100
16	0.274165	436319.644970	0.571900
17	0.301582	382444.534930	0.562700
18	0.331740	333605.525846	0.554500
19	0.364914	290900.818744	0.532200
20	0.401406	248614.326249	0.536100
21	0.441546	212285.091245	0.515100
22	0.485701	179329.843693	0.510100
23	0.534271	149643.521018	0.499600
24	0.587698	126051.552509	0.504900
25	0.646468	106069.371856	0.487100
26	0.711114	89262.964715	0.504100
27	0.782226	74638.434693	0.497800
28	0.860449	62726.697398	0.498800
29	0.946493	53040.633877	0.504000
30	1.041143	45100.891674	0.492300
31	1.145257	38006.551659	0.507400
32	1.259783	32282.111302	0.501100
33	1.385761	27110.145705	0.492800
34	1.524337	22426.967697	0.503300
35	1.676771	18646.952569	0.491100
36	1.844448	15391.799016	0.494700
37	2.028893	12774.031203	0.504700
38	2.231782	10659.865876	0.495100
39	2.454960	8683.501202	0.498600
40	2.700456	7077.266937	0.503600
41	2.970502	5790.717143	0.501700
42	3.267552	4603.825965	0.502600
43	3.594307	3718.360847	0.492400
44	3.953738	2972.526360	0.498800
45	4.349111	2351.604027	0.505500
46	4.784023	1829.959149	0.504300
47	5.262425	1369.722936	0.500600
48	5.788667	1038.039516	0.488600
49	6.367534	780.210782	0.506400
50	7.004288	546.335547	0.503400


================================================================================
Contenido de: results/svm/annealing/batches/betas00050_iterations10000_c-limit100/2026-08-16_20:39:28-008/summary.txt
================================================================================

B-idx	Beta	Energy	Acceptance
1	0.067924	1305622.812159	0.755100
2	0.074716	1246122.183791	0.745400
3	0.082188	1185561.829989	0.731100
4	0.090407	1124625.554510	0.715100
5	0.099447	1061556.982781	0.692900
6	0.109392	995133.110392	0.686300
7	0.120331	927908.854058	0.683600
8	0.132364	860320.465372	0.667400
9	0.145601	797020.452373	0.649900
10	0.160161	735992.069650	0.634700
11	0.176177	673417.168702	0.626400
12	0.193795	610340.002063	0.619700
13	0.213174	549173.482224	0.598500
14	0.234491	492762.384120	0.588400
15	0.257940	437884.041516	0.581100
16	0.283735	386405.783470	0.564800
17	0.312108	337652.785545	0.552100
18	0.343319	293292.355934	0.545200
19	0.377651	252554.218317	0.533800
20	0.415416	215493.698038	0.534400
21	0.456957	182206.772370	0.522600
22	0.502653	151540.233420	0.505600
23	0.552918	125336.898033	0.491900
24	0.608210	105003.838281	0.501600
25	0.669031	87360.923787	0.490500
26	0.735934	73905.817168	0.492200
27	0.809528	62703.267927	0.488800
28	0.890481	53603.379877	0.506400
29	0.979529	45461.909720	0.503300
30	1.077481	38321.012102	0.502100
31	1.185230	32025.165993	0.483200
32	1.303753	26548.285522	0.493700
33	1.434128	22269.971138	0.498600
34	1.577541	18605.264718	0.511500
35	1.735295	15485.570714	0.497400
36	1.908824	12895.091412	0.512800
37	2.099706	10682.218060	0.499000
38	2.309677	8681.803492	0.507000
39	2.540645	7074.426908	0.505900
40	2.794709	5665.946129	0.490600
41	3.074180	4478.900884	0.510600
42	3.381598	3532.081348	0.497200
43	3.719758	2722.143518	0.514400
44	4.091734	2091.484727	0.504400
45	4.500907	1650.117966	0.498400
46	4.950998	1266.412864	0.511500
47	5.446098	961.630440	0.507800
48	5.990708	703.338920	0.503700
49	6.589778	513.086370	0.502200
50	7.248756	360.672801	0.498900


================================================================================
Contenido de: results/svm/annealing/batches/betas00050_iterations10000_c-limit100/2026-08-16_20:39:28-009/summary.txt
================================================================================

B-idx	Beta	Energy	Acceptance
1	0.067919	1325726.434069	0.764400
2	0.074711	1268992.046977	0.744300
3	0.082182	1209041.342578	0.730400
4	0.090400	1145836.485194	0.722300
5	0.099440	1081491.690413	0.706700
6	0.109384	1016991.919224	0.680600
7	0.120322	951795.995814	0.678800
8	0.132354	888087.864781	0.658200
9	0.145590	821689.126367	0.647100
10	0.160149	757693.419952	0.641800
11	0.176164	694243.006811	0.627500
12	0.193780	633629.629352	0.602300
13	0.213158	572708.188377	0.602900
14	0.234474	512265.385789	0.603300
15	0.257921	455072.955782	0.579300
16	0.283713	400493.045791	0.584800
17	0.312085	350274.599895	0.559900
18	0.343293	304177.910588	0.550400
19	0.377622	261931.067422	0.540600
20	0.415385	222829.474412	0.525400
21	0.456923	187992.453101	0.525600
22	0.502615	157600.462425	0.508900
23	0.552877	130368.983732	0.502700
24	0.608165	106982.807559	0.498400
25	0.668981	88975.778083	0.494900
26	0.735879	74870.813541	0.498200
27	0.809467	63346.554754	0.509300
28	0.890414	53418.592071	0.496700
29	0.979455	44782.329541	0.505800
30	1.077401	37278.254539	0.496300
31	1.185141	31118.921459	0.518800
32	1.303655	25998.709291	0.495200
33	1.434021	21761.878024	0.510800
34	1.577423	17835.870423	0.497800
35	1.735165	14906.522894	0.503400
36	1.908681	12202.194464	0.493200
37	2.099550	9862.533378	0.508200
38	2.309505	7983.211836	0.510500
39	2.540455	6377.798819	0.501300
40	2.794501	5064.640542	0.495000
41	3.073951	3940.260558	0.498200
42	3.381346	2986.309711	0.520900
43	3.719480	2320.556108	0.502400
44	4.091428	1771.407616	0.504500
45	4.500571	1337.536007	0.491300
46	4.950628	971.880604	0.517400
47	5.445691	683.231175	0.518000
48	5.990260	451.505517	0.496300
49	6.589286	308.076040	0.508300
50	7.248215	162.500785	0.519700


================================================================================
Contenido de: results/svm/annealing/batches/betas00050_iterations10000_c-limit100/2026-08-17_11:11:06-000/summary.txt
================================================================================

B-idx	Beta	Energy	Acceptance
1	0.065880	1393898.222140	0.757200
2	0.072468	1335796.665325	0.747300
3	0.079715	1273589.367770	0.736100
4	0.087687	1209437.055519	0.713100
5	0.096455	1142184.120136	0.710700
6	0.106101	1075066.600586	0.686700
7	0.116711	1007867.642597	0.674100
8	0.128382	940183.144551	0.659400
9	0.141220	872563.274524	0.640200
10	0.155342	808828.507565	0.629400
11	0.170876	737961.329693	0.626500
12	0.187964	675888.655859	0.605400
13	0.206760	610459.097356	0.602600
14	0.227436	549026.698332	0.588500
15	0.250180	490482.607644	0.579200
16	0.275198	435698.116249	0.568000
17	0.302718	382310.073440	0.564600
18	0.332990	334244.054098	0.541800
19	0.366289	289290.426804	0.533800
20	0.402917	246483.761458	0.539100
21	0.443209	207235.984341	0.524700
22	0.487530	175282.684205	0.514600
23	0.536283	145400.311462	0.508000
24	0.589911	120094.562444	0.500200
25	0.648903	98498.863310	0.492800
26	0.713793	81947.704347	0.487300
27	0.785172	68109.299524	0.507400
28	0.863689	56448.959766	0.496500
29	0.950058	46757.299453	0.495300
30	1.045064	38861.364850	0.509100
31	1.149571	32286.996795	0.502800
32	1.264528	26352.037714	0.496000
33	1.390980	21615.931679	0.500600
34	1.530078	17664.232085	0.506700
35	1.683086	14174.391159	0.507000
36	1.851395	11300.779829	0.491200
37	2.036534	8974.623024	0.496500
38	2.240188	7086.075525	0.512000
39	2.464207	5364.895678	0.512400
40	2.710627	4143.962822	0.494200
41	2.981690	3131.862702	0.509500
42	3.279859	2382.927930	0.502400
43	3.607845	1822.540400	0.504800
44	3.968629	1369.932621	0.496700
45	4.365492	1000.861942	0.508100
46	4.802041	731.498316	0.485500
47	5.282246	546.154958	0.509100
48	5.810470	361.464216	0.501900
49	6.391517	213.437762	0.490200
50	7.030669	110.264654	0.503000


================================================================================
Contenido de: results/svm/annealing/batches/betas00050_iterations10000_c-limit100/2026-08-17_11:11:06-001/summary.txt
================================================================================

B-idx	Beta	Energy	Acceptance
1	0.067702	1345712.812628	0.754900
2	0.074472	1287704.479044	0.741300
3	0.081919	1229863.182327	0.723100
4	0.090111	1165630.968702	0.706300
5	0.099122	1098588.842418	0.702100
6	0.109034	1036272.749490	0.687900
7	0.119938	968512.166084	0.672500
8	0.131932	901426.960106	0.652800
9	0.145125	836055.369357	0.650200
10	0.159637	769483.162020	0.640500
11	0.175601	702309.045465	0.626800
12	0.193161	636558.435189	0.602800
13	0.212477	576029.548630	0.597100
14	0.233725	515591.977910	0.588200
15	0.257098	458463.939011	0.581100
16	0.282807	405203.794896	0.573200
17	0.311088	355114.953573	0.557300
18	0.342197	307844.783021	0.550600
19	0.376416	265133.160692	0.532700
20	0.414058	224697.182095	0.533500
21	0.455464	190333.203464	0.516200
22	0.501010	160393.712165	0.513500
23	0.551111	132133.626863	0.509900
24	0.606223	108167.882111	0.496700
25	0.666845	90060.285496	0.495400
26	0.733529	75786.525822	0.500800
27	0.806882	63426.595411	0.498400
28	0.887570	52770.125541	0.504500
29	0.976327	44290.978415	0.490700
30	1.073960	37220.402454	0.505700
31	1.181356	30835.697697	0.499200
32	1.299492	25796.265851	0.503600
33	1.429441	21319.535587	0.497900
34	1.572385	17719.386185	0.499900
35	1.729624	14532.178759	0.523400
36	1.902586	11921.575703	0.511500
37	2.092845	9711.788401	0.498600
38	2.302129	7974.792785	0.509400
39	2.532342	6382.786776	0.503400
40	2.785576	5102.842856	0.500800
41	3.064134	3993.511381	0.490100
42	3.370547	3081.721849	0.505100
43	3.707602	2418.174407	0.493100
44	4.078362	1860.014740	0.501700
45	4.486198	1429.083530	0.498400
46	4.934818	1078.159913	0.512700
47	5.428300	757.741321	0.505300
48	5.971130	534.482105	0.497800
49	6.568243	365.631449	0.503400
50	7.225067	225.464446	0.500800


================================================================================
Contenido de: results/svm/annealing/batches/betas00050_iterations10000_c-limit100/2026-08-17_11:11:06-002/summary.txt
================================================================================

B-idx	Beta	Energy	Acceptance
1	0.064808	1405453.276975	0.761800
2	0.071289	1344452.750244	0.744800
3	0.078418	1282827.438959	0.730400
4	0.086260	1217555.790153	0.718300
5	0.094886	1151068.909613	0.704400
6	0.104374	1082896.290263	0.684200
7	0.114812	1014869.342322	0.675000
8	0.126293	945254.630169	0.660000
9	0.138922	878037.518594	0.649300
10	0.152814	809587.334788	0.630000
11	0.168096	745076.345939	0.628900
12	0.184905	678518.160806	0.615100
13	0.203396	613952.888401	0.590000
14	0.223735	549862.791000	0.590400
15	0.246109	489562.147474	0.590700
16	0.270720	434639.976228	0.571400
17	0.297791	381348.997686	0.557700
18	0.327571	329289.344295	0.556200
19	0.360328	285197.490188	0.533800
20	0.396360	243111.804506	0.534000
21	0.435997	205517.154342	0.534100
22	0.479596	171475.035445	0.515600
23	0.527556	142618.600758	0.507300
24	0.580311	117494.246637	0.508600
25	0.638343	95938.894543	0.483500
26	0.702177	79375.902796	0.490100
27	0.772394	65882.441500	0.495100
28	0.849634	55519.278071	0.505200
29	0.934597	46477.851987	0.491000
30	1.028057	39200.341301	0.503900
31	1.130863	32573.550535	0.494100
32	1.243949	27315.428897	0.495900
33	1.368344	23080.044935	0.509000
34	1.505178	19348.870072	0.505200
35	1.655696	15948.649292	0.492300
36	1.821266	13104.736512	0.501500
37	2.003392	10718.651581	0.490700
38	2.203731	8804.249479	0.502900
39	2.424105	7221.129843	0.497900
40	2.666515	5756.740521	0.501000
41	2.933167	4529.467528	0.500200
42	3.226483	3597.163950	0.487800
43	3.549132	2772.600513	0.489500
44	3.904045	2199.947730	0.504100
45	4.294449	1738.114690	0.500700
46	4.723894	1308.295605	0.495700
47	5.196284	986.386649	0.514200
48	5.715912	720.789852	0.500100
49	6.287503	504.146563	0.489700
50	6.916253	363.695249	0.506200


================================================================================
Contenido de: results/svm/annealing/batches/betas00050_iterations10000_c-limit100/2026-08-17_11:11:06-003/summary.txt
================================================================================

B-idx	Beta	Energy	Acceptance
1	0.065516	1425033.931433	0.758200
2	0.072068	1364642.816680	0.739700
3	0.079275	1301538.823768	0.731200
4	0.087202	1237810.193755	0.706300
5	0.095922	1170424.722656	0.703400
6	0.105515	1103727.180320	0.681000
7	0.116066	1034407.074622	0.668200
8	0.127673	963086.797200	0.666900
9	0.140440	891557.487787	0.644700
10	0.154484	820658.953651	0.635700
11	0.169932	748342.920921	0.628500
12	0.186925	680439.410966	0.610300
13	0.205618	615203.491390	0.605500
14	0.226180	552941.252378	0.590800
15	0.248798	493327.485243	0.580600
16	0.273678	433443.723517	0.584400
17	0.301045	380757.121611	0.553200
18	0.331150	331154.409010	0.548400
19	0.364265	285902.098788	0.530900
20	0.400691	243553.131720	0.530100
21	0.440760	206465.490602	0.516700
22	0.484837	174508.223054	0.500700
23	0.533320	145382.680608	0.500700
24	0.586652	120467.324824	0.493200
25	0.645317	101082.731477	0.490800
26	0.709849	83636.013622	0.505700
27	0.780834	69428.474162	0.507600
28	0.858918	57375.609315	0.495100
29	0.944809	47811.273080	0.499600
30	1.039290	40281.972391	0.502300
31	1.143219	33925.143302	0.498900
32	1.257541	28511.267473	0.493900
33	1.383295	23850.525094	0.505900
34	1.521625	19704.067996	0.496600
35	1.673787	16434.180490	0.512300
36	1.841166	13652.466089	0.496400
37	2.025283	11194.247944	0.503800
38	2.227811	9038.336243	0.507700
39	2.450592	7321.670623	0.495200
40	2.695651	5842.160097	0.503800
41	2.965216	4695.132568	0.499300
42	3.261738	3759.265418	0.503600
43	3.587912	2936.963031	0.502600
44	3.946703	2211.221930	0.492400
45	4.341373	1740.419296	0.500300
46	4.775510	1345.100113	0.490000
47	5.253061	1012.028043	0.505000
48	5.778367	749.125671	0.496900
49	6.356204	535.672476	0.509100
50	6.991825	358.660730	0.500800


================================================================================
Contenido de: results/svm/annealing/batches/betas00050_iterations10000_c-limit100/2026-08-17_11:11:06-004/summary.txt
================================================================================

B-idx	Beta	Energy	Acceptance
1	0.065598	1400355.090236	0.759400
2	0.072157	1338231.432075	0.739700
3	0.079373	1278497.921806	0.737200
4	0.087310	1214708.783578	0.709000
5	0.096042	1147840.390813	0.705400
6	0.105646	1081550.832729	0.689200
7	0.116210	1012878.098235	0.669200
8	0.127831	942389.477690	0.670900
9	0.140614	872681.360560	0.646800
10	0.154676	803803.896842	0.638500
11	0.170143	736395.967024	0.627100
12	0.187158	671160.985666	0.605200
13	0.205874	605516.835977	0.603300
14	0.226461	544481.921086	0.583300
15	0.249107	485260.247879	0.579400
16	0.274018	429355.330059	0.570500
17	0.301419	378251.739173	0.555900
18	0.331561	328392.696786	0.541900
19	0.364718	283196.258551	0.541600
20	0.401189	241937.509024	0.534900
21	0.441308	203105.319964	0.531900
22	0.485439	171314.548178	0.507000
23	0.533983	142180.021769	0.501300
24	0.587381	116318.145256	0.504400
25	0.646119	95257.083766	0.483000
26	0.710731	78412.941459	0.492000
27	0.781805	64651.062390	0.498600
28	0.859985	53998.182263	0.498000
29	0.945983	45187.273506	0.503600
30	1.040582	37752.611599	0.515600
31	1.144640	31635.686804	0.496700
32	1.259104	26247.991232	0.503700
33	1.385014	21436.021648	0.502700
34	1.523516	17471.422894	0.493500
35	1.675867	14168.449229	0.487400
36	1.843454	11555.805722	0.508600
37	2.027800	9402.099354	0.498600
38	2.230580	7631.144515	0.503800
39	2.453638	6063.790828	0.505800
40	2.699001	4666.497791	0.505800
41	2.968901	3669.434474	0.501000
42	3.265792	2812.173114	0.487400
43	3.592371	2114.548597	0.495000
44	3.951608	1557.911947	0.507700
45	4.346769	1128.687010	0.505300
46	4.781445	833.387933	0.501800
47	5.259590	595.980403	0.502400
48	5.785549	398.848797	0.498100
49	6.364104	250.492709	0.514000
50	7.000514	131.130655	0.507900


================================================================================
Contenido de: results/svm/annealing/batches/betas00050_iterations10000_c-limit100/2026-08-17_11:11:06-005/summary.txt
================================================================================

B-idx	Beta	Energy	Acceptance
1	0.066902	1357215.568455	0.753300
2	0.073592	1297014.136952	0.749500
3	0.080951	1233191.976844	0.737600
4	0.089047	1170317.482429	0.719300
5	0.097951	1105000.552126	0.707400
6	0.107746	1037538.440882	0.683900
7	0.118521	968215.967629	0.677100
8	0.130373	901609.224360	0.664500
9	0.143410	834277.419922	0.640500
10	0.157751	769011.468277	0.630100
11	0.173526	706294.955533	0.617900
12	0.190879	643245.161988	0.607900
13	0.209967	582565.792676	0.593000
14	0.230964	521137.061186	0.596000
15	0.254060	464120.676552	0.576000
16	0.279466	411778.777309	0.563800
17	0.307413	364152.728005	0.550600
18	0.338154	317525.420959	0.542800
19	0.371969	273825.986209	0.534600
20	0.409166	234572.064784	0.528300
21	0.450083	200026.722286	0.509300
22	0.495091	166495.004607	0.511100
23	0.544600	138335.073218	0.503100
24	0.599060	114588.727130	0.495500
25	0.658967	96615.959048	0.488100
26	0.724863	81138.693301	0.494200
27	0.797349	68480.408675	0.506200
28	0.877084	57272.739475	0.502900
29	0.964793	47882.693518	0.487300
30	1.061272	40464.458443	0.493000
31	1.167399	33817.495696	0.507300
32	1.284139	28506.530316	0.503300
33	1.412553	23721.334525	0.491200
34	1.553809	19874.496107	0.496500
35	1.709189	16608.127408	0.497100
36	1.880108	13749.404137	0.508800
37	2.068119	11293.701180	0.510600
38	2.274931	9294.955141	0.504400
39	2.502424	7621.570212	0.485200
40	2.752667	6172.722248	0.496000
41	3.027933	4956.786972	0.500200
42	3.330727	3954.574082	0.491100
43	3.663799	3126.545386	0.505900
44	4.030179	2468.322255	0.505900
45	4.433197	1938.663612	0.493300
46	4.876517	1491.096191	0.510200
47	5.364169	1123.912099	0.500900
48	5.900586	844.519670	0.505700
49	6.490644	590.776078	0.493900
50	7.139708	403.253582	0.504800


================================================================================
Contenido de: results/svm/annealing/batches/betas00050_iterations10000_c-limit100/2026-08-17_11:11:06-006/summary.txt
================================================================================

B-idx	Beta	Energy	Acceptance
1	0.065980	1396561.486749	0.760200
2	0.072578	1334803.241928	0.750200
3	0.079835	1274430.316144	0.724100
4	0.087819	1207086.368013	0.726600
5	0.096601	1140334.535407	0.699800
6	0.106261	1071198.610447	0.686600
7	0.116887	1001564.094559	0.669000
8	0.128576	931719.689136	0.655300
9	0.141433	861684.210889	0.655800
10	0.155576	793969.314195	0.637600
11	0.171134	727794.579601	0.635000
12	0.188247	660672.582582	0.618600
13	0.207072	595528.940916	0.605100
14	0.227779	535289.618289	0.589100
15	0.250557	478214.130035	0.579900
16	0.275613	421275.799044	0.574500
17	0.303174	371251.406672	0.557800
18	0.333492	323556.975075	0.547000
19	0.366841	278685.239004	0.534900
20	0.403525	238960.387076	0.531700
21	0.443878	201948.820066	0.519100
22	0.488265	169057.525965	0.515300
23	0.537092	140920.942888	0.496700
24	0.590801	116839.134502	0.511800
25	0.649881	96525.166786	0.498900
26	0.714869	80268.890942	0.502800
27	0.786356	67104.137281	0.484700
28	0.864992	56310.990461	0.502000
29	0.951491	47189.911129	0.484600
30	1.046640	39675.810038	0.490500
31	1.151304	33584.007957	0.493500
32	1.266435	28694.554409	0.509800
33	1.393078	24176.356580	0.499300
34	1.532386	20441.313346	0.513600
35	1.685625	17144.567325	0.500800
36	1.854187	14250.691739	0.500700
37	2.039606	11668.916378	0.490100
38	2.243567	9557.834922	0.505600
39	2.467923	7660.765100	0.497100
40	2.714716	6106.122696	0.501100
41	2.986187	4905.346875	0.502900
42	3.284806	3838.101307	0.492900
43	3.613286	2997.617929	0.491400
44	3.974615	2365.014959	0.507800
45	4.372077	1819.480401	0.512900
46	4.809284	1393.269491	0.485900
47	5.290213	1077.461916	0.507200
48	5.819234	805.521382	0.506200
49	6.401157	576.816153	0.493300
50	7.041273	401.717695	0.513000


================================================================================
Contenido de: results/svm/annealing/batches/betas00050_iterations10000_c-limit100/2026-08-17_11:11:06-007/summary.txt
================================================================================

B-idx	Beta	Energy	Acceptance
1	0.066859	1340256.981260	0.760700
2	0.073545	1280211.774426	0.742800
3	0.080899	1215211.146451	0.735000
4	0.088989	1150387.181849	0.716100
5	0.097888	1088052.646336	0.696100
6	0.107677	1019296.545771	0.684800
7	0.118445	952310.603099	0.669900
8	0.130289	886967.011530	0.666000
9	0.143318	818568.308555	0.652700
10	0.157650	752644.473622	0.641500
11	0.173415	686644.458170	0.628000
12	0.190757	624304.339143	0.605200
13	0.209832	561294.831533	0.598500
14	0.230816	500576.916756	0.599900
15	0.253897	443664.608056	0.588000
16	0.279287	390984.471675	0.568300
17	0.307216	342309.115076	0.556400
18	0.337937	295808.644138	0.551800
19	0.371731	253382.129175	0.538500
20	0.408904	215896.342805	0.539500
21	0.449794	180489.524237	0.530600
22	0.494774	149228.560148	0.521100
23	0.544251	122717.212327	0.510600
24	0.598676	101352.176596	0.491800
25	0.658544	82994.327954	0.510300
26	0.724398	68604.758272	0.503200
27	0.796838	55629.821256	0.489600
28	0.876522	45460.007050	0.494500
29	0.964174	37473.439153	0.503500
30	1.060591	30895.513411	0.491500
31	1.166650	25686.863112	0.504000
32	1.283315	21032.798295	0.499100
33	1.411647	17160.068311	0.511800
34	1.552812	13952.537144	0.512200
35	1.708093	11116.289172	0.499200
36	1.878902	8796.560695	0.508500
37	2.066792	7038.738469	0.498200
38	2.273472	5599.243866	0.506200
39	2.500819	4329.338152	0.507200
40	2.750901	3304.082465	0.507200
41	3.025991	2524.285413	0.497100
42	3.328590	1901.318804	0.505700
43	3.661449	1446.723436	0.493700
44	4.027594	1045.666255	0.514100
45	4.430353	769.889862	0.502000
46	4.873388	569.326090	0.499500
47	5.360727	406.306592	0.509100
48	5.896800	261.660164	0.508000
49	6.486480	134.248213	0.522400
50	7.135128	54.807395	0.499300


================================================================================
Contenido de: results/svm/annealing/batches/betas00050_iterations10000_c-limit100/2026-08-17_11:11:06-008/summary.txt
================================================================================

B-idx	Beta	Energy	Acceptance
1	0.065475	1361615.838157	0.763000
2	0.072023	1303582.891792	0.750800
3	0.079225	1242024.432920	0.729900
4	0.087148	1177731.338501	0.720100
5	0.095863	1111193.548968	0.708500
6	0.105449	1043974.688357	0.690400
7	0.115994	979281.047752	0.670100
8	0.127593	912273.886671	0.669300
9	0.140352	844812.164233	0.649500
10	0.154388	778702.929469	0.646000
11	0.169826	714364.172784	0.626800
12	0.186809	651584.694182	0.616900
13	0.205490	589363.457668	0.599200
14	0.226039	528584.487257	0.593700
15	0.248643	470547.157650	0.583500
16	0.273507	419080.570052	0.568000
17	0.300858	368906.261969	0.559200
18	0.330944	320045.932354	0.547500
19	0.364038	276027.303862	0.543100
20	0.400442	235912.467776	0.526600
21	0.440486	197336.446409	0.533200
22	0.484535	165564.913631	0.507900
23	0.532988	137490.465075	0.504800
24	0.586287	113485.397350	0.492300
25	0.644916	93802.055406	0.500300
26	0.709407	77355.002220	0.492400
27	0.780348	64041.171607	0.496000
28	0.858383	54067.673146	0.507200
29	0.944221	44920.667000	0.503100
30	1.038643	37139.999295	0.498200
31	1.142507	31098.780190	0.499000
32	1.256758	26087.452135	0.505100
33	1.382434	21727.464830	0.502600
34	1.520677	17770.465229	0.490700
35	1.672745	14587.847284	0.499800
36	1.840020	12037.821259	0.520700
37	2.024022	10039.459400	0.501300
38	2.226424	8157.835324	0.499200
39	2.449066	6653.256002	0.497700
40	2.693973	5296.872432	0.523900
41	2.963370	4150.333037	0.507800
42	3.259707	3337.298569	0.507400
43	3.585678	2609.330666	0.490000
44	3.944246	2080.439509	0.497900
45	4.338670	1629.529885	0.510800
46	4.772537	1193.772638	0.506000
47	5.249791	897.732257	0.497900
48	5.774770	647.607885	0.513300
49	6.352247	456.280103	0.501100
50	6.987472	310.835916	0.504600


================================================================================
Contenido de: results/svm/annealing/batches/betas00050_iterations10000_c-limit100/2026-08-17_11:11:06-009/summary.txt
================================================================================

B-idx	Beta	Energy	Acceptance
1	0.065875	1377433.385205	0.767700
2	0.072463	1319951.091729	0.741100
3	0.079709	1258902.491727	0.732600
4	0.087680	1195981.815807	0.725400
5	0.096448	1129373.177796	0.706700
6	0.106093	1060258.995177	0.692600
7	0.116702	989171.384154	0.681000
8	0.128372	920621.941882	0.664900
9	0.141209	854076.021918	0.642300
10	0.155330	787379.385412	0.637200
11	0.170863	721499.440474	0.624100
12	0.187950	654647.556306	0.614500
13	0.206745	592288.799133	0.600900
14	0.227419	532006.361570	0.587900
15	0.250161	474970.875229	0.580400
16	0.275177	420751.614985	0.566800
17	0.302695	366265.065580	0.571900
18	0.332964	317925.233535	0.556400
19	0.366261	273353.465421	0.543900
20	0.402887	234051.395382	0.532900
21	0.443176	197085.641207	0.532400
22	0.487493	163356.172418	0.524700
23	0.536242	134311.622890	0.512700
24	0.589867	109461.602170	0.507600
25	0.648853	89688.705582	0.489300
26	0.713739	72386.120675	0.501900
27	0.785113	58816.655127	0.492100
28	0.863624	48536.790782	0.496700
29	0.949986	39808.928301	0.498300
30	1.044985	33456.719067	0.506200
31	1.149483	27667.595585	0.497800
32	1.264432	22623.700905	0.512200
33	1.390875	18552.109485	0.510900
34	1.529962	14880.880650	0.507100
35	1.682959	12038.971606	0.500000
36	1.851254	9646.961854	0.513500
37	2.036380	7745.356174	0.502300
38	2.240018	6153.014304	0.499300
39	2.464020	4820.539799	0.495300
40	2.710422	3700.129845	0.514900
41	2.981464	2847.029226	0.508900
42	3.279610	2207.218524	0.503500
43	3.607571	1617.691108	0.507300
44	3.968328	1202.491847	0.498300
45	4.365161	892.845617	0.508300
46	4.801677	618.313008	0.499100
47	5.281845	442.066992	0.513300
48	5.810029	287.809871	0.507300
49	6.391032	164.990091	0.498300
50	7.030136	71.664956	0.496200


================================================================================
Contenido de: results/svm/annealing/batches/betas00050_iterations50000/2026-08-11_11:55:34/summary.txt
================================================================================

B-idx	Beta	Energy	Acceptance
1	48.293655	-38.054788	0.577720
2	53.123021	-39.938413	0.565200
3	58.435323	-40.566874	0.557760
4	64.278855	-42.727784	0.556040
5	70.706741	-43.550826	0.545040
6	77.777415	-44.109009	0.539360
7	85.555156	-44.542025	0.534360
8	94.110672	-45.684034	0.521060
9	103.521739	-46.406387	0.517960
10	113.873913	-47.177774	0.512960
11	125.261304	-47.933272	0.506120
12	137.787434	-48.297904	0.503620
13	151.566178	-48.930018	0.488040
14	166.722796	-49.267887	0.480580
15	183.395075	-49.606364	0.481560
16	201.734583	-50.138033	0.481780
17	221.908041	-50.509929	0.475440
18	244.098845	-50.898729	0.468380
19	268.508730	-51.090835	0.466160
20	295.359603	-51.298282	0.460440
21	324.895563	-51.732653	0.457060
22	357.385119	-52.105835	0.451240
23	393.123631	-52.522286	0.453140
24	432.435994	-52.530434	0.449480
25	475.679594	-52.828163	0.446600
26	523.247553	-52.900047	0.442620
27	575.572308	-53.162868	0.433560
28	633.129539	-53.338781	0.434860
29	696.442493	-53.537457	0.430900
30	766.086742	-53.730993	0.424520
31	842.695417	-53.801894	0.421400
32	926.964958	-53.943364	0.417100
33	1019.661454	-54.045142	0.416520
34	1121.627600	-54.212410	0.416900
35	1233.790360	-54.287896	0.415600
36	1357.169396	-54.367257	0.403200
37	1492.886335	-54.484510	0.402520
38	1642.174969	-54.587011	0.403820
39	1806.392466	-54.608918	0.399940
40	1987.031712	-54.676744	0.400720
41	2185.734883	-54.760836	0.396840
42	2404.308372	-54.822762	0.392080
43	2644.739209	-54.836078	0.388920
44	2909.213130	-54.913776	0.387400
45	3200.134443	-54.957737	0.386380
46	3520.147887	-54.996382	0.384660
47	3872.162676	-55.034229	0.381020
48	4259.378943	-55.073378	0.384280
49	4685.316837	-55.112488	0.382840
50	5153.848521	-55.133066	0.375680


================================================================================
Contenido de: results/svm/annealing/batches/betas00100_iterations00010/2026-08-10_16:14:12/summary.txt
================================================================================

B-idx	Beta	Energy	Acceptance
1	2019.614868	-0.003887	1.000000
2	2221.576355	-0.010180	1.000000
3	2443.733990	-0.014521	1.000000
4	2688.107389	-0.019902	1.000000
5	2956.918128	-0.026804	1.000000
6	3252.609941	-0.033066	1.000000
7	3577.870935	-0.037737	1.000000
8	3935.658028	-0.045841	1.000000
9	4329.223831	-0.051131	1.000000
10	4762.146214	-0.057219	1.000000
11	5238.360836	-0.062788	1.000000
12	5762.196919	-0.068526	1.000000
13	6338.416611	-0.074921	1.000000
14	6972.258272	-0.080284	1.000000
15	7669.484100	-0.085113	1.000000
16	8436.432509	-0.095157	1.000000
17	9280.075760	-0.101977	1.000000
18	10208.083336	-0.111041	1.000000
19	11228.891670	-0.119417	1.000000
20	12351.780837	-0.124507	0.900000
21	13586.958921	-0.129853	1.000000
22	14945.654813	-0.137548	1.000000
23	16440.220294	-0.148087	1.000000
24	18084.242324	-0.157297	1.000000
25	19892.666556	-0.163420	1.000000
26	21881.933212	-0.176288	1.000000
27	24070.126533	-0.189703	1.000000
28	26477.139186	-0.202790	1.000000
29	29124.853105	-0.207766	1.000000
30	32037.338415	-0.223337	1.000000
31	35241.072257	-0.237401	1.000000
32	38765.179482	-0.250591	0.900000
33	42641.697431	-0.260997	1.000000
34	46905.867174	-0.274508	1.000000
35	51596.453891	-0.289141	0.900000
36	56756.099280	-0.297656	0.900000
37	62431.709208	-0.308965	1.000000
38	68674.880129	-0.322872	1.000000
39	75542.368142	-0.352103	1.000000
40	83096.604956	-0.370091	1.000000
41	91406.265452	-0.389101	0.900000
42	100546.891997	-0.409606	1.000000
43	110601.581196	-0.428872	1.000000
44	121661.739316	-0.454203	1.000000
45	133827.913248	-0.461592	0.900000
46	147210.704572	-0.490574	0.900000
47	161931.775030	-0.521777	1.000000
48	178124.952532	-0.536564	1.000000
49	195937.447786	-0.547352	0.900000
50	215531.192564	-0.602367	1.000000
51	237084.311821	-0.620488	0.900000
52	260792.743003	-0.647616	1.000000
53	286872.017303	-0.664464	0.900000
54	315559.219033	-0.696593	1.000000
55	347115.140937	-0.735427	0.900000
56	381826.655030	-0.775455	0.900000
57	420009.320533	-0.819545	1.000000
58	462010.252587	-0.859046	1.000000
59	508211.277845	-0.882516	0.700000
60	559032.405630	-0.921166	0.900000
61	614935.646193	-0.985449	1.000000
62	676429.210812	-1.018710	1.000000
63	744072.131894	-1.040293	0.600000
64	818479.345083	-1.078768	0.900000
65	900327.279591	-1.110356	0.800000
66	990360.007550	-1.157737	0.700000
67	1089396.008305	-1.251745	1.000000
68	1198335.609136	-1.322664	0.900000
69	1318169.170050	-1.364970	0.700000
70	1449986.087055	-1.427786	0.800000
71	1594984.695760	-1.500965	0.800000
72	1754483.165336	-1.556962	0.800000
73	1929931.481870	-1.642461	1.000000
74	2122924.630057	-1.727508	0.700000
75	2335217.093062	-1.776656	0.800000
76	2568738.802368	-1.859377	0.800000
77	2825612.682605	-1.922491	0.800000
78	3108173.950866	-2.026341	0.900000
79	3418991.345952	-2.124845	0.900000
80	3760890.480548	-2.183861	0.500000
81	4136979.528602	-2.255994	0.900000
82	4550677.481463	-2.364723	0.600000
83	5005745.229609	-2.461536	0.900000
84	5506319.752570	-2.615432	0.900000
85	6056951.727827	-2.772238	0.700000
86	6662646.900609	-2.906779	0.800000
87	7328911.590670	-3.032838	1.000000
88	8061802.749737	-3.196842	0.600000
89	8867983.024711	-3.371771	0.900000
90	9754781.327182	-3.431540	0.500000
91	10730259.459900	-3.529775	0.900000
92	11803285.405890	-3.624061	0.700000
93	12983613.946479	-3.751569	0.600000
94	14281975.341127	-3.884925	0.900000
95	15710172.875240	-4.074921	0.700000
96	17281190.162764	-4.185539	0.700000
97	19009309.179040	-4.381296	0.700000
98	20910240.096944	-4.579610	0.800000
99	23001264.106639	-4.622642	0.600000
100	25301390.517303	-4.896428	1.000000


================================================================================
Contenido de: results/svm/annealing/batches/betas00100_iterations00100/2026-08-10_16:14:46/summary.txt
================================================================================

B-idx	Beta	Energy	Acceptance
1	2067.016711	-0.044009	0.990000
2	2273.718382	-0.086005	1.000000
3	2501.090221	-0.123422	1.000000
4	2751.199243	-0.151067	0.990000
5	3026.319167	-0.181818	1.000000
6	3328.951084	-0.213199	0.990000
7	3661.846192	-0.247950	1.000000
8	4028.030811	-0.289056	0.990000
9	4430.833892	-0.321619	0.970000
10	4873.917282	-0.344033	0.980000
11	5361.309010	-0.379966	0.990000
12	5897.439911	-0.414858	0.980000
13	6487.183902	-0.443497	0.980000
14	7135.902292	-0.470791	0.980000
15	7849.492521	-0.507676	0.940000
16	8634.441773	-0.541053	0.940000
17	9497.885951	-0.575797	0.960000
18	10447.674546	-0.614055	0.950000
19	11492.442000	-0.644237	0.950000
20	12641.686200	-0.683482	0.960000
21	13905.854820	-0.723715	0.960000
22	15296.440302	-0.755022	0.920000
23	16826.084332	-0.795381	0.930000
24	18508.692766	-0.847708	0.960000
25	20359.562042	-0.897193	0.940000
26	22395.518246	-0.947466	0.960000
27	24635.070071	-0.993532	0.960000
28	27098.577078	-1.040805	0.880000
29	29808.434786	-1.099614	0.890000
30	32789.278265	-1.163782	0.910000
31	36068.206091	-1.219636	0.910000
32	39675.026700	-1.292019	0.860000
33	43642.529370	-1.392337	0.910000
34	48006.782307	-1.466887	0.860000
35	52807.460538	-1.550374	0.870000
36	58088.206592	-1.638636	0.880000
37	63897.027251	-1.726872	0.780000
38	70286.729976	-1.808049	0.860000
39	77315.402974	-1.887298	0.830000
40	85046.943271	-1.988655	0.800000
41	93551.637598	-2.074262	0.790000
42	102906.801358	-2.195071	0.830000
43	113197.481494	-2.312915	0.790000
44	124517.229643	-2.426824	0.720000
45	136968.952608	-2.533682	0.730000
46	150665.847868	-2.652770	0.720000
47	165732.432655	-2.802003	0.770000
48	182305.675921	-2.979359	0.720000
49	200536.243513	-3.105217	0.720000
50	220589.867864	-3.243419	0.740000
51	242648.854651	-3.374002	0.700000
52	266913.740116	-3.594151	0.750000
53	293605.114127	-3.788738	0.690000
54	322965.625540	-3.951231	0.600000
55	355262.188094	-4.198503	0.680000
56	390788.406903	-4.391220	0.600000
57	429867.247594	-4.567702	0.520000
58	472853.972353	-4.752678	0.650000
59	520139.369588	-4.982266	0.670000
60	572153.306547	-5.133839	0.620000
61	629368.637202	-5.334270	0.670000
62	692305.500922	-5.629067	0.580000
63	761536.051014	-5.993705	0.560000
64	837689.656116	-6.299185	0.600000
65	921458.621727	-6.642015	0.710000
66	1013604.483900	-6.988013	0.660000
67	1114964.932290	-7.345285	0.590000
68	1226461.425519	-7.572938	0.540000
69	1349107.568071	-7.843232	0.580000
70	1484018.324878	-8.167587	0.590000
71	1632420.157366	-8.546645	0.610000
72	1795662.173102	-8.932715	0.550000
73	1975228.390412	-9.348348	0.660000
74	2172751.229454	-9.763611	0.560000
75	2390026.352399	-10.190802	0.540000
76	2629028.987639	-10.668544	0.620000
77	2891931.886403	-11.040344	0.550000
78	3181125.075043	-11.605303	0.590000
79	3499237.582547	-12.037907	0.610000
80	3849161.340802	-12.637387	0.610000
81	4234077.474882	-13.252033	0.670000
82	4657485.222370	-13.744468	0.560000
83	5123233.744607	-14.338809	0.680000
84	5635557.119068	-14.952691	0.620000
85	6199112.830975	-15.521523	0.550000
86	6819024.114073	-16.102268	0.550000
87	7500926.525480	-16.614955	0.630000
88	8251019.178028	-17.025252	0.620000
89	9076121.095831	-17.540720	0.550000
90	9983733.205414	-18.064163	0.520000
91	10982106.525955	-18.764644	0.560000
92	12080317.178550	-19.441430	0.620000
93	13288348.896405	-20.040690	0.530000
94	14617183.786046	-20.607270	0.590000
95	16078902.164651	-21.165837	0.570000
96	17686792.381116	-21.544174	0.510000
97	19455471.619227	-22.138526	0.570000
98	21401018.781150	-22.586352	0.480000
99	23541120.659265	-23.196606	0.550000
100	25895232.725191	-23.616002	0.540000


================================================================================
Contenido de: results/svm/annealing/batches/betas00100_iterations01000/2026-08-11_10:45:41/summary.txt
================================================================================

B-idx	Beta	Energy	Acceptance
1	1998.761603	-0.253888	0.994000
2	2198.637763	-0.436164	0.982000
3	2418.501539	-0.603573	0.981000
4	2660.351693	-0.750248	0.962000
5	2926.386863	-0.912385	0.951000
6	3219.025549	-1.040820	0.945000
7	3540.928104	-1.200170	0.920000
8	3895.020914	-1.367078	0.933000
9	4284.523006	-1.528510	0.927000
10	4712.975306	-1.680026	0.894000
11	5184.272837	-1.832120	0.883000
12	5702.700121	-2.009414	0.892000
13	6272.970133	-2.196883	0.885000
14	6900.267146	-2.371934	0.860000
15	7590.293861	-2.582004	0.864000
16	8349.323247	-2.777183	0.853000
17	9184.255571	-2.983920	0.826000
18	10102.681129	-3.174141	0.807000
19	11112.949241	-3.404872	0.819000
20	12224.244166	-3.657972	0.816000
21	13446.668582	-3.901719	0.787000
22	14791.335440	-4.146161	0.779000
23	16270.468984	-4.414884	0.763000
24	17897.515883	-4.682739	0.724000
25	19687.267471	-4.950993	0.705000
26	21655.994218	-5.298287	0.706000
27	23821.593640	-5.596726	0.676000
28	26203.753004	-5.885686	0.680000
29	28824.128304	-6.223991	0.651000
30	31706.541135	-6.576433	0.634000
31	34877.195248	-6.946038	0.613000
32	38364.914773	-7.352117	0.621000
33	42201.406250	-7.805732	0.583000
34	46421.546875	-8.178871	0.575000
35	51063.701563	-8.649657	0.577000
36	56170.071719	-9.140413	0.568000
37	61787.078891	-9.651199	0.563000
38	67965.786780	-10.124619	0.532000
39	74762.365458	-10.615314	0.535000
40	82238.602004	-11.211088	0.545000
41	90462.462205	-11.767955	0.503000
42	99508.708425	-12.405826	0.517000
43	109459.579268	-12.997274	0.486000
44	120405.537194	-13.547465	0.512000
45	132446.090914	-14.108909	0.498000
46	145690.700005	-14.607696	0.493000
47	160259.770006	-15.144648	0.526000
48	176285.747006	-15.626205	0.461000
49	193914.321707	-16.122521	0.510000
50	213305.753878	-16.577377	0.511000
51	234636.329265	-17.072059	0.497000
52	258099.962192	-17.500571	0.460000
53	283909.958411	-17.988486	0.495000
54	312300.954252	-18.361351	0.474000
55	343531.049677	-18.762906	0.524000
56	377884.154645	-19.169663	0.486000
57	415672.570110	-19.571372	0.486000
58	457239.827120	-19.917447	0.452000
59	502963.809833	-20.231340	0.506000
60	553260.190816	-20.573193	0.485000
61	608586.209897	-20.908265	0.481000
62	669444.830887	-21.171724	0.495000
63	736389.313976	-21.448499	0.475000
64	810028.245373	-21.704908	0.495000
65	891031.069911	-21.928583	0.466000
66	980134.176902	-22.163960	0.455000
67	1078147.594592	-22.406920	0.511000
68	1185962.354051	-22.643450	0.475000
69	1304558.589456	-22.823858	0.463000
70	1435014.448402	-23.029642	0.509000
71	1578515.893242	-23.219640	0.479000
72	1736367.482566	-23.410762	0.465000
73	1910004.230823	-23.588216	0.486000
74	2101004.653905	-23.779319	0.488000
75	2311105.119296	-23.930103	0.462000
76	2542215.631225	-24.080673	0.486000
77	2796437.194348	-24.231249	0.486000
78	3076080.913783	-24.371827	0.498000
79	3383689.005161	-24.501308	0.500000
80	3722057.905677	-24.619452	0.496000
81	4094263.696245	-24.741824	0.492000
82	4503690.065869	-24.844961	0.438000
83	4954059.072456	-24.940988	0.478000
84	5449464.979702	-25.034714	0.481000
85	5994411.477672	-25.121070	0.465000
86	6593852.625439	-25.207044	0.485000
87	7253237.887983	-25.279645	0.457000
88	7978561.676782	-25.352592	0.462000
89	8776417.844460	-25.421027	0.495000
90	9654059.628906	-25.486984	0.490000
91	10619465.591796	-25.546908	0.481000
92	11681412.150976	-25.607671	0.492000
93	12849553.366074	-25.668263	0.471000
94	14134508.702681	-25.719563	0.467000
95	15547959.572949	-25.769954	0.467000
96	17102755.530244	-25.814684	0.479000
97	18813031.083268	-25.859665	0.468000
98	20694334.191595	-25.905347	0.488000
99	22763767.610755	-25.953194	0.508000
100	25040144.371830	-25.996954	0.466000


================================================================================
Contenido de: results/svm/annealing/batches/betas00100_iterations01000/2026-08-11_11:34:48/summary.txt
================================================================================

B-idx	Beta	Energy	Acceptance
1	151.923757	-24.345035	0.763000
2	167.116133	-26.229805	0.710000
3	183.827746	-28.240653	0.671000
4	202.210520	-30.033636	0.647000
5	222.431572	-31.610133	0.594000
6	244.674730	-32.943713	0.557000
7	269.142203	-34.158992	0.559000
8	296.056423	-35.275491	0.535000
9	325.662065	-36.253602	0.506000
10	358.228272	-37.298018	0.533000
11	394.051099	-38.284439	0.492000
12	433.456209	-39.172085	0.468000
13	476.801830	-39.982580	0.452000
14	524.482013	-40.664244	0.455000
15	576.930214	-41.356353	0.469000
16	634.623235	-41.933203	0.443000
17	698.085559	-42.536855	0.457000
18	767.894115	-43.001493	0.440000
19	844.683526	-43.473206	0.420000
20	929.151879	-43.842124	0.426000
21	1022.067067	-44.283070	0.421000
22	1124.273773	-44.650365	0.430000
23	1236.701151	-45.050145	0.430000
24	1360.371266	-45.404531	0.448000
25	1496.408392	-45.714118	0.413000
26	1646.049232	-45.975899	0.384000
27	1810.654155	-46.221913	0.409000
28	1991.719570	-46.458074	0.422000
29	2190.891527	-46.755227	0.433000
30	2409.980680	-46.998427	0.411000
31	2650.978748	-47.233666	0.407000
32	2916.076623	-47.477408	0.408000
33	3207.684285	-47.685806	0.394000
34	3528.452714	-47.843499	0.399000
35	3881.297985	-48.000112	0.384000
36	4269.427783	-48.153604	0.406000
37	4696.370562	-48.310262	0.392000
38	5166.007618	-48.456581	0.406000
39	5682.608380	-48.590465	0.376000
40	6250.869218	-48.716699	0.371000
41	6875.956139	-48.844520	0.358000
42	7563.551753	-48.993177	0.354000
43	8319.906929	-49.104338	0.388000
44	9151.897622	-49.200902	0.363000
45	10067.087384	-49.308427	0.360000
46	11073.796122	-49.394720	0.338000
47	12181.175734	-49.489801	0.355000
48	13399.293308	-49.563764	0.336000
49	14739.222639	-49.631374	0.346000
50	16213.144902	-49.708434	0.343000
51	17834.459393	-49.777520	0.327000
52	19617.905332	-49.858109	0.375000
53	21579.695865	-49.910281	0.304000
54	23737.665452	-49.968962	0.320000
55	26111.431997	-50.017855	0.342000
56	28722.575197	-50.069493	0.330000
57	31594.832716	-50.121468	0.307000
58	34754.315988	-50.168271	0.299000
59	38229.747587	-50.205594	0.347000
60	42052.722345	-50.245781	0.289000
61	46257.994580	-50.290025	0.330000
62	50883.794038	-50.330508	0.308000
63	55972.173442	-50.362185	0.326000
64	61569.390786	-50.403967	0.318000
65	67726.329864	-50.433887	0.316000
66	74498.962851	-50.458786	0.314000
67	81948.859136	-50.488872	0.294000
68	90143.745049	-50.517189	0.311000
69	99158.119554	-50.538625	0.299000
70	109073.931510	-50.567097	0.329000
71	119981.324661	-50.588190	0.309000
72	131979.457127	-50.609008	0.273000
73	145177.402839	-50.632701	0.305000
74	159695.143123	-50.652302	0.306000
75	175664.657436	-50.672156	0.305000
76	193231.123179	-50.693707	0.293000
77	212554.235497	-50.711328	0.312000
78	233809.659047	-50.725424	0.267000
79	257190.624952	-50.742417	0.305000
80	282909.687447	-50.755236	0.286000
81	311200.656192	-50.771575	0.286000
82	342320.721811	-50.785977	0.299000
83	376552.793992	-50.799074	0.270000
84	414208.073391	-50.809599	0.278000
85	455628.880730	-50.819635	0.282000
86	501191.768803	-50.829951	0.285000
87	551310.945683	-50.839114	0.305000
88	606442.040252	-50.846507	0.239000
89	667086.244277	-50.856440	0.279000
90	733794.868705	-50.863737	0.252000
91	807174.355575	-50.872265	0.279000
92	887891.791133	-50.879783	0.246000
93	976680.970246	-50.887436	0.267000
94	1074349.067271	-50.896292	0.284000
95	1181783.973998	-50.902501	0.244000
96	1299962.371397	-50.909053	0.268000
97	1429958.608537	-50.914222	0.267000
98	1572954.469391	-50.920686	0.274000
99	1730249.916330	-50.925539	0.246000
100	1903274.907963	-50.931497	0.255000


================================================================================
Contenido de: results/svm/annealing/batches/betas00100_iterations01000/2026-08-11_11:37:00/summary.txt
================================================================================

B-idx	Beta	Energy	Acceptance
1	92.638217	-26.499583	0.789000
2	101.902038	-28.830459	0.649000
3	112.092242	-30.768018	0.598000
4	123.301466	-32.114691	0.573000
5	135.631613	-33.159624	0.552000
6	149.194774	-34.310001	0.522000
7	164.114252	-35.360447	0.539000
8	180.525677	-36.305948	0.497000
9	198.578245	-37.509835	0.507000
10	218.436069	-38.414517	0.496000
11	240.279676	-38.955481	0.469000
12	264.307644	-39.448255	0.453000
13	290.738408	-40.359757	0.443000
14	319.812249	-40.984605	0.468000
15	351.793474	-41.824428	0.453000
16	386.972821	-42.357987	0.460000
17	425.670103	-42.793106	0.436000
18	468.237114	-43.482830	0.455000
19	515.060825	-44.005963	0.446000
20	566.566908	-44.518051	0.442000
21	623.223598	-44.864673	0.437000
22	685.545958	-45.297384	0.401000
23	754.100554	-45.737904	0.407000
24	829.510609	-46.222751	0.409000
25	912.461670	-46.564783	0.389000
26	1003.707837	-47.004942	0.397000
27	1104.078621	-47.296197	0.399000
28	1214.486483	-47.550473	0.391000
29	1335.935132	-47.760772	0.412000
30	1469.528645	-48.028457	0.417000
31	1616.481509	-48.222958	0.397000
32	1778.129660	-48.438176	0.397000
33	1955.942626	-48.630061	0.351000
34	2151.536889	-48.849585	0.383000
35	2366.690578	-49.051469	0.387000
36	2603.359636	-49.206373	0.389000
37	2863.695599	-49.359616	0.379000
38	3150.065159	-49.553135	0.392000
39	3465.071675	-49.734115	0.405000
40	3811.578843	-49.877745	0.357000
41	4192.736727	-50.019823	0.376000
42	4612.010399	-50.130559	0.361000
43	5073.211439	-50.253853	0.377000
44	5580.532583	-50.373601	0.349000
45	6138.585842	-50.487766	0.349000
46	6752.444426	-50.579098	0.323000
47	7427.688868	-50.682456	0.378000
48	8170.457755	-50.780758	0.359000
49	8987.503531	-50.891617	0.365000
50	9886.253884	-50.991986	0.364000
51	10874.879272	-51.073248	0.331000
52	11962.367199	-51.157650	0.335000
53	13158.603919	-51.227819	0.327000
54	14474.464311	-51.293600	0.325000
55	15921.910742	-51.352004	0.313000
56	17514.101817	-51.417777	0.333000
57	19265.511998	-51.493488	0.355000
58	21192.063198	-51.543648	0.302000
59	23311.269518	-51.599686	0.309000
60	25642.396470	-51.655268	0.312000
61	28206.636117	-51.707909	0.331000
62	31027.299728	-51.756930	0.314000
63	34130.029701	-51.794446	0.309000
64	37543.032671	-51.844109	0.314000
65	41297.335939	-51.881603	0.292000
66	45427.069532	-51.922843	0.311000
67	49969.776486	-51.955497	0.293000
68	54966.754134	-51.988921	0.288000
69	60463.429548	-52.022151	0.290000
70	66509.772502	-52.044331	0.299000
71	73160.749753	-52.069721	0.308000
72	80476.824728	-52.091683	0.256000
73	88524.507201	-52.113568	0.277000
74	97376.957921	-52.136851	0.294000
75	107114.653713	-52.162633	0.304000
76	117826.119084	-52.182432	0.262000
77	129608.730993	-52.202253	0.297000
78	142569.604092	-52.222064	0.314000
79	156826.564501	-52.240352	0.292000
80	172509.220951	-52.258665	0.268000
81	189760.143046	-52.276564	0.287000
82	208736.157351	-52.294588	0.283000
83	229609.773086	-52.308725	0.260000
84	252570.750395	-52.323353	0.290000
85	277827.825434	-52.336008	0.249000
86	305610.607977	-52.348493	0.306000
87	336171.668775	-52.359726	0.263000
88	369788.835653	-52.371231	0.255000
89	406767.719218	-52.380658	0.253000
90	447444.491140	-52.390689	0.266000
91	492188.940254	-52.400216	0.243000
92	541407.834279	-52.408190	0.247000
93	595548.617707	-52.417520	0.239000
94	655103.479478	-52.425000	0.230000
95	720613.827426	-52.432762	0.274000
96	792675.210168	-52.440410	0.258000
97	871942.731185	-52.446196	0.254000
98	959137.004303	-52.451943	0.241000
99	1055050.704734	-52.456518	0.239000
100	1160555.775207	-52.461377	0.258000


================================================================================
Contenido de: results/svm/annealing/batches/betas00100_iterations05000/2026-08-11_11:48:07/summary.txt
================================================================================

B-idx	Beta	Energy	Acceptance
1	54.126486	-30.918076	0.634400
2	59.539134	-35.464384	0.562800
3	65.493047	-37.466793	0.552600
4	72.042352	-39.315205	0.543800
5	79.246587	-41.143229	0.526400
6	87.171246	-42.096908	0.531200
7	95.888371	-43.078344	0.510600
8	105.477208	-44.096944	0.498000
9	116.024929	-45.223184	0.489000
10	127.627422	-45.921967	0.498200
11	140.390164	-46.361589	0.498600
12	154.429180	-47.261904	0.497800
13	169.872098	-47.744124	0.484800
14	186.859308	-48.523249	0.492600
15	205.545239	-49.030024	0.485200
16	226.099763	-49.310573	0.477400
17	248.709739	-49.701125	0.465000
18	273.580713	-50.034447	0.470400
19	300.938784	-50.399754	0.464400
20	331.032662	-50.652751	0.469800
21	364.135929	-50.911621	0.467800
22	400.549522	-51.283447	0.459800
23	440.604474	-51.663604	0.458000
24	484.664921	-51.937293	0.453000
25	533.131413	-52.179877	0.450600
26	586.444555	-52.458171	0.434600
27	645.089010	-52.703377	0.441600
28	709.597911	-52.860737	0.428000
29	780.557702	-53.082288	0.425400
30	858.613472	-53.220932	0.430800
31	944.474820	-53.345019	0.410400
32	1038.922301	-53.510989	0.423600
33	1142.814532	-53.696320	0.410600
34	1257.095985	-53.835711	0.417000
35	1382.805583	-53.978207	0.419000
36	1521.086142	-54.060347	0.406600
37	1673.194756	-54.157045	0.396400
38	1840.514231	-54.262704	0.412000
39	2024.565654	-54.352371	0.404600
40	2227.022220	-54.445457	0.393000
41	2449.724442	-54.520241	0.389800
42	2694.696886	-54.596770	0.395200
43	2964.166575	-54.681068	0.381600
44	3260.583232	-54.730941	0.386800
45	3586.641555	-54.811110	0.381800
46	3945.305711	-54.869998	0.376400
47	4339.836282	-54.893505	0.383000
48	4773.819910	-54.927652	0.378000
49	5251.201901	-54.967984	0.370400
50	5776.322091	-54.991690	0.370000
51	6353.954300	-55.021171	0.351400
52	6989.349731	-55.054041	0.365800
53	7688.284704	-55.090544	0.362800
54	8457.113174	-55.117961	0.368800
55	9302.824491	-55.137938	0.366000
56	10233.106940	-55.163364	0.354400
57	11256.417634	-55.185812	0.346600
58	12382.059398	-55.208201	0.347400
59	13620.265338	-55.229163	0.346800
60	14982.291871	-55.245977	0.353000
61	16480.521059	-55.261332	0.351800
62	18128.573165	-55.273340	0.360000
63	19941.430481	-55.287955	0.342800
64	21935.573529	-55.298677	0.350800
65	24129.130882	-55.307896	0.339400
66	26542.043970	-55.316977	0.337600
67	29196.248367	-55.323971	0.323400
68	32115.873204	-55.332165	0.347200
69	35327.460524	-55.340510	0.335000
70	38860.206577	-55.347466	0.325000
71	42746.227234	-55.352623	0.316400
72	47020.849958	-55.356271	0.323400
73	51722.934954	-55.362039	0.324000
74	56895.228449	-55.366404	0.315600
75	62584.751294	-55.370786	0.334400
76	68843.226423	-55.374576	0.318600
77	75727.549066	-55.379505	0.306600
78	83300.303972	-55.382778	0.321600
79	91630.334369	-55.386731	0.323600
80	100793.367806	-55.389793	0.326200
81	110872.704587	-55.392687	0.317000
82	121959.975046	-55.395634	0.313200
83	134155.972550	-55.397877	0.312800
84	147571.569805	-55.399861	0.319800
85	162328.726786	-55.401340	0.304000
86	178561.599464	-55.403285	0.303600
87	196417.759411	-55.404991	0.310400
88	216059.535352	-55.406618	0.294400
89	237665.488887	-55.408027	0.308200
90	261432.037776	-55.409636	0.306400
91	287575.241553	-55.410696	0.293800
92	316332.765708	-55.411761	0.300600
93	347966.042279	-55.412632	0.288800
94	382762.646507	-55.413612	0.303400
95	421038.911158	-55.414632	0.300400
96	463142.802274	-55.415221	0.281000
97	509457.082501	-55.415912	0.290800
98	560402.790751	-55.416634	0.290600
99	616443.069826	-55.417276	0.287600
100	678087.376809	-55.417759	0.290400


================================================================================
Contenido de: results/svm/annealing/batches/betas00100_iterations50000/2026-08-11_11:57:06/summary.txt
================================================================================

B-idx	Beta	Energy	Acceptance
1	55.145390	-39.325895	0.573920
2	60.659929	-42.200187	0.558620
3	66.725922	-43.268990	0.557740
4	73.398514	-43.756633	0.542040
5	80.738365	-44.723402	0.539980
6	88.812202	-45.177872	0.532100
7	97.693422	-45.910182	0.526000
8	107.462764	-46.731620	0.517760
9	118.209041	-47.328265	0.512980
10	130.029945	-47.909500	0.506220
11	143.032939	-48.603044	0.497240
12	157.336233	-48.880734	0.498120
13	173.069857	-49.448309	0.492260
14	190.376842	-49.520863	0.489360
15	209.414526	-50.173597	0.486620
16	230.355979	-50.698664	0.477920
17	253.391577	-50.993233	0.474680
18	278.730735	-51.166660	0.469480
19	306.603808	-51.791282	0.467580
20	337.264189	-52.018455	0.459000
21	370.990608	-52.262866	0.458380
22	408.089669	-52.387088	0.455620
23	448.898635	-52.636432	0.448400
24	493.788499	-52.842817	0.444120
25	543.167349	-53.066650	0.441560
26	597.484084	-53.196021	0.436680
27	657.232492	-53.441362	0.435000
28	722.955741	-53.553805	0.432520
29	795.251316	-53.704461	0.427040
30	874.776447	-53.809485	0.426020
31	962.254092	-54.014500	0.419960
32	1058.479501	-54.063515	0.419560
33	1164.327451	-54.178047	0.416300
34	1280.760196	-54.355323	0.411640
35	1408.836216	-54.432282	0.408760
36	1549.719837	-54.479443	0.410760
37	1704.691821	-54.587344	0.404280
38	1875.161003	-54.668021	0.402800
39	2062.677104	-54.663652	0.400080
40	2268.944814	-54.781622	0.399300
41	2495.839295	-54.800221	0.394180
42	2745.423225	-54.866437	0.393620
43	3019.965547	-54.928829	0.392540
44	3321.962102	-54.973637	0.390680
45	3654.158312	-55.011183	0.388540
46	4019.574144	-55.041696	0.385680
47	4421.531558	-55.086333	0.385700
48	4863.684714	-55.117216	0.385360
49	5350.053185	-55.136183	0.378800
50	5885.058504	-55.156353	0.378840
51	6473.564354	-55.182324	0.377400
52	7120.920789	-55.204036	0.379320
53	7833.012868	-55.215414	0.372860
54	8616.314155	-55.242282	0.374340
55	9477.945571	-55.267655	0.377000
56	10425.740128	-55.280149	0.376260
57	11468.314140	-55.290308	0.378180
58	12615.145554	-55.299855	0.370840
59	13876.660110	-55.308608	0.364740
60	15264.326121	-55.321775	0.365260
61	16790.758733	-55.331423	0.363600
62	18469.834606	-55.336792	0.368460
63	20316.818067	-55.346519	0.364900
64	22348.499873	-55.351597	0.364280
65	24583.349861	-55.360921	0.358540
66	27041.684847	-55.364709	0.362120
67	29745.853332	-55.370002	0.367300
68	32720.438665	-55.376384	0.363400
69	35992.482531	-55.381487	0.367580
70	39591.730784	-55.384550	0.359780
71	43550.903863	-55.388888	0.360100
72	47905.994249	-55.391394	0.355600
73	52696.593674	-55.393596	0.359740
74	57966.253041	-55.396607	0.359920
75	63762.878345	-55.398316	0.356460
76	70139.166180	-55.401573	0.354680
77	77153.082798	-55.404245	0.359020
78	84868.391078	-55.405630	0.354880
79	93355.230186	-55.407402	0.355220
80	102690.753204	-55.408197	0.354440
81	112959.828525	-55.409527	0.347800
82	124255.811377	-55.410889	0.351680
83	136681.392515	-55.412459	0.350600
84	150349.531766	-55.413283	0.349840
85	165384.484943	-55.414771	0.353580
86	181922.933437	-55.415831	0.354500
87	200115.226781	-55.416470	0.356920
88	220126.749459	-55.417213	0.354080
89	242139.424405	-55.417610	0.352460
90	266353.366845	-55.418237	0.353360
91	292988.703530	-55.418832	0.352180
92	322287.573883	-55.419442	0.353220
93	354516.331271	-55.419923	0.352120
94	389967.964398	-55.420238	0.352420
95	428964.760838	-55.420661	0.347680
96	471861.236922	-55.421038	0.353180
97	519047.360614	-55.421294	0.346860
98	570952.096675	-55.421543	0.348500
99	628047.306343	-55.421866	0.348600
100	690852.036977	-55.422031	0.346740


================================================================================
Contenido de: results/svm/annealing/batches/betas00200_iterations04000/2026-08-11_11:48:49/summary.txt
================================================================================

B-idx	Beta	Energy	Acceptance
1	53.878465	-30.898050	0.654250
2	59.266312	-34.661299	0.586000
3	65.192943	-36.035816	0.552000
4	71.712237	-38.257480	0.537250
5	78.883461	-39.725372	0.518250
6	86.771807	-40.620502	0.524500
7	95.448988	-41.624156	0.505750
8	104.993886	-42.926184	0.505750
9	115.493275	-44.220843	0.500000
10	127.042602	-45.335097	0.485250
11	139.746863	-46.088238	0.496000
12	153.721549	-47.073833	0.489000
13	169.093704	-47.715260	0.479500
14	186.003074	-48.070649	0.489500
15	204.603382	-48.506488	0.491000
16	225.063720	-48.994865	0.483000
17	247.570092	-49.303880	0.458500
18	272.327101	-49.691394	0.467750
19	299.559811	-50.198410	0.459750
20	329.515792	-50.434054	0.461000
21	362.467371	-50.791079	0.442000
22	398.714108	-51.093489	0.459750
23	438.585519	-51.267195	0.442000
24	482.444071	-51.641148	0.460750
25	530.688478	-51.944681	0.435750
26	583.757326	-52.152937	0.439000
27	642.133059	-52.416311	0.440750
28	706.346365	-52.607177	0.415000
29	776.981001	-52.741440	0.422500
30	854.679101	-52.957816	0.416000
31	940.147011	-53.136756	0.422750
32	1034.161712	-53.314363	0.410250
33	1137.577884	-53.498372	0.393000
34	1251.335672	-53.660533	0.399500
35	1376.469239	-53.796929	0.396500
36	1514.116163	-53.915475	0.393250
37	1665.527779	-54.066079	0.400000
38	1832.080557	-54.159509	0.394250
39	2015.288613	-54.269682	0.401250
40	2216.817474	-54.326972	0.388000
41	2438.499222	-54.405102	0.378000
42	2682.349144	-54.491457	0.365000
43	2950.584059	-54.566001	0.363500
44	3245.642464	-54.634571	0.372250
45	3570.206711	-54.693096	0.371500
46	3927.227382	-54.755720	0.368000
47	4319.950120	-54.797765	0.354250
48	4751.945132	-54.844400	0.350750
49	5227.139645	-54.887346	0.367250
50	5749.853610	-54.931037	0.351500
51	6324.838971	-54.971327	0.360500
52	6957.322868	-54.994283	0.341750
53	7653.055155	-55.032903	0.355000
54	8418.360670	-55.064213	0.355250
55	9260.196737	-55.085872	0.347250
56	10186.216411	-55.110310	0.347500
57	11204.838052	-55.133691	0.331250
58	12325.321857	-55.152153	0.343750
59	13557.854043	-55.169662	0.338250
60	14913.639447	-55.191296	0.334000
61	16405.003392	-55.208373	0.332250
62	18045.503731	-55.223768	0.347000
63	19850.054104	-55.239519	0.331750
64	21835.059515	-55.252884	0.337000
65	24018.565466	-55.266828	0.323000
66	26420.422013	-55.278628	0.320750
67	29062.464214	-55.290636	0.313250
68	31968.710636	-55.300313	0.317750
69	35165.581699	-55.310189	0.326500
70	38682.139869	-55.317808	0.309750
71	42550.353856	-55.326435	0.301750
72	46805.389242	-55.333006	0.313750
73	51485.928166	-55.340710	0.302500
74	56634.520982	-55.347850	0.328500
75	62297.973080	-55.354140	0.307250
76	68527.770389	-55.359060	0.310250
77	75380.547427	-55.363722	0.309250
78	82918.602170	-55.367704	0.303000
79	91210.462387	-55.371480	0.300750
80	100331.508626	-55.375862	0.305500
81	110364.659488	-55.379089	0.297500
82	121401.125437	-55.382315	0.293000
83	133541.237981	-55.384231	0.280750
84	146895.361779	-55.387054	0.290500
85	161584.897957	-55.389947	0.294500
86	177743.387753	-55.391987	0.285750
87	195517.726528	-55.394574	0.292750
88	215069.499181	-55.396367	0.289000
89	236576.449099	-55.398752	0.291250
90	260234.094009	-55.400043	0.288000
91	286257.503410	-55.402028	0.289000
92	314883.253751	-55.403631	0.283750
93	346371.579126	-55.404746	0.285250
94	381008.737038	-55.406024	0.289500
95	419109.610742	-55.407233	0.295750
96	461020.571816	-55.408164	0.284250
97	507122.628998	-55.409002	0.277750
98	557834.891898	-55.409979	0.295500
99	613618.381087	-55.410716	0.280500
100	674980.219196	-55.411650	0.291250
101	742478.241116	-55.412470	0.275000
102	816726.065227	-55.413357	0.276000
103	898398.671750	-55.413871	0.261500
104	988238.538925	-55.414367	0.275000
105	1087062.392818	-55.414843	0.262250
106	1195768.632099	-55.415351	0.269250
107	1315345.495309	-55.415827	0.266000
108	1446880.044840	-55.416265	0.265500
109	1591568.049324	-55.416717	0.256250
110	1750724.854257	-55.417129	0.275500
111	1925797.339683	-55.417479	0.259750
112	2118377.073651	-55.417859	0.260750
113	2330214.781016	-55.418204	0.265000
114	2563236.259117	-55.418473	0.255750
115	2819559.885029	-55.418674	0.233750
116	3101515.873532	-55.418913	0.241750
117	3411667.460885	-55.419127	0.244000
118	3752834.206974	-55.419291	0.253250
119	4128117.627671	-55.419471	0.244750
120	4540929.390438	-55.419618	0.238250
121	4995022.329482	-55.419784	0.252500
122	5494524.562431	-55.419938	0.256000
123	6043977.018674	-55.420066	0.239500
124	6648374.720541	-55.420227	0.251500
125	7313212.192595	-55.420327	0.239500
126	8044533.411855	-55.420451	0.252250
127	8848986.753040	-55.420574	0.238000
128	9733885.428344	-55.420674	0.235250
129	10707273.971178	-55.420764	0.238250
130	11778001.368296	-55.420860	0.238000
131	12955801.505126	-55.420962	0.238500
132	14251381.655638	-55.421046	0.231000
133	15676519.821202	-55.421105	0.231000
134	17244171.803322	-55.421172	0.237750
135	18968588.983655	-55.421241	0.221750
136	20865447.882020	-55.421302	0.234750
137	22951992.670222	-55.421372	0.233500
138	25247191.937244	-55.421430	0.235250
139	27771911.130969	-55.421472	0.233250
140	30549102.244066	-55.421523	0.213750
141	33604012.468472	-55.421557	0.227000
142	36964413.715320	-55.421594	0.217500
143	40660855.086851	-55.421633	0.217000
144	44726940.595537	-55.421659	0.209000
145	49199634.655090	-55.421704	0.221500
146	54119598.120599	-55.421731	0.216500
147	59531557.932659	-55.421758	0.208000
148	65484713.725925	-55.421793	0.209750
149	72033185.098518	-55.421814	0.219750
150	79236503.608370	-55.421836	0.209500
151	87160153.969206	-55.421858	0.214500
152	95876169.366127	-55.421879	0.211000
153	105463786.302740	-55.421901	0.207250
154	116010164.933014	-55.421920	0.211750
155	127611181.426315	-55.421939	0.216500
156	140372299.568947	-55.421950	0.212250
157	154409529.525841	-55.421963	0.202000
158	169850482.478426	-55.421975	0.197750
159	186835530.726268	-55.421989	0.204500
160	205519083.798895	-55.422001	0.203500
161	226070992.178785	-55.422016	0.208500
162	248678091.396663	-55.422027	0.200500
163	273545900.536329	-55.422037	0.198500
164	300900490.589962	-55.422047	0.201750
165	330990539.648959	-55.422057	0.200250
166	364089593.613854	-55.422069	0.197250
167	400498552.975240	-55.422077	0.198500
168	440548408.272764	-55.422086	0.200000
169	484603249.100040	-55.422093	0.194500
170	533063574.010044	-55.422100	0.200500
171	586369931.411049	-55.422105	0.191000
172	645006924.552154	-55.422112	0.187250
173	709507617.007369	-55.422116	0.195500
174	780458378.708106	-55.422121	0.189000
175	858504216.578917	-55.422127	0.189500
176	944354638.236809	-55.422132	0.192250
177	1038790102.060490	-55.422138	0.188500
178	1142669112.266539	-55.422145	0.193250
179	1256936023.493193	-55.422150	0.183000
180	1382629625.842512	-55.422154	0.188500
181	1520892588.426764	-55.422157	0.189500
182	1672981847.269440	-55.422161	0.191750
183	1840280031.996384	-55.422164	0.187500
184	2024308035.196023	-55.422168	0.183250
185	2226738838.715625	-55.422170	0.185000
186	2449412722.587188	-55.422173	0.189000
187	2694353994.845907	-55.422176	0.188250
188	2963789394.330498	-55.422180	0.182750
189	3260168333.763548	-55.422182	0.183500
190	3586185167.139904	-55.422186	0.176500
191	3944803683.853894	-55.422188	0.180000
192	4339284052.239284	-55.422190	0.182500
193	4773212457.463212	-55.422191	0.170500
194	5250533703.209534	-55.422193	0.165750
195	5775587073.530487	-55.422195	0.172750
196	6353145780.883536	-55.422196	0.175000
197	6988460358.971890	-55.422198	0.186000
198	7687306394.869081	-55.422199	0.185250
199	8456037034.355989	-55.422201	0.179750
200	9301640737.791590	-55.422202	0.174750


================================================================================
Contenido de: results/svm/annealing/batches/betas00400_iterations01000/2026-08-11_11:19:58/summary.txt
================================================================================

B-idx	Beta	Energy	Acceptance
1	8238.463185	-21.252861	0.765000
2	9062.309504	-21.304291	0.735000
3	9968.540454	-21.359022	0.734000
4	10965.394500	-21.418882	0.700000
5	12061.933950	-21.481106	0.705000
6	13268.127345	-21.543371	0.689000
7	14594.940079	-21.610376	0.644000
8	16054.434087	-21.678451	0.629000
9	17659.877496	-21.754941	0.644000
10	19425.865245	-21.842787	0.612000
11	21368.451770	-21.929457	0.619000
12	23505.296947	-22.023831	0.609000
13	25855.826642	-22.108539	0.589000
14	28441.409306	-22.208122	0.604000
15	31285.550236	-22.311629	0.563000
16	34414.105260	-22.419000	0.577000
17	37855.515786	-22.528693	0.585000
18	41641.067365	-22.637679	0.540000
19	45805.174101	-22.770094	0.560000
20	50385.691511	-22.882991	0.536000
21	55424.260662	-23.006774	0.543000
22	60966.686728	-23.146823	0.513000
23	67063.355401	-23.274500	0.508000
24	73769.690941	-23.414348	0.515000
25	81146.660036	-23.551965	0.492000
26	89261.326039	-23.694528	0.505000
27	98187.458643	-23.841450	0.508000
28	108006.204507	-23.983384	0.509000
29	118806.824958	-24.137601	0.491000
30	130687.507454	-24.275970	0.513000
31	143756.258199	-24.439190	0.506000
32	158131.884019	-24.583103	0.462000
33	173945.072421	-24.714111	0.482000
34	191339.579663	-24.849931	0.492000
35	210473.537630	-24.992269	0.539000
36	231520.891392	-25.113375	0.496000
37	254672.980532	-25.245926	0.480000
38	280140.278585	-25.369898	0.510000
39	308154.306443	-25.500860	0.479000
40	338969.737088	-25.618808	0.495000
41	372866.710796	-25.728529	0.522000
42	410153.381876	-25.846707	0.506000
43	451168.720064	-25.972313	0.499000
44	496285.592070	-26.094369	0.507000
45	545914.151277	-26.220859	0.499000
46	600505.566405	-26.328336	0.491000
47	660556.123045	-26.444094	0.485000
48	726611.735350	-26.545443	0.488000
49	799272.908885	-26.630123	0.473000
50	879200.199773	-26.723739	0.486000
51	967120.219751	-26.805850	0.469000
52	1063832.241726	-26.877627	0.476000
53	1170215.465898	-26.949034	0.489000
54	1287237.012488	-27.020802	0.464000
55	1415960.713737	-27.091613	0.495000
56	1557556.785111	-27.160666	0.500000
57	1713312.463622	-27.218872	0.484000
58	1884643.709984	-27.280505	0.492000
59	2073108.080982	-27.328670	0.465000
60	2280418.889080	-27.376840	0.484000
61	2508460.777989	-27.423978	0.460000
62	2759306.855787	-27.474267	0.476000
63	3035237.541366	-27.523028	0.495000
64	3338761.295503	-27.559734	0.469000
65	3672637.425053	-27.599758	0.493000
66	4039901.167558	-27.636944	0.470000
67	4443891.284314	-27.672865	0.499000
68	4888280.412746	-27.707610	0.490000
69	5377108.454020	-27.743195	0.502000
70	5914819.299422	-27.780930	0.479000
71	6506301.229364	-27.813916	0.492000
72	7156931.352301	-27.845281	0.494000
73	7872624.487531	-27.871254	0.448000
74	8659886.936284	-27.896116	0.488000
75	9525875.629912	-27.922265	0.488000
76	10478463.192904	-27.947046	0.472000
77	11526309.512194	-27.971659	0.471000
78	12678940.463413	-27.994983	0.478000
79	13946834.509755	-28.014911	0.459000
80	15341517.960730	-28.035590	0.504000
81	16875669.756803	-28.058634	0.483000
82	18563236.732484	-28.077420	0.458000
83	20419560.405732	-28.095095	0.463000
84	22461516.446305	-28.112889	0.464000
85	24707668.090936	-28.128117	0.461000
86	27178434.900029	-28.143296	0.458000
87	29896278.390032	-28.158661	0.499000
88	32885906.229035	-28.172101	0.448000
89	36174496.851939	-28.185648	0.481000
90	39791946.537133	-28.200112	0.482000
91	43771141.190846	-28.213854	0.500000
92	48148255.309930	-28.225235	0.481000
93	52963080.840924	-28.235322	0.457000
94	58259388.925016	-28.244803	0.450000
95	64085327.817517	-28.254422	0.477000
96	70493860.599269	-28.264338	0.482000
97	77543246.659196	-28.273716	0.463000
98	85297571.325116	-28.282307	0.462000
99	93827328.457627	-28.289882	0.476000
100	103210061.303390	-28.298071	0.487000
101	113531067.433729	-28.305176	0.443000
102	124884174.177102	-28.312181	0.492000
103	137372591.594812	-28.319055	0.480000
104	151109850.754294	-28.325166	0.468000
105	166220835.829723	-28.330814	0.489000
106	182842919.412695	-28.337276	0.486000
107	201127211.353965	-28.342804	0.481000
108	221239932.489361	-28.348066	0.470000
109	243363925.738297	-28.352704	0.469000
110	267700318.312127	-28.357277	0.453000
111	294470350.143340	-28.362902	0.497000
112	323917385.157674	-28.367191	0.479000
113	356309123.673441	-28.371429	0.494000
114	391940036.040785	-28.375137	0.457000
115	431134039.644864	-28.378603	0.452000
116	474247443.609350	-28.381833	0.440000
117	521672187.970285	-28.385293	0.482000
118	573839406.767314	-28.388377	0.476000
119	631223347.444045	-28.391347	0.477000
120	694345682.188450	-28.393919	0.443000
121	763780250.407295	-28.396646	0.460000
122	840158275.448025	-28.399282	0.455000
123	924174102.992827	-28.401362	0.451000
124	1016591513.292110	-28.403406	0.443000
125	1118250664.621321	-28.405593	0.460000
126	1230075731.083453	-28.407484	0.498000
127	1353083304.191799	-28.409560	0.499000
128	1488391634.610979	-28.411316	0.483000
129	1637230798.072077	-28.412850	0.446000
130	1800953877.879284	-28.414461	0.486000
131	1981049265.667213	-28.416098	0.461000
132	2179154192.233934	-28.417502	0.479000
133	2397069611.457328	-28.418737	0.470000
134	2636776572.603061	-28.420107	0.474000
135	2900454229.863367	-28.421442	0.481000
136	3190499652.849704	-28.422651	0.478000
137	3509549618.134675	-28.423874	0.490000
138	3860504579.948143	-28.424968	0.468000
139	4246555037.942958	-28.425935	0.466000
140	4671210541.737254	-28.426964	0.463000
141	5138331595.910980	-28.427918	0.467000
142	5652164755.502079	-28.428779	0.488000
143	6217381231.052287	-28.429685	0.460000
144	6839119354.157516	-28.430515	0.497000
145	7523031289.573269	-28.431266	0.482000
146	8275334418.530597	-28.431983	0.450000
147	9102867860.383657	-28.432664	0.479000
148	10013154646.422024	-28.433301	0.475000
149	11014470111.064226	-28.433950	0.476000
150	12115917122.170650	-28.434594	0.491000
151	13327508834.387716	-28.435176	0.500000
152	14660259717.826488	-28.435706	0.454000
153	16126285689.609138	-28.436237	0.452000
154	17738914258.570053	-28.436796	0.505000
155	19512805684.427059	-28.437349	0.499000
156	21464086252.869766	-28.437838	0.482000
157	23610494878.156746	-28.438268	0.470000
158	25971544365.972424	-28.438741	0.495000
159	28568698802.569668	-28.439137	0.448000
160	31425568682.826637	-28.439526	0.467000
161	34568125551.109306	-28.439930	0.486000
162	38024938106.220238	-28.440308	0.483000
163	41827431916.842262	-28.440629	0.482000
164	46010175108.526489	-28.440960	0.472000
165	50611192619.379143	-28.441238	0.474000
166	55672311881.317062	-28.441550	0.499000
167	61239543069.448776	-28.441804	0.463000
168	67363497376.393661	-28.442057	0.483000
169	74099847114.033035	-28.442298	0.451000
170	81509831825.436340	-28.442548	0.483000
171	89660815007.979980	-28.442761	0.452000
172	98626896508.777985	-28.442954	0.444000
173	108489586159.655792	-28.443153	0.477000
174	119338544775.621384	-28.443363	0.488000
175	131272399253.183533	-28.443543	0.473000
176	144399639178.501892	-28.443709	0.466000
177	158839603096.352081	-28.443874	0.451000
178	174723563405.987305	-28.444033	0.460000
179	192195919746.586060	-28.444179	0.461000
180	211415511721.244690	-28.444320	0.478000
181	232557062893.369171	-28.444453	0.469000
182	255812769182.706116	-28.444585	0.481000
183	281394046100.976746	-28.444718	0.496000
184	309533450711.074463	-28.444841	0.481000
185	340486795782.181946	-28.444957	0.495000
186	374535475360.400146	-28.445070	0.490000
187	411989022896.440186	-28.445158	0.454000
188	453187925186.084229	-28.445245	0.481000
189	498506717704.692688	-28.445329	0.481000
190	548357389475.161987	-28.445417	0.453000
191	603193128422.678223	-28.445491	0.481000
192	663512441264.946045	-28.445570	0.470000
193	729863685391.440674	-28.445649	0.489000
194	802850053930.584839	-28.445726	0.495000
195	883135059323.643433	-28.445794	0.471000
196	971448565256.007812	-28.445849	0.467000
197	1068593421781.608643	-28.445910	0.467000
198	1175452763959.769531	-28.445965	0.461000
199	1292998040355.746582	-28.446018	0.493000
200	1422297844391.321289	-28.446069	0.470000
201	1564527628830.453613	-28.446117	0.460000
202	1720980391713.499023	-28.446163	0.464000
203	1893078430884.849121	-28.446201	0.446000
204	2082386273973.334229	-28.446240	0.463000
205	2290624901370.667969	-28.446275	0.466000
206	2519687391507.734863	-28.446316	0.496000
207	2771656130658.508789	-28.446351	0.461000
208	3048821743724.359863	-28.446384	0.467000
209	3353703918096.795898	-28.446417	0.447000
210	3689074309906.475586	-28.446446	0.490000
211	4057981740897.123535	-28.446473	0.465000
212	4463779914986.835938	-28.446503	0.469000
213	4910157906485.519531	-28.446528	0.494000
214	5401173697134.072266	-28.446551	0.469000
215	5941291066847.479492	-28.446573	0.461000
216	6535420173532.227539	-28.446594	0.463000
217	7188962190885.451172	-28.446614	0.465000
218	7907858409973.997070	-28.446635	0.461000
219	8698644250971.397461	-28.446653	0.476000
220	9568508676068.537109	-28.446670	0.498000
221	10525359543675.392578	-28.446689	0.505000
222	11577895498042.933594	-28.446706	0.435000
223	12735685047847.228516	-28.446725	0.484000
224	14009253552631.953125	-28.446739	0.464000
225	15410178907895.150391	-28.446755	0.492000
226	16951196798684.666016	-28.446771	0.484000
227	18646316478553.132812	-28.446786	0.482000
228	20510948126408.449219	-28.446799	0.486000
229	22562042939049.296875	-28.446811	0.450000
230	24818247232954.230469	-28.446823	0.472000
231	27300071956249.656250	-28.446835	0.471000
232	30030079151874.625000	-28.446846	0.489000
233	33033087067062.089844	-28.446857	0.499000
234	36336395773768.304688	-28.446866	0.482000
235	39970035351145.140625	-28.446876	0.483000
236	43967038886259.656250	-28.446886	0.492000
237	48363742774885.625000	-28.446894	0.488000
238	53200117052374.195312	-28.446902	0.460000
239	58520128757611.617188	-28.446910	0.480000
240	64372141633372.781250	-28.446917	0.479000
241	70809355796710.062500	-28.446924	0.471000
242	77890291376381.078125	-28.446931	0.472000
243	85679320514019.187500	-28.446937	0.468000
244	94247252565421.109375	-28.446943	0.486000
245	103671977821963.234375	-28.446949	0.452000
246	114039175604159.562500	-28.446954	0.491000
247	125443093164575.531250	-28.446960	0.479000
248	137987402481033.093750	-28.446965	0.490000
249	151786142729136.406250	-28.446970	0.467000
250	166964757002050.062500	-28.446975	0.477000
251	183661232702255.093750	-28.446979	0.476000
252	202027355972480.625000	-28.446982	0.491000
253	222230091569728.718750	-28.446986	0.497000
254	244453100726701.625000	-28.446990	0.465000
255	268898410799371.812500	-28.446994	0.444000
256	295788251879309.000000	-28.446997	0.476000
257	325367077067239.937500	-28.447000	0.502000
258	357903784773963.937500	-28.447003	0.494000
259	393694163251360.375000	-28.447006	0.473000
260	433063579576496.437500	-28.447009	0.484000
261	476369937534146.125000	-28.447012	0.505000
262	524006931287560.750000	-28.447015	0.477000
263	576407624416316.875000	-28.447018	0.453000
264	634048386857948.625000	-28.447020	0.470000
265	697453225543743.500000	-28.447023	0.476000
266	767198548098117.875000	-28.447025	0.491000
267	843918402907929.750000	-28.447027	0.478000
268	928310243198722.750000	-28.447029	0.465000
269	1021141267518595.125000	-28.447031	0.460000
270	1123255394270454.750000	-28.447033	0.481000
271	1235580933697500.250000	-28.447035	0.495000
272	1359139027067250.500000	-28.447036	0.464000
273	1495052929773975.750000	-28.447038	0.453000
274	1644558222751373.500000	-28.447040	0.461000
275	1809014045026511.000000	-28.447041	0.479000
276	1989915449529162.250000	-28.447042	0.466000
277	2188906994482078.750000	-28.447044	0.469000
278	2407797693930287.000000	-28.447045	0.472000
279	2648577463323316.000000	-28.447046	0.486000
280	2913435209655648.000000	-28.447047	0.464000
281	3204778730621213.000000	-28.447048	0.478000
282	3525256603683334.500000	-28.447049	0.453000
283	3877782264051668.500000	-28.447050	0.465000
284	4265560490456835.500000	-28.447051	0.488000
285	4692116539502519.000000	-28.447052	0.494000
286	5161328193452771.000000	-28.447053	0.466000
287	5677461012798049.000000	-28.447054	0.492000
288	6245207114077854.000000	-28.447055	0.482000
289	6869727825485640.000000	-28.447055	0.467000
290	7556700608034205.000000	-28.447056	0.461000
291	8312370668837626.000000	-28.447057	0.455000
292	9143607735721390.000000	-28.447057	0.469000
293	10057968509293530.000000	-28.447058	0.503000
294	11063765360222884.000000	-28.447058	0.470000
295	12170141896245174.000000	-28.447059	0.479000
296	13387156085869692.000000	-28.447060	0.477000
297	14725871694456662.000000	-28.447060	0.474000
298	16198458863902330.000000	-28.447060	0.466000
299	17818304750292564.000000	-28.447061	0.488000
300	19600135225321820.000000	-28.447061	0.475000
301	21560148747854004.000000	-28.447062	0.489000
302	23716163622639408.000000	-28.447062	0.482000
303	26087779984903352.000000	-28.447063	0.474000
304	28696557983393688.000000	-28.447063	0.453000
305	31566213781733060.000000	-28.447063	0.466000
306	34722835159906368.000000	-28.447064	0.487000
307	38195118675897008.000000	-28.447064	0.446000
308	42014630543486712.000000	-28.447064	0.470000
309	46216093597835384.000000	-28.447065	0.490000
310	50837702957618928.000000	-28.447065	0.445000
311	55921473253380824.000000	-28.447065	0.477000
312	61513620578718912.000000	-28.447065	0.457000
313	67664982636590808.000000	-28.447066	0.478000
314	74431480900249888.000000	-28.447066	0.440000
315	81874628990274880.000000	-28.447066	0.491000
316	90062091889302368.000000	-28.447066	0.508000
317	99068301078232608.000000	-28.447066	0.497000
318	108975131186055872.000000	-28.447067	0.483000
319	119872644304661472.000000	-28.447067	0.488000
320	131859908735127632.000000	-28.447067	0.493000
321	145045899608640416.000000	-28.447067	0.454000
322	159550489569504480.000000	-28.447067	0.508000
323	175505538526454944.000000	-28.447067	0.520000
324	193056092379100448.000000	-28.447068	0.471000
325	212361701617010496.000000	-28.447068	0.461000
326	233597871778711552.000000	-28.447068	0.522000
327	256957658956582720.000000	-28.447068	0.483000
328	282653424852241024.000000	-28.447068	0.489000
329	310918767337465152.000000	-28.447068	0.461000
330	342010644071211712.000000	-28.447069	0.491000
331	376211708478332928.000000	-28.447069	0.465000
332	413832879326166272.000000	-28.447069	0.508000
333	455216167258782912.000000	-28.447069	0.492000
334	500737783984661248.000000	-28.447069	0.477000
335	550811562383127424.000000	-28.447069	0.481000
336	605892718621440256.000000	-28.447069	0.465000
337	666481990483584384.000000	-28.447069	0.470000
338	733130189531942912.000000	-28.447070	0.482000
339	806443208485137280.000000	-28.447070	0.465000
340	887087529333651072.000000	-28.447070	0.484000
341	975796282267016320.000000	-28.447070	0.472000
342	1073375910493718016.000000	-28.447070	0.477000
343	1180713501543089920.000000	-28.447070	0.488000
344	1298784851697399040.000000	-28.447070	0.455000
345	1428663336867139072.000000	-28.447070	0.487000
346	1571529670553853184.000000	-28.447070	0.480000
347	1728682637609238528.000000	-28.447070	0.491000
348	1901550901370162432.000000	-28.447070	0.466000
349	2091705991507178752.000000	-28.447070	0.474000
350	2300876590657896704.000000	-28.447071	0.488000
351	2530964249723686400.000000	-28.447071	0.459000
352	2784060674696055296.000000	-28.447071	0.458000
353	3062466742165661184.000000	-28.447071	0.472000
354	3368713416382227456.000000	-28.447071	0.484000
355	3705584758020450304.000000	-28.447071	0.485000
356	4076143233822495744.000000	-28.447071	0.455000
357	4483757557204745728.000000	-28.447071	0.475000
358	4932133312925220864.000000	-28.447071	0.471000
359	5425346644217743360.000000	-28.447071	0.511000
360	5967881308639517696.000000	-28.447071	0.479000
361	6564669439503469568.000000	-28.447071	0.478000
362	7221136383453816832.000000	-28.447071	0.451000
363	7943250021799198720.000000	-28.447071	0.495000
364	8737575023979119616.000000	-28.447071	0.458000
365	9611332526377031680.000000	-28.447071	0.538000
366	10572465779014735872.000000	-28.447071	0.474000
367	11629712356916209664.000000	-28.447071	0.510000
368	12792683592607832064.000000	-28.447071	0.458000
369	14071951951868616704.000000	-28.447071	0.458000
370	15479147147055478784.000000	-28.447071	0.482000
371	17027061861761028096.000000	-28.447071	0.491000
372	18729768047937130496.000000	-28.447071	0.476000
373	20602744852730847232.000000	-28.447071	0.470000
374	22663019338003935232.000000	-28.447071	0.473000
375	24929321271804329984.000000	-28.447071	0.479000
376	27422253398984765440.000000	-28.447071	0.483000
377	30164478738883244032.000000	-28.447071	0.493000
378	33180926612771569664.000000	-28.447071	0.489000
379	36499019274048729088.000000	-28.447071	0.471000
380	40148921201453604864.000000	-28.447071	0.485000
381	44163813321598967808.000000	-28.447071	0.455000
382	48580194653758865408.000000	-28.447072	0.491000
383	53438214119134756864.000000	-28.447072	0.454000
384	58782035531048239104.000000	-28.447072	0.497000
385	64660239084153069568.000000	-28.447072	0.463000
386	71126262992568385536.000000	-28.447072	0.452000
387	78238889291825233920.000000	-28.447072	0.465000
388	86062778221007765504.000000	-28.447072	0.476000
389	94669056043108548608.000000	-28.447072	0.472000
390	104135961647419408384.000000	-28.447072	0.501000
391	114549557812161363968.000000	-28.447072	0.481000
392	126004513593377505280.000000	-28.447072	0.480000
393	138604964952715264000.000000	-28.447072	0.505000
394	152465461447986806784.000000	-28.447072	0.488000
395	167712007592785510400.000000	-28.447072	0.484000
396	184483208352064077824.000000	-28.447072	0.498000
397	202931529187270492160.000000	-28.447072	0.472000
398	223224682105997557760.000000	-28.447072	0.466000
399	245547150316597346304.000000	-28.447072	0.492000
400	270101865348257087488.000000	-28.447072	0.502000


================================================================================
Contenido de: results/svm/annealing/batches/betas00400_iterations01000/2026-08-11_11:32:39/summary.txt
================================================================================

B-idx	Beta	Energy	Acceptance
1	158.750897	-24.419362	0.757000
2	174.625987	-26.435495	0.726000
3	192.088586	-28.136408	0.649000
4	211.297444	-29.829087	0.639000
5	232.427189	-31.544854	0.611000
6	255.669908	-32.812335	0.577000
7	281.236898	-33.985712	0.574000
8	309.360588	-35.170284	0.537000
9	340.296647	-36.118771	0.498000
10	374.326312	-36.945703	0.494000
11	411.758943	-37.720098	0.491000
12	452.934837	-38.591420	0.490000
13	498.228321	-39.387180	0.468000
14	548.051153	-40.092710	0.464000
15	602.856268	-40.641178	0.466000
16	663.141895	-41.183545	0.470000
17	729.456085	-41.792816	0.443000
18	802.401693	-42.340632	0.457000
19	882.641863	-42.859348	0.485000
20	970.906049	-43.346192	0.440000
21	1067.996654	-43.751639	0.458000
22	1174.796319	-44.063343	0.455000
23	1292.275951	-44.423954	0.445000
24	1421.503546	-44.743479	0.456000
25	1563.653901	-45.122876	0.448000
26	1720.019291	-45.386478	0.444000
27	1892.021220	-45.645950	0.456000
28	2081.223342	-45.892769	0.418000
29	2289.345676	-46.145630	0.435000
30	2518.280244	-46.336153	0.441000
31	2770.108268	-46.576939	0.446000
32	3047.119095	-46.765552	0.413000
33	3351.831005	-46.932535	0.385000
34	3687.014105	-47.107088	0.401000
35	4055.715516	-47.289314	0.413000
36	4461.287067	-47.443967	0.381000
37	4907.415774	-47.599835	0.399000
38	5398.157351	-47.734255	0.398000
39	5937.973086	-47.848011	0.389000
40	6531.770395	-47.957351	0.394000
41	7184.947434	-48.062750	0.392000
42	7903.442178	-48.201271	0.388000
43	8693.786396	-48.334662	0.406000
44	9563.165035	-48.434488	0.363000
45	10519.481539	-48.543492	0.383000
46	11571.429693	-48.623033	0.361000
47	12728.572662	-48.705448	0.383000
48	14001.429928	-48.776104	0.344000
49	15401.572921	-48.848677	0.371000
50	16941.730213	-48.912507	0.337000
51	18635.903234	-48.985795	0.339000
52	20499.493558	-49.041887	0.348000
53	22549.442913	-49.104181	0.374000
54	24804.387205	-49.161485	0.359000
55	27284.825925	-49.213595	0.360000
56	30013.308518	-49.269913	0.359000
57	33014.639369	-49.326516	0.346000
58	36316.103306	-49.377374	0.370000
59	39947.713637	-49.419021	0.331000
60	43942.485001	-49.462409	0.327000
61	48336.733501	-49.502249	0.347000
62	53170.406851	-49.536119	0.319000
63	58487.447536	-49.569681	0.324000
64	64336.192290	-49.606145	0.337000
65	70769.811519	-49.636631	0.329000
66	77846.792670	-49.678339	0.338000
67	85631.471937	-49.703320	0.310000
68	94194.619131	-49.728941	0.330000
69	103614.081044	-49.754621	0.306000
70	113975.489149	-49.779376	0.314000
71	125373.038064	-49.803868	0.314000
72	137910.341870	-49.827079	0.324000
73	151701.376057	-49.845662	0.293000
74	166871.513663	-49.863120	0.290000
75	183558.665029	-49.883181	0.295000
76	201914.531532	-49.899857	0.309000
77	222105.984685	-49.917083	0.304000
78	244316.583154	-49.930822	0.287000
79	268748.241469	-49.944523	0.290000
80	295623.065616	-49.957219	0.275000
81	325185.372177	-49.970514	0.284000
82	357703.909395	-49.984144	0.284000
83	393474.300335	-49.998287	0.277000
84	432821.730368	-50.011060	0.275000
85	476103.903405	-50.022698	0.273000
86	523714.293746	-50.033634	0.299000
87	576085.723120	-50.042043	0.273000
88	633694.295432	-50.051863	0.283000
89	697063.724975	-50.058788	0.294000
90	766770.097473	-50.066570	0.290000
91	843447.107220	-50.073169	0.269000
92	927791.817942	-50.080403	0.269000
93	1020570.999736	-50.087482	0.296000
94	1122628.099710	-50.094726	0.288000
95	1234890.909681	-50.101550	0.292000
96	1358380.000649	-50.107551	0.280000
97	1494218.000714	-50.112758	0.280000
98	1643639.800785	-50.118387	0.269000
99	1808003.780864	-50.123984	0.280000
100	1988804.158950	-50.129171	0.280000
101	2187684.574845	-50.134108	0.311000
102	2406453.032330	-50.138022	0.258000
103	2647098.335563	-50.141932	0.247000
104	2911808.169119	-50.145233	0.259000
105	3202988.986031	-50.149725	0.289000
106	3523287.884634	-50.152865	0.243000
107	3875616.673098	-50.157236	0.266000
108	4263178.340407	-50.160346	0.244000
109	4689496.174448	-50.164035	0.284000
110	5158445.791893	-50.166633	0.263000
111	5674290.371082	-50.169206	0.259000
112	6241719.408190	-50.171781	0.261000
113	6865891.349009	-50.173851	0.250000
114	7552480.483910	-50.175874	0.242000
115	8307728.532301	-50.178260	0.243000
116	9138501.385531	-50.180090	0.269000
117	10052351.524085	-50.182370	0.247000
118	11057586.676493	-50.184112	0.258000
119	12163345.344142	-50.185703	0.250000
120	13379679.878557	-50.187778	0.246000
121	14717647.866412	-50.189406	0.258000
122	16189412.653053	-50.190781	0.241000
123	17808353.918359	-50.192234	0.252000
124	19589189.310195	-50.193523	0.240000
125	21548108.241214	-50.195085	0.269000
126	23702919.065336	-50.196137	0.250000
127	26073210.971869	-50.197417	0.234000
128	28680532.069056	-50.198452	0.223000
129	31548585.275962	-50.199248	0.242000
130	34703443.803558	-50.200158	0.231000
131	38173788.183914	-50.200980	0.233000
132	41991167.002305	-50.201644	0.223000
133	46190283.702535	-50.202662	0.253000
134	50809312.072789	-50.203679	0.245000
135	55890243.280068	-50.204507	0.248000
136	61479267.608075	-50.205220	0.235000
137	67627194.368882	-50.205943	0.224000
138	74389913.805770	-50.206752	0.262000
139	81828905.186347	-50.207430	0.251000
140	90011795.704982	-50.208112	0.239000
141	99012975.275480	-50.208546	0.220000
142	108914272.803028	-50.209070	0.249000
143	119805700.083331	-50.209522	0.227000
144	131786270.091664	-50.209985	0.236000
145	144964897.100831	-50.210428	0.223000
146	159461386.810914	-50.210954	0.224000
147	175407525.492005	-50.211335	0.232000
148	192948278.041206	-50.211819	0.229000
149	212243105.845327	-50.212283	0.249000
150	233467416.429859	-50.212636	0.241000
151	256814158.072845	-50.212957	0.228000
152	282495573.880130	-50.213260	0.225000
153	310745131.268143	-50.213606	0.236000
154	341819644.394957	-50.213892	0.209000
155	376001608.834453	-50.214151	0.243000
156	413601769.717898	-50.214407	0.208000
157	454961946.689688	-50.214618	0.210000
158	500458141.358657	-50.214910	0.236000
159	550503955.494522	-50.215207	0.255000
160	605554351.043975	-50.215438	0.241000
161	666109786.148372	-50.215666	0.246000
162	732720764.763210	-50.215824	0.224000
163	805992841.239531	-50.216000	0.216000
164	886592125.363484	-50.216153	0.230000
165	975251337.899832	-50.216355	0.231000
166	1072776471.689815	-50.216486	0.231000
167	1180054118.858797	-50.216685	0.232000
168	1298059530.744677	-50.216841	0.272000
169	1427865483.819145	-50.216988	0.207000
170	1570652032.201059	-50.217147	0.225000
171	1727717235.421165	-50.217255	0.226000
172	1900488958.963282	-50.217398	0.254000
173	2090537854.859611	-50.217526	0.217000
174	2299591640.345572	-50.217641	0.216000
175	2529550804.380129	-50.217762	0.242000
176	2782505884.818142	-50.217872	0.238000
177	3060756473.299957	-50.217956	0.224000
178	3366832120.629953	-50.218043	0.214000
179	3703515332.692948	-50.218129	0.223000
180	4073866865.962244	-50.218196	0.224000
181	4481253552.558468	-50.218270	0.222000
182	4929378907.814315	-50.218341	0.216000
183	5422316798.595747	-50.218400	0.229000
184	5964548478.455322	-50.218479	0.240000
185	6561003326.300855	-50.218544	0.238000
186	7217103658.930941	-50.218606	0.239000
187	7938814024.824036	-50.218658	0.214000
188	8732695427.306440	-50.218712	0.234000
189	9605964970.037085	-50.218766	0.231000
190	10566561467.040794	-50.218804	0.220000
191	11623217613.744875	-50.218855	0.227000
192	12785539375.119364	-50.218891	0.222000
193	14064093312.631302	-50.218931	0.228000
194	15470502643.894434	-50.218983	0.237000
195	17017552908.283878	-50.219017	0.211000
196	18719308199.112267	-50.219052	0.228000
197	20591239019.023495	-50.219082	0.225000
198	22650362920.925846	-50.219116	0.222000
199	24915399213.018433	-50.219145	0.230000
200	27406939134.320278	-50.219175	0.237000
201	30147633047.752308	-50.219204	0.212000
202	33162396352.527542	-50.219233	0.235000
203	36478635987.780296	-50.219260	0.245000
204	40126499586.558327	-50.219286	0.213000
205	44139149545.214165	-50.219305	0.198000
206	48553064499.735588	-50.219325	0.212000
207	53408370949.709152	-50.219341	0.213000
208	58749208044.680069	-50.219360	0.235000
209	64624128849.148079	-50.219376	0.243000
210	71086541734.062897	-50.219395	0.229000
211	78195195907.469193	-50.219411	0.220000
212	86014715498.216125	-50.219429	0.230000
213	94616187048.037750	-50.219445	0.225000
214	104077805752.841537	-50.219461	0.227000
215	114485586328.125702	-50.219473	0.219000
216	125934144960.938278	-50.219486	0.237000
217	138527559457.032104	-50.219496	0.229000
218	152380315402.735321	-50.219507	0.212000
219	167618346943.008881	-50.219519	0.218000
220	184380181637.309784	-50.219530	0.244000
221	202818199801.040771	-50.219541	0.222000
222	223100019781.144867	-50.219552	0.244000
223	245410021759.259369	-50.219561	0.216000
224	269951023935.185333	-50.219570	0.233000
225	296946126328.703918	-50.219577	0.210000
226	326640738961.574341	-50.219585	0.233000
227	359304812857.731812	-50.219591	0.191000
228	395235294143.505005	-50.219598	0.221000
229	434758823557.855530	-50.219603	0.195000
230	478234705913.641113	-50.219609	0.221000
231	526058176505.005249	-50.219615	0.226000
232	578663994155.505859	-50.219620	0.221000
233	636530393571.056519	-50.219625	0.234000
234	700183432928.162231	-50.219631	0.226000
235	770201776220.978516	-50.219636	0.211000
236	847221953843.076416	-50.219639	0.226000
237	931944149227.384155	-50.219643	0.191000
238	1025138564150.122681	-50.219647	0.236000
239	1127652420565.135010	-50.219652	0.249000
240	1240417662621.648682	-50.219656	0.216000
241	1364459428883.813721	-50.219659	0.208000
242	1500905371772.195312	-50.219662	0.212000
243	1650995908949.415039	-50.219665	0.238000
244	1816095499844.356689	-50.219669	0.247000
245	1997705049828.792480	-50.219671	0.208000
246	2197475554811.671875	-50.219674	0.223000
247	2417223110292.839355	-50.219677	0.208000
248	2658945421322.123535	-50.219680	0.232000
249	2924839963454.335938	-50.219682	0.216000
250	3217323959799.770020	-50.219684	0.213000
251	3539056355779.747070	-50.219686	0.212000
252	3892961991357.722168	-50.219687	0.198000
253	4282258190493.494629	-50.219689	0.221000
254	4710484009542.844727	-50.219691	0.233000
255	5181532410497.129883	-50.219692	0.215000
256	5699685651546.843750	-50.219694	0.204000
257	6269654216701.528320	-50.219695	0.248000
258	6896619638371.681641	-50.219697	0.230000
259	7586281602208.850586	-50.219698	0.229000
260	8344909762429.736328	-50.219700	0.240000
261	9179400738672.710938	-50.219701	0.219000
262	10097340812539.982422	-50.219703	0.245000
263	11107074893793.982422	-50.219704	0.235000
264	12217782383173.380859	-50.219705	0.213000
265	13439560621490.720703	-50.219706	0.215000
266	14783516683639.794922	-50.219707	0.235000
267	16261868352003.775391	-50.219708	0.240000
268	17888055187204.156250	-50.219709	0.217000
269	19676860705924.574219	-50.219710	0.210000
270	21644546776517.035156	-50.219711	0.212000
271	23809001454168.742188	-50.219712	0.221000
272	26189901599585.617188	-50.219713	0.247000
273	28808891759544.179688	-50.219714	0.242000
274	31689780935498.601562	-50.219714	0.201000
275	34858759029048.464844	-50.219715	0.222000
276	38344634931953.312500	-50.219715	0.236000
277	42179098425148.648438	-50.219716	0.222000
278	46397008267663.515625	-50.219716	0.212000
279	51036709094429.875000	-50.219717	0.201000
280	56140380003872.867188	-50.219717	0.242000
281	61754418004260.156250	-50.219718	0.234000
282	67929859804686.179688	-50.219718	0.204000
283	74722845785154.796875	-50.219719	0.215000
284	82195130363670.281250	-50.219719	0.214000
285	90414643400037.312500	-50.219719	0.222000
286	99456107740041.046875	-50.219720	0.216000
287	109401718514045.156250	-50.219720	0.217000
288	120341890365449.687500	-50.219720	0.227000
289	132376079401994.671875	-50.219721	0.229000
290	145613687342194.156250	-50.219721	0.222000
291	160175056076413.593750	-50.219721	0.208000
292	176192561684054.968750	-50.219722	0.227000
293	193811817852460.468750	-50.219722	0.219000
294	213192999637706.531250	-50.219722	0.209000
295	234512299601477.218750	-50.219722	0.242000
296	257963529561624.968750	-50.219722	0.223000
297	283759882517787.500000	-50.219723	0.245000
298	312135870769566.250000	-50.219723	0.219000
299	343349457846522.875000	-50.219723	0.251000
300	377684403631175.187500	-50.219723	0.206000
301	415452843994292.750000	-50.219723	0.232000
302	456998128393722.062500	-50.219724	0.212000
303	502697941233094.312500	-50.219724	0.210000
304	552967735356403.812500	-50.219724	0.229000
305	608264508892044.250000	-50.219724	0.223000
306	669090959781248.750000	-50.219724	0.217000
307	736000055759373.625000	-50.219724	0.235000
308	809600061335311.000000	-50.219724	0.221000
309	890560067468842.125000	-50.219724	0.236000
310	979616074215726.375000	-50.219725	0.249000
311	1077577681637299.125000	-50.219725	0.201000
312	1185335449801029.250000	-50.219725	0.232000
313	1303868994781132.250000	-50.219725	0.235000
314	1434255894259245.500000	-50.219725	0.224000
315	1577681483685170.250000	-50.219725	0.210000
316	1735449632053687.500000	-50.219725	0.227000
317	1908994595259056.500000	-50.219725	0.227000
318	2099894054784962.250000	-50.219725	0.225000
319	2309883460263458.500000	-50.219725	0.190000
320	2540871806289804.500000	-50.219725	0.229000
321	2794958986918785.000000	-50.219725	0.218000
322	3074454885610663.500000	-50.219726	0.235000
323	3381900374171730.000000	-50.219726	0.236000
324	3720090411588903.500000	-50.219726	0.230000
325	4092099452747794.000000	-50.219726	0.249000
326	4501309398022574.000000	-50.219726	0.233000
327	4951440337824832.000000	-50.219726	0.222000
328	5446584371607316.000000	-50.219726	0.206000
329	5991242808768048.000000	-50.219726	0.218000
330	6590367089644853.000000	-50.219726	0.194000
331	7249403798609339.000000	-50.219726	0.231000
332	7974344178470274.000000	-50.219726	0.215000
333	8771778596317302.000000	-50.219726	0.214000
334	9648956455949032.000000	-50.219726	0.234000
335	10613852101543936.000000	-50.219726	0.223000
336	11675237311698330.000000	-50.219726	0.224000
337	12842761042868164.000000	-50.219726	0.248000
338	14127037147154982.000000	-50.219726	0.239000
339	15539740861870482.000000	-50.219726	0.207000
340	17093714948057532.000000	-50.219726	0.224000
341	18803086442863288.000000	-50.219726	0.229000
342	20683395087149620.000000	-50.219726	0.218000
343	22751734595864584.000000	-50.219726	0.244000
344	25026908055451044.000000	-50.219726	0.214000
345	27529598860996152.000000	-50.219726	0.219000
346	30282558747095768.000000	-50.219726	0.235000
347	33310814621805348.000000	-50.219726	0.228000
348	36641896083985888.000000	-50.219726	0.213000
349	40306085692384480.000000	-50.219726	0.230000
350	44336694261622928.000000	-50.219726	0.221000
351	48770363687785224.000000	-50.219726	0.242000
352	53647400056563752.000000	-50.219726	0.220000
353	59012140062220128.000000	-50.219726	0.223000
354	64913354068442144.000000	-50.219726	0.223000
355	71404689475286368.000000	-50.219726	0.230000
356	78545158422815008.000000	-50.219726	0.215000
357	86399674265096512.000000	-50.219726	0.231000
358	95039641691606176.000000	-50.219726	0.213000
359	104543605860766800.000000	-50.219726	0.198000
360	114997966446843488.000000	-50.219726	0.242000
361	126497763091527840.000000	-50.219726	0.221000
362	139147539400680640.000000	-50.219726	0.206000
363	153062293340748704.000000	-50.219726	0.229000
364	168368522674823584.000000	-50.219726	0.218000
365	185205374942305952.000000	-50.219726	0.236000
366	203725912436536576.000000	-50.219727	0.222000
367	224098503680190240.000000	-50.219727	0.209000
368	246508354048209280.000000	-50.219727	0.232000
369	271159189453030240.000000	-50.219727	0.228000
370	298275108398333312.000000	-50.219727	0.220000
371	328102619238166656.000000	-50.219727	0.227000
372	360912881161983360.000000	-50.219727	0.204000
373	397004169278181760.000000	-50.219727	0.212000
374	436704586206000000.000000	-50.219727	0.210000
375	480375044826600064.000000	-50.219727	0.216000
376	528412549309260096.000000	-50.219727	0.218000
377	581253804240186112.000000	-50.219727	0.224000
378	639379184664204800.000000	-50.219727	0.222000
379	703317103130625280.000000	-50.219727	0.241000
380	773648813443687808.000000	-50.219727	0.229000
381	851013694788056704.000000	-50.219727	0.218000
382	936115064266862464.000000	-50.219727	0.233000
383	1029726570693548800.000000	-50.219727	0.229000
384	1132699227762903808.000000	-50.219727	0.235000
385	1245969150539194368.000000	-50.219727	0.216000
386	1370566065593113856.000000	-50.219727	0.213000
387	1507622672152425472.000000	-50.219727	0.210000
388	1658384939367668224.000000	-50.219727	0.204000
389	1824223433304435200.000000	-50.219727	0.220000
390	2006645776634878976.000000	-50.219727	0.222000
391	2207310354298366976.000000	-50.219727	0.233000
392	2428041389728203776.000000	-50.219727	0.245000
393	2670845528701024256.000000	-50.219727	0.236000
394	2937930081571126784.000000	-50.219727	0.209000
395	3231723089728239616.000000	-50.219727	0.230000
396	3554895398701063680.000000	-50.219727	0.237000
397	3910384938571170304.000000	-50.219727	0.211000
398	4301423432428287488.000000	-50.219727	0.230000
399	4731565775671116800.000000	-50.219727	0.186000
400	5204722353238228992.000000	-50.219727	0.223000


================================================================================
Contenido de: results/svm/annealing/batches/betas00400_iterations02000/2026-08-11_11:48:33/summary.txt
================================================================================

B-idx	Beta	Energy	Acceptance
1	48.681402	-27.873863	0.722000
2	53.549542	-30.260433	0.620500
3	58.904496	-32.213562	0.581500
4	64.794946	-33.205685	0.552000
5	71.274441	-34.192786	0.519000
6	78.401885	-35.844631	0.496000
7	86.242073	-36.851111	0.517000
8	94.866281	-38.294979	0.517000
9	104.352909	-39.484995	0.520500
10	114.788199	-40.423884	0.491500
11	126.267019	-41.365129	0.502500
12	138.893721	-42.037551	0.468500
13	152.783093	-43.145004	0.491000
14	168.061403	-44.172211	0.453000
15	184.867543	-44.835363	0.445500
16	203.354297	-45.521867	0.455500
17	223.689727	-46.053614	0.444000
18	246.058700	-46.558554	0.462000
19	270.664570	-47.042514	0.466500
20	297.731027	-47.577237	0.465000
21	327.504130	-47.919358	0.450500
22	360.254543	-48.204102	0.456000
23	396.279997	-48.712728	0.427000
24	435.907996	-49.035938	0.433500
25	479.498796	-49.471685	0.435000
26	527.448676	-49.792313	0.420500
27	580.193543	-50.301621	0.423500
28	638.212898	-50.600252	0.422500
29	702.034187	-50.854589	0.413500
30	772.237606	-51.131491	0.405000
31	849.461367	-51.438863	0.396000
32	934.407503	-51.698628	0.398000
33	1027.848254	-51.889763	0.386000
34	1130.633079	-52.120182	0.395000
35	1243.696387	-52.291987	0.408000
36	1368.066026	-52.475708	0.376500
37	1504.872628	-52.642415	0.372500
38	1655.359891	-52.854852	0.400500
39	1820.895880	-53.060448	0.381500
40	2002.985468	-53.176162	0.360500
41	2203.284015	-53.326357	0.378500
42	2423.612417	-53.473171	0.378500
43	2665.973658	-53.574270	0.353500
44	2932.571024	-53.691850	0.368500
45	3225.828127	-53.799261	0.357000
46	3548.410939	-53.891753	0.362000
47	3903.252033	-53.983970	0.352000
48	4293.577236	-54.070270	0.368500
49	4722.934960	-54.148020	0.340000
50	5195.228456	-54.227222	0.341500
51	5714.751302	-54.277272	0.330500
52	6286.226432	-54.335530	0.318000
53	6914.849075	-54.408671	0.321000
54	7606.333983	-54.464596	0.323500
55	8366.967381	-54.507481	0.316500
56	9203.664119	-54.563623	0.323500
57	10124.030531	-54.614890	0.319000
58	11136.433584	-54.660353	0.304000
59	12250.076942	-54.697930	0.317000
60	13475.084637	-54.740905	0.314000
61	14822.593100	-54.774254	0.312500
62	16304.852410	-54.815766	0.312000
63	17935.337651	-54.846790	0.313000
64	19728.871417	-54.873520	0.303500
65	21701.758558	-54.895110	0.297500
66	23871.934414	-54.921054	0.297000
67	26259.127855	-54.943362	0.291500
68	28885.040641	-54.964484	0.282500
69	31773.544705	-54.984206	0.294500
70	34950.899176	-55.005114	0.311000
71	38445.989093	-55.020762	0.298500
72	42290.588002	-55.038867	0.270500
73	46519.646803	-55.054167	0.275000
74	51171.611483	-55.068464	0.286500
75	56288.772631	-55.083209	0.274500
76	61917.649894	-55.095750	0.261500
77	68109.414884	-55.107774	0.255000
78	74920.356372	-55.120251	0.282500
79	82412.392009	-55.135151	0.298000
80	90653.631210	-55.145259	0.288500
81	99718.994331	-55.155151	0.274500
82	109690.893764	-55.161854	0.265000
83	120659.983141	-55.170215	0.279000
84	132725.981455	-55.178047	0.270500
85	145998.579600	-55.184008	0.265500
86	160598.437560	-55.189853	0.263500
87	176658.281316	-55.195933	0.240500
88	194324.109448	-55.202783	0.255500
89	213756.520393	-55.210566	0.273000
90	235132.172432	-55.215686	0.266000
91	258645.389675	-55.221360	0.247500
92	284509.928643	-55.226943	0.244000
93	312960.921507	-55.231123	0.249000
94	344257.013658	-55.235620	0.263000
95	378682.715024	-55.238465	0.228000
96	416550.986526	-55.241857	0.241000
97	458206.085179	-55.245672	0.240000
98	504026.693697	-55.248432	0.251000
99	554429.363066	-55.251935	0.239000
100	609872.299373	-55.254405	0.232000
101	670859.529310	-55.257154	0.221500
102	737945.482241	-55.260086	0.236500
103	811740.030466	-55.262764	0.244000
104	892914.033512	-55.264931	0.238000
105	982205.436863	-55.267504	0.241500
106	1080425.980550	-55.268994	0.219000
107	1188468.578605	-55.270907	0.218500
108	1307315.436465	-55.272610	0.231000
109	1438046.980112	-55.273843	0.215000
110	1581851.678123	-55.275433	0.213500
111	1740036.845935	-55.277129	0.235000
112	1914040.530529	-55.278383	0.228500
113	2105444.583581	-55.279714	0.230500
114	2315989.041940	-55.281117	0.219000
115	2547587.946133	-55.282010	0.211000
116	2802346.740747	-55.283060	0.201000
117	3082581.414821	-55.284217	0.214500
118	3390839.556304	-55.285164	0.209500
119	3729923.511934	-55.286138	0.214000
120	4102915.863127	-55.286971	0.202000
121	4513207.449440	-55.287954	0.206000
122	4964528.194384	-55.288712	0.203000
123	5460981.013823	-55.289477	0.193000
124	6007079.115205	-55.290241	0.201500
125	6607787.026725	-55.290988	0.203500
126	7268565.729398	-55.291559	0.207500
127	7995422.302338	-55.292155	0.212500
128	8794964.532571	-55.292689	0.203000
129	9674460.985829	-55.293112	0.198500
130	10641907.084411	-55.293643	0.203000
131	11706097.792853	-55.294134	0.189000
132	12876707.572138	-55.294594	0.187000
133	14164378.329352	-55.295015	0.197000
134	15580816.162287	-55.295401	0.192000
135	17138897.778515	-55.295754	0.194500
136	18852787.556367	-55.296226	0.195500
137	20738066.312004	-55.296518	0.191500
138	22811872.943204	-55.296825	0.172500
139	25093060.237524	-55.297175	0.191500
140	27602366.261277	-55.297503	0.178000
141	30362602.887405	-55.297728	0.192500
142	33398863.176145	-55.297940	0.181000
143	36738749.493760	-55.298241	0.180500
144	40412624.443136	-55.298503	0.189000
145	44453886.887449	-55.298731	0.193000
146	48899275.576194	-55.298932	0.188000
147	53789203.133813	-55.299133	0.179500
148	59168123.447195	-55.299299	0.189000
149	65084935.791914	-55.299486	0.182000
150	71593429.371106	-55.299643	0.187500
151	78752772.308216	-55.299795	0.178000
152	86628049.539038	-55.299932	0.188500
153	95290854.492942	-55.300056	0.164500
154	104819939.942236	-55.300251	0.170000
155	115301933.936459	-55.300362	0.176000
156	126832127.330105	-55.300476	0.160500
157	139515340.063116	-55.300570	0.174000
158	153466874.069427	-55.300652	0.167000
159	168813561.476370	-55.300729	0.172000
160	185694917.624007	-55.300816	0.165000
161	204264409.386408	-55.300909	0.169500
162	224690850.325049	-55.300989	0.167500
163	247159935.357554	-55.301057	0.185500
164	271875928.893309	-55.301133	0.155000
165	299063521.782640	-55.301207	0.168500
166	328969873.960904	-55.301272	0.167000
167	361866861.356995	-55.301336	0.159500
168	398053547.492694	-55.301400	0.169000
169	437858902.241964	-55.301457	0.169000
170	481644792.466160	-55.301518	0.168500
171	529809271.712776	-55.301559	0.155000
172	582790198.884053	-55.301610	0.175000
173	641069218.772459	-55.301659	0.158500
174	705176140.649705	-55.301703	0.167000
175	775693754.714675	-55.301752	0.158000
176	853263130.186143	-55.301794	0.155000
177	938589443.204757	-55.301834	0.164500
178	1032448387.525233	-55.301867	0.168000
179	1135693226.277756	-55.301910	0.159000
180	1249262548.905532	-55.301935	0.153000
181	1374188803.796085	-55.301967	0.164500
182	1511607684.175694	-55.302005	0.147500
183	1662768452.593264	-55.302028	0.146000
184	1829045297.852590	-55.302061	0.147500
185	2011949827.637849	-55.302078	0.158000
186	2213144810.401634	-55.302101	0.148500
187	2434459291.441798	-55.302124	0.159000
188	2677905220.585978	-55.302145	0.151000
189	2945695742.644576	-55.302167	0.147500
190	3240265316.909033	-55.302186	0.159000
191	3564291848.599937	-55.302205	0.162500
192	3920721033.459931	-55.302223	0.150500
193	4312793136.805924	-55.302237	0.147000
194	4744072450.486517	-55.302254	0.144000
195	5218479695.535169	-55.302268	0.140500
196	5740327665.088686	-55.302279	0.149000
197	6314360431.597555	-55.302294	0.149000
198	6945796474.757311	-55.302308	0.150500
199	7640376122.233043	-55.302320	0.143000
200	8404413734.456347	-55.302327	0.134500
201	9244855107.901983	-55.302338	0.155500
202	10169340618.692183	-55.302347	0.149000
203	11186274680.561401	-55.302360	0.127500
204	12304902148.617542	-55.302369	0.145000
205	13535392363.479298	-55.302379	0.150500
206	14888931599.827229	-55.302388	0.147000
207	16377824759.809952	-55.302396	0.135500
208	18015607235.790947	-55.302403	0.126500
209	19817167959.370045	-55.302411	0.133000
210	21798884755.307053	-55.302417	0.124000
211	23978773230.837761	-55.302423	0.139500
212	26376650553.921539	-55.302430	0.145500
213	29014315609.313694	-55.302436	0.127000
214	31915747170.245068	-55.302442	0.136500
215	35107321887.269577	-55.302448	0.138000
216	38618054075.996536	-55.302453	0.125000
217	42479859483.596191	-55.302457	0.127000
218	46727845431.955811	-55.302463	0.140000
219	51400629975.151398	-55.302466	0.140000
220	56540692972.666542	-55.302471	0.136500
221	62194762269.933205	-55.302476	0.136500
222	68414238496.926529	-55.302479	0.125000
223	75255662346.619186	-55.302483	0.111000
224	82781228581.281113	-55.302486	0.134000
225	91059351439.409225	-55.302490	0.134500
226	100165286583.350159	-55.302493	0.133500
227	110181815241.685181	-55.302496	0.126500
228	121199996765.853714	-55.302499	0.129500
229	133319996442.439102	-55.302502	0.122000
230	146651996086.683014	-55.302504	0.129000
231	161317195695.351318	-55.302507	0.134500
232	177448915264.886475	-55.302509	0.124500
233	195193806791.375153	-55.302510	0.118000
234	214713187470.512695	-55.302512	0.130500
235	236184506217.563995	-55.302514	0.113500
236	259802956839.320404	-55.302515	0.126500
237	285783252523.252441	-55.302517	0.138500
238	314361577775.577698	-55.302519	0.134500
239	345797735553.135498	-55.302520	0.126000
240	380377509108.449097	-55.302522	0.124500
241	418415260019.294067	-55.302523	0.126500
242	460256786021.223511	-55.302525	0.135500
243	506282464623.345886	-55.302526	0.107500
244	556910711085.680542	-55.302527	0.117000
245	612601782194.248657	-55.302528	0.109000
246	673861960413.673584	-55.302529	0.119500
247	741248156455.041016	-55.302530	0.118500
248	815372972100.545166	-55.302531	0.109000
249	896910269310.599731	-55.302531	0.121500
250	986601296241.659790	-55.302532	0.123000
251	1085261425865.825806	-55.302533	0.114000
252	1193787568452.408447	-55.302534	0.129500
253	1313166325297.649414	-55.302535	0.116000
254	1444482957827.414551	-55.302535	0.114000
255	1588931253610.156250	-55.302536	0.119000
256	1747824378971.172119	-55.302537	0.110500
257	1922606816868.289551	-55.302537	0.104000
258	2114867498555.118652	-55.302538	0.111000
259	2326354248410.630859	-55.302538	0.115000
260	2558989673251.694336	-55.302539	0.126500
261	2814888640576.863770	-55.302539	0.112500
262	3096377504634.550293	-55.302539	0.109500
263	3406015255098.005371	-55.302540	0.122500
264	3746616780607.806152	-55.302540	0.118000
265	4121278458668.586914	-55.302541	0.127000
266	4533406304535.446289	-55.302541	0.121500
267	4986746934988.991211	-55.302542	0.129500
268	5485421628487.890625	-55.302542	0.118000
269	6033963791336.679688	-55.302542	0.099500
270	6637360170470.348633	-55.302542	0.104500
271	7301096187517.383789	-55.302543	0.108000
272	8031205806269.123047	-55.302543	0.120500
273	8834326386896.035156	-55.302543	0.115000
274	9717759025585.638672	-55.302543	0.106000
275	10689534928144.203125	-55.302544	0.097500
276	11758488420958.625000	-55.302544	0.107500
277	12934337263054.488281	-55.302544	0.103500
278	14227770989359.937500	-55.302544	0.110000
279	15650548088295.931641	-55.302544	0.104500
280	17215602897125.525391	-55.302545	0.120000
281	18937163186838.078125	-55.302545	0.118000
282	20830879505521.886719	-55.302545	0.115500
283	22913967456074.078125	-55.302545	0.116500
284	25205364201681.488281	-55.302545	0.098500
285	27725900621849.640625	-55.302545	0.107500
286	30498490684034.605469	-55.302546	0.110500
287	33548339752438.070312	-55.302546	0.108500
288	36903173727681.882812	-55.302546	0.105000
289	40593491100450.078125	-55.302546	0.112500
290	44652840210495.085938	-55.302546	0.114000
291	49118124231544.601562	-55.302546	0.119500
292	54029936654699.062500	-55.302546	0.113500
293	59432930320168.976562	-55.302546	0.104500
294	65376223352185.882812	-55.302546	0.102500
295	71913845687404.484375	-55.302546	0.108000
296	79105230256144.937500	-55.302547	0.098500
297	87015753281759.437500	-55.302547	0.104500
298	95717328609935.390625	-55.302547	0.108500
299	105289061470928.937500	-55.302547	0.106000
300	115817967618021.843750	-55.302547	0.104000
301	127399764379824.031250	-55.302547	0.091500
302	140139740817806.453125	-55.302547	0.109000
303	154153714899587.125000	-55.302547	0.114500
304	169569086389545.843750	-55.302547	0.121500
305	186525995028500.437500	-55.302547	0.095000
306	205178594531350.500000	-55.302547	0.109000
307	225696453984485.562500	-55.302547	0.105000
308	248266099382934.125000	-55.302547	0.101500
309	273092709321227.562500	-55.302547	0.102500
310	300401980253350.312500	-55.302547	0.101500
311	330442178278685.375000	-55.302547	0.087500
312	363486396106553.937500	-55.302547	0.102500
313	399835035717209.375000	-55.302547	0.097000
314	439818539288930.375000	-55.302547	0.100000
315	483800393217823.437500	-55.302548	0.084000
316	532180432539605.812500	-55.302548	0.104000
317	585398475793566.500000	-55.302548	0.102500
318	643938323372923.250000	-55.302548	0.094000
319	708332155710215.625000	-55.302548	0.119500
320	779165371281237.250000	-55.302548	0.112000
321	857081908409361.000000	-55.302548	0.104000
322	942790099250297.125000	-55.302548	0.096500
323	1037069109175326.875000	-55.302548	0.114500
324	1140776020092859.750000	-55.302548	0.102500
325	1254853622102145.750000	-55.302548	0.106000
326	1380338984312360.500000	-55.302548	0.109000
327	1518372882743596.750000	-55.302548	0.099500
328	1670210171017956.500000	-55.302548	0.108500
329	1837231188119752.250000	-55.302548	0.106500
330	2020954306931727.750000	-55.302548	0.098000
331	2223049737624900.750000	-55.302548	0.113000
332	2445354711387391.000000	-55.302548	0.104000
333	2689890182526130.500000	-55.302548	0.096000
334	2958879200778744.000000	-55.302548	0.097500
335	3254767120856618.500000	-55.302548	0.100500
336	3580243832942280.500000	-55.302548	0.109500
337	3938268216236509.000000	-55.302548	0.105500
338	4332095037860160.000000	-55.302548	0.091500
339	4765304541646176.000000	-55.302548	0.117500
340	5241834995810794.000000	-55.302548	0.104500
341	5766018495391874.000000	-55.302548	0.093500
342	6342620344931062.000000	-55.302548	0.094000
343	6976882379424169.000000	-55.302548	0.102500
344	7674570617366587.000000	-55.302548	0.094500
345	8442027679103246.000000	-55.302548	0.102500
346	9286230447013572.000000	-55.302548	0.102500
347	10214853491714930.000000	-55.302548	0.106500
348	11236338840886424.000000	-55.302548	0.094000
349	12359972724975068.000000	-55.302548	0.090500
350	13595969997472576.000000	-55.302548	0.103500
351	14955566997219834.000000	-55.302548	0.094000
352	16451123696941818.000000	-55.302548	0.097000
353	18096236066636000.000000	-55.302548	0.093500
354	19905859673299600.000000	-55.302548	0.111000
355	21896445640629560.000000	-55.302548	0.095500
356	24086090204692516.000000	-55.302548	0.101000
357	26494699225161768.000000	-55.302548	0.111500
358	29144169147677948.000000	-55.302548	0.089000
359	32058586062445744.000000	-55.302548	0.114000
360	35264444668690320.000000	-55.302548	0.080500
361	38790889135559352.000000	-55.302548	0.091500
362	42669978049115288.000000	-55.302548	0.090000
363	46936975854026824.000000	-55.302548	0.109000
364	51630673439429512.000000	-55.302548	0.109500
365	56793740783372464.000000	-55.302548	0.097000
366	62473114861709712.000000	-55.302548	0.103000
367	68720426347880688.000000	-55.302548	0.098500
368	75592468982668768.000000	-55.302548	0.101000
369	83151715880935648.000000	-55.302548	0.098500
370	91466887469029216.000000	-55.302548	0.100500
371	100613576215932144.000000	-55.302548	0.099000
372	110674933837525360.000000	-55.302548	0.098000
373	121742427221277904.000000	-55.302548	0.102500
374	133916669943405712.000000	-55.302548	0.101000
375	147308336937746304.000000	-55.302548	0.100000
376	162039170631520960.000000	-55.302548	0.090500
377	178243087694673056.000000	-55.302548	0.105000
378	196067396464140384.000000	-55.302548	0.091000
379	215674136110554432.000000	-55.302548	0.092000
380	237241549721609888.000000	-55.302548	0.088500
381	260965704693770912.000000	-55.302548	0.097500
382	287062275163148032.000000	-55.302548	0.098000
383	315768502679462848.000000	-55.302548	0.105000
384	347345352947409152.000000	-55.302548	0.106000
385	382079888242150080.000000	-55.302548	0.106500
386	420287877066365120.000000	-55.302548	0.099500
387	462316664773001664.000000	-55.302548	0.107500
388	508548331250301888.000000	-55.302548	0.107000
389	559403164375332096.000000	-55.302548	0.093500
390	615343480812865408.000000	-55.302548	0.096500
391	676877828894152064.000000	-55.302548	0.103000
392	744565611783567360.000000	-55.302548	0.096000
393	819022172961924224.000000	-55.302548	0.098500
394	900924390258116736.000000	-55.302548	0.099500
395	991016829283928448.000000	-55.302548	0.108000
396	1090118512212321408.000000	-55.302548	0.088500
397	1199130363433553664.000000	-55.302548	0.096000
398	1319043399776909056.000000	-55.302548	0.089000
399	1450947739754600192.000000	-55.302548	0.081000
400	1596042513730060288.000000	-55.302548	0.084500


================================================================================
Contenido de: results/svm/annealing/batches/betas00500_iterations01000/2026-08-11_11:48:18/summary.txt
================================================================================

B-idx	Beta	Energy	Acceptance
1	46.503137	-26.552993	0.739000
2	51.153450	-28.058066	0.644000
3	56.268795	-29.380011	0.611000
4	61.895675	-30.695369	0.577000
5	68.085242	-32.504088	0.589000
6	74.893766	-33.737168	0.541000
7	82.383143	-34.401062	0.543000
8	90.621457	-35.451760	0.521000
9	99.683603	-36.293569	0.520000
10	109.651963	-37.335747	0.498000
11	120.617160	-38.280812	0.493000
12	132.678876	-38.891240	0.481000
13	145.946763	-39.871694	0.458000
14	160.541440	-40.541954	0.468000
15	176.595584	-41.102321	0.470000
16	194.255142	-41.401621	0.469000
17	213.680656	-41.989677	0.456000
18	235.048722	-42.335167	0.455000
19	258.553594	-42.943086	0.450000
20	284.408953	-43.374707	0.491000
21	312.849849	-43.963157	0.413000
22	344.134834	-44.398711	0.467000
23	378.548317	-44.961654	0.431000
24	416.403149	-45.276666	0.415000
25	458.043464	-45.719367	0.425000
26	503.847810	-46.089875	0.431000
27	554.232591	-46.436161	0.416000
28	609.655850	-46.762476	0.440000
29	670.621435	-47.200727	0.422000
30	737.683579	-47.456366	0.388000
31	811.451936	-47.830558	0.397000
32	892.597130	-48.073989	0.409000
33	981.856843	-48.371815	0.430000
34	1080.042527	-48.628383	0.380000
35	1188.046780	-48.824303	0.371000
36	1306.851458	-49.042770	0.382000
37	1437.536604	-49.231548	0.375000
38	1581.290264	-49.424821	0.385000
39	1739.419291	-49.657083	0.389000
40	1913.361220	-49.866538	0.370000
41	2104.697342	-50.041352	0.360000
42	2315.167076	-50.203114	0.379000
43	2546.683784	-50.349377	0.356000
44	2801.352162	-50.505013	0.348000
45	3081.487378	-50.614071	0.342000
46	3389.636116	-50.719278	0.349000
47	3728.599728	-50.827107	0.325000
48	4101.459701	-50.948419	0.317000
49	4511.605671	-51.088035	0.335000
50	4962.766238	-51.188952	0.303000
51	5459.042862	-51.305260	0.316000
52	6004.947148	-51.399965	0.325000
53	6605.441863	-51.482663	0.319000
54	7265.986049	-51.575731	0.315000
55	7992.584654	-51.656707	0.312000
56	8791.843119	-51.740660	0.307000
57	9671.027431	-51.832715	0.339000
58	10638.130174	-51.903853	0.316000
59	11701.943191	-51.988093	0.333000
60	12872.137511	-52.069268	0.319000
61	14159.351262	-52.135364	0.318000
62	15575.286388	-52.186407	0.286000
63	17132.815027	-52.244608	0.323000
64	18846.096529	-52.309291	0.306000
65	20730.706182	-52.361828	0.303000
66	22803.776800	-52.426196	0.306000
67	25084.154480	-52.473424	0.298000
68	27592.569928	-52.526149	0.312000
69	30351.826921	-52.575848	0.310000
70	33387.009613	-52.619998	0.299000
71	36725.710575	-52.655518	0.290000
72	40398.281632	-52.694889	0.295000
73	44438.109795	-52.720774	0.264000
74	48881.920775	-52.757378	0.297000
75	53770.112853	-52.789899	0.260000
76	59147.124138	-52.816583	0.280000
77	65061.836552	-52.840748	0.244000
78	71568.020207	-52.865736	0.252000
79	78724.822227	-52.890198	0.272000
80	86597.304450	-52.914931	0.254000
81	95257.034895	-52.936764	0.252000
82	104782.738385	-52.956213	0.266000
83	115261.012223	-52.977353	0.274000
84	126787.113445	-52.994109	0.256000
85	139465.824790	-53.011216	0.245000
86	153412.407269	-53.026446	0.250000
87	168753.647996	-53.043932	0.263000
88	185629.012795	-53.062632	0.273000
89	204191.914075	-53.077860	0.235000
90	224611.105482	-53.094705	0.266000
91	247072.216031	-53.109435	0.251000
92	271779.437634	-53.124685	0.255000
93	298957.381397	-53.136438	0.240000
94	328853.119537	-53.146325	0.247000
95	361738.431490	-53.164420	0.255000
96	397912.274640	-53.175758	0.230000
97	437703.502103	-53.188181	0.259000
98	481473.852314	-53.198709	0.237000
99	529621.237545	-53.210256	0.244000
100	582583.361300	-53.220394	0.252000
101	640841.697430	-53.227220	0.246000
102	704925.867173	-53.233393	0.243000
103	775418.453890	-53.239950	0.210000
104	852960.299279	-53.248042	0.255000
105	938256.329207	-53.254256	0.222000
106	1032081.962127	-53.259458	0.227000
107	1135290.158340	-53.268288	0.244000
108	1248819.174174	-53.273406	0.230000
109	1373701.091592	-53.278935	0.218000
110	1511071.200751	-53.285406	0.221000
111	1662178.320826	-53.290227	0.238000
112	1828396.152909	-53.294460	0.220000
113	2011235.768199	-53.299249	0.216000
114	2212359.345019	-53.303140	0.202000
115	2433595.279521	-53.306226	0.220000
116	2676954.807473	-53.310277	0.219000
117	2944650.288221	-53.313346	0.228000
118	3239115.317043	-53.317514	0.226000
119	3563026.848747	-53.320816	0.233000
120	3919329.533622	-53.323470	0.215000
121	4311262.486984	-53.326848	0.240000
122	4742388.735682	-53.330090	0.219000
123	5216627.609251	-53.332401	0.207000
124	5738290.370176	-53.334946	0.205000
125	6312119.407193	-53.337347	0.211000
126	6943331.347913	-53.339905	0.227000
127	7637664.482704	-53.342583	0.203000
128	8401430.930974	-53.344444	0.189000
129	9241574.024072	-53.345938	0.206000
130	10165731.426479	-53.347932	0.194000
131	11182304.569127	-53.349417	0.204000
132	12300535.026039	-53.351283	0.210000
133	13530588.528643	-53.353249	0.223000
134	14883647.381508	-53.354952	0.213000
135	16372012.119658	-53.356986	0.203000
136	18009213.331624	-53.358344	0.189000
137	19810134.664787	-53.359844	0.196000
138	21791148.131265	-53.361171	0.201000
139	23970262.944392	-53.362252	0.184000
140	26367289.238831	-53.363500	0.203000
141	29004018.162714	-53.364666	0.204000
142	31904419.978986	-53.365599	0.195000
143	35094861.976884	-53.366728	0.200000
144	38604348.174573	-53.367857	0.190000
145	42464782.992030	-53.368633	0.204000
146	46711261.291233	-53.369630	0.203000
147	51382387.420356	-53.370248	0.190000
148	56520626.162392	-53.371241	0.207000
149	62172688.778631	-53.371885	0.193000
150	68389957.656494	-53.372605	0.206000
151	75228953.422144	-53.373322	0.170000
152	82751848.764358	-53.373933	0.210000
153	91027033.640794	-53.374547	0.200000
154	100129737.004873	-53.375159	0.212000
155	110142710.705361	-53.375699	0.203000
156	121156981.775897	-53.376199	0.202000
157	133272679.953486	-53.376645	0.194000
158	146599947.948835	-53.377077	0.208000
159	161259942.743719	-53.377431	0.196000
160	177385937.018090	-53.377892	0.203000
161	195124530.719900	-53.378347	0.202000
162	214636983.791890	-53.378717	0.203000
163	236100682.171079	-53.379060	0.196000
164	259710750.388186	-53.379384	0.195000
165	285681825.427005	-53.379686	0.201000
166	314250007.969706	-53.379957	0.194000
167	345675008.766676	-53.380178	0.179000
168	380242509.643344	-53.380496	0.188000
169	418266760.607678	-53.380696	0.181000
170	460093436.668446	-53.381029	0.208000
171	506102780.335291	-53.381270	0.185000
172	556713058.368820	-53.381519	0.186000
173	612384364.205702	-53.381712	0.185000
174	673622800.626272	-53.381939	0.184000
175	740985080.688900	-53.382115	0.162000
176	815083588.757789	-53.382301	0.177000
177	896591947.633569	-53.382493	0.194000
178	986251142.396925	-53.382680	0.193000
179	1084876256.636618	-53.382837	0.192000
180	1193363882.300280	-53.382994	0.189000
181	1312700270.530308	-53.383137	0.182000
182	1443970297.583339	-53.383274	0.216000
183	1588367327.341673	-53.383383	0.173000
184	1747204060.075841	-53.383492	0.176000
185	1921924466.083425	-53.383602	0.184000
186	2114116912.691768	-53.383682	0.162000
187	2325528603.960945	-53.383775	0.185000
188	2558081464.357040	-53.383870	0.198000
189	2813889610.792744	-53.383946	0.171000
190	3095278571.872019	-53.384042	0.193000
191	3404806429.059221	-53.384108	0.186000
192	3745287071.965143	-53.384190	0.178000
193	4119815779.161658	-53.384248	0.169000
194	4531797357.077824	-53.384330	0.181000
195	4984977092.785606	-53.384401	0.175000
196	5483474802.064167	-53.384460	0.181000
197	6031822282.270584	-53.384518	0.178000
198	6635004510.497643	-53.384568	0.174000
199	7298504961.547408	-53.384629	0.201000
200	8028355457.702149	-53.384682	0.197000
201	8831191003.472364	-53.384734	0.176000
202	9714310103.819601	-53.384782	0.179000
203	10685741114.201563	-53.384833	0.167000
204	11754315225.621719	-53.384870	0.176000
205	12929746748.183893	-53.384900	0.160000
206	14222721423.002283	-53.384942	0.178000
207	15644993565.302513	-53.384981	0.193000
208	17209492921.832767	-53.385009	0.174000
209	18930442214.016045	-53.385038	0.168000
210	20823486435.417652	-53.385073	0.177000
211	22905835078.959419	-53.385103	0.177000
212	25196418586.855362	-53.385140	0.181000
213	27716060445.540901	-53.385166	0.170000
214	30487666490.094994	-53.385191	0.175000
215	33536433139.104496	-53.385222	0.178000
216	36890076453.014946	-53.385242	0.193000
217	40579084098.316444	-53.385264	0.173000
218	44636992508.148094	-53.385289	0.174000
219	49100691758.962906	-53.385312	0.173000
220	54010760934.859200	-53.385327	0.151000
221	59411837028.345123	-53.385345	0.176000
222	65353020731.179642	-53.385362	0.180000
223	71888322804.297607	-53.385383	0.188000
224	79077155084.727371	-53.385401	0.201000
225	86984870593.200119	-53.385416	0.201000
226	95683357652.520142	-53.385431	0.181000
227	105251693417.772171	-53.385444	0.184000
228	115776862759.549393	-53.385458	0.165000
229	127354549035.504349	-53.385470	0.139000
230	140090003939.054810	-53.385482	0.184000
231	154099004332.960297	-53.385492	0.168000
232	169508904766.256348	-53.385503	0.186000
233	186459795242.881989	-53.385513	0.174000
234	205105774767.170197	-53.385523	0.169000
235	225616352243.887238	-53.385531	0.182000
236	248177987468.275970	-53.385541	0.174000
237	272995786215.103577	-53.385549	0.177000
238	300295364836.613953	-53.385558	0.183000
239	330324901320.275391	-53.385566	0.171000
240	363357391452.302979	-53.385574	0.159000
241	399693130597.533325	-53.385581	0.181000
242	439662443657.286682	-53.385588	0.178000
243	483628688023.015381	-53.385595	0.203000
244	531991556825.316956	-53.385600	0.178000
245	585190712507.848755	-53.385605	0.179000
246	643709783758.633667	-53.385610	0.184000
247	708080762134.497070	-53.385614	0.165000
248	778888838347.946899	-53.385620	0.193000
249	856777722182.741699	-53.385624	0.172000
250	942455494401.015991	-53.385628	0.167000
251	1036701043841.117676	-53.385633	0.190000
252	1140371148225.229492	-53.385636	0.166000
253	1254408263047.752441	-53.385639	0.184000
254	1379849089352.527832	-53.385643	0.159000
255	1517833998287.780762	-53.385646	0.166000
256	1669617398116.559082	-53.385649	0.169000
257	1836579137928.215088	-53.385653	0.200000
258	2020237051721.036865	-53.385656	0.174000
259	2222260756893.140625	-53.385658	0.160000
260	2444486832582.455078	-53.385661	0.175000
261	2688935515840.700684	-53.385663	0.195000
262	2957829067424.770996	-53.385666	0.164000
263	3253611974167.248535	-53.385668	0.187000
264	3578973171583.973633	-53.385670	0.192000
265	3936870488742.371094	-53.385672	0.170000
266	4330557537616.608398	-53.385674	0.191000
267	4763613291378.269531	-53.385675	0.161000
268	5239974620516.096680	-53.385677	0.189000
269	5763972082567.707031	-53.385679	0.174000
270	6340369290824.478516	-53.385681	0.177000
271	6974406219906.926758	-53.385683	0.188000
272	7671846841897.620117	-53.385684	0.180000
273	8439031526087.382812	-53.385685	0.181000
274	9282934678696.121094	-53.385686	0.176000
275	10211228146565.734375	-53.385688	0.171000
276	11232350961222.308594	-53.385689	0.200000
277	12355586057344.541016	-53.385691	0.190000
278	13591144663078.996094	-53.385692	0.171000
279	14950259129386.896484	-53.385693	0.177000
280	16445285042325.587891	-53.385694	0.168000
281	18089813546558.148438	-53.385695	0.158000
282	19898794901213.964844	-53.385696	0.184000
283	21888674391335.363281	-53.385696	0.164000
284	24077541830468.902344	-53.385697	0.164000
285	26485296013515.792969	-53.385698	0.167000
286	29133825614867.375000	-53.385698	0.163000
287	32047208176354.113281	-53.385699	0.162000
288	35251928993989.531250	-53.385700	0.165000
289	38777121893388.484375	-53.385700	0.186000
290	42654834082727.335938	-53.385701	0.165000
291	46920317491000.070312	-53.385701	0.169000
292	51612349240100.078125	-53.385702	0.182000
293	56773584164110.093750	-53.385702	0.174000
294	62450942580521.109375	-53.385703	0.171000
295	68696036838573.226562	-53.385703	0.185000
296	75565640522430.562500	-53.385704	0.177000
297	83122204574673.625000	-53.385704	0.170000
298	91434425032141.000000	-53.385704	0.184000
299	100577867535355.109375	-53.385705	0.171000
300	110635654288890.625000	-53.385705	0.171000
301	121699219717779.703125	-53.385705	0.182000
302	133869141689557.687500	-53.385706	0.183000
303	147256055858513.468750	-53.385706	0.168000
304	161981661444364.843750	-53.385706	0.166000
305	178179827588801.343750	-53.385706	0.198000
306	195997810347681.500000	-53.385707	0.177000
307	215597591382449.656250	-53.385707	0.175000
308	237157350520694.656250	-53.385707	0.182000
309	260873085572764.156250	-53.385707	0.179000
310	286960394130040.625000	-53.385708	0.173000
311	315656433543044.687500	-53.385708	0.184000
312	347222076897349.187500	-53.385708	0.169000
313	381944284587084.125000	-53.385708	0.165000
314	420138713045792.562500	-53.385708	0.163000
315	462152584350371.875000	-53.385708	0.184000
316	508367842785409.125000	-53.385708	0.166000
317	559204627063950.062500	-53.385709	0.154000
318	615125089770345.125000	-53.385709	0.161000
319	676637598747379.750000	-53.385709	0.170000
320	744301358622117.750000	-53.385709	0.161000
321	818731494484329.625000	-53.385709	0.178000
322	900604643932762.625000	-53.385709	0.155000
323	990665108326039.000000	-53.385709	0.204000
324	1089731619158643.000000	-53.385710	0.164000
325	1198704781074507.500000	-53.385710	0.186000
326	1318575259181958.250000	-53.385710	0.169000
327	1450432785100154.250000	-53.385710	0.176000
328	1595476063610169.750000	-53.385710	0.188000
329	1755023669971186.750000	-53.385710	0.174000
330	1930526036968305.500000	-53.385710	0.175000
331	2123578640665136.250000	-53.385710	0.161000
332	2335936504731650.000000	-53.385710	0.181000
333	2569530155204815.000000	-53.385710	0.156000
334	2826483170725296.500000	-53.385710	0.185000
335	3109131487797826.500000	-53.385710	0.170000
336	3420044636577609.500000	-53.385710	0.159000
337	3762049100235371.000000	-53.385710	0.179000
338	4138254010258908.500000	-53.385710	0.170000
339	4552079411284800.000000	-53.385710	0.170000
340	5007287352413280.000000	-53.385711	0.153000
341	5508016087654608.000000	-53.385711	0.180000
342	6058817696420069.000000	-53.385711	0.166000
343	6664699466062076.000000	-53.385711	0.178000
344	7331169412668284.000000	-53.385711	0.178000
345	8064286353935113.000000	-53.385711	0.180000
346	8870714989328625.000000	-53.385711	0.165000
347	9757786488261488.000000	-53.385711	0.152000
348	10733565137087638.000000	-53.385711	0.173000
349	11806921650796402.000000	-53.385711	0.180000
350	12987613815876044.000000	-53.385711	0.154000
351	14286375197463650.000000	-53.385711	0.168000
352	15715012717210016.000000	-53.385711	0.195000
353	17286513988931018.000000	-53.385711	0.199000
354	19015165387824120.000000	-53.385711	0.188000
355	20916681926606532.000000	-53.385711	0.176000
356	23008350119267188.000000	-53.385711	0.160000
357	25309185131193908.000000	-53.385711	0.179000
358	27840103644313300.000000	-53.385711	0.154000
359	30624114008744632.000000	-53.385711	0.189000
360	33686525409619096.000000	-53.385711	0.182000
361	37055177950581008.000000	-53.385711	0.177000
362	40760695745639112.000000	-53.385711	0.187000
363	44836765320203024.000000	-53.385711	0.183000
364	49320441852223328.000000	-53.385711	0.150000
365	54252486037445664.000000	-53.385711	0.167000
366	59677734641190232.000000	-53.385711	0.184000
367	65645508105309264.000000	-53.385711	0.182000
368	72210058915840192.000000	-53.385711	0.157000
369	79431064807424224.000000	-53.385711	0.177000
370	87374171288166656.000000	-53.385711	0.181000
371	96111588416983328.000000	-53.385711	0.182000
372	105722747258681664.000000	-53.385711	0.176000
373	116295021984549840.000000	-53.385711	0.189000
374	127924524183004832.000000	-53.385711	0.165000
375	140716976601305328.000000	-53.385711	0.173000
376	154788674261435872.000000	-53.385711	0.189000
377	170267541687579488.000000	-53.385711	0.189000
378	187294295856337440.000000	-53.385711	0.179000
379	206023725441971200.000000	-53.385711	0.164000
380	226626097986168352.000000	-53.385711	0.177000
381	249288707784785216.000000	-53.385711	0.174000
382	274217578563263744.000000	-53.385711	0.164000
383	301639336419590144.000000	-53.385711	0.165000
384	331803270061549184.000000	-53.385711	0.158000
385	364983597067704128.000000	-53.385711	0.191000
386	401481956774474560.000000	-53.385711	0.176000
387	441630152451922048.000000	-53.385711	0.188000
388	485793167697114304.000000	-53.385711	0.185000
389	534372484466825792.000000	-53.385711	0.173000
390	587809732913508480.000000	-53.385711	0.169000
391	646590706204859392.000000	-53.385711	0.164000
392	711249776825345408.000000	-53.385711	0.183000
393	782374754507880064.000000	-53.385711	0.182000
394	860612229958668160.000000	-53.385711	0.185000
395	946673452954535040.000000	-53.385711	0.185000
396	1041340798249988608.000000	-53.385711	0.186000
397	1145474878074987520.000000	-53.385711	0.177000
398	1260022365882486272.000000	-53.385711	0.174000
399	1386024602470735104.000000	-53.385711	0.162000
400	1524627062717808640.000000	-53.385711	0.177000
401	1677089768989589760.000000	-53.385711	0.172000
402	1844798745888548864.000000	-53.385711	0.167000
403	2029278620477403904.000000	-53.385711	0.167000
404	2232206482525144576.000000	-53.385711	0.175000
405	2455427130777659392.000000	-53.385711	0.187000
406	2700969843855425536.000000	-53.385711	0.168000
407	2971066828240968192.000000	-53.385711	0.184000
408	3268173511065065472.000000	-53.385711	0.169000
409	3594990862171572224.000000	-53.385711	0.172000
410	3954489948388729856.000000	-53.385711	0.179000
411	4349938943227602944.000000	-53.385711	0.178000
412	4784932837550363648.000000	-53.385711	0.158000
413	5263426121305400320.000000	-53.385711	0.180000
414	5789768733435940864.000000	-53.385711	0.160000
415	6368745606779535360.000000	-53.385711	0.159000
416	7005620167457489920.000000	-53.385711	0.149000
417	7706182184203239424.000000	-53.385711	0.155000
418	8476800402623563776.000000	-53.385711	0.158000
419	9324480442885920768.000000	-53.385711	0.180000
420	10256928487174514688.000000	-53.385711	0.168000
421	11282621335891968000.000000	-53.385711	0.188000
422	12410883469481164800.000000	-53.385711	0.166000
423	13651971816429283328.000000	-53.385711	0.152000
424	15017168998072213504.000000	-53.385711	0.172000
425	16518885897879435264.000000	-53.385711	0.166000
426	18170774487667380224.000000	-53.385711	0.176000
427	19987851936434118656.000000	-53.385711	0.175000
428	21986637130077532160.000000	-53.385711	0.180000
429	24185300843085287424.000000	-53.385711	0.167000
430	26603830927393816576.000000	-53.385711	0.171000
431	29264214020133199872.000000	-53.385711	0.173000
432	32190635422146523136.000000	-53.385711	0.193000
433	35409698964361179136.000000	-53.385711	0.186000
434	38950668860797296640.000000	-53.385711	0.156000
435	42845735746877030400.000000	-53.385711	0.178000
436	47130309321564733440.000000	-53.385711	0.173000
437	51843340253721214976.000000	-53.385711	0.173000
438	57027674279093338112.000000	-53.385711	0.170000
439	62730441707002675200.000000	-53.385711	0.177000
440	69003485877702950912.000000	-53.385711	0.177000
441	75903834465473249280.000000	-53.385711	0.179000
442	83494217912020582400.000000	-53.385711	0.163000
443	91843639703222648832.000000	-53.385711	0.177000
444	101028003673544916992.000000	-53.385711	0.158000
445	111130804040899411968.000000	-53.385711	0.154000
446	122243884444989358080.000000	-53.385711	0.158000
447	134468272889488310272.000000	-53.385711	0.167000
448	147915100178437144576.000000	-53.385711	0.183000
449	162706610196280868864.000000	-53.385711	0.197000
450	178977271215908978688.000000	-53.385711	0.182000
451	196874998337499889664.000000	-53.385711	0.183000
452	216562498171249885184.000000	-53.385711	0.166000
453	238218747988374880256.000000	-53.385711	0.193000
454	262040622787212378112.000000	-53.385711	0.147000
455	288244685065933651968.000000	-53.385711	0.158000
456	317069153572527013888.000000	-53.385711	0.181000
457	348776068929779728384.000000	-53.385711	0.170000
458	383653675822757707776.000000	-53.385711	0.167000
459	422019043405033504768.000000	-53.385711	0.168000
460	464220947745536868352.000000	-53.385711	0.176000
461	510643042520090607616.000000	-53.385711	0.171000
462	561707346772099727360.000000	-53.385711	0.184000
463	617878081449309765632.000000	-53.385711	0.162000
464	679665889594240794624.000000	-53.385711	0.161000
465	747632478553664913408.000000	-53.385711	0.169000
466	822395726409031483392.000000	-53.385711	0.183000
467	904635299049934684160.000000	-53.385711	0.165000
468	995098828954928283648.000000	-53.385711	0.179000
469	1094608711850421256192.000000	-53.385711	0.162000
470	1204069583035463368704.000000	-53.385711	0.178000
471	1324476541339009810432.000000	-53.385711	0.173000
472	1456924195472910843904.000000	-53.385711	0.190000
473	1602616615020202033152.000000	-53.385711	0.195000
474	1762878276522222288896.000000	-53.385711	0.189000
475	1939166104174444675072.000000	-53.385711	0.177000
476	2133082714591889195008.000000	-53.385711	0.171000
477	2346390986051078324224.000000	-53.385711	0.179000
478	2581030084656186261504.000000	-53.385711	0.160000
479	2839133093121804992512.000000	-53.385711	0.178000
480	3123046402433985544192.000000	-53.385711	0.176000
481	3435351042677384151040.000000	-53.385711	0.164000
482	3778886146945122828288.000000	-53.385711	0.167000
483	4156774761639635320832.000000	-53.385711	0.173000
484	4572452237803599167488.000000	-53.385711	0.174000
485	5029697461583959031808.000000	-53.385711	0.195000
486	5532667207742355668992.000000	-53.385711	0.164000
487	6085933928516591550464.000000	-53.385711	0.176000
488	6694527321368251334656.000000	-53.385711	0.184000
489	7363980053505077411840.000000	-53.385711	0.189000
490	8100378058855585677312.000000	-53.385711	0.184000
491	8910415864741144559616.000000	-53.385711	0.178000
492	9801457451215259435008.000000	-53.385711	0.182000
493	10781603196336785588224.000000	-53.385711	0.181000
494	11859763515970465824768.000000	-53.385711	0.162000
495	13045739867567512616960.000000	-53.385711	0.147000
496	14350313854324264927232.000000	-53.385711	0.184000
497	15785345239756692258816.000000	-53.385711	0.200000
498	17363879763732361904128.000000	-53.385711	0.181000
499	19100267740105598304256.000000	-53.385711	0.186000
500	21010294514116158554112.000000	-53.385711	0.172000


================================================================================
Contenido de: results/svm/annealing/batches/betas00500_iterations05000/2026-08-11_11:47:20/summary.txt
================================================================================

B-idx	Beta	Energy	Acceptance
1	55.773005	-33.737821	0.653600
2	61.350306	-35.373054	0.560800
3	67.485337	-37.162096	0.546400
4	74.233870	-38.634573	0.515200
5	81.657257	-40.328856	0.520000
6	89.822983	-41.661201	0.511000
7	98.805281	-42.903969	0.497200
8	108.685809	-43.294388	0.493200
9	119.554390	-44.142963	0.497800
10	131.509829	-45.265298	0.508200
11	144.660812	-46.236792	0.495400
12	159.126894	-46.888400	0.499400
13	175.039583	-47.438696	0.484800
14	192.543541	-48.094312	0.472600
15	211.797895	-48.714944	0.485200
16	232.977685	-49.292901	0.476800
17	256.275453	-49.883747	0.473000
18	281.902999	-50.258667	0.470800
19	310.093299	-50.588327	0.480400
20	341.102628	-50.792501	0.457200
21	375.212891	-51.101723	0.454600
22	412.734180	-51.490098	0.466000
23	454.007598	-51.664810	0.465400
24	499.408358	-51.983448	0.462000
25	549.349194	-52.253895	0.454800
26	604.284113	-52.508989	0.439600
27	664.712525	-52.772951	0.429800
28	731.183777	-52.991978	0.435000
29	804.302155	-53.118318	0.432000
30	884.732371	-53.307739	0.437200
31	973.205608	-53.485654	0.426200
32	1070.526168	-53.598656	0.427800
33	1177.578785	-53.732102	0.415200
34	1295.336664	-53.881954	0.416400
35	1424.870330	-54.003288	0.398000
36	1567.357363	-54.107867	0.397800
37	1724.093099	-54.207733	0.398000
38	1896.502409	-54.291571	0.399600
39	2086.152650	-54.377183	0.396200
40	2294.767915	-54.476845	0.388600
41	2524.244707	-54.567176	0.393800
42	2776.669177	-54.628164	0.386200
43	3054.336095	-54.682162	0.386800
44	3359.769705	-54.756806	0.391000
45	3695.746675	-54.807408	0.378000
46	4065.321343	-54.859167	0.370800
47	4471.853477	-54.900965	0.374000
48	4919.038825	-54.943545	0.383200
49	5410.942707	-54.977619	0.358200
50	5952.036978	-55.010585	0.367800
51	6547.240676	-55.038391	0.363400
52	7201.964743	-55.071638	0.357600
53	7922.161218	-55.099270	0.364600
54	8714.377339	-55.121817	0.365000
55	9585.815073	-55.148197	0.358800
56	10544.396581	-55.167260	0.341400
57	11598.836239	-55.183742	0.355200
58	12758.719863	-55.207844	0.356200
59	14034.591849	-55.222316	0.354000
60	15438.051034	-55.238807	0.355400
61	16981.856137	-55.254655	0.339000
62	18680.041751	-55.267516	0.338400
63	20548.045926	-55.278955	0.338000
64	22602.850519	-55.292962	0.329600
65	24863.135570	-55.303047	0.331800
66	27349.449127	-55.312427	0.336400
67	30084.394040	-55.320122	0.342000
68	33092.833444	-55.327929	0.330800
69	36402.116789	-55.336332	0.325400
70	40042.328467	-55.344285	0.323400
71	44046.561314	-55.351407	0.320000
72	48451.217446	-55.356149	0.334600
73	53296.339190	-55.361850	0.314000
74	58625.973109	-55.366344	0.314400
75	64488.570420	-55.370508	0.326000
76	70937.427462	-55.374853	0.308400
77	78031.170208	-55.377995	0.300400
78	85834.287229	-55.381321	0.314400
79	94417.715952	-55.384656	0.312400
80	103859.487547	-55.388399	0.322200
81	114245.436302	-55.391280	0.301600
82	125669.979932	-55.394120	0.317200
83	138236.977926	-55.396367	0.307200
84	152060.675718	-55.398540	0.297400
85	167266.743290	-55.400555	0.301200
86	183993.417619	-55.402358	0.299200
87	202392.759381	-55.403670	0.298000
88	222632.035319	-55.405307	0.297000
89	244895.238851	-55.407061	0.303200
90	269384.762736	-55.408138	0.294800
91	296323.239009	-55.409166	0.303200
92	325955.562910	-55.410430	0.293400
93	358551.119201	-55.411614	0.287400
94	394406.231122	-55.412659	0.293800
95	433846.854234	-55.413559	0.293600
96	477231.539657	-55.414433	0.294600
97	524954.693623	-55.415180	0.283000
98	577450.162985	-55.415712	0.287000
99	635195.179284	-55.416325	0.286800
100	698714.697212	-55.417007	0.291200
101	768586.166933	-55.417585	0.283600
102	845444.783626	-55.418061	0.291600
103	929989.261989	-55.418523	0.279000
104	1022988.188188	-55.418919	0.275800
105	1125287.007007	-55.419341	0.289000
106	1237815.707707	-55.419767	0.283400
107	1361597.278478	-55.420031	0.277200
108	1497757.006326	-55.420350	0.283800
109	1647532.706959	-55.420632	0.268400
110	1812285.977654	-55.420919	0.268400
111	1993514.575420	-55.421128	0.275400
112	2192866.032962	-55.421307	0.273000
113	2412152.636258	-55.421549	0.277600
114	2653367.899884	-55.421727	0.262400
115	2918704.689872	-55.421879	0.256600
116	3210575.158860	-55.422038	0.266000
117	3531632.674745	-55.422187	0.270000
118	3884795.942220	-55.422304	0.259000
119	4273275.536442	-55.422423	0.264600
120	4700603.090086	-55.422546	0.256600
121	5170663.399095	-55.422653	0.262000
122	5687729.739004	-55.422748	0.257800
123	6256502.712905	-55.422823	0.257000
124	6882152.984195	-55.422897	0.261800
125	7570368.282615	-55.422970	0.258400
126	8327405.110876	-55.423057	0.259200
127	9160145.621964	-55.423104	0.249200
128	10076160.184160	-55.423167	0.258000
129	11083776.202576	-55.423229	0.261200
130	12192153.822834	-55.423289	0.253800
131	13411369.205117	-55.423347	0.262400
132	14752506.125629	-55.423391	0.244600
133	16227756.738192	-55.423441	0.262600
134	17850532.412011	-55.423487	0.261200
135	19635585.653212	-55.423524	0.235800
136	21599144.218533	-55.423567	0.249400
137	23759058.640387	-55.423603	0.242800
138	26134964.504426	-55.423634	0.240600
139	28748460.954868	-55.423669	0.252200
140	31623307.050355	-55.423694	0.241400
141	34785637.755390	-55.423720	0.233000
142	38264201.530929	-55.423745	0.248400
143	42090621.684022	-55.423767	0.236400
144	46299683.852425	-55.423785	0.240600
145	50929652.237667	-55.423807	0.246000
146	56022617.461434	-55.423832	0.227000
147	61624879.207577	-55.423845	0.234600
148	67787367.128335	-55.423864	0.233200
149	74566103.841168	-55.423878	0.239800
150	82022714.225285	-55.423889	0.231600
151	90224985.647814	-55.423900	0.225600
152	99247484.212595	-55.423916	0.226200
153	109172232.633855	-55.423926	0.228600
154	120089455.897240	-55.423936	0.224400
155	132098401.486964	-55.423944	0.226000
156	145308241.635661	-55.423954	0.234200
157	159839065.799227	-55.423961	0.225000
158	175822972.379149	-55.423968	0.237000
159	193405269.617064	-55.423977	0.228000
160	212745796.578771	-55.423984	0.221200
161	234020376.236648	-55.423992	0.232400
162	257422413.860313	-55.423997	0.207800
163	283164655.246344	-55.424003	0.218800
164	311481120.770978	-55.424008	0.225600
165	342629232.848076	-55.424012	0.217000
166	376892156.132884	-55.424017	0.228000
167	414581371.746172	-55.424021	0.215200
168	456039508.920790	-55.424026	0.227000
169	501643459.812869	-55.424029	0.210400
170	551807805.794156	-55.424032	0.209400
171	606988586.373571	-55.424035	0.202200
172	667687445.010928	-55.424038	0.210000
173	734456189.512021	-55.424042	0.206600
174	807901808.463223	-55.424045	0.213200
175	888691989.309546	-55.424047	0.207400
176	977561188.240500	-55.424049	0.211000
177	1075317307.064551	-55.424051	0.206200
178	1182849037.771006	-55.424053	0.200400
179	1301133941.548107	-55.424056	0.205200
180	1431247335.702917	-55.424057	0.201200
181	1574372069.273209	-55.424059	0.194000
182	1731809276.200530	-55.424060	0.201400
183	1904990203.820583	-55.424062	0.210200
184	2095489224.202641	-55.424063	0.210200
185	2305038146.622906	-55.424064	0.206400
186	2535541961.285196	-55.424065	0.203000
187	2789096157.413716	-55.424066	0.198800
188	3068005773.155088	-55.424067	0.195400
189	3374806350.470598	-55.424069	0.212800
190	3712286985.517658	-55.424070	0.201400
191	4083515684.069424	-55.424071	0.189200
192	4491867252.476366	-55.424072	0.189400
193	4941053977.724003	-55.424073	0.195600
194	5435159375.496404	-55.424074	0.201200
195	5978675313.046044	-55.424075	0.188800
196	6576542844.350649	-55.424076	0.191800
197	7234197128.785714	-55.424076	0.199400
198	7957616841.664287	-55.424077	0.195800
199	8753378525.830715	-55.424078	0.194800
200	9628716378.413788	-55.424078	0.182800
201	10591588016.255167	-55.424079	0.193600
202	11650746817.880684	-55.424079	0.192600
203	12815821499.668753	-55.424080	0.189800
204	14097403649.635630	-55.424080	0.192800
205	15507144014.599194	-55.424081	0.185400
206	17057858416.059114	-55.424081	0.182200
207	18763644257.665028	-55.424081	0.180400
208	20640008683.431534	-55.424082	0.194800
209	22704009551.774689	-55.424082	0.198000
210	24974410506.952160	-55.424083	0.189600
211	27471851557.647377	-55.424083	0.190000
212	30219036713.412117	-55.424083	0.187200
213	33240940384.753330	-55.424083	0.188800
214	36565034423.228668	-55.424084	0.188600
215	40221537865.551537	-55.424084	0.193600
216	44243691652.106697	-55.424084	0.172600
217	48668060817.317368	-55.424084	0.186000
218	53534866899.049110	-55.424085	0.172800
219	58888353588.954025	-55.424085	0.170200
220	64777188947.849434	-55.424085	0.180000
221	71254907842.634384	-55.424085	0.170000
222	78380398626.897827	-55.424085	0.182600
223	86218438489.587616	-55.424085	0.185600
224	94840282338.546387	-55.424085	0.175200
225	104324310572.401031	-55.424086	0.177200
226	114756741629.641144	-55.424086	0.169800
227	126232415792.605270	-55.424086	0.166800
228	138855657371.865814	-55.424086	0.184200
229	152741223109.052399	-55.424086	0.164000
230	168015345419.957642	-55.424086	0.174600
231	184816879961.953430	-55.424086	0.172400
232	203298567958.148804	-55.424086	0.167000
233	223628424753.963715	-55.424087	0.172800
234	245991267229.360107	-55.424087	0.172600
235	270590393952.296143	-55.424087	0.162600
236	297649433347.525757	-55.424087	0.171000
237	327414376682.278381	-55.424087	0.171800
238	360155814350.506226	-55.424087	0.158600
239	396171395785.556885	-55.424087	0.162800
240	435788535364.112610	-55.424087	0.161800
241	479367388900.523926	-55.424087	0.168800
242	527304127790.576355	-55.424087	0.160200
243	580034540569.634033	-55.424087	0.160000
244	638037994626.597534	-55.424087	0.162400
245	701841794089.257324	-55.424087	0.162400
246	772025973498.183105	-55.424087	0.152600
247	849228570848.001465	-55.424087	0.163000
248	934151427932.801636	-55.424087	0.160600
249	1027566570726.081909	-55.424087	0.163600
250	1130323227798.690186	-55.424087	0.153200
251	1243355550578.559326	-55.424088	0.159200
252	1367691105636.415283	-55.424088	0.154000
253	1504460216200.056885	-55.424088	0.162000
254	1654906237820.062744	-55.424088	0.149400
255	1820396861602.069092	-55.424088	0.160800
256	2002436547762.276123	-55.424088	0.156000
257	2202680202538.503906	-55.424088	0.151800
258	2422948222792.354492	-55.424088	0.155400
259	2665243045071.590332	-55.424088	0.145600
260	2931767349578.749512	-55.424088	0.156400
261	3224944084536.624512	-55.424088	0.160000
262	3547438492990.287109	-55.424088	0.156800
263	3902182342289.315918	-55.424088	0.148800
264	4292400576518.248047	-55.424088	0.159800
265	4721640634170.073242	-55.424088	0.146400
266	5193804697587.081055	-55.424088	0.148400
267	5713185167345.790039	-55.424088	0.150600
268	6284503684080.369141	-55.424088	0.146200
269	6912954052488.406250	-55.424088	0.152000
270	7604249457737.247070	-55.424088	0.152600
271	8364674403510.972656	-55.424088	0.139200
272	9201141843862.070312	-55.424088	0.149600
273	10121256028248.277344	-55.424088	0.154400
274	11133381631073.105469	-55.424088	0.150200
275	12246719794180.417969	-55.424088	0.144200
276	13471391773598.460938	-55.424088	0.157000
277	14818530950958.308594	-55.424088	0.156000
278	16300384046054.140625	-55.424088	0.145000
279	17930422450659.554688	-55.424088	0.150600
280	19723464695725.511719	-55.424088	0.149600
281	21695811165298.066406	-55.424088	0.149200
282	23865392281827.875000	-55.424088	0.148600
283	26251931510010.664062	-55.424088	0.148400
284	28877124661011.734375	-55.424088	0.146400
285	31764837127112.910156	-55.424088	0.149000
286	34941320839824.203125	-55.424088	0.143800
287	38435452923806.625000	-55.424088	0.151200
288	42278998216187.289062	-55.424088	0.141800
289	46506898037806.023438	-55.424088	0.133600
290	51157587841586.632812	-55.424088	0.133400
291	56273346625745.296875	-55.424088	0.137600
292	61900681288319.828125	-55.424088	0.134400
293	68090749417151.820312	-55.424088	0.142200
294	74899824358867.015625	-55.424088	0.133200
295	82389806794753.718750	-55.424088	0.135400
296	90628787474229.093750	-55.424088	0.132600
297	99691666221652.015625	-55.424088	0.138400
298	109660832843817.218750	-55.424088	0.135600
299	120626916128198.953125	-55.424088	0.135200
300	132689607741018.859375	-55.424088	0.136400
301	145958568515120.750000	-55.424088	0.131800
302	160554425366632.843750	-55.424088	0.144600
303	176609867903296.156250	-55.424088	0.130200
304	194270854693625.781250	-55.424088	0.141600
305	213697940162988.375000	-55.424088	0.146000
306	235067734179287.218750	-55.424088	0.133400
307	258574507597215.968750	-55.424088	0.141400
308	284431958356937.562500	-55.424088	0.131400
309	312875154192631.375000	-55.424088	0.134600
310	344162669611894.562500	-55.424088	0.134200
311	378578936573084.062500	-55.424088	0.135600
312	416436830230392.500000	-55.424088	0.143200
313	458080513253431.812500	-55.424088	0.128000
314	503888564578775.062500	-55.424088	0.142600
315	554277421036652.625000	-55.424088	0.135400
316	609705163140317.875000	-55.424088	0.128400
317	670675679454349.750000	-55.424088	0.123200
318	737743247399784.750000	-55.424088	0.134400
319	811517572139763.250000	-55.424088	0.123000
320	892669329353739.625000	-55.424088	0.130800
321	981936262289113.625000	-55.424088	0.129800
322	1080129888518025.125000	-55.424088	0.125600
323	1188142877369827.750000	-55.424088	0.123000
324	1306957165106810.750000	-55.424088	0.130400
325	1437652881617492.000000	-55.424088	0.132400
326	1581418169779241.250000	-55.424088	0.127000
327	1739559986757165.500000	-55.424088	0.135600
328	1913515985432882.250000	-55.424088	0.127400
329	2104867583976170.750000	-55.424088	0.118000
330	2315354342373788.000000	-55.424088	0.129400
331	2546889776611167.000000	-55.424088	0.122200
332	2801578754272284.000000	-55.424088	0.125400
333	3081736629699512.500000	-55.424088	0.128600
334	3389910292669464.000000	-55.424088	0.128400
335	3728901321936410.500000	-55.424088	0.120400
336	4101791454130052.000000	-55.424088	0.128800
337	4511970599543058.000000	-55.424088	0.123800
338	4963167659497364.000000	-55.424088	0.129600
339	5459484425447101.000000	-55.424088	0.123800
340	6005432867991812.000000	-55.424088	0.123600
341	6605976154790994.000000	-55.424088	0.117400
342	7266573770270094.000000	-55.424088	0.127600
343	7993231147297104.000000	-55.424088	0.119000
344	8792554262026815.000000	-55.424088	0.124000
345	9671809688229498.000000	-55.424088	0.125200
346	10638990657052448.000000	-55.424088	0.128400
347	11702889722757694.000000	-55.424088	0.117600
348	12873178695033464.000000	-55.424088	0.123400
349	14160496564536812.000000	-55.424088	0.124400
350	15576546220990494.000000	-55.424088	0.109000
351	17134200843089544.000000	-55.424088	0.115200
352	18847620927398500.000000	-55.424088	0.110000
353	20732383020138352.000000	-55.424088	0.115800
354	22805621322152188.000000	-55.424088	0.113000
355	25086183454367408.000000	-55.424088	0.121200
356	27594801799804152.000000	-55.424088	0.113200
357	30354281979784568.000000	-55.424088	0.123800
358	33389710177763028.000000	-55.424088	0.108800
359	36728681195539336.000000	-55.424088	0.115400
360	40401549315093272.000000	-55.424088	0.118400
361	44441704246602600.000000	-55.424088	0.101200
362	48885874671262864.000000	-55.424088	0.102000
363	53774462138389152.000000	-55.424088	0.114400
364	59151908352228072.000000	-55.424088	0.112400
365	65067099187450888.000000	-55.424088	0.113000
366	71573809106195984.000000	-55.424088	0.112200
367	78731190016815584.000000	-55.424088	0.112200
368	86604309018497152.000000	-55.424088	0.109600
369	95264739920346880.000000	-55.424088	0.106400
370	104791213912381584.000000	-55.424088	0.119000
371	115270335303619744.000000	-55.424088	0.110800
372	126797368833981728.000000	-55.424088	0.110800
373	139477105717379920.000000	-55.424088	0.115400
374	153424816289117920.000000	-55.424088	0.100600
375	168767297918029728.000000	-55.424088	0.111000
376	185644027709832704.000000	-55.424088	0.104000
377	204208430480816000.000000	-55.424088	0.105200
378	224629273528897632.000000	-55.424088	0.105400
379	247092200881787424.000000	-55.424088	0.110600
380	271801420969966176.000000	-55.424088	0.104400
381	298981563066962816.000000	-55.424088	0.102000
382	328879719373659136.000000	-55.424088	0.104800
383	361767691311025088.000000	-55.424088	0.099400
384	397944460442127616.000000	-55.424088	0.101000
385	437738906486340416.000000	-55.424088	0.108600
386	481512797134974528.000000	-55.424088	0.110600
387	529664076848472000.000000	-55.424088	0.100800
388	582630484533319296.000000	-55.424088	0.102200
389	640893532986651264.000000	-55.424088	0.101400
390	704982886285316480.000000	-55.424088	0.101400
391	775481174913848192.000000	-55.424088	0.101200
392	853029292405233024.000000	-55.424088	0.102400
393	938332221645756416.000000	-55.424088	0.099800
394	1032165443810332160.000000	-55.424088	0.099400
395	1135381988191365504.000000	-55.424088	0.102200
396	1248920187010502144.000000	-55.424088	0.099600
397	1373812205711552512.000000	-55.424088	0.098400
398	1511193426282707968.000000	-55.424088	0.092200
399	1662312768910978816.000000	-55.424088	0.100400
400	1828544045802076928.000000	-55.424088	0.102000
401	2011398450382284800.000000	-55.424088	0.105000
402	2212538295420513536.000000	-55.424088	0.101600
403	2433792124962565120.000000	-55.424088	0.103400
404	2677171337458821632.000000	-55.424088	0.106000
405	2944888471204704256.000000	-55.424088	0.101800
406	3239377318325174784.000000	-55.424088	0.099000
407	3563315050157692416.000000	-55.424088	0.097400
408	3919646555173462016.000000	-55.424088	0.097400
409	4311611210690808320.000000	-55.424088	0.098200
410	4742772331759889408.000000	-55.424088	0.099800
411	5217049564935878656.000000	-55.424088	0.101600
412	5738754521429467136.000000	-55.424088	0.093400
413	6312629973572414464.000000	-55.424088	0.094800
414	6943892970929656832.000000	-55.424088	0.095400
415	7638282268022623232.000000	-55.424088	0.090800
416	8402110494824886272.000000	-55.424088	0.099400
417	9242321544307376128.000000	-55.424088	0.095200
418	10166553698738114560.000000	-55.424088	0.090200
419	11183209068611926016.000000	-55.424088	0.093000
420	12301529975473119232.000000	-55.424088	0.102000
421	13531682973020432384.000000	-55.424088	0.089400
422	14884851270322477056.000000	-55.424088	0.096800
423	16373336397354725376.000000	-55.424088	0.097600
424	18010670037090199552.000000	-55.424088	0.091000
425	19811737040799219712.000000	-55.424088	0.095600
426	21792910744879144960.000000	-55.424088	0.098000
427	23972201819367059456.000000	-55.424088	0.088600
428	26369422001303769088.000000	-55.424088	0.098600
429	29006364201434148864.000000	-55.424088	0.093600
430	31907000621577568256.000000	-55.424088	0.093200
431	35097700683735326720.000000	-55.424088	0.084800
432	38607470752108863488.000000	-55.424088	0.086000
433	42468217827319750656.000000	-55.424088	0.103600
434	46715039610051731456.000000	-55.424088	0.096400
435	51386543571056910336.000000	-55.424088	0.091200
436	56525197928162607104.000000	-55.424088	0.090600
437	62177717720978874368.000000	-55.424088	0.091200
438	68395489493076770816.000000	-55.424088	0.090600
439	75235038442384457728.000000	-55.424088	0.093800
440	82758542286622916608.000000	-55.424088	0.093200
441	91034396515285221376.000000	-55.424088	0.091800
442	100137836166813745152.000000	-55.424088	0.093000
443	110151619783495122944.000000	-55.424088	0.090600
444	121166781761844641792.000000	-55.424088	0.084400
445	133283459938029109248.000000	-55.424088	0.089400
446	146611805931832033280.000000	-55.424088	0.094400
447	161272986525015244800.000000	-55.424088	0.094200
448	177400285177516785664.000000	-55.424088	0.086400
449	195140313695268470784.000000	-55.424088	0.093000
450	214654345064795340800.000000	-55.424088	0.089000
451	236119779571274907648.000000	-55.424088	0.089400
452	259731757528402427904.000000	-55.424088	0.085000
453	285704933281242710016.000000	-55.424088	0.092400
454	314275426609367023616.000000	-55.424088	0.091600
455	345702969270303784960.000000	-55.424088	0.083600
456	380273266197334196224.000000	-55.424088	0.092000
457	418300592817067655168.000000	-55.424088	0.091200
458	460130652098774433792.000000	-55.424088	0.091000
459	506143717308651929600.000000	-55.424088	0.089200
460	556758089039517188096.000000	-55.424088	0.078400
461	612433897943468998656.000000	-55.424088	0.089800
462	673677287737815990272.000000	-55.424088	0.081600
463	741045016511597641728.000000	-55.424088	0.079400
464	815149518162757419008.000000	-55.424088	0.082400
465	896664469979033239552.000000	-55.424088	0.081000
466	986330916976936615936.000000	-55.424088	0.083800
467	1084964008674630303744.000000	-55.424088	0.085000
468	1193460409542093307904.000000	-55.424088	0.084400
469	1312806450496302743552.000000	-55.424088	0.083200
470	1444087095545933070336.000000	-55.424088	0.083600
471	1588495805100526403584.000000	-55.424088	0.084000
472	1747345385610579279872.000000	-55.424088	0.080600
473	1922079924171637260288.000000	-55.424088	0.086400
474	2114287916588801196032.000000	-55.424088	0.084200
475	2325716708247681630208.000000	-55.424088	0.072000
476	2558288379072449871872.000000	-55.424088	0.086600
477	2814117216979695173632.000000	-55.424088	0.075000
478	3095528938677664743424.000000	-55.424088	0.083400
479	3405081832545431584768.000000	-55.424088	0.078800
480	3745590015799975215104.000000	-55.424088	0.088000
481	4120149017379973103616.000000	-55.424088	0.087800
482	4532163919117970571264.000000	-55.424088	0.077800
483	4985380311029767995392.000000	-55.424088	0.087400
484	5483918342132745633792.000000	-55.424088	0.086600
485	6032310176346021036032.000000	-55.424088	0.077800
486	6635541193980623454208.000000	-55.424088	0.081000
487	7299095313378686533632.000000	-55.424088	0.078800
488	8029004844716556025856.000000	-55.424088	0.083400
489	8831905329188212572160.000000	-55.424088	0.077000
490	9715095862107034353664.000000	-55.424088	0.082600
491	10686605448317738418176.000000	-55.424088	0.078000
492	11755265993149513728000.000000	-55.424088	0.078600
493	12930792592464465100800.000000	-55.424088	0.078600
494	14223871851710912659456.000000	-55.424088	0.075600
495	15646259036882005393408.000000	-55.424088	0.082400
496	17210884940570208239616.000000	-55.424088	0.078000
497	18931973434627229483008.000000	-55.424088	0.077600
498	20825170778089955786752.000000	-55.424088	0.078600
499	22907687855898952204288.000000	-55.424088	0.066000
500	25198456641488848683008.000000	-55.424088	0.075800


================================================================================
Contenido de: results/svm/annealing/batches/betas00800_iterations00400/2026-08-11_11:50:52/summary.txt
================================================================================

B-idx	Beta	Energy	Acceptance
1	53.983429	-24.583056	0.822500
2	59.381771	-26.396843	0.670000
3	65.319949	-27.296982	0.647500
4	71.851943	-27.910594	0.622500
5	79.037138	-28.824839	0.612500
6	86.940851	-29.854279	0.580000
7	95.634937	-30.997235	0.585000
8	105.198430	-31.416728	0.555000
9	115.718273	-32.466863	0.537500
10	127.290101	-32.910219	0.497500
11	140.019111	-33.582467	0.502500
12	154.021022	-34.215338	0.477500
13	169.423124	-34.776610	0.465000
14	186.365436	-35.310073	0.490000
15	205.001980	-35.596114	0.427500
16	225.502178	-36.242174	0.490000
17	248.052396	-36.795447	0.482500
18	272.857635	-37.246942	0.425000
19	300.143399	-37.803250	0.422500
20	330.157739	-38.173056	0.430000
21	363.173513	-38.569963	0.420000
22	399.490864	-38.816194	0.402500
23	439.439950	-39.138239	0.372500
24	483.383945	-39.610878	0.427500
25	531.722340	-39.949207	0.395000
26	584.894574	-40.355270	0.372500
27	643.384031	-40.828758	0.417500
28	707.722434	-41.077344	0.377500
29	778.494678	-41.291456	0.395000
30	856.344146	-41.636988	0.377500
31	941.978560	-41.920326	0.355000
32	1036.176416	-42.243510	0.385000
33	1139.794058	-42.507541	0.385000
34	1253.773464	-42.730818	0.365000
35	1379.150810	-43.058028	0.397500
36	1517.065891	-43.390611	0.357500
37	1668.772480	-43.576075	0.342500
38	1835.649728	-43.766790	0.317500
39	2019.214701	-44.018585	0.387500
40	2221.136171	-44.219979	0.385000
41	2443.249788	-44.488424	0.367500
42	2687.574767	-44.661111	0.302500
43	2956.332244	-44.836283	0.325000
44	3251.965468	-45.005839	0.342500
45	3577.162015	-45.177907	0.340000
46	3934.878216	-45.363850	0.330000
47	4328.366038	-45.482051	0.327500
48	4761.202642	-45.600721	0.347500
49	5237.322906	-45.732803	0.332500
50	5761.055197	-45.887484	0.312500
51	6337.160716	-46.045502	0.340000
52	6970.876788	-46.161921	0.355000
53	7667.964467	-46.289432	0.370000
54	8434.760913	-46.403417	0.342500
55	9278.237005	-46.467961	0.265000
56	10206.060705	-46.569907	0.292500
57	11226.666776	-46.675986	0.295000
58	12349.333453	-46.792648	0.292500
59	13584.266799	-46.894969	0.305000
60	14942.693479	-46.993826	0.345000
61	16436.962826	-47.093292	0.340000
62	18080.659109	-47.170835	0.332500
63	19888.725020	-47.250709	0.330000
64	21877.597522	-47.301292	0.282500
65	24065.357274	-47.383593	0.320000
66	26471.893002	-47.454398	0.325000
67	29119.082302	-47.528473	0.310000
68	32030.990532	-47.592909	0.285000
69	35234.089585	-47.673887	0.355000
70	38757.498544	-47.713402	0.267500
71	42633.248398	-47.782981	0.350000
72	46896.573238	-47.837835	0.290000
73	51586.230561	-47.887705	0.285000
74	56744.853618	-47.928054	0.240000
75	62419.338979	-47.980290	0.280000
76	68661.272877	-48.026500	0.265000
77	75527.400165	-48.084540	0.300000
78	83080.140182	-48.120681	0.287500
79	91388.154200	-48.159413	0.280000
80	100526.969620	-48.190767	0.300000
81	110579.666582	-48.229460	0.265000
82	121637.633240	-48.268592	0.325000
83	133801.396564	-48.305272	0.285000
84	147181.536220	-48.338559	0.290000
85	161899.689842	-48.365301	0.292500
86	178089.658826	-48.388449	0.307500
87	195898.624709	-48.416980	0.295000
88	215488.487180	-48.442906	0.327500
89	237037.335898	-48.465239	0.315000
90	260741.069488	-48.492241	0.302500
91	286815.176436	-48.517418	0.285000
92	315496.694080	-48.547875	0.375000
93	347046.363488	-48.563735	0.257500
94	381750.999837	-48.592796	0.327500
95	419926.099821	-48.613215	0.285000
96	461918.709803	-48.633094	0.305000
97	508110.580783	-48.650716	0.285000
98	558921.638861	-48.666671	0.300000
99	614813.802747	-48.684293	0.282500
100	676295.183022	-48.698161	0.297500
101	743924.701324	-48.711439	0.287500
102	818317.171457	-48.725344	0.337500
103	900148.888603	-48.740768	0.327500
104	990163.777463	-48.751425	0.267500
105	1089180.155209	-48.763970	0.307500
106	1198098.170730	-48.774671	0.320000
107	1317907.987803	-48.784722	0.302500
108	1449698.786583	-48.795833	0.297500
109	1594668.665242	-48.806944	0.285000
110	1754135.531766	-48.819253	0.352500
111	1929549.084942	-48.827615	0.315000
112	2122503.993437	-48.835439	0.280000
113	2334754.392780	-48.844172	0.335000
114	2568229.832058	-48.854764	0.352500
115	2825052.815264	-48.861555	0.305000
116	3107558.096790	-48.868465	0.315000
117	3418313.906469	-48.876033	0.270000
118	3760145.297116	-48.882290	0.287500
119	4136159.826828	-48.890476	0.332500
120	4549775.809511	-48.896072	0.317500
121	5004753.390462	-48.901294	0.285000
122	5505228.729508	-48.906752	0.287500
123	6055751.602459	-48.912523	0.280000
124	6661326.762705	-48.917504	0.317500
125	7327459.438975	-48.922013	0.320000
126	8060205.382873	-48.926116	0.295000
127	8866225.921160	-48.929740	0.277500
128	9752848.513276	-48.932837	0.295000
129	10728133.364604	-48.936638	0.332500
130	11800946.701064	-48.940020	0.255000
131	12981041.371171	-48.943103	0.310000
132	14279145.508288	-48.946973	0.312500
133	15707060.059116	-48.949554	0.265000
134	17277766.065028	-48.952993	0.317500
135	19005542.671531	-48.955785	0.305000
136	20906096.938684	-48.958556	0.295000
137	22996706.632552	-48.962028	0.312500
138	25296377.295808	-48.963995	0.290000
139	27826015.025388	-48.966517	0.315000
140	30608616.527927	-48.968837	0.315000
141	33669478.180720	-48.971164	0.330000
142	37036425.998792	-48.973415	0.305000
143	40740068.598671	-48.975630	0.317500
144	44814075.458538	-48.977059	0.287500
145	49295483.004392	-48.979291	0.325000
146	54225031.304831	-48.981476	0.345000
147	59647534.435314	-48.983245	0.300000
148	65612287.878846	-48.984421	0.270000
149	72173516.666730	-48.986039	0.305000
150	79390868.333403	-48.987276	0.317500
151	87329955.166744	-48.988470	0.300000
152	96062950.683418	-48.989914	0.295000
153	105669245.751760	-48.991131	0.307500
154	116236170.326936	-48.992217	0.320000
155	127859787.359629	-48.993134	0.257500
156	140645766.095592	-48.994480	0.322500
157	154710342.705151	-48.995333	0.297500
158	170181376.975667	-48.996229	0.287500
159	187199514.673233	-48.997046	0.312500
160	205919466.140557	-48.997844	0.282500
161	226511412.754612	-48.998581	0.292500
162	249162554.030073	-48.999316	0.315000
163	274078809.433081	-49.000092	0.305000
164	301486690.376389	-49.000912	0.325000
165	331635359.414028	-49.001597	0.325000
166	364798895.355431	-49.002374	0.340000
167	401278784.890974	-49.002932	0.322500
168	441406663.380071	-49.003613	0.350000
169	485547329.718078	-49.004142	0.307500
170	534102062.689886	-49.004667	0.327500
171	587512268.958875	-49.005111	0.305000
172	646263495.854762	-49.005601	0.340000
173	710889845.440239	-49.006165	0.320000
174	781978829.984262	-49.006623	0.295000
175	860176712.982689	-49.007067	0.320000
176	946194384.280958	-49.007414	0.282500
177	1040813822.709054	-49.007879	0.327500
178	1144895204.979959	-49.008200	0.332500
179	1259384725.477955	-49.008535	0.277500
180	1385323198.025751	-49.008945	0.330000
181	1523855517.828326	-49.009263	0.320000
182	1676241069.611158	-49.009620	0.332500
183	1843865176.572274	-49.009949	0.337500
184	2028251694.229502	-49.010197	0.340000
185	2231076863.652452	-49.010472	0.305000
186	2454184550.017698	-49.010744	0.342500
187	2699603005.019468	-49.010896	0.305000
188	2969563305.521415	-49.011082	0.307500
189	3266519636.073556	-49.011265	0.325000
190	3593171599.680912	-49.011444	0.315000
191	3952488759.649004	-49.011608	0.292500
192	4347737635.613905	-49.011780	0.297500
193	4782511399.175296	-49.011966	0.317500
194	5260762539.092826	-49.012122	0.280000
195	5786838793.002109	-49.012279	0.300000
196	6365522672.302320	-49.012448	0.305000
197	7002074939.532552	-49.012568	0.302500
198	7702282433.485807	-49.012693	0.282500
199	8472510676.834389	-49.012807	0.307500
200	9319761744.517828	-49.012914	0.307500
201	10251737918.969612	-49.013037	0.325000
202	11276911710.866573	-49.013135	0.302500
203	12404602881.953232	-49.013207	0.257500
204	13645063170.148556	-49.013297	0.300000
205	15009569487.163412	-49.013398	0.287500
206	16510526435.879755	-49.013484	0.310000
207	18161579079.467731	-49.013572	0.300000
208	19977736987.414505	-49.013664	0.322500
209	21975510686.155956	-49.013743	0.317500
210	24173061754.771553	-49.013808	0.260000
211	26590367930.248711	-49.013891	0.327500
212	29249404723.273582	-49.013950	0.312500
213	32174345195.600945	-49.014011	0.325000
214	35391779715.161041	-49.014060	0.262500
215	38930957686.677147	-49.014122	0.292500
216	42824053455.344864	-49.014177	0.325000
217	47106458800.879356	-49.014240	0.322500
218	51817104680.967293	-49.014289	0.347500
219	56998815149.064026	-49.014332	0.302500
220	62698696663.970436	-49.014380	0.277500
221	68968566330.367493	-49.014425	0.315000
222	75865422963.404251	-49.014458	0.310000
223	83451965259.744690	-49.014504	0.370000
224	91797161785.719162	-49.014534	0.330000
225	100976877964.291092	-49.014572	0.300000
226	111074565760.720215	-49.014606	0.310000
227	122182022336.792252	-49.014640	0.327500
228	134400224570.471481	-49.014672	0.347500
229	147840247027.518646	-49.014701	0.320000
230	162624271730.270538	-49.014732	0.332500
231	178886698903.297607	-49.014760	0.357500
232	196775368793.627380	-49.014782	0.302500
233	216452905672.990143	-49.014809	0.317500
234	238098196240.289185	-49.014835	0.342500
235	261908015864.318115	-49.014858	0.317500
236	288098817450.749939	-49.014878	0.322500
237	316908699195.824951	-49.014905	0.310000
238	348599569115.407471	-49.014927	0.340000
239	383459526026.948242	-49.014944	0.332500
240	421805478629.643127	-49.014962	0.352500
241	463986026492.607483	-49.014981	0.330000
242	510384629141.868286	-49.014998	0.340000
243	561423092056.055176	-49.015015	0.317500
244	617565401261.660767	-49.015028	0.305000
245	679321941387.826904	-49.015043	0.335000
246	747254135526.609619	-49.015056	0.355000
247	821979549079.270630	-49.015068	0.330000
248	904177503987.197754	-49.015079	0.325000
249	994595254385.917603	-49.015089	0.312500
250	1094054779824.509399	-49.015100	0.300000
251	1203460257806.960449	-49.015111	0.312500
252	1323806283587.656494	-49.015120	0.282500
253	1456186911946.422363	-49.015131	0.330000
254	1601805603141.064697	-49.015139	0.342500
255	1761986163455.171387	-49.015145	0.325000
256	1938184779800.688721	-49.015152	0.320000
257	2132003257780.757812	-49.015158	0.312500
258	2345203583558.833984	-49.015165	0.355000
259	2579723941914.717773	-49.015171	0.335000
260	2837696336106.189941	-49.015177	0.300000
261	3121465969716.809082	-49.015182	0.312500
262	3433612566688.490234	-49.015187	0.295000
263	3776973823357.339355	-49.015194	0.342500
264	4154671205693.073730	-49.015199	0.372500
265	4570138326262.381836	-49.015204	0.350000
266	5027152158888.620117	-49.015209	0.307500
267	5529867374777.482422	-49.015214	0.342500
268	6082854112255.231445	-49.015218	0.347500
269	6691139523480.754883	-49.015222	0.372500
270	7360253475828.831055	-49.015225	0.275000
271	8096278823411.714844	-49.015228	0.337500
272	8905906705752.886719	-49.015232	0.297500
273	9796497376328.175781	-49.015235	0.330000
274	10776147113960.994141	-49.015238	0.330000
275	11853761825357.093750	-49.015241	0.337500
276	13039138007892.804688	-49.015244	0.355000
277	14343051808682.085938	-49.015247	0.365000
278	15777356989550.294922	-49.015249	0.325000
279	17355092688505.326172	-49.015252	0.355000
280	19090601957355.859375	-49.015255	0.362500
281	20999662153091.445312	-49.015257	0.327500
282	23099628368400.589844	-49.015259	0.320000
283	25409591205240.652344	-49.015261	0.302500
284	27950550325764.718750	-49.015263	0.357500
285	30745605358341.191406	-49.015265	0.350000
286	33820165894175.312500	-49.015266	0.310000
287	37202182483592.843750	-49.015267	0.307500
288	40922400731952.132812	-49.015269	0.340000
289	45014640805147.351562	-49.015271	0.372500
290	49516104885662.093750	-49.015273	0.362500
291	54467715374228.304688	-49.015274	0.400000
292	59914486911651.140625	-49.015275	0.345000
293	65905935602816.257812	-49.015277	0.327500
294	72496529163097.890625	-49.015278	0.305000
295	79746182079407.687500	-49.015279	0.342500
296	87720800287348.468750	-49.015280	0.342500
297	96492880316083.328125	-49.015281	0.357500
298	106142168347691.671875	-49.015282	0.340000
299	116756385182460.843750	-49.015283	0.322500
300	128432023700706.937500	-49.015284	0.370000
301	141275226070777.656250	-49.015285	0.327500
302	155402748677855.437500	-49.015286	0.367500
303	170943023545641.000000	-49.015286	0.345000
304	188037325900205.125000	-49.015287	0.307500
305	206841058490225.656250	-49.015287	0.267500
306	227525164339248.250000	-49.015288	0.307500
307	250277680773173.093750	-49.015289	0.362500
308	275305448850490.437500	-49.015289	0.320000
309	302835993735539.500000	-49.015290	0.307500
310	333119593109093.500000	-49.015290	0.345000
311	366431552420002.875000	-49.015291	0.325000
312	403074707662003.187500	-49.015291	0.300000
313	443382178428203.562500	-49.015292	0.317500
314	487720396271023.937500	-49.015292	0.357500
315	536492435898126.375000	-49.015293	0.385000
316	590141679487939.000000	-49.015293	0.352500
317	649155847436733.000000	-49.015293	0.347500
318	714071432180406.375000	-49.015294	0.340000
319	785478575398447.125000	-49.015294	0.345000
320	864026432938291.875000	-49.015294	0.295000
321	950429076232121.125000	-49.015295	0.327500
322	1045471983855333.375000	-49.015295	0.380000
323	1150019182240866.750000	-49.015295	0.340000
324	1265021100464953.500000	-49.015296	0.347500
325	1391523210511449.000000	-49.015296	0.385000
326	1530675531562594.000000	-49.015296	0.410000
327	1683743084718853.500000	-49.015296	0.300000
328	1852117393190739.000000	-49.015296	0.370000
329	2037329132509813.000000	-49.015297	0.340000
330	2241062045760794.500000	-49.015297	0.332500
331	2465168250336874.000000	-49.015297	0.332500
332	2711685075370561.500000	-49.015297	0.382500
333	2982853582907618.000000	-49.015297	0.355000
334	3281138941198380.000000	-49.015298	0.360000
335	3609252835318218.500000	-49.015298	0.352500
336	3970178118850040.500000	-49.015298	0.375000
337	4367195930735045.000000	-49.015298	0.312500
338	4803915523808550.000000	-49.015298	0.350000
339	5284307076189405.000000	-49.015298	0.390000
340	5812737783808346.000000	-49.015298	0.347500
341	6394011562189181.000000	-49.015299	0.320000
342	7033412718408100.000000	-49.015299	0.312500
343	7736753990248911.000000	-49.015299	0.365000
344	8510429389273803.000000	-49.015299	0.297500
345	9361472328201184.000000	-49.015299	0.320000
346	10297619561021304.000000	-49.015299	0.310000
347	11327381517123436.000000	-49.015299	0.347500
348	12460119668835780.000000	-49.015299	0.322500
349	13706131635719360.000000	-49.015299	0.365000
350	15076744799291298.000000	-49.015299	0.337500
351	16584419279220430.000000	-49.015299	0.310000
352	18242861207142476.000000	-49.015299	0.387500
353	20067147327856724.000000	-49.015299	0.300000
354	22073862060642400.000000	-49.015300	0.307500
355	24281248266706640.000000	-49.015300	0.370000
356	26709373093377308.000000	-49.015300	0.335000
357	29380310402715040.000000	-49.015300	0.327500
358	32318341442986548.000000	-49.015300	0.390000
359	35550175587285204.000000	-49.015300	0.322500
360	39105193146013728.000000	-49.015300	0.342500
361	43015712460615104.000000	-49.015300	0.345000
362	47317283706676616.000000	-49.015300	0.370000
363	52049012077344280.000000	-49.015300	0.352500
364	57253913285078712.000000	-49.015300	0.335000
365	62979304613586592.000000	-49.015300	0.327500
366	69277235074945256.000000	-49.015300	0.330000
367	76204958582439792.000000	-49.015300	0.355000
368	83825454440683776.000000	-49.015300	0.337500
369	92207999884752160.000000	-49.015300	0.347500
370	101428799873227392.000000	-49.015300	0.322500
371	111571679860550144.000000	-49.015300	0.342500
372	122728847846605168.000000	-49.015300	0.345000
373	135001732631265696.000000	-49.015300	0.307500
374	148501905894392288.000000	-49.015300	0.337500
375	163352096483831520.000000	-49.015300	0.377500
376	179687306132214688.000000	-49.015300	0.332500
377	197656036745436160.000000	-49.015300	0.345000
378	217421640419979808.000000	-49.015300	0.382500
379	239163804461977824.000000	-49.015300	0.315000
380	263080184908175616.000000	-49.015300	0.375000
381	289388203398993216.000000	-49.015300	0.320000
382	318327023738892544.000000	-49.015300	0.330000
383	350159726112781824.000000	-49.015300	0.370000
384	385175698724060032.000000	-49.015300	0.390000
385	423693268596466048.000000	-49.015300	0.327500
386	466062595456112704.000000	-49.015300	0.297500
387	512668855001724032.000000	-49.015300	0.365000
388	563935740501896512.000000	-49.015300	0.350000
389	620329314552086272.000000	-49.015300	0.322500
390	682362246007294976.000000	-49.015300	0.340000
391	750598470608024576.000000	-49.015300	0.360000
392	825658317668827136.000000	-49.015300	0.347500
393	908224149435709952.000000	-49.015300	0.325000
394	999046564379281024.000000	-49.015300	0.335000
395	1098951220817209216.000000	-49.015300	0.365000
396	1208846342898930176.000000	-49.015300	0.365000
397	1329730977188823296.000000	-49.015300	0.335000
398	1462704074907705856.000000	-49.015300	0.337500
399	1608974482398476544.000000	-49.015300	0.360000
400	1769871930638324224.000000	-49.015301	0.335000
401	1946859123702156800.000000	-49.015301	0.357500
402	2141545036072372736.000000	-49.015301	0.292500
403	2355699539679610368.000000	-49.015301	0.315000
404	2591269493647571456.000000	-49.015301	0.315000
405	2850396443012328960.000000	-49.015301	0.325000
406	3135436087313562112.000000	-49.015301	0.372500
407	3448979696044918784.000000	-49.015301	0.380000
408	3793877665649411072.000000	-49.015301	0.360000
409	4173265432214352384.000000	-49.015301	0.345000
410	4590591975435787776.000000	-49.015301	0.370000
411	5049651172979366912.000000	-49.015301	0.345000
412	5554616290277304320.000000	-49.015301	0.362500
413	6110077919305034752.000000	-49.015301	0.370000
414	6721085711235538944.000000	-49.015301	0.337500
415	7393194282359093248.000000	-49.015301	0.330000
416	8132513710595003392.000000	-49.015301	0.357500
417	8945765081654504448.000000	-49.015301	0.360000
418	9840341589819955200.000000	-49.015301	0.325000
419	10824375748801951744.000000	-49.015301	0.295000
420	11906813323682148352.000000	-49.015301	0.320000
421	13097494656050364416.000000	-49.015301	0.300000
422	14407244121655402496.000000	-49.015301	0.367500
423	15847968533820944384.000000	-49.015301	0.387500
424	17432765387203039232.000000	-49.015301	0.380000
425	19176041925923344384.000000	-49.015301	0.317500
426	21093646118515679232.000000	-49.015301	0.342500
427	23203010730367250432.000000	-49.015301	0.362500
428	25523311803403976704.000000	-49.015301	0.372500
429	28075642983744376832.000000	-49.015301	0.345000
430	30883207282118815744.000000	-49.015301	0.362500
431	33971528010330701824.000000	-49.015301	0.380000
432	37368680811363778560.000000	-49.015301	0.327500
433	41105548892500156416.000000	-49.015301	0.357500
434	45216103781750177792.000000	-49.015301	0.392500
435	49737714159925198848.000000	-49.015301	0.315000
436	54711485575917723648.000000	-49.015301	0.367500
437	60182634133509496832.000000	-49.015301	0.360000
438	66200897546860453888.000000	-49.015301	0.342500
439	72820987301546508288.000000	-49.015301	0.372500
440	80103086031701164032.000000	-49.015301	0.350000
441	88113394634871291904.000000	-49.015301	0.337500
442	96924734098358435840.000000	-49.015301	0.317500
443	106617207508194295808.000000	-49.015301	0.357500
444	117278928259013738496.000000	-49.015301	0.340000
445	129006821084915122176.000000	-49.015301	0.362500
446	141907503193406652416.000000	-49.015301	0.367500
447	156098253512747319296.000000	-49.015301	0.382500
448	171708078864022077440.000000	-49.015301	0.375000
449	188878886750424301568.000000	-49.015301	0.327500
450	207766775425466761216.000000	-49.015301	0.295000
451	228543452968013463552.000000	-49.015301	0.375000
452	251397798264814829568.000000	-49.015301	0.362500
453	276537578091296325632.000000	-49.015301	0.347500
454	304191335900426010624.000000	-49.015301	0.350000
455	334610469490468651008.000000	-49.015301	0.350000
456	368071516439515561984.000000	-49.015301	0.330000
457	404878668083467124736.000000	-49.015301	0.332500
458	445366534891813863424.000000	-49.015301	0.347500
459	489903188380995289088.000000	-49.015301	0.342500
460	538893507219094831104.000000	-49.015301	0.355000
461	592782857941004320768.000000	-49.015301	0.357500
462	652061143735104831488.000000	-49.015301	0.340000
463	717267258108615327744.000000	-49.015301	0.372500
464	788993983919476965376.000000	-49.015301	0.365000
465	867893382311424688128.000000	-49.015301	0.340000
466	954682720542567170048.000000	-49.015301	0.350000
467	1050150992596823965696.000000	-49.015301	0.377500
468	1155166091856506519552.000000	-49.015301	0.332500
469	1270682701042157355008.000000	-49.015301	0.340000
470	1397750971146373169152.000000	-49.015301	0.342500
471	1537526068261010538496.000000	-49.015301	0.360000
472	1691278675087111749632.000000	-49.015301	0.420000
473	1860406542595822977024.000000	-49.015301	0.357500
474	2046447196855405379584.000000	-49.015301	0.310000
475	2251091916540946153472.000000	-49.015301	0.330000
476	2476201108195041083392.000000	-49.015301	0.347500
477	2723821219014545244160.000000	-49.015301	0.335000
478	2996203340915999768576.000000	-49.015301	0.355000
479	3295823675007599902720.000000	-49.015301	0.332500
480	3625406042508360155136.000000	-49.015301	0.355000
481	3987946646759196327936.000000	-49.015301	0.370000
482	4386741311435116118016.000000	-49.015301	0.337500
483	4825415442578627624960.000000	-49.015301	0.367500
484	5307956986836490911744.000000	-49.015301	0.325000
485	5838752685520140107776.000000	-49.015301	0.342500
486	6422627954072154537984.000000	-49.015301	0.340000
487	7064890749479370620928.000000	-49.015301	0.362500
488	7771379824427307892736.000000	-49.015301	0.330000
489	8548517806870039101440.000000	-49.015301	0.327500
490	9403369587557044060160.000000	-49.015301	0.325000
491	10343706546312748990464.000000	-49.015301	0.340000
492	11378077200944025567232.000000	-49.015301	0.372500
493	12515884921038428962816.000000	-49.015301	0.312500
494	13767473413142272278528.000000	-49.015301	0.350000
495	15144220754456499716096.000000	-49.015301	0.367500
496	16658642829902151155712.000000	-49.015301	0.347500
497	18324507112892367110144.000000	-49.015301	0.340000
498	20156957824181604450304.000000	-49.015301	0.377500
499	22172653606599768670208.000000	-49.015301	0.352500
500	24389918967259748892672.000000	-49.015301	0.377500
501	26828910863985724620800.000000	-49.015301	0.382500
502	29511801950384301277184.000000	-49.015301	0.367500
503	32462982145422733082624.000000	-49.015301	0.360000
504	35709280359965010165760.000000	-49.015301	0.357500
505	39280208395961515376640.000000	-49.015301	0.347500
506	43208229235557671108608.000000	-49.015301	0.345000
507	47529052159113441574912.000000	-49.015301	0.355000
508	52281957375024786571264.000000	-49.015301	0.330000
509	57510153112527271100416.000000	-49.015301	0.335000
510	63261168423780000727040.000000	-49.015301	0.362500
511	69587285266158009188352.000000	-49.015301	0.375000
512	76546013792773823528960.000000	-49.015301	0.362500
513	84200615172051214270464.000000	-49.015301	0.340000
514	92620676689256337375232.000000	-49.015301	0.372500
515	101882744358181976145920.000000	-49.015301	0.345000
516	112071018794000190537728.000000	-49.015301	0.325000
517	123278120673400212946944.000000	-49.015301	0.347500
518	135605932740740252696576.000000	-49.015301	0.355000
519	149166526014814284677120.000000	-49.015301	0.340000
520	164083178616295729922048.000000	-49.015301	0.360000
521	180491496477925306269696.000000	-49.015301	0.392500
522	198540646125717860384768.000000	-49.015301	0.335000
523	218394710738289666555904.000000	-49.015301	0.400000
524	240234181812118660055040.000000	-49.015301	0.407500
525	264257599993330559614976.000000	-49.015301	0.327500
526	290683359992663622287360.000000	-49.015301	0.337500
527	319751695991930034847744.000000	-49.015301	0.332500
528	351726865591123098730496.000000	-49.015301	0.375000
529	386899552150235448868864.000000	-49.015301	0.355000
530	425589507365259020599296.000000	-49.015301	0.342500
531	468148458101784929370112.000000	-49.015301	0.302500
532	514963303911963469283328.000000	-49.015301	0.322500
533	566459634303159836344320.000000	-49.015301	0.400000
534	623105597733475819978752.000000	-49.015301	0.390000
535	685416157506823415398400.000000	-49.015301	0.357500
536	753957773257505824047104.000000	-49.015301	0.372500
537	829353550583256433295360.000000	-49.015301	0.330000
538	912288905641582143733760.000000	-49.015301	0.377500
539	1003517796205740425216000.000000	-49.015301	0.420000
540	1103869575826314601955328.000000	-49.015301	0.332500
541	1214256533408946115837952.000000	-49.015301	0.385000
542	1335682186749840942170112.000000	-49.015301	0.322500
543	1469250405424825116917760.000000	-49.015301	0.350000
544	1616175445967307762827264.000000	-49.015301	0.400000
545	1777792990564038565953536.000000	-49.015301	0.365000
546	1955572289620442529923072.000000	-49.015301	0.362500
547	2151129518582486863446016.000000	-49.015301	0.355000
548	2366242470440735657164800.000000	-49.015301	0.350000
549	2602866717484809357099008.000000	-49.015301	0.362500
550	2863153389233290614931456.000000	-49.015301	0.317500
551	3149468728156620052234240.000000	-49.015301	0.362500
552	3464415600972282594328576.000000	-49.015301	0.350000
553	3810857161069511229571072.000000	-49.015301	0.420000
554	4191942877176462835712000.000000	-49.015301	0.355000
555	4611137164894109656154112.000000	-49.015301	0.312500
556	5072250881383521104953344.000000	-49.015301	0.345000
557	5579475969521874181816320.000000	-49.015301	0.330000
558	6137423566474062136868864.000000	-49.015301	0.307500
559	6751165923121468780052480.000000	-49.015301	0.307500
560	7426282515433616731799552.000000	-49.015301	0.327500
561	8168910766976978619727872.000000	-49.015301	0.395000
562	8985801843674677233319936.000000	-49.015301	0.340000
563	9884382028042145600897024.000000	-49.015301	0.377500
564	10872820230846360590483456.000000	-49.015301	0.380000
565	11960102253930997293776896.000000	-49.015301	0.375000
566	13156112479324098741141504.000000	-49.015301	0.367500
567	14471723727256510118494208.000000	-49.015301	0.410000
568	15918896099982163063078912.000000	-49.015301	0.380000
569	17510785709980380657876992.000000	-49.015301	0.355000
570	19261864280978421085896704.000000	-49.015301	0.327500
571	21188050709076266845208576.000000	-49.015301	0.330000
572	23306855779983895247716352.000000	-49.015301	0.342500
573	25637541357982288208461824.000000	-49.015301	0.375000
574	28201295493780517458804736.000000	-49.015301	0.357500
575	31021425043158573070155776.000000	-49.015301	0.372500
576	34123567547474434242641920.000000	-49.015301	0.332500
577	37535924302221881961873408.000000	-49.015301	0.312500
578	41289516732444075312021504.000000	-49.015301	0.352500
579	45418468405688485420204032.000000	-49.015301	0.387500
580	49960315246257337398198272.000000	-49.015301	0.372500
581	54956346770883074573991936.000000	-49.015301	0.345000
582	60451981447971388044345344.000000	-49.015301	0.345000
583	66497179592768533720727552.000000	-49.015301	0.392500
584	73146897552045394823741440.000000	-49.015301	0.392500
585	80461587307249947191017472.000000	-49.015301	0.420000
586	88507746037974945346093056.000000	-49.015301	0.342500
587	97358520641772450188623872.000000	-49.015301	0.375000
588	107094372705949698643460096.000000	-49.015301	0.385000
589	117803809976544670225793024.000000	-49.015301	0.372500
590	129584190974199152710254592.000000	-49.015301	0.367500
591	142542610071619071417253888.000000	-49.015301	0.370000
592	156796871078780983712940032.000000	-49.015301	0.340000
593	172476558186659102700077056.000000	-49.015301	0.380000
594	189724214005325040457875456.000000	-49.015301	0.392500
595	208696635405857571991453696.000000	-49.015301	0.382500
596	229566298946443339498520576.000000	-49.015301	0.372500
597	252522928841087700936163328.000000	-49.015301	0.380000
598	277775221725196484773675008.000000	-49.015301	0.390000
599	305552743897716164174807040.000000	-49.015301	0.337500
600	336108018287487797772156928.000000	-49.015301	0.317500
601	369718820116236591293267968.000000	-49.015301	0.352500
602	406690702127860264166490112.000000	-49.015301	0.355000
603	447359772340646311198982144.000000	-49.015301	0.352500
604	492095749574710949190828032.000000	-49.015301	0.325000
605	541305324532182064725753856.000000	-49.015301	0.372500
606	595435856985400333045858304.000000	-49.015301	0.370000
607	654979442683940407582130176.000000	-49.015301	0.352500
608	720477386952334544547610624.000000	-49.015301	0.335000
609	792525125647568040234057728.000000	-49.015301	0.347500
610	871777638212324858001358848.000000	-49.015301	0.412500
611	958955402033557357545390080.000000	-49.015301	0.360000
612	1054850942236913230738882560.000000	-49.015301	0.377500
613	1160336036460604691251724288.000000	-49.015301	0.402500
614	1276369640106665242840268800.000000	-49.015301	0.362500
615	1404006604117331904563249152.000000	-49.015301	0.385000
616	1544407264529065149995155456.000000	-49.015301	0.377500
617	1698847990981971829921415168.000000	-49.015301	0.360000
618	1868732790080169095376928768.000000	-49.015301	0.385000
619	2055606069088186224816947200.000000	-49.015301	0.375000
620	2261166675997004984737595392.000000	-49.015301	0.360000
621	2487283343596705538186936320.000000	-49.015301	0.397500
622	2736011677956376366883536896.000000	-49.015301	0.350000
623	3009612845752014168498634752.000000	-49.015301	0.382500
624	3310574130327215915201986560.000000	-49.015301	0.362500
625	3641631543359937781600092160.000000	-49.015301	0.372500
626	4005794697695932109515915264.000000	-49.015301	0.332500
627	4406374167465525430418669568.000000	-49.015301	0.385000
628	4847011584212078193362862080.000000	-49.015301	0.407500
629	5331712742633286287577055232.000000	-49.015301	0.350000
630	5864884016896615795944062976.000000	-49.015301	0.357500
631	6451372418586278365098934272.000000	-49.015301	0.380000
632	7096509660444907081218129920.000000	-49.015301	0.402500
633	7806160626489398339095756800.000000	-49.015301	0.367500
634	8586776689138339272516960256.000000	-49.015301	0.360000
635	9445454358052173639573307392.000000	-49.015301	0.352500
636	10389999793857391333384126464.000000	-49.015301	0.390000
637	11428999773243131126429515776.000000	-49.015301	0.322500
638	12571899750567445778388746240.000000	-49.015301	0.320000
639	13829089725624191455739248640.000000	-49.015301	0.397500
640	15211998698186612800336429056.000000	-49.015301	0.337500
641	16733198568005275619686350848.000000	-49.015301	0.392500
642	18406518424805804501068939264.000000	-49.015301	0.385000
643	20247170267286386710394437632.000000	-49.015301	0.380000
644	22271887294015028460066439168.000000	-49.015301	0.382500
645	24499076023416532625487036416.000000	-49.015301	0.400000
646	26948983625758186327840391168.000000	-49.015301	0.385000
647	29643881988334006280038383616.000000	-49.015301	0.387500
648	32608270187167407347846873088.000000	-49.015301	0.357500
649	35869097205884151601068769280.000000	-49.015301	0.370000
650	39456006926472568960198901760.000000	-49.015301	0.362500
651	43401607619119830254265303040.000000	-49.015301	0.372500
652	47741768381031813279691833344.000000	-49.015301	0.367500
653	52515945219135000764926132224.000000	-49.015301	0.375000
654	57767539741048502600637349888.000000	-49.015301	0.332500
655	63544293715153356379138293760.000000	-49.015301	0.367500
656	69898723086668696415098634240.000000	-49.015301	0.380000
657	76888595395335574852701519872.000000	-49.015301	0.390000
658	84577454934869133217580974080.000000	-49.015301	0.345000
659	93035200428356046539339071488.000000	-49.015301	0.375000
660	102338720471191654711710187520.000000	-49.015301	0.375000
661	112572592518310828978974228480.000000	-49.015301	0.357500
662	123829851770141920672964673536.000000	-49.015301	0.415000
663	136212836947156119777135558656.000000	-49.015301	0.372500
664	149834120641871747587816554496.000000	-49.015301	0.347500
665	164817532706058929383472627712.000000	-49.015301	0.352500
666	181299285976664836395568726016.000000	-49.015301	0.350000
667	199429214574331327072000016384.000000	-49.015301	0.360000
668	219372136031764470334511644672.000000	-49.015301	0.372500
669	241309349634940949033897689088.000000	-49.015301	0.362500
670	265440284598435082640096755712.000000	-49.015301	0.342500
671	291984313058278604977855266816.000000	-49.015301	0.392500
672	321182744364106525289073344512.000000	-49.015301	0.365000
673	353301018800517227076101603328.000000	-49.015301	0.382500
674	388631120680569006078707105792.000000	-49.015301	0.365000
675	427494232748625955944698740736.000000	-49.015301	0.387500
676	470243656023488593760415121408.000000	-49.015301	0.327500
677	517268021625837509431451975680.000000	-49.015301	0.415000
678	568994823788421295558969262080.000000	-49.015301	0.380000
679	625894306167263495483610365952.000000	-49.015301	0.377500
680	688483736783989894290092326912.000000	-49.015301	0.335000
681	757332110462388897792850395136.000000	-49.015301	0.355000
682	833065321508627900162126118912.000000	-49.015301	0.377500
683	916371853659490704252087566336.000000	-49.015301	0.367500
684	1008009039025439816898542829568.000000	-49.015301	0.367500
685	1108809942927983854883392454656.000000	-49.015301	0.367500
686	1219690937220782352961722384384.000000	-49.015301	0.327500
687	1341660030942860827511624826880.000000	-49.015301	0.357500
688	1475826034037147051000275664896.000000	-49.015301	0.362500
689	1623408637440861868690293915648.000000	-49.015301	0.352500
690	1785749501184948252591807004672.000000	-49.015301	0.360000
691	1964324451303443162293480718336.000000	-49.015301	0.327500
692	2160756896433787731850307829760.000000	-49.015301	0.407500
693	2376832586077166645772826968064.000000	-49.015301	0.380000
694	2614515844684883619972584046592.000000	-49.015301	0.370000
695	2875967429153372207149823819776.000000	-49.015301	0.387500
696	3163564172068709540454796886016.000000	-49.015301	0.320000
697	3479920589275580888565243969536.000000	-49.015301	0.340000
698	3827912648203139090011759050752.000000	-49.015301	0.367500
699	4210703913023453505667893035008.000000	-49.015301	0.345000
700	4631774304325799475479631101952.000000	-49.015301	0.345000
701	5094951734758379366732598870016.000000	-49.015301	0.367500
702	5604446908234217415995849441280.000000	-49.015301	0.365000
703	6164891599057639157595434385408.000000	-49.015301	0.322500
704	6781380758963403974074903298048.000000	-49.015301	0.377500
705	7459518834859745272202319101952.000000	-49.015301	0.375000
706	8205470718345720024602532380672.000000	-49.015301	0.367500
707	9026017790180292815192720408576.000000	-49.015301	0.395000
708	9928619569198323335201889976320.000000	-49.015301	0.382500
709	10921481526118156231672032395264.000000	-49.015301	0.367500
710	12013629678729972305199198371840.000000	-49.015301	0.382500
711	13214992646602970661619025051648.000000	-49.015301	0.380000
712	14536491911263269754400759873536.000000	-49.015301	0.370000
713	15990141102389598531280686809088.000000	-49.015301	0.360000
714	17589155212628559285128680964096.000000	-49.015301	0.390000
715	19348070733891415889181493166080.000000	-49.015301	0.400000
716	21282877807280557478099642482688.000000	-49.015301	0.332500
717	23411165588008614126629532205056.000000	-49.015301	0.390000
718	25752282146809479592532150059008.000000	-49.015301	0.392500
719	28327510361490428452505290539008.000000	-49.015301	0.395000
720	31160261397639474450275558752256.000000	-49.015301	0.382500
721	34276287537403425948542779260928.000000	-49.015301	0.362500
722	37703916291143769444116982661120.000000	-49.015301	0.357500
723	41474307920258150892128308297728.000000	-49.015301	0.370000
724	45621738712283966882061064601600.000000	-49.015301	0.382500
725	50183912583512363570267171061760.000000	-49.015301	0.405000
726	55202303841863604430893515538432.000000	-49.015301	0.357500
727	60722534226049972980462196359168.000000	-49.015301	0.395000
728	66794787648654971179228341469184.000000	-49.015301	0.397500
729	73474266413520470999310952038400.000000	-49.015301	0.397500
730	80821693054872522602841674612736.000000	-49.015301	0.397500
731	88903862360359776664565693022208.000000	-49.015301	0.342500
732	97794248596395768742541069910016.000000	-49.015301	0.367500
733	107573673456035347418235027849216.000000	-49.015301	0.402500
734	118331040801638892968697636323328.000000	-49.015301	0.375000
735	130164144881802787669886952800256.000000	-49.015301	0.342500
736	143180559369983086252714008510464.000000	-49.015301	0.365000
737	157498615306981411090944067895296.000000	-49.015301	0.332500
738	173248476837679581023076089856000.000000	-49.015301	0.342500
739	190573324521447539125383698841600.000000	-49.015301	0.352500
740	209630656973592311052320578207744.000000	-49.015301	0.390000
741	230593722670951549363312039821312.000000	-49.015301	0.362500
742	253653094938046707902522945699840.000000	-49.015301	0.362500
743	279018404431851396707173749751808.000000	-49.015301	0.345000
744	306920244875036568803808441794560.000000	-49.015301	0.392500
745	337612269362540225684189285974016.000000	-49.015301	0.390000
746	371373496298794313104442848706560.000000	-49.015301	0.377500
747	408510845928673780443684152541184.000000	-49.015301	0.355000
748	449361930521541165693811971588096.000000	-49.015301	0.375000
749	494298123573695347115027802882048.000000	-49.015301	0.395000
750	543727935931064932266846409719808.000000	-49.015301	0.375000
751	598100729524171475933846877241344.000000	-49.015301	0.410000
752	657910802476588702790585006686208.000000	-49.015301	0.400000
753	723701882724247659538756352868352.000000	-49.015301	0.405000
754	796072070996672483138707218497536.000000	-49.015301	0.387500
755	875679278096339832333209593446400.000000	-49.015301	0.362500
756	963247205905973887624124590718976.000000	-49.015301	0.420000
757	1059571926496571377267168702889984.000000	-49.015301	0.352500
758	1165529119146228558228441995935744.000000	-49.015301	0.320000
759	1282082031060851457285842618286080.000000	-49.015301	0.380000
760	1410290234166936603014426880114688.000000	-49.015301	0.392500
761	1551319257583630349784982413639680.000000	-49.015301	0.375000
762	1706451183341993384763480655003648.000000	-49.015301	0.377500
763	1877096301676192809708941566017536.000000	-49.015301	0.357500
764	2064805931843812119502873337790464.000000	-49.015301	0.377500
765	2271286525028193446745311132254208.000000	-49.015301	0.357500
766	2498415177531013022004143166849024.000000	-49.015301	0.302500
767	2748256695284114583611896020074496.000000	-49.015301	0.385000
768	3023082364812526503141687464820736.000000	-49.015301	0.402500
769	3325390601293779614624458054041600.000000	-49.015301	0.397500
770	3657929661423158152547656162869248.000000	-49.015301	0.355000
771	4023722627565474198386722700525568.000000	-49.015301	0.387500
772	4426094890322022137040072043659264.000000	-49.015301	0.372500
773	4868704379354224754266605860421632.000000	-49.015301	0.375000
774	5355574817289648152030470131941376.000000	-49.015301	0.390000
775	5891132299018613428402118987874304.000000	-49.015301	0.412500
776	6480245528920475462995233650769920.000000	-49.015301	0.390000
777	7128270081812523585755509319270400.000000	-49.015301	0.397500
778	7841097089993777097252564858044416.000000	-49.015301	0.412500
779	8625206798993155268146423186587648.000000	-49.015301	0.382500
780	9487727478892471025545366426615808.000000	-49.015301	0.397500
781	10436500226781719511605708597493760.000000	-49.015301	0.360000
782	11480150249459891462766279457243136.000000	-49.015301	0.387500
783	12628165274405881070211509245706240.000000	-49.015301	0.355000
784	13890981801846470330154164777123840.000000	-49.015301	0.412500
785	15280079982031119669012590468530176.000000	-49.015301	0.347500
786	16808087980234233250003955964968960.000000	-49.015301	0.360000
787	18488896778257658880847360775159808.000000	-49.015301	0.392500
788	20337786456083427305359406987739136.000000	-49.015301	0.372500
789	22371565101691772802906958742945792.000000	-49.015301	0.392500
790	24608721611860953311377867516411904.000000	-49.015301	0.345000
791	27069593773047050487190061639008256.000000	-49.015301	0.372500
792	29776553150351755997077669645647872.000000	-49.015301	0.365000
793	32754208465386934824965649509384192.000000	-49.015301	0.352500
794	36029629311925631535642427359494144.000000	-49.015301	0.392500
795	39632592243118196533881077466398720.000000	-49.015301	0.420000
796	43595851467430016187269185213038592.000000	-49.015301	0.387500
797	47955436614173018728333307419820032.000000	-49.015301	0.377500
798	52750980275590321523503841847279616.000000	-49.015301	0.397500
799	58026078303149361054551855515828224.000000	-49.015301	0.385000
800	63828686133464303616367466865754112.000000	-49.015301	0.435000


================================================================================
Contenido de: results/svm/annealing/batches/betas00800_iterations00400/2026-08-11_11:51:09/summary.txt
================================================================================

B-idx	Beta	Energy	Acceptance
1	48.953096	-24.171266	0.812500
2	53.848406	-25.269727	0.735000
3	59.233246	-26.148767	0.670000
4	65.156571	-27.096783	0.587500
5	71.672228	-28.732905	0.590000
6	78.839451	-29.756576	0.575000
7	86.723396	-30.923804	0.592500
8	95.395736	-31.809766	0.520000
9	104.935309	-32.493608	0.552500
10	115.428840	-33.200918	0.517500
11	126.971724	-33.733012	0.482500
12	139.668896	-34.210090	0.520000
13	153.635786	-34.619777	0.482500
14	168.999365	-35.243372	0.480000
15	185.899301	-35.873331	0.485000
16	204.489231	-36.131675	0.447500
17	224.938154	-36.487686	0.437500
18	247.431970	-36.826350	0.440000
19	272.175167	-37.332348	0.462500
20	299.392684	-37.727965	0.452500
21	329.331952	-38.035411	0.360000
22	362.265147	-38.553678	0.415000
23	398.491662	-38.942780	0.405000
24	438.340828	-39.606685	0.415000
25	482.174911	-40.058907	0.432500
26	530.392402	-40.432110	0.402500
27	583.431642	-40.752527	0.390000
28	641.774806	-41.067974	0.380000
29	705.952287	-41.437208	0.407500
30	776.547516	-41.711311	0.355000
31	854.202267	-41.942165	0.350000
32	939.622494	-42.124278	0.360000
33	1033.584743	-42.377802	0.350000
34	1136.943218	-42.710419	0.380000
35	1250.637539	-42.978381	0.360000
36	1375.701293	-43.264297	0.352500
37	1513.271423	-43.511098	0.327500
38	1664.598565	-43.711273	0.310000
39	1831.058421	-43.953573	0.325000
40	2014.164264	-44.128492	0.350000
41	2215.580690	-44.399515	0.360000
42	2437.138759	-44.594717	0.360000
43	2680.852635	-44.794215	0.367500
44	2948.937898	-44.941842	0.347500
45	3243.831688	-45.204354	0.342500
46	3568.214857	-45.385900	0.332500
47	3925.036343	-45.527909	0.367500
48	4317.539977	-45.679971	0.305000
49	4749.293975	-45.853741	0.320000
50	5224.223372	-46.009480	0.322500
51	5746.645709	-46.200961	0.322500
52	6321.310280	-46.354882	0.310000
53	6953.441308	-46.477471	0.325000
54	7648.785439	-46.586789	0.307500
55	8413.663983	-46.694884	0.292500
56	9255.030381	-46.770965	0.300000
57	10180.533420	-46.868903	0.295000
58	11198.586762	-46.963410	0.335000
59	12318.445438	-47.093843	0.315000
60	13550.289982	-47.189672	0.347500
61	14905.318980	-47.278117	0.322500
62	16395.850878	-47.373020	0.310000
63	18035.435965	-47.487562	0.337500
64	19838.979562	-47.561301	0.292500
65	21822.877518	-47.650980	0.337500
66	24005.165270	-47.722090	0.327500
67	26405.681797	-47.799996	0.277500
68	29046.249977	-47.860127	0.295000
69	31950.874974	-47.915536	0.305000
70	35145.962472	-47.992618	0.287500
71	38660.558719	-48.036896	0.307500
72	42526.614591	-48.113863	0.315000
73	46779.276050	-48.155417	0.280000
74	51457.203655	-48.213612	0.290000
75	56602.924020	-48.272502	0.320000
76	62263.216422	-48.312309	0.282500
77	68489.538065	-48.368261	0.332500
78	75338.491871	-48.417415	0.310000
79	82872.341058	-48.464310	0.315000
80	91159.575164	-48.513224	0.320000
81	100275.532681	-48.546789	0.285000
82	110303.085949	-48.583227	0.302500
83	121333.394543	-48.610901	0.280000
84	133466.733998	-48.645188	0.295000
85	146813.407398	-48.680643	0.332500
86	161494.748137	-48.702097	0.285000
87	177644.222951	-48.723915	0.252500
88	195408.645246	-48.748431	0.275000
89	214949.509771	-48.785835	0.297500
90	236444.460748	-48.807007	0.320000
91	260088.906823	-48.826907	0.292500
92	286097.797505	-48.851476	0.307500
93	314707.577255	-48.877349	0.320000
94	346178.334981	-48.898095	0.302500
95	380796.168479	-48.917971	0.312500
96	418875.785327	-48.939788	0.322500
97	460763.363859	-48.959664	0.297500
98	506839.700245	-48.972867	0.280000
99	557523.670270	-48.988724	0.300000
100	613276.037297	-49.006316	0.310000
101	674603.641027	-49.022237	0.317500
102	742064.005129	-49.034956	0.265000
103	816270.405642	-49.051178	0.327500
104	897897.446207	-49.063591	0.307500
105	987687.190827	-49.076004	0.312500
106	1086455.909910	-49.088456	0.270000
107	1195101.500901	-49.101570	0.317500
108	1314611.650991	-49.111679	0.300000
109	1446072.816090	-49.121291	0.280000
110	1590680.097699	-49.129981	0.285000
111	1749748.107469	-49.138763	0.272500
112	1924722.918216	-49.146984	0.282500
113	2117195.210037	-49.159536	0.322500
114	2328914.731041	-49.168816	0.280000
115	2561806.204145	-49.175222	0.292500
116	2817986.824560	-49.182243	0.287500
117	3099785.507016	-49.189854	0.312500
118	3409764.057717	-49.196221	0.275000
119	3750740.463489	-49.202631	0.270000
120	4125814.509838	-49.208333	0.272500
121	4538395.960822	-49.214689	0.320000
122	4992235.556904	-49.220763	0.310000
123	5491459.112595	-49.226268	0.322500
124	6040605.023854	-49.232081	0.267500
125	6644665.526239	-49.236874	0.257500
126	7309132.078863	-49.242685	0.312500
127	8040045.286750	-49.248275	0.302500
128	8844049.815425	-49.253133	0.335000
129	9728454.796967	-49.257170	0.287500
130	10701300.276664	-49.260409	0.270000
131	11771430.304330	-49.263197	0.272500
132	12948573.334763	-49.265680	0.292500
133	14243430.668239	-49.269130	0.335000
134	15667773.735063	-49.272567	0.317500
135	17234551.108570	-49.276647	0.315000
136	18958006.219427	-49.279093	0.317500
137	20853806.841369	-49.281788	0.317500
138	22939187.525506	-49.284701	0.277500
139	25233106.278057	-49.287589	0.317500
140	27756416.905863	-49.289905	0.287500
141	30532058.596449	-49.291684	0.280000
142	33585264.456094	-49.294730	0.350000
143	36943790.901703	-49.297122	0.342500
144	40638169.991874	-49.299294	0.290000
145	44701986.991061	-49.300935	0.290000
146	49172185.690167	-49.303360	0.332500
147	54089404.259184	-49.304943	0.327500
148	59498344.685102	-49.306692	0.320000
149	65448179.153612	-49.308488	0.332500
150	71992997.068974	-49.310031	0.325000
151	79192296.775871	-49.311384	0.312500
152	87111526.453458	-49.312822	0.312500
153	95822679.098804	-49.314051	0.332500
154	105404947.008684	-49.315203	0.287500
155	115945441.709553	-49.316311	0.292500
156	127539985.880508	-49.317259	0.302500
157	140293984.468559	-49.318603	0.325000
158	154323382.915415	-49.319587	0.305000
159	169755721.206956	-49.320577	0.307500
160	186731293.327652	-49.321887	0.292500
161	205404422.660417	-49.322812	0.327500
162	225944864.926459	-49.323606	0.310000
163	248539351.419105	-49.324459	0.317500
164	273393286.561015	-49.325195	0.297500
165	300732615.217117	-49.326078	0.355000
166	330805876.738829	-49.326892	0.270000
167	363886464.412712	-49.327449	0.297500
168	400275110.853983	-49.327926	0.287500
169	440302621.939381	-49.328658	0.357500
170	484332884.133319	-49.329208	0.305000
171	532766172.546651	-49.329793	0.337500
172	586042789.801316	-49.330430	0.367500
173	644647068.781448	-49.330834	0.242500
174	709111775.659593	-49.331199	0.277500
175	780022953.225552	-49.331686	0.337500
176	858025248.548107	-49.332141	0.325000
177	943827773.402918	-49.332416	0.307500
178	1038210550.743210	-49.332842	0.335000
179	1142031605.817531	-49.333178	0.265000
180	1256234766.399284	-49.333583	0.335000
181	1381858243.039213	-49.334006	0.350000
182	1520044067.343134	-49.334315	0.332500
183	1672048474.077448	-49.334596	0.330000
184	1839253321.485193	-49.334895	0.287500
185	2023178653.633712	-49.335167	0.300000
186	2225496518.997084	-49.335356	0.270000
187	2448046170.896792	-49.335621	0.305000
188	2692850787.986472	-49.335860	0.292500
189	2962135866.785119	-49.336051	0.265000
190	3258349453.463631	-49.336251	0.300000
191	3584184398.809995	-49.336463	0.312500
192	3942602838.690994	-49.336627	0.315000
193	4336863122.560094	-49.336817	0.335000
194	4770549434.816104	-49.336976	0.315000
195	5247604378.297715	-49.337143	0.305000
196	5772364816.127487	-49.337325	0.342500
197	6349601297.740236	-49.337457	0.290000
198	6984561427.514260	-49.337633	0.320000
199	7683017570.265687	-49.337736	0.292500
200	8451319327.292256	-49.337860	0.317500
201	9296451260.021482	-49.337974	0.327500
202	10226096386.023632	-49.338079	0.285000
203	11248706024.625996	-49.338201	0.325000
204	12373576627.088596	-49.338298	0.317500
205	13610934289.797457	-49.338394	0.300000
206	14972027718.777205	-49.338500	0.335000
207	16469230490.654926	-49.338594	0.317500
208	18116153539.720421	-49.338662	0.317500
209	19927768893.692463	-49.338747	0.335000
210	21920545783.061710	-49.338834	0.310000
211	24112600361.367882	-49.338912	0.330000
212	26523860397.504673	-49.338971	0.300000
213	29176246437.255142	-49.339057	0.365000
214	32093871080.980659	-49.339116	0.310000
215	35303258189.078728	-49.339171	0.347500
216	38833584007.986603	-49.339219	0.277500
217	42716942408.785263	-49.339271	0.342500
218	46988636649.663795	-49.339319	0.312500
219	51687500314.630180	-49.339370	0.312500
220	56856250346.093201	-49.339421	0.305000
221	62541875380.702522	-49.339458	0.327500
222	68796062918.772781	-49.339508	0.332500
223	75675669210.650070	-49.339551	0.317500
224	83243236131.715088	-49.339594	0.342500
225	91567559744.886597	-49.339629	0.285000
226	100724315719.375259	-49.339664	0.332500
227	110796747291.312790	-49.339696	0.307500
228	121876422020.444077	-49.339736	0.310000
229	134064064222.488495	-49.339768	0.312500
230	147470470644.737366	-49.339798	0.350000
231	162217517709.211121	-49.339834	0.320000
232	178439269480.132233	-49.339859	0.282500
233	196283196428.145477	-49.339888	0.352500
234	215911516070.960052	-49.339909	0.300000
235	237502667678.056091	-49.339932	0.315000
236	261252934445.861725	-49.339954	0.302500
237	287378227890.447937	-49.339974	0.285000
238	316116050679.492737	-49.339993	0.310000
239	347727655747.442017	-49.340010	0.302500
240	382500421322.186279	-49.340025	0.300000
241	420750463454.404968	-49.340038	0.280000
242	462825509799.845520	-49.340056	0.360000
243	509108060779.830139	-49.340071	0.347500
244	560018866857.813232	-49.340085	0.300000
245	616020753543.594604	-49.340098	0.307500
246	677622828897.954102	-49.340110	0.322500
247	745385111787.749512	-49.340121	0.322500
248	819923622966.524536	-49.340133	0.322500
249	901915985263.177002	-49.340144	0.325000
250	992107583789.494751	-49.340154	0.290000
251	1091318342168.444336	-49.340165	0.302500
252	1200450176385.288818	-49.340173	0.292500
253	1320495194023.817871	-49.340184	0.347500
254	1452544713426.199707	-49.340192	0.297500
255	1597799184768.819824	-49.340202	0.370000
256	1757579103245.701904	-49.340208	0.302500
257	1933337013570.272217	-49.340215	0.332500
258	2126670714927.299561	-49.340221	0.312500
259	2339337786420.029785	-49.340228	0.332500
260	2573271565062.033203	-49.340235	0.352500
261	2830598721568.236816	-49.340242	0.335000
262	3113658593725.060547	-49.340247	0.302500
263	3425024453097.566895	-49.340254	0.292500
264	3767526898407.323730	-49.340259	0.320000
265	4144279588248.056641	-49.340263	0.317500
266	4558707547072.862305	-49.340268	0.335000
267	5014578301780.149414	-49.340274	0.335000
268	5516036131958.165039	-49.340278	0.357500
269	6067639745153.982422	-49.340282	0.280000
270	6674403719669.380859	-49.340286	0.292500
271	7341844091636.319336	-49.340289	0.335000
272	8076028500799.952148	-49.340293	0.315000
273	8883631350879.947266	-49.340296	0.320000
274	9771994485967.943359	-49.340299	0.277500
275	10749193934564.738281	-49.340303	0.345000
276	11824113328021.212891	-49.340305	0.302500
277	13006524660823.335938	-49.340308	0.332500
278	14307177126905.669922	-49.340311	0.317500
279	15737894839596.238281	-49.340313	0.297500
280	17311684323555.863281	-49.340315	0.347500
281	19042852755911.449219	-49.340317	0.300000
282	20947138031502.597656	-49.340320	0.347500
283	23041851834652.859375	-49.340322	0.327500
284	25346037018118.148438	-49.340324	0.300000
285	27880640719929.964844	-49.340325	0.320000
286	30668704791922.964844	-49.340327	0.375000
287	33735575271115.265625	-49.340329	0.312500
288	37109132798226.796875	-49.340331	0.327500
289	40820046078049.476562	-49.340332	0.302500
290	44902050685854.429688	-49.340334	0.340000
291	49392255754439.875000	-49.340335	0.292500
292	54331481329883.867188	-49.340336	0.307500
293	59764629462872.257812	-49.340337	0.340000
294	65741092409159.492188	-49.340338	0.330000
295	72315201650075.453125	-49.340339	0.285000
296	79546721815083.000000	-49.340340	0.332500
297	87501393996591.312500	-49.340341	0.335000
298	96251533396250.453125	-49.340342	0.320000
299	105876686735875.500000	-49.340343	0.345000
300	116464355409463.062500	-49.340344	0.357500
301	128110790950409.375000	-49.340345	0.340000
302	140921870045450.312500	-49.340346	0.347500
303	155014057049995.343750	-49.340347	0.355000
304	170515462754994.906250	-49.340347	0.297500
305	187567009030494.406250	-49.340348	0.340000
306	206323709933543.875000	-49.340349	0.317500
307	226956080926898.281250	-49.340349	0.337500
308	249651689019588.125000	-49.340350	0.330000
309	274616857921546.968750	-49.340350	0.315000
310	302078543713701.687500	-49.340351	0.350000
311	332286398085071.875000	-49.340351	0.337500
312	365515037893579.062500	-49.340352	0.345000
313	402066541682937.000000	-49.340352	0.340000
314	442273195851230.750000	-49.340353	0.332500
315	486500515436353.875000	-49.340353	0.330000
316	535150566979989.312500	-49.340354	0.300000
317	588665623677988.250000	-49.340354	0.337500
318	647532186045787.125000	-49.340354	0.312500
319	712285404650365.875000	-49.340355	0.347500
320	783513945115402.500000	-49.340355	0.337500
321	861865339626942.875000	-49.340355	0.315000
322	948051873589637.250000	-49.340356	0.340000
323	1042857060948601.000000	-49.340356	0.332500
324	1147142767043461.250000	-49.340356	0.277500
325	1261857043747807.500000	-49.340356	0.325000
326	1388042748122588.250000	-49.340357	0.287500
327	1526847022934847.250000	-49.340357	0.345000
328	1679531725228332.000000	-49.340357	0.352500
329	1847484897751165.250000	-49.340357	0.357500
330	2032233387526282.000000	-49.340358	0.342500
331	2235456726278910.500000	-49.340358	0.307500
332	2459002398906801.500000	-49.340358	0.337500
333	2704902638797482.000000	-49.340358	0.330000
334	2975392902677230.500000	-49.340358	0.327500
335	3272932192944954.000000	-49.340358	0.330000
336	3600225412239449.500000	-49.340359	0.327500
337	3960247953463395.000000	-49.340359	0.377500
338	4356272748809735.000000	-49.340359	0.332500
339	4791900023690709.000000	-49.340359	0.345000
340	5271090026059780.000000	-49.340359	0.307500
341	5798199028665758.000000	-49.340359	0.285000
342	6378018931532334.000000	-49.340359	0.330000
343	7015820824685568.000000	-49.340359	0.332500
344	7717402907154125.000000	-49.340359	0.355000
345	8489143197869538.000000	-49.340360	0.342500
346	9338057517656492.000000	-49.340360	0.377500
347	10271863269422142.000000	-49.340360	0.312500
348	11299049596364358.000000	-49.340360	0.292500
349	12428954556000794.000000	-49.340360	0.325000
350	13671850011600874.000000	-49.340360	0.290000
351	15039035012760962.000000	-49.340360	0.267500
352	16542938514037060.000000	-49.340360	0.372500
353	18197232365440768.000000	-49.340360	0.300000
354	20016955601984848.000000	-49.340360	0.342500
355	22018651162183336.000000	-49.340360	0.325000
356	24220516278401672.000000	-49.340360	0.355000
357	26642567906241840.000000	-49.340360	0.345000
358	29306824696866028.000000	-49.340360	0.340000
359	32237507166552632.000000	-49.340361	0.310000
360	35461257883207900.000000	-49.340361	0.317500
361	39007383671528696.000000	-49.340361	0.315000
362	42908122038681568.000000	-49.340361	0.347500
363	47198934242549728.000000	-49.340361	0.310000
364	51918827666804704.000000	-49.340361	0.320000
365	57110710433485176.000000	-49.340361	0.325000
366	62821781476833696.000000	-49.340361	0.340000
367	69103959624517072.000000	-49.340361	0.297500
368	76014355586968784.000000	-49.340361	0.332500
369	83615791145665664.000000	-49.340361	0.312500
370	91977370260232240.000000	-49.340361	0.320000
371	101175107286255472.000000	-49.340361	0.372500
372	111292618014881024.000000	-49.340361	0.325000
373	122421879816369136.000000	-49.340361	0.350000
374	134664067798006064.000000	-49.340361	0.300000
375	148130474577806688.000000	-49.340361	0.337500
376	162943522035587360.000000	-49.340361	0.335000
377	179237874239146112.000000	-49.340361	0.337500
378	197161661663060736.000000	-49.340361	0.350000
379	216877827829366816.000000	-49.340361	0.322500
380	238565610612303520.000000	-49.340361	0.300000
381	262422171673533888.000000	-49.340361	0.350000
382	288664388840887296.000000	-49.340361	0.320000
383	317530827724976064.000000	-49.340361	0.332500
384	349283910497473728.000000	-49.340361	0.342500
385	384212301547221120.000000	-49.340361	0.310000
386	422633531701943296.000000	-49.340361	0.307500
387	464896884872137664.000000	-49.340361	0.312500
388	511386573359351488.000000	-49.340361	0.300000
389	562525230695286656.000000	-49.340361	0.362500
390	618777753764815360.000000	-49.340361	0.347500
391	680655529141296896.000000	-49.340361	0.362500
392	748721082055426688.000000	-49.340361	0.287500
393	823593190260969472.000000	-49.340361	0.325000
394	905952509287066496.000000	-49.340361	0.325000
395	996547760215773184.000000	-49.340361	0.347500
396	1096202536237350528.000000	-49.340361	0.322500
397	1205822789861085696.000000	-49.340361	0.315000
398	1326405068847194368.000000	-49.340361	0.345000
399	1459045575731913984.000000	-49.340361	0.355000
400	1604950133305105408.000000	-49.340361	0.327500
401	1765445146635616000.000000	-49.340361	0.347500
402	1941989661299177728.000000	-49.340361	0.340000
403	2136188627429095680.000000	-49.340361	0.337500
404	2349807490172005376.000000	-49.340361	0.347500
405	2584788239189206016.000000	-49.340361	0.365000
406	2843267063108126720.000000	-49.340361	0.365000
407	3127593769418939392.000000	-49.340361	0.352500
408	3440353146360833536.000000	-49.340361	0.330000
409	3784388460996917248.000000	-49.340361	0.345000
410	4162827307096609280.000000	-49.340361	0.330000
411	4579110037806270464.000000	-49.340361	0.347500
412	5037021041586897920.000000	-49.340361	0.357500
413	5540723145745588224.000000	-49.340361	0.322500
414	6094795460320147456.000000	-49.340361	0.387500
415	6704275006352162816.000000	-49.340361	0.322500
416	7374702506987379712.000000	-49.340361	0.367500
417	8112172757686118400.000000	-49.340361	0.322500
418	8923390033454731264.000000	-49.340361	0.332500
419	9815729036800204800.000000	-49.340361	0.375000
420	10797301940480225280.000000	-49.340361	0.367500
421	11877032134528247808.000000	-49.340361	0.367500
422	13064735347981074432.000000	-49.340361	0.357500
423	14371208882779183104.000000	-49.340361	0.292500
424	15808329771057102848.000000	-49.340361	0.317500
425	17389162748162813952.000000	-49.340361	0.322500
426	19128079022979096576.000000	-49.340361	0.335000
427	21040886925277007872.000000	-49.340361	0.360000
428	23144975617804709888.000000	-49.340361	0.305000
429	25459473179585183744.000000	-49.340361	0.322500
430	28005420497543704576.000000	-49.340361	0.357500
431	30805962547298078720.000000	-49.340361	0.352500
432	33886558802027888640.000000	-49.340361	0.350000
433	37275214682230677504.000000	-49.340361	0.325000
434	41002736150453747712.000000	-49.340361	0.317500
435	45103009765499125760.000000	-49.340361	0.340000
436	49613310742049038336.000000	-49.340361	0.332500
437	54574641816253947904.000000	-49.340361	0.342500
438	60032105997879345152.000000	-49.340361	0.377500
439	66035316597667282944.000000	-49.340361	0.360000
440	72638848257434017792.000000	-49.340361	0.342500
441	79902733083177418752.000000	-49.340361	0.337500
442	87893006391495163904.000000	-49.340361	0.322500
443	96682307030644686848.000000	-49.340361	0.352500
444	106350537733709168640.000000	-49.340361	0.372500
445	116985591507080101888.000000	-49.340361	0.347500
446	128684150657788116992.000000	-49.340361	0.385000
447	141552565723566931968.000000	-49.340361	0.340000
448	155707822295923621888.000000	-49.340361	0.357500
449	171278604525515997184.000000	-49.340361	0.295000
450	188406464978067619840.000000	-49.340361	0.345000
451	207247111475874398208.000000	-49.340361	0.292500
452	227971822623461867520.000000	-49.340361	0.327500
453	250769004885808087040.000000	-49.340361	0.332500
454	275845905374388912128.000000	-49.340361	0.300000
455	303430495911827800064.000000	-49.340361	0.332500
456	333773545503010586624.000000	-49.340361	0.350000
457	367150900053311684608.000000	-49.340361	0.335000
458	403865990058642898944.000000	-49.340361	0.332500
459	444252589064507228160.000000	-49.340361	0.342500
460	488677847970958016512.000000	-49.340361	0.367500
461	537545632768053870592.000000	-49.340361	0.340000
462	591300196044859244544.000000	-49.340361	0.312500
463	650430215649345273856.000000	-49.340361	0.342500
464	715473237214279892992.000000	-49.340361	0.375000
465	787020560935708000256.000000	-49.340361	0.362500
466	865722617029278826496.000000	-49.340361	0.385000
467	952294878732206735360.000000	-49.340361	0.370000
468	1047524366605427539968.000000	-49.340361	0.330000
469	1152276803265970438144.000000	-49.340361	0.330000
470	1267504483592567521280.000000	-49.340361	0.325000
471	1394254931951824404480.000000	-49.340361	0.342500
472	1533680425147006976000.000000	-49.340361	0.370000
473	1687048467661707804672.000000	-49.340361	0.400000
474	1855753314427878768640.000000	-49.340361	0.332500
475	2041328645870666907648.000000	-49.340361	0.317500
476	2245461510457733677056.000000	-49.340361	0.337500
477	2470007661503507333120.000000	-49.340361	0.380000
478	2717008427653858328576.000000	-49.340361	0.337500
479	2988709270419244318720.000000	-49.340361	0.365000
480	3287580197461169274880.000000	-49.340361	0.332500
481	3616338217207286726656.000000	-49.340361	0.382500
482	3977972038928015818752.000000	-49.340361	0.315000
483	4375769242820817715200.000000	-49.340361	0.367500
484	4813346167102900273152.000000	-49.340361	0.350000
485	5294680783813191139328.000000	-49.340361	0.352500
486	5824148862194510987264.000000	-49.340361	0.360000
487	6406563748413962190848.000000	-49.340361	0.377500
488	7047220123255358619648.000000	-49.340361	0.337500
489	7751942135580895215616.000000	-49.340361	0.350000
490	8527136349138985156608.000000	-49.340361	0.352500
491	9379849984052884930560.000000	-49.340361	0.370000
492	10317834982458174472192.000000	-49.340361	0.350000
493	11349618480703992758272.000000	-49.340361	0.357500
494	12484580328774393921536.000000	-49.340361	0.330000
495	13733038361651833733120.000000	-49.340361	0.330000
496	15106342197817019203584.000000	-49.340361	0.315000
497	16616976417598721753088.000000	-49.340361	0.312500
498	18278674059358596235264.000000	-49.340361	0.335000
499	20106541465294457536512.000000	-49.340361	0.347500
500	22117195611823906226176.000000	-49.340361	0.350000
501	24328915173006297268224.000000	-49.340361	0.357500
502	26761806690306928672768.000000	-49.340361	0.322500
503	29437987359337622798336.000000	-49.340361	0.345000
504	32381786095271387594752.000000	-49.340361	0.355000
505	35619964704798527193088.000000	-49.340361	0.332500
506	39181961175278383267840.000000	-49.340361	0.347500
507	43100157292806221594624.000000	-49.340361	0.357500
508	47410173022086849626112.000000	-49.340361	0.357500
509	52151190324295535427584.000000	-49.340361	0.332500
510	57366309356725090648064.000000	-49.340361	0.352500
511	63102940292397605584896.000000	-49.340361	0.347500
512	69413234321637368659968.000000	-49.340361	0.367500
513	76354557753801108881408.000000	-49.340361	0.350000
514	83990013529181231513600.000000	-49.340361	0.320000
515	92389014882099354664960.000000	-49.340361	0.375000
516	101627916370309290131456.000000	-49.340361	0.360000
517	111790708007340234244096.000000	-49.340361	0.387500
518	122969778808074272768000.000000	-49.340361	0.325000
519	135266756688881708433408.000000	-49.340361	0.360000
520	148793432357769899409408.000000	-49.340361	0.362500
521	163672775593546909483008.000000	-49.340361	0.355000
522	180040053152901620563968.000000	-49.340361	0.342500
523	198044058468191802753024.000000	-49.340361	0.355000
524	217848464315011009871872.000000	-49.340361	0.327500
525	239633310746512124280832.000000	-49.340361	0.357500
526	263596641821163350130688.000000	-49.340361	0.390000
527	289956306003279722053632.000000	-49.340361	0.372500
528	318951936603607707680768.000000	-49.340361	0.377500
529	350847130263968498581504.000000	-49.340361	0.362500
530	385931843290365408837632.000000	-49.340361	0.335000
531	424525027619401963143168.000000	-49.340361	0.335000
532	466977530381342179590144.000000	-49.340361	0.390000
533	513675283419476457947136.000000	-49.340361	0.325000
534	565042811761424177561600.000000	-49.340361	0.397500
535	621547092937566595317760.000000	-49.340361	0.375000
536	683701802231323321958400.000000	-49.340361	0.340000
537	752071982454455654154240.000000	-49.340361	0.335000
538	827279180699901286678528.000000	-49.340361	0.360000
539	910007098769891469033472.000000	-49.340361	0.385000
540	1001007808646880763576320.000000	-49.340361	0.335000
541	1101108589511568974151680.000000	-49.340361	0.375000
542	1211219448462725871566848.000000	-49.340361	0.360000
543	1332341393308998646628352.000000	-49.340361	0.320000
544	1465575532639898726039552.000000	-49.340361	0.365000
545	1612133085903888679174144.000000	-49.340361	0.330000
546	1773346394494277708152832.000000	-49.340361	0.372500
547	1950681033943705559498752.000000	-49.340361	0.340000
548	2145749137338076330196992.000000	-49.340361	0.332500
549	2360324051071884043747328.000000	-49.340361	0.375000
550	2596356456179072904462336.000000	-49.340361	0.362500
551	2855992101796980302282752.000000	-49.340361	0.340000
552	3141591311976678815694848.000000	-49.340361	0.345000
553	3455750443174346750951424.000000	-49.340361	0.330000
554	3801325487491781587107840.000000	-49.340361	0.352500
555	4181458036240960282689536.000000	-49.340361	0.392500
556	4599603839865056418332672.000000	-49.340361	0.310000
557	5059564223851562006478848.000000	-49.340361	0.320000
558	5565520646236719066120192.000000	-49.340361	0.342500
559	6122072710860391724351488.000000	-49.340361	0.365000
560	6734279981946431755780096.000000	-49.340361	0.370000
561	7407707980141075038732288.000000	-49.340361	0.370000
562	8148478778155183401598976.000000	-49.340361	0.350000
563	8963326655970702386003968.000000	-49.340361	0.325000
564	9859659321567772409856000.000000	-49.340361	0.377500
565	10845625253724549650841600.000000	-49.340361	0.337500
566	11930187779097004615925760.000000	-49.340361	0.372500
567	13123206557006705077518336.000000	-49.340361	0.335000
568	14435527212707376229515264.000000	-49.340361	0.300000
569	15879079933978114281963520.000000	-49.340361	0.347500
570	17466987927375927857643520.000000	-49.340361	0.380000
571	19213686720113521717149696.000000	-49.340361	0.362500
572	21135055392124876680593408.000000	-49.340361	0.347500
573	23248560931337367355129856.000000	-49.340361	0.332500
574	25573417024471105808629760.000000	-49.340361	0.342500
575	28130758726918218536976384.000000	-49.340361	0.357500
576	30943834599610040820170752.000000	-49.340361	0.362500
577	34038218059571046190678016.000000	-49.340361	0.342500
578	37442039865528152527732736.000000	-49.340361	0.332500
579	41186243852080973793460224.000000	-49.340361	0.332500
580	45304868237289078044753920.000000	-49.340361	0.340000
581	49835355061017990144196608.000000	-49.340361	0.317500
582	54818890567119794312577024.000000	-49.340361	0.367500
583	60300779623831780615782400.000000	-49.340361	0.372500
584	66330857586214967267295232.000000	-49.340361	0.335000
585	72963943344836467429998592.000000	-49.340361	0.305000
586	80260337679320117608972288.000000	-49.340361	0.322500
587	88286371447252134523830272.000000	-49.340361	0.322500
588	97115008591977360002121728.000000	-49.340361	0.392500
589	106826509451175109746229248.000000	-49.340361	0.325000
590	117509160396292634464747520.000000	-49.340361	0.360000
591	129260076435921906501156864.000000	-49.340361	0.375000
592	142186084079514112613154816.000000	-49.340361	0.397500
593	156404692487465551362260992.000000	-49.340361	0.357500
594	172045161736212109934460928.000000	-49.340361	0.352500
595	189249677909833334671802368.000000	-49.340361	0.357500
596	208174645700816699062747136.000000	-49.340361	0.325000
597	228992110270898379276943360.000000	-49.340361	0.330000
598	251891321297988234384506880.000000	-49.340361	0.297500
599	277080453427787075002826752.000000	-49.340361	0.342500
600	304788498770565803118952448.000000	-49.340361	0.357500
601	335267348647622397174743040.000000	-49.340361	0.360000
602	368794083512384671251955712.000000	-49.340361	0.355000
603	405673491863623158992994304.000000	-49.340361	0.317500
604	446240841049985516123979776.000000	-49.340361	0.337500
605	490864925154984095224168448.000000	-49.340361	0.330000
606	539951417670482518490480640.000000	-49.340361	0.367500
607	593946559437530804699267072.000000	-49.340361	0.357500
608	653341215381283871425298432.000000	-49.340361	0.335000
609	718675336919412313543409664.000000	-49.340361	0.350000
610	790542870611353586129436672.000000	-49.340361	0.382500
611	869597157672489068437438464.000000	-49.340361	0.362500
612	956556873439738085232345088.000000	-49.340361	0.345000
613	1052212560783711976218951680.000000	-49.340361	0.350000
614	1157433816862083311279800320.000000	-49.340361	0.355000
615	1273177198548291642407780352.000000	-49.340361	0.365000
616	1400494918403120999063093248.000000	-49.340361	0.350000
617	1540544410243433318871728128.000000	-49.340361	0.327500
618	1694598851267776870661226496.000000	-49.340361	0.367500
619	1864058736394554722654093312.000000	-49.340361	0.387500
620	2050464610034010249895084032.000000	-49.340361	0.370000
621	2255511071037411467299127296.000000	-49.340361	0.415000
622	2481062178141152778955784192.000000	-49.340361	0.395000
623	2729168395955268111826944000.000000	-49.340361	0.330000
624	3002085235550795197887545344.000000	-49.340361	0.365000
625	3302293759105875102505369600.000000	-49.340361	0.367500
626	3632523135016463162511720448.000000	-49.340361	0.307500
627	3995775448518109973543124992.000000	-49.340361	0.317500
628	4395352993369921300750925824.000000	-49.340361	0.365000
629	4834888292706914090532995072.000000	-49.340361	0.377500
630	5318377121977605829439782912.000000	-49.340361	0.327500
631	5850214834175366742237249536.000000	-49.340361	0.357500
632	6435236317592903856265625600.000000	-49.340361	0.380000
633	7078759949352194791648002048.000000	-49.340361	0.355000
634	7786635944287415040470941696.000000	-49.340361	0.330000
635	8565299538716156984322686976.000000	-49.340361	0.360000
636	9421829492587773672315420672.000000	-49.340361	0.322500
637	10364012441846552468912078848.000000	-49.340361	0.317500
638	11400413686031209035217240064.000000	-49.340361	0.305000
639	12540455054634331697957568512.000000	-49.340361	0.375000
640	13794500560097766846874255360.000000	-49.340361	0.372500
641	15173950616107544631073308672.000000	-49.340361	0.335000
642	16691345677718299973789941760.000000	-49.340361	0.352500
643	18360480245490132170192191488.000000	-49.340361	0.420000
644	20196528270039146706625363968.000000	-49.340361	0.367500
645	22216181097043064895725109248.000000	-49.340361	0.375000
646	24437799206747372704711573504.000000	-49.340361	0.345000
647	26881579127422113933424590848.000000	-49.340361	0.365000
648	29569737040164326646181003264.000000	-49.340361	0.335000
649	32526710744180763269040963584.000000	-49.340361	0.387500
650	35779381818598841355163664384.000000	-49.340361	0.382500
651	39357320000458729448921890816.000000	-49.340361	0.312500
652	43293052000504602833618731008.000000	-49.340361	0.362500
653	47622357200555071033464324096.000000	-49.340361	0.315000
654	52384592920610580775638663168.000000	-49.340361	0.372500
655	57623052212671646769686249472.000000	-49.340361	0.367500
656	63385357433938812326264176640.000000	-49.340361	0.422500
657	69723893177332702354983616512.000000	-49.340361	0.395000
658	76696282495065977868137791488.000000	-49.340361	0.390000
659	84365910744572587969481801728.000000	-49.340361	0.347500
660	92802501819029859080960212992.000000	-49.340361	0.330000
661	102082752000932859062805069824.000000	-49.340361	0.380000
662	112291027201026155524397203456.000000	-49.340361	0.352500
663	123520129921128778113711341568.000000	-49.340361	0.375000
664	135872142913241659443519684608.000000	-49.340361	0.357500
665	149459357204565837702401884160.000000	-49.340361	0.377500
666	164405292925022421472642072576.000000	-49.340361	0.357500
667	180845822217524688248966742016.000000	-49.340361	0.360000
668	198930404439277164110737833984.000000	-49.340361	0.340000
669	218823444883204891077123244032.000000	-49.340361	0.355000
670	240705789371525394258584403968.000000	-49.340361	0.372500
671	264776368308677954795066097664.000000	-49.340361	0.397500
672	291254005139545760829884334080.000000	-49.340361	0.355000
673	320379405653500354505058811904.000000	-49.340361	0.355000
674	352417346218850453287434452992.000000	-49.340361	0.402500
675	387659080840735512689926733824.000000	-49.340361	0.360000
676	426424988924809127290789167104.000000	-49.340361	0.352500
677	469067487817290068167365754880.000000	-49.340361	0.325000
678	515974236599019110168474419200.000000	-49.340361	0.367500
679	567571660258921056369693949952.000000	-49.340361	0.407500
680	624328826284813246449156358144.000000	-49.340361	0.352500
681	686761708913294564057197576192.000000	-49.340361	0.370000
682	755437879804624034536666169344.000000	-49.340361	0.397500
683	830981667785086536506574635008.000000	-49.340361	0.375000
684	914079834563595316820971618304.000000	-49.340361	0.325000
685	1005487818019954876650566451200.000000	-49.340361	0.415000
686	1106036599821950434684367273984.000000	-49.340361	0.370000
687	1216640259804145506300301672448.000000	-49.340361	0.355000
688	1338304285784560253962815537152.000000	-49.340361	0.325000
689	1472134714363016504539078459392.000000	-49.340361	0.317500
690	1619348185799318239435479318528.000000	-49.340361	0.375000
691	1781283004379250260411510947840.000000	-49.340361	0.382500
692	1959411304817175427190150397952.000000	-49.340361	0.385000
693	2155352435298893054351658450944.000000	-49.340361	0.352500
694	2370887678828782669409298677760.000000	-49.340361	0.367500
695	2607976446711661077087716900864.000000	-49.340361	0.355000
696	2868774091382827635156451328000.000000	-49.340361	0.347500
697	3155651500521110680147073171456.000000	-49.340361	0.367500
698	3471216650573221860751771172864.000000	-49.340361	0.367500
699	3818338315630544497186911027200.000000	-49.340361	0.392500
700	4200172147193599509855555551232.000000	-49.340361	0.427500
701	4620189361912959686021092474880.000000	-49.340361	0.395000
702	5082208298104255936098178433024.000000	-49.340361	0.337500
703	5590429127914682543017912434688.000000	-49.340361	0.372500
704	6149472040706151698039629152256.000000	-49.340361	0.365000
705	6764419244776767543383536173056.000000	-49.340361	0.385000
706	7440861169254444973261833895936.000000	-49.340361	0.337500
707	8184947286179889583178007969792.000000	-49.340361	0.395000
708	9003442014797879329625743556608.000000	-49.340361	0.367500
709	9903786216277668163308243386368.000000	-49.340361	0.395000
710	10894164837905434754459086356480.000000	-49.340361	0.345000
711	11983581321695978229904994992128.000000	-49.340361	0.365000
712	13181939453865576953615419965440.000000	-49.340361	0.362500
713	14500133399252136900776775647232.000000	-49.340361	0.357500
714	15950146739177351941934341423104.000000	-49.340361	0.390000
715	17545161413095088712387645145088.000000	-49.340361	0.362500
716	19299677554404598484346335133696.000000	-49.340361	0.357500
717	21229645309845059008320912752640.000000	-49.340361	0.332500
718	23352609840829564909153004027904.000000	-49.340361	0.352500
719	25687870824912521850428267167744.000000	-49.340361	0.347500
720	28256657907403774485831056621568.000000	-49.340361	0.387500
721	31082323698144155086933901443072.000000	-49.340361	0.362500
722	34190556067958571946707179798528.000000	-49.340361	0.335000
723	37609611674754432293897636937728.000000	-49.340361	0.380000
724	41370572842229883179406767161344.000000	-49.340361	0.357500
725	45507630126452878703106847670272.000000	-49.340361	0.387500
726	50058393139098174679896861704192.000000	-49.340361	0.367500
727	55064232453007995750766249771008.000000	-49.340361	0.382500
728	60570655698308800730162427592704.000000	-49.340361	0.370000
729	66627721268139683505338446774272.000000	-49.340361	0.362500
730	73290493394953659962351620718592.000000	-49.340361	0.372500
731	80619542734449034065066112057344.000000	-49.340361	0.352500
732	88681497007893940173732499685376.000000	-49.340361	0.362500
733	97549646708683335992545600602112.000000	-49.340361	0.357500
734	107304611379551682201879117299712.000000	-49.340361	0.377500
735	118035072517506863032145985667072.000000	-49.340361	0.375000
736	129838579769257552938240286130176.000000	-49.340361	0.367500
737	142822437746183328047902675173376.000000	-49.340361	0.395000
738	157104681520801680668531303120896.000000	-49.340361	0.392500
739	172815149672881868551222793863168.000000	-49.340361	0.385000
740	190096664640170087832262390317056.000000	-49.340361	0.425000
741	209106331104187125438526244519936.000000	-49.340361	0.390000
742	230016964214605866805416484143104.000000	-49.340361	0.377500
743	253018660636066478706116045832192.000000	-49.340361	0.347500
744	278320526699673148194005861793792.000000	-49.340361	0.415000
745	306152579369640484630684659351552.000000	-49.340361	0.332500
746	336767837306604536696632827183104.000000	-49.340361	0.355000
747	370444621037264997572055513694208.000000	-49.340361	0.387500
748	407489083140991547769576891613184.000000	-49.340361	0.372500
749	448237991455090745781091003531264.000000	-49.340361	0.360000
750	493061790600599827564959507677184.000000	-49.340361	0.337500
751	542367969660659889584808900165632.000000	-49.340361	0.340000
752	596604766626725900160568001560576.000000	-49.340361	0.392500
753	656265243289398591057256454815744.000000	-49.340361	0.382500
754	721891767618338565455132560982016.000000	-49.340361	0.392500
755	794080944380172522881277470179328.000000	-49.340361	0.360000
756	873489038818189861638518062710784.000000	-49.340361	0.360000
757	960837942700008963094520329666560.000000	-49.340361	0.405000
758	1056921736970009931461566400561152.000000	-49.340361	0.355000
759	1162613910667011054311392308887552.000000	-49.340361	0.372500
760	1278875301733712217388606770118656.000000	-49.340361	0.330000
761	1406762831907083684123287176085504.000000	-49.340361	0.362500
762	1547439115097792167827766354378752.000000	-49.340361	0.387500
763	1702183026607571586371806296014848.000000	-49.340361	0.397500
764	1872401329268328831478099771129856.000000	-49.340361	0.357500
765	2059641462195161743448947363414016.000000	-49.340361	0.437500
766	2265605608414678234847255866638336.000000	-49.340361	0.370000
767	2492166169256146375385395220185088.000000	-49.340361	0.372500
768	2741382786181761243508235663572992.000000	-49.340361	0.347500
769	3015521064799937425505134460272640.000000	-49.340361	0.350000
770	3317073171279931168055647906299904.000000	-49.340361	0.342500
771	3648780488407924688383739309326336.000000	-49.340361	0.377500
772	4013658537248717330160338931286016.000000	-49.340361	0.357500
773	4415024390973589524344974667153408.000000	-49.340361	0.392500
774	4856526830070948995594149206949888.000000	-49.340361	0.417500
775	5342179513078044413968241200726016.000000	-49.340361	0.407500
776	5876397464385849316533667163537408.000000	-49.340361	0.402500
777	6464037210824434478771334801260544.000000	-49.340361	0.355000
778	7110440931906878618401371045494784.000000	-49.340361	0.420000
779	7821485025097567171994410914152448.000000	-49.340361	0.365000
780	8603633527607324119778152926937088.000000	-49.340361	0.412500
781	9463996880368056762340269141000192.000000	-49.340361	0.387500
782	10410396568404862784450747437154304.000000	-49.340361	0.387500
783	11451436225245349754648724944977920.000000	-49.340361	0.400000
784	12596579847769885883035102046322688.000000	-49.340361	0.370000
785	13856237832546875854844417779171328.000000	-49.340361	0.420000
786	15241861615801564823834665085304832.000000	-49.340361	0.375000
787	16766047777381723381476839886159872.000000	-49.340361	0.367500
788	18442652555119897794883232167100416.000000	-49.340361	0.360000
789	20286917810631889188461661833396224.000000	-49.340361	0.372500
790	22315609591695078799060730780844032.000000	-49.340361	0.375000
791	24547170550864589907147016758099968.000000	-49.340361	0.360000
792	27001887605951050281367523962126336.000000	-49.340361	0.357500
793	29702076366546155770672878201077760.000000	-49.340361	0.335000
794	32672284003200775959426184448573440.000000	-49.340361	0.365000
795	35939512403520855861211812107124736.000000	-49.340361	0.377500
796	39533463643872946520187613587963904.000000	-49.340361	0.395000
797	43486810008260240711037773104021504.000000	-49.340361	0.397500
798	47835491009086271238501976212766720.000000	-49.340361	0.365000
799	52619040109994902974038192261431296.000000	-49.340361	0.340000
800	57880944120994396038453622544007168.000000	-49.340361	0.365000


================================================================================
Contenido de: results/svm/annealing/batches/betas00800_iterations00400/2026-08-11_11:51:27/summary.txt
================================================================================

B-idx	Beta	Energy	Acceptance
1	47.635636	-22.992135	0.817500
2	52.399199	-24.858571	0.722500
3	57.639119	-26.116514	0.667500
4	63.403031	-27.203455	0.652500
5	69.743334	-27.995131	0.640000
6	76.717668	-29.565671	0.557500
7	84.389435	-30.318051	0.547500
8	92.828378	-31.056924	0.545000
9	102.111216	-31.736917	0.577500
10	112.322338	-32.801401	0.515000
11	123.554571	-33.611502	0.517500
12	135.910028	-34.537751	0.512500
13	149.501031	-35.331124	0.492500
14	164.451134	-35.784560	0.500000
15	180.896248	-36.056029	0.435000
16	198.985873	-36.421289	0.465000
17	218.884460	-37.111502	0.487500
18	240.772906	-37.635257	0.462500
19	264.850196	-38.099322	0.462500
20	291.335216	-38.501373	0.432500
21	320.468738	-38.880054	0.447500
22	352.515611	-39.104274	0.380000
23	387.767173	-39.635179	0.485000
24	426.543890	-39.904793	0.372500
25	469.198279	-40.258548	0.367500
26	516.118107	-40.640340	0.360000
27	567.729917	-41.024954	0.395000
28	624.502909	-41.452561	0.405000
29	686.953200	-41.789435	0.377500
30	755.648520	-42.064741	0.430000
31	831.213372	-42.425395	0.377500
32	914.334709	-42.817972	0.432500
33	1005.768180	-43.214137	0.377500
34	1106.344998	-43.478077	0.372500
35	1216.979498	-43.777523	0.342500
36	1338.677448	-44.054035	0.392500
37	1472.545192	-44.287017	0.347500
38	1619.799712	-44.521713	0.357500
39	1781.779683	-44.754688	0.377500
40	1959.957651	-44.937615	0.317500
41	2155.953416	-45.158520	0.415000
42	2371.548758	-45.346415	0.340000
43	2608.703633	-45.523412	0.342500
44	2869.573997	-45.723697	0.315000
45	3156.531396	-45.945028	0.360000
46	3472.184536	-46.113616	0.312500
47	3819.402990	-46.289481	0.325000
48	4201.343289	-46.390485	0.310000
49	4621.477618	-46.527888	0.272500
50	5083.625379	-46.675649	0.295000
51	5591.987917	-46.777537	0.312500
52	6151.186709	-46.923762	0.330000
53	6766.305380	-47.131039	0.315000
54	7442.935918	-47.280991	0.317500
55	8187.229510	-47.437191	0.305000
56	9005.952461	-47.562800	0.347500
57	9906.547707	-47.607525	0.287500
58	10897.202477	-47.738729	0.332500
59	11986.922725	-47.804731	0.297500
60	13185.614998	-47.897830	0.322500
61	14504.176497	-47.976838	0.322500
62	15954.594147	-48.070021	0.292500
63	17550.053562	-48.142385	0.285000
64	19305.058918	-48.216763	0.300000
65	21235.564810	-48.282806	0.272500
66	23359.121291	-48.353538	0.317500
67	25695.033420	-48.434635	0.292500
68	28264.536762	-48.507425	0.267500
69	31090.990438	-48.569354	0.305000
70	34200.089482	-48.635594	0.302500
71	37620.098430	-48.718867	0.290000
72	41382.108273	-48.787147	0.327500
73	45520.319100	-48.827433	0.265000
74	50072.351010	-48.890437	0.310000
75	55079.586111	-48.951598	0.312500
76	60587.544722	-49.011506	0.327500
77	66646.299194	-49.067211	0.332500
78	73310.929114	-49.112427	0.265000
79	80642.022025	-49.155953	0.280000
80	88706.224228	-49.189808	0.290000
81	97576.846650	-49.235300	0.307500
82	107334.531315	-49.264627	0.265000
83	118067.984447	-49.294775	0.287500
84	129874.782892	-49.325307	0.317500
85	142862.261181	-49.358923	0.247500
86	157148.487299	-49.389922	0.287500
87	172863.336029	-49.421642	0.322500
88	190149.669632	-49.450915	0.280000
89	209164.636595	-49.481879	0.277500
90	230081.100254	-49.510347	0.277500
91	253089.210280	-49.539227	0.325000
92	278398.131308	-49.557223	0.317500
93	306237.944438	-49.578875	0.272500
94	336861.738882	-49.597437	0.270000
95	370547.912770	-49.621181	0.295000
96	407602.704047	-49.640720	0.290000
97	448362.974452	-49.659291	0.247500
98	493199.271897	-49.674835	0.295000
99	542519.199087	-49.693348	0.305000
100	596771.118996	-49.716194	0.317500
101	656448.230895	-49.732128	0.282500
102	722093.053985	-49.752059	0.290000
103	794302.359383	-49.765648	0.287500
104	873732.595322	-49.780510	0.310000
105	961105.854854	-49.795995	0.325000
106	1057216.440339	-49.810826	0.290000
107	1162938.084373	-49.822343	0.287500
108	1279231.892811	-49.831243	0.297500
109	1407155.082092	-49.846095	0.312500
110	1547870.590301	-49.858880	0.345000
111	1702657.649331	-49.869521	0.325000
112	1872923.414264	-49.883041	0.322500
113	2060215.755690	-49.893124	0.297500
114	2266237.331259	-49.900899	0.307500
115	2492861.064385	-49.910409	0.260000
116	2742147.170824	-49.918571	0.292500
117	3016361.887906	-49.925584	0.285000
118	3317998.076697	-49.933541	0.272500
119	3649797.884367	-49.940671	0.325000
120	4014777.672803	-49.946415	0.292500
121	4416255.440084	-49.952585	0.295000
122	4857880.984092	-49.959174	0.300000
123	5343669.082501	-49.964061	0.275000
124	5878035.990751	-49.968080	0.287500
125	6465839.589826	-49.971753	0.262500
126	7112423.548809	-49.977461	0.285000
127	7823665.903690	-49.982148	0.290000
128	8606032.494059	-49.986324	0.297500
129	9466635.743465	-49.989953	0.287500
130	10413299.317811	-49.994338	0.295000
131	11454629.249592	-49.998842	0.310000
132	12600092.174552	-50.002556	0.290000
133	13860101.392007	-50.005684	0.300000
134	15246111.531208	-50.009033	0.285000
135	16770722.684328	-50.012403	0.305000
136	18447794.952761	-50.015081	0.287500
137	20292574.448037	-50.018207	0.277500
138	22321831.892841	-50.020252	0.285000
139	24554015.082125	-50.023685	0.325000
140	27009416.590338	-50.026444	0.295000
141	29710358.249371	-50.028853	0.292500
142	32681394.074309	-50.031316	0.290000
143	35949533.481739	-50.033798	0.292500
144	39544486.829913	-50.036002	0.292500
145	43498935.512905	-50.037670	0.305000
146	47848829.064195	-50.039090	0.267500
147	52633711.970615	-50.040623	0.277500
148	57897083.167676	-50.042748	0.330000
149	63686791.484444	-50.044850	0.310000
150	70055470.632888	-50.046194	0.295000
151	77061017.696177	-50.047495	0.302500
152	84767119.465795	-50.048969	0.320000
153	93243831.412374	-50.050676	0.305000
154	102568214.553612	-50.051937	0.302500
155	112825036.008973	-50.053370	0.335000
156	124107539.609870	-50.054623	0.327500
157	136518293.570857	-50.055764	0.307500
158	150170122.927943	-50.056749	0.315000
159	165187135.220737	-50.057694	0.307500
160	181705848.742811	-50.058541	0.270000
161	199876433.617092	-50.059187	0.260000
162	219864076.978801	-50.060396	0.332500
163	241850484.676681	-50.061309	0.300000
164	266035533.144350	-50.062102	0.290000
165	292639086.458785	-50.062889	0.277500
166	321902995.104663	-50.063740	0.337500
167	354093294.615129	-50.064409	0.297500
168	389502624.076642	-50.065242	0.327500
169	428452886.484307	-50.065995	0.330000
170	471298175.132737	-50.066583	0.322500
171	518427992.646011	-50.067132	0.315000
172	570270791.910612	-50.067668	0.305000
173	627297871.101674	-50.068183	0.305000
174	690027658.211841	-50.068731	0.325000
175	759030424.033025	-50.069206	0.325000
176	834933466.436328	-50.069608	0.280000
177	918426813.079961	-50.069955	0.287500
178	1010269494.387957	-50.070436	0.302500
179	1111296443.826752	-50.070904	0.310000
180	1222426088.209428	-50.071392	0.327500
181	1344668697.030371	-50.071706	0.272500
182	1479135566.733408	-50.072022	0.295000
183	1627049123.406749	-50.072379	0.307500
184	1789754035.747424	-50.072643	0.302500
185	1968729439.322167	-50.072940	0.302500
186	2165602383.254384	-50.073242	0.337500
187	2382162621.579822	-50.073546	0.302500
188	2620378883.737804	-50.073787	0.310000
189	2882416772.111585	-50.074043	0.327500
190	3170658449.322744	-50.074296	0.382500
191	3487724294.255019	-50.074555	0.322500
192	3836496723.680521	-50.074763	0.315000
193	4220146396.048573	-50.074940	0.280000
194	4642161035.653431	-50.075142	0.307500
195	5106377139.218775	-50.075340	0.332500
196	5617014853.140653	-50.075510	0.307500
197	6178716338.454719	-50.075668	0.337500
198	6796587972.300191	-50.075803	0.307500
199	7476246769.530210	-50.075948	0.332500
200	8223871446.483232	-50.076078	0.282500
201	9046258591.131556	-50.076187	0.282500
202	9950884450.244713	-50.076331	0.347500
203	10945972895.269184	-50.076438	0.292500
204	12040570184.796104	-50.076592	0.317500
205	13244627203.275717	-50.076694	0.295000
206	14569089923.603291	-50.076822	0.337500
207	16025998915.963621	-50.076905	0.285000
208	17628598807.559986	-50.076998	0.337500
209	19391458688.315987	-50.077090	0.327500
210	21330604557.147587	-50.077166	0.282500
211	23463665012.862347	-50.077251	0.297500
212	25810031514.148582	-50.077317	0.320000
213	28391034665.563442	-50.077386	0.312500
214	31230138132.119789	-50.077447	0.335000
215	34353151945.331772	-50.077523	0.350000
216	37788467139.864952	-50.077591	0.357500
217	41567313853.851448	-50.077658	0.307500
218	45724045239.236595	-50.077737	0.297500
219	50296449763.160255	-50.077789	0.280000
220	55326094739.476288	-50.077850	0.325000
221	60858704213.423920	-50.077900	0.342500
222	66944574634.766319	-50.077943	0.275000
223	73639032098.242950	-50.077980	0.317500
224	81002935308.067245	-50.078021	0.295000
225	89103228838.873978	-50.078060	0.290000
226	98013551722.761383	-50.078099	0.310000
227	107814906895.037537	-50.078138	0.337500
228	118596397584.541306	-50.078177	0.360000
229	130456037342.995453	-50.078206	0.307500
230	143501641077.295013	-50.078232	0.290000
231	157851805185.024536	-50.078260	0.315000
232	173636985703.527008	-50.078295	0.327500
233	191000684273.879730	-50.078316	0.330000
234	210100752701.267731	-50.078346	0.327500
235	231110827971.394531	-50.078369	0.315000
236	254221910768.533997	-50.078392	0.330000
237	279644101845.387390	-50.078416	0.345000
238	307608512029.926147	-50.078437	0.345000
239	338369363232.918762	-50.078462	0.355000
240	372206299556.210693	-50.078485	0.332500
241	409426929511.831787	-50.078502	0.315000
242	450369622463.015015	-50.078520	0.370000
243	495406584709.316528	-50.078538	0.302500
244	544947243180.248230	-50.078550	0.302500
245	599441967498.273071	-50.078564	0.330000
246	659386164248.100464	-50.078574	0.275000
247	725324780672.910522	-50.078588	0.290000
248	797857258740.201660	-50.078601	0.327500
249	877642984614.221924	-50.078615	0.357500
250	965407283075.644165	-50.078628	0.310000
251	1061948011383.208618	-50.078640	0.325000
252	1168142812521.529541	-50.078653	0.335000
253	1284957093773.682617	-50.078662	0.282500
254	1413452803151.051025	-50.078671	0.300000
255	1554798083466.156250	-50.078683	0.325000
256	1710277891812.771973	-50.078691	0.327500
257	1881305680994.049316	-50.078700	0.305000
258	2069436249093.454346	-50.078708	0.345000
259	2276379874002.799805	-50.078716	0.355000
260	2504017861403.080078	-50.078724	0.337500
261	2754419647543.388184	-50.078730	0.330000
262	3029861612297.727051	-50.078738	0.310000
263	3332847773527.500000	-50.078744	0.352500
264	3666132550880.250488	-50.078751	0.332500
265	4032745805968.275879	-50.078756	0.352500
266	4436020386565.103516	-50.078762	0.345000
267	4879622425221.614258	-50.078769	0.340000
268	5367584667743.776367	-50.078774	0.342500
269	5904343134518.154297	-50.078779	0.310000
270	6494777447969.970703	-50.078783	0.300000
271	7144255192766.968750	-50.078788	0.360000
272	7858680712043.666016	-50.078792	0.287500
273	8644548783248.033203	-50.078796	0.337500
274	9509003661572.837891	-50.078799	0.320000
275	10459904027730.123047	-50.078803	0.335000
276	11505894430503.136719	-50.078806	0.347500
277	12656483873553.451172	-50.078809	0.307500
278	13922132260908.796875	-50.078811	0.310000
279	15314345486999.677734	-50.078815	0.392500
280	16845780035699.646484	-50.078818	0.315000
281	18530358039269.613281	-50.078821	0.352500
282	20383393843196.578125	-50.078824	0.370000
283	22421733227516.238281	-50.078826	0.292500
284	24663906550267.863281	-50.078828	0.325000
285	27130297205294.652344	-50.078830	0.345000
286	29843326925824.121094	-50.078832	0.370000
287	32827659618406.535156	-50.078835	0.330000
288	36110425580247.195312	-50.078837	0.317500
289	39721468138271.921875	-50.078838	0.300000
290	43693614952099.117188	-50.078839	0.360000
291	48062976447309.031250	-50.078841	0.290000
292	52869274092039.937500	-50.078843	0.360000
293	58156201501243.937500	-50.078844	0.332500
294	63971821651368.335938	-50.078845	0.335000
295	70369003816505.171875	-50.078847	0.297500
296	77405904198155.703125	-50.078848	0.305000
297	85146494617971.281250	-50.078850	0.345000
298	93661144079768.421875	-50.078850	0.347500
299	103027258487745.265625	-50.078851	0.347500
300	113329984336519.796875	-50.078852	0.310000
301	124662982770171.781250	-50.078853	0.310000
302	137129281047188.968750	-50.078854	0.367500
303	150842209151907.875000	-50.078855	0.355000
304	165926430067098.687500	-50.078856	0.347500
305	182519073073808.562500	-50.078857	0.312500
306	200770980381189.437500	-50.078858	0.332500
307	220848078419308.406250	-50.078858	0.352500
308	242932886261239.281250	-50.078859	0.310000
309	267226174887363.218750	-50.078860	0.350000
310	293948792376099.562500	-50.078860	0.347500
311	323343671613709.562500	-50.078861	0.325000
312	355678038775080.562500	-50.078862	0.330000
313	391245842652588.625000	-50.078862	0.325000
314	430370426917847.500000	-50.078863	0.390000
315	473407469609632.312500	-50.078863	0.322500
316	520748216570595.562500	-50.078864	0.352500
317	572823038227655.125000	-50.078864	0.315000
318	630105342050420.750000	-50.078865	0.352500
319	693115876255462.875000	-50.078865	0.285000
320	762427463881009.250000	-50.078865	0.312500
321	838670210269110.250000	-50.078866	0.292500
322	922537231296021.375000	-50.078866	0.367500
323	1014790954425623.625000	-50.078866	0.320000
324	1116270049868186.125000	-50.078867	0.312500
325	1227897054855004.750000	-50.078867	0.342500
326	1350686760340505.250000	-50.078867	0.395000
327	1485755436374556.000000	-50.078867	0.335000
328	1634330980012011.750000	-50.078868	0.345000
329	1797764078013213.000000	-50.078868	0.320000
330	1977540485814534.500000	-50.078868	0.340000
331	2175294534395988.250000	-50.078868	0.357500
332	2392823987835587.500000	-50.078869	0.317500
333	2632106386619146.500000	-50.078869	0.365000
334	2895317025281061.500000	-50.078869	0.330000
335	3184848727809168.000000	-50.078869	0.307500
336	3503333600590085.000000	-50.078869	0.325000
337	3853666960649094.000000	-50.078870	0.357500
338	4239033656714003.500000	-50.078870	0.315000
339	4662937022385404.000000	-50.078870	0.390000
340	5129230724623945.000000	-50.078870	0.357500
341	5642153797086340.000000	-50.078870	0.285000
342	6206369176794975.000000	-50.078870	0.315000
343	6827006094474473.000000	-50.078870	0.367500
344	7509706703921921.000000	-50.078870	0.312500
345	8260677374314114.000000	-50.078871	0.357500
346	9086745111745526.000000	-50.078871	0.357500
347	9995419622920080.000000	-50.078871	0.362500
348	10994961585212088.000000	-50.078871	0.340000
349	12094457743733298.000000	-50.078871	0.320000
350	13303903518106628.000000	-50.078871	0.310000
351	14634293869917292.000000	-50.078871	0.325000
352	16097723256909022.000000	-50.078871	0.340000
353	17707495582599926.000000	-50.078871	0.357500
354	19478245140859920.000000	-50.078871	0.377500
355	21426069654945912.000000	-50.078871	0.340000
356	23568676620440504.000000	-50.078871	0.320000
357	25925544282484556.000000	-50.078872	0.327500
358	28518098710733012.000000	-50.078872	0.330000
359	31369908581806316.000000	-50.078872	0.340000
360	34506899439986952.000000	-50.078872	0.310000
361	37957589383985648.000000	-50.078872	0.357500
362	41753348322384216.000000	-50.078872	0.322500
363	45928683154622640.000000	-50.078872	0.385000
364	50521551470084912.000000	-50.078872	0.405000
365	55573706617093408.000000	-50.078872	0.307500
366	61131077278802752.000000	-50.078872	0.357500
367	67244185006683032.000000	-50.078872	0.375000
368	73968603507351344.000000	-50.078872	0.327500
369	81365463858086480.000000	-50.078872	0.340000
370	89502010243895136.000000	-50.078872	0.357500
371	98452211268284656.000000	-50.078872	0.367500
372	108297432395113136.000000	-50.078872	0.362500
373	119127175634624464.000000	-50.078872	0.310000
374	131039893198086928.000000	-50.078872	0.380000
375	144143882517895648.000000	-50.078872	0.345000
376	158558270769685216.000000	-50.078872	0.347500
377	174414097846653760.000000	-50.078872	0.375000
378	191855507631319136.000000	-50.078872	0.355000
379	211041058394451072.000000	-50.078872	0.327500
380	232145164233896192.000000	-50.078872	0.365000
381	255359680657285824.000000	-50.078872	0.390000
382	280895648723014432.000000	-50.078872	0.302500
383	308985213595315904.000000	-50.078872	0.347500
384	339883734954847552.000000	-50.078872	0.360000
385	373872108450332352.000000	-50.078872	0.337500
386	411259319295365632.000000	-50.078872	0.340000
387	452385251224902208.000000	-50.078872	0.305000
388	497623776347392448.000000	-50.078872	0.380000
389	547386153982131712.000000	-50.078872	0.365000
390	602124769380344960.000000	-50.078872	0.365000
391	662337246318379520.000000	-50.078872	0.335000
392	728570970950217472.000000	-50.078873	0.340000
393	801428068045239296.000000	-50.078873	0.335000
394	881570874849763328.000000	-50.078873	0.380000
395	969727962334739712.000000	-50.078873	0.367500
396	1066700758568213760.000000	-50.078873	0.375000
397	1173370834425035264.000000	-50.078873	0.340000
398	1290707917867538944.000000	-50.078873	0.337500
399	1419778709654292992.000000	-50.078873	0.335000
400	1561756580619722496.000000	-50.078873	0.345000
401	1717932238681694976.000000	-50.078873	0.352500
402	1889725462549864704.000000	-50.078873	0.335000
403	2078698008804851456.000000	-50.078873	0.352500
404	2286567809685336832.000000	-50.078873	0.337500
405	2515224590653870592.000000	-50.078873	0.297500
406	2766747049719258112.000000	-50.078873	0.297500
407	3043421754691184128.000000	-50.078873	0.307500
408	3347763930160302592.000000	-50.078873	0.357500
409	3682540323176333312.000000	-50.078873	0.385000
410	4050794355493966848.000000	-50.078873	0.315000
411	4455873791043363840.000000	-50.078873	0.350000
412	4901461170147700736.000000	-50.078873	0.357500
413	5391607287162471424.000000	-50.078873	0.350000
414	5930768015878719488.000000	-50.078873	0.362500
415	6523844817466592256.000000	-50.078873	0.317500
416	7176229299213251584.000000	-50.078873	0.330000
417	7893852229134577664.000000	-50.078873	0.320000
418	8683237452048035840.000000	-50.078873	0.335000
419	9551561197252839424.000000	-50.078873	0.360000
420	10506717316978124800.000000	-50.078873	0.365000
421	11557389048675938304.000000	-50.078873	0.402500
422	12713127953543532544.000000	-50.078873	0.362500
423	13984440748897886208.000000	-50.078873	0.377500
424	15382884823787675648.000000	-50.078873	0.345000
425	16921173306166444032.000000	-50.078873	0.352500
426	18613290636783091712.000000	-50.078873	0.320000
427	20474619700461404160.000000	-50.078873	0.315000
428	22522081670507544576.000000	-50.078873	0.372500
429	24774289837558300672.000000	-50.078873	0.330000
430	27251718821314134016.000000	-50.078873	0.342500
431	29976890703445549056.000000	-50.078873	0.322500
432	32974579773790105600.000000	-50.078873	0.357500
433	36272037751169118208.000000	-50.078873	0.345000
434	39899241526286032896.000000	-50.078873	0.340000
435	43889165678914641920.000000	-50.078873	0.340000
436	48278082246806110208.000000	-50.078873	0.362500
437	53105890471486726144.000000	-50.078873	0.322500
438	58416479518635401216.000000	-50.078873	0.317500
439	64258127470498947072.000000	-50.078873	0.405000
440	70683940217548849152.000000	-50.078873	0.330000
441	77752334239303745536.000000	-50.078873	0.350000
442	85527567663234121728.000000	-50.078873	0.342500
443	94080324429557547008.000000	-50.078873	0.327500
444	103488356872513306624.000000	-50.078873	0.315000
445	113837192559764652032.000000	-50.078873	0.325000
446	125220911815741128704.000000	-50.078873	0.337500
447	137743002997315256320.000000	-50.078873	0.397500
448	151517303297046806528.000000	-50.078873	0.290000
449	166669033626751500288.000000	-50.078873	0.347500
450	183335936989426679808.000000	-50.078873	0.390000
451	201669530688369360896.000000	-50.078873	0.322500
452	221836483757206306816.000000	-50.078873	0.377500
453	244020132132926947328.000000	-50.078873	0.375000
454	268422145346219671552.000000	-50.078873	0.315000
455	295264359880841691136.000000	-50.078873	0.367500
456	324790795868925919232.000000	-50.078873	0.337500
457	357269875455818530816.000000	-50.078873	0.330000
458	392996863001400442880.000000	-50.078873	0.322500
459	432296549301540552704.000000	-50.078873	0.332500
460	475526204231694614528.000000	-50.078873	0.365000
461	523078824654864121856.000000	-50.078873	0.305000
462	575386707120350560256.000000	-50.078873	0.345000
463	632925377832385642496.000000	-50.078873	0.350000
464	696217915615624298496.000000	-50.078873	0.352500
465	765839707177186754560.000000	-50.078873	0.332500
466	842423677894905561088.000000	-50.078873	0.335000
467	926666045684396195840.000000	-50.078873	0.350000
468	1019332650252835880960.000000	-50.078873	0.347500
469	1121265915278119534592.000000	-50.078873	0.352500
470	1233392506805931474944.000000	-50.078873	0.305000
471	1356731757486524858368.000000	-50.078873	0.360000
472	1492404933235177422848.000000	-50.078873	0.372500
473	1641645426558695374848.000000	-50.078873	0.317500
474	1805809969214565122048.000000	-50.078873	0.337500
475	1986390966136021712896.000000	-50.078873	0.320000
476	2185030062749624041472.000000	-50.078873	0.360000
477	2403533069024586891264.000000	-50.078873	0.337500
478	2643886375927045685248.000000	-50.078873	0.320000
479	2908275013519750463488.000000	-50.078873	0.392500
480	3199102514871725981696.000000	-50.078873	0.320000
481	3519012766358898737152.000000	-50.078873	0.327500
482	3870914042994788663296.000000	-50.078873	0.357500
483	4258005447294267686912.000000	-50.078873	0.375000
484	4683805992023695032320.000000	-50.078873	0.337500
485	5152186591226065059840.000000	-50.078873	0.397500
486	5667405250348672090112.000000	-50.078873	0.342500
487	6234145775383540137984.000000	-50.078873	0.332500
488	6857560352921894256640.000000	-50.078873	0.350000
489	7543316388214084730880.000000	-50.078873	0.317500
490	8297648027035494252544.000000	-50.078873	0.357500
491	9127412829739044306944.000000	-50.078873	0.362500
492	10040154112712949891072.000000	-50.078873	0.370000
493	11044169523984246767616.000000	-50.078873	0.340000
494	12148586476382671863808.000000	-50.078873	0.317500
495	13363445124020939259904.000000	-50.078873	0.332500
496	14699789636423034863616.000000	-50.078873	0.310000
497	16169768600065338769408.000000	-50.078873	0.370000
498	17786745460071874953216.000000	-50.078873	0.377500
499	19565420006079064965120.000000	-50.078873	0.365000
500	21521962006686973558784.000000	-50.078873	0.345000
501	23674158207355674689536.000000	-50.078873	0.342500
502	26041574028091244675072.000000	-50.078873	0.340000
503	28645731430900369981440.000000	-50.078873	0.337500
504	31510304573990409076736.000000	-50.078873	0.345000
505	34661335031389454598144.000000	-50.078873	0.340000
506	38127468534528405929984.000000	-50.078873	0.402500
507	41940215387981248200704.000000	-50.078873	0.387500
508	46134236926779374698496.000000	-50.078873	0.302500
509	50747660619457314684928.000000	-50.078873	0.307500
510	55822426681403049508864.000000	-50.078873	0.390000
511	61404669349543360331776.000000	-50.078873	0.355000
512	67545136284497698881536.000000	-50.078873	0.342500
513	74299649912947471286272.000000	-50.078873	0.355000
514	81729614904242223448064.000000	-50.078873	0.352500
515	89902576394666447470592.000000	-50.078873	0.387500
516	98892834034133105639424.000000	-50.078873	0.362500
517	108782117437546426269696.000000	-50.078873	0.405000
518	119660329181301083996160.000000	-50.078873	0.337500
519	131626362099431209172992.000000	-50.078873	0.325000
520	144788998309374335123456.000000	-50.078873	0.365000
521	159267898140311766958080.000000	-50.078873	0.365000
522	175194687954342943653888.000000	-50.078873	0.362500
523	192714156749777241374720.000000	-50.078873	0.380000
524	211985572424754999066624.000000	-50.078873	0.360000
525	233184129667230525816832.000000	-50.078873	0.380000
526	256502542633953608597504.000000	-50.078873	0.372500
527	282152796897348979523584.000000	-50.078873	0.352500
528	310368076587083904319488.000000	-50.078873	0.345000
529	341404884245792348438528.000000	-50.078873	0.352500
530	375545372670371636969472.000000	-50.078873	0.340000
531	413099909937408814088192.000000	-50.078873	0.312500
532	454409900931149708918784.000000	-50.078873	0.345000
533	499850891024264706654208.000000	-50.078873	0.327500
534	549835980126691197452288.000000	-50.078873	0.377500
535	604819578139360303775744.000000	-50.078873	0.337500
536	665301535953296428105728.000000	-50.078873	0.362500
537	731831689548626191712256.000000	-50.078873	0.375000
538	805014858503488851148800.000000	-50.078873	0.340000
539	885516344353837803372544.000000	-50.078873	0.345000
540	974067978789221677662208.000000	-50.078873	0.352500
541	1071474776668143899115520.000000	-50.078873	0.300000
542	1178622254334958356135936.000000	-50.078873	0.335000
543	1296484479768454164905984.000000	-50.078873	0.345000
544	1426132927745299742457856.000000	-50.078873	0.362500
545	1568746220519829958295552.000000	-50.078873	0.307500
546	1725620842571813034655744.000000	-50.078873	0.337500
547	1898182926828994364964864.000000	-50.078873	0.390000
548	2088001219511893962522624.000000	-50.078873	0.372500
549	2296801341463083519836160.000000	-50.078873	0.355000
550	2526481475609392274472960.000000	-50.078873	0.285000
551	2779129623170331770355712.000000	-50.078873	0.367500
552	3057042585487365162139648.000000	-50.078873	0.367500
553	3362746844036102000476160.000000	-50.078873	0.357500
554	3699021528439712468959232.000000	-50.078873	0.357500
555	4068923681283684199038976.000000	-50.078873	0.390000
556	4475816049412052994752512.000000	-50.078873	0.317500
557	4923397654353259045847040.000000	-50.078873	0.377500
558	5415737419788585487302656.000000	-50.078873	0.340000
559	5957311161767444680278016.000000	-50.078873	0.340000
560	6553042277944189792550912.000000	-50.078873	0.347500
561	7208346505738609523425280.000000	-50.078873	0.350000
562	7929181156312471549509632.000000	-50.078873	0.395000
563	8722099271943718919208960.000000	-50.078873	0.362500
564	9594309199138091348000768.000000	-50.078873	0.370000
565	10553740119051901878665216.000000	-50.078873	0.332500
566	11609114130957093784518656.000000	-50.078873	0.387500
567	12770025544052803807215616.000000	-50.078873	0.375000
568	14047028098458085905924096.000000	-50.078873	0.322500
569	15451730908303895140761600.000000	-50.078873	0.370000
570	16996903999134285728579584.000000	-50.078873	0.367500
571	18696594399047715804676096.000000	-50.078873	0.357500
572	20566253838952488029388800.000000	-50.078873	0.340000
573	22622879222847738979811328.000000	-50.078873	0.370000
574	24885167145132515884269568.000000	-50.078873	0.342500
575	27373683859645770479173632.000000	-50.078873	0.410000
576	30111052245610348815581184.000000	-50.078873	0.347500
577	33122157470171386274119680.000000	-50.078873	0.320000
578	36434373217188529196498944.000000	-50.078873	0.327500
579	40077810538907384693129216.000000	-50.078873	0.370000
580	44085591592798129175396352.000000	-50.078873	0.417500
581	48494150752077945528909824.000000	-50.078873	0.345000
582	53343565827285742658781184.000000	-50.078873	0.347500
583	58677922410014323796606976.000000	-50.078873	0.362500
584	64545714651015757894254592.000000	-50.078873	0.357500
585	71000286116117341414621184.000000	-50.078873	0.350000
586	78100314727729082428030976.000000	-50.078873	0.365000
587	85910346200501992388820992.000000	-50.078873	0.345000
588	94501380820552203653611520.000000	-50.078873	0.342500
589	103951518902607432608907264.000000	-50.078873	0.392500
590	114346670792868191331680256.000000	-50.078873	0.387500
591	125781337872155012182835200.000000	-50.078873	0.377500
592	138359471659370521991053312.000000	-50.078873	0.350000
593	152195418825307586216067072.000000	-50.078873	0.367500
594	167414960707838348273647616.000000	-50.078873	0.360000
595	184156456778622210588803072.000000	-50.078873	0.335000
596	202572102456484435083657216.000000	-50.078873	0.357500
597	222829312702132906079813632.000000	-50.078873	0.370000
598	245112243972346217303638016.000000	-50.078873	0.305000
599	269623468369580866521792512.000000	-50.078873	0.407500
600	296585815206538973789814784.000000	-50.078873	0.352500
601	326244396727192895220613120.000000	-50.078873	0.345000
602	358868836399912219102412800.000000	-50.078873	0.375000
603	394755720039903475372392448.000000	-50.078873	0.377500
604	434231292043893871013265408.000000	-50.078873	0.342500
605	477654421248283306218225664.000000	-50.078873	0.342500
606	525419863373111712431472640.000000	-50.078873	0.365000
607	577961849710422918034358272.000000	-50.078873	0.372500
608	635758034681465299173113856.000000	-50.078873	0.387500
609	699333838149611856578215936.000000	-50.078873	0.372500
610	769267221964573069723828224.000000	-50.078873	0.367500
611	846193944161030417927897088.000000	-50.078873	0.360000
612	930813338577133542184058880.000000	-50.078873	0.377500
613	1023894672434847033841418240.000000	-50.078873	0.352500
614	1126284139678331874664513536.000000	-50.078873	0.342500
615	1238912553646165227057709056.000000	-50.078873	0.332500
616	1362803809010781914690224128.000000	-50.078873	0.407500
617	1499084189911860188622618624.000000	-50.078873	0.357500
618	1648992608903046317436043264.000000	-50.078873	0.370000
619	1813891869793351059130810368.000000	-50.078873	0.347500
620	1995281056772686384946216960.000000	-50.078873	0.400000
621	2194809162449955298318745600.000000	-50.078873	0.367500
622	2414290078694951103028527104.000000	-50.078873	0.377500
623	2655719086564446323282542592.000000	-50.078873	0.325000
624	2921290995220891010586378240.000000	-50.078873	0.327500
625	3213420094742980111645016064.000000	-50.078873	0.367500
626	3534762104217278507638587392.000000	-50.078873	0.340000
627	3888238314639006688255934464.000000	-50.078873	0.385000
628	4277062146102907741910597632.000000	-50.078873	0.340000
629	4704768360713199120833052672.000000	-50.078873	0.370000
630	5175245196784519637647753216.000000	-50.078873	0.370000
631	5692769716462972041217179648.000000	-50.078873	0.380000
632	6262046688109269465241223168.000000	-50.078873	0.355000
633	6888251356920197181423484928.000000	-50.078873	0.342500
634	7577076492612217669223972864.000000	-50.078873	0.380000
635	8334784141873440095853346816.000000	-50.078873	0.370000
636	9168262556060784545243332608.000000	-50.078873	0.362500
637	10085088811666864319181619200.000000	-50.078873	0.400000
638	11093597692833551850611408896.000000	-50.078873	0.352500
639	12202957462116907475477200896.000000	-50.078873	0.385000
640	13423253208328599762341199872.000000	-50.078873	0.380000
641	14765578529161461717696249856.000000	-50.078873	0.410000
642	16242136382077608329270525952.000000	-50.078873	0.337500
643	17866350020285371141318508544.000000	-50.078873	0.365000
644	19652985022313908915157336064.000000	-50.078873	0.357500
645	21618283524545300466380046336.000000	-50.078873	0.405000
646	23780111876999833151845957632.000000	-50.078873	0.362500
647	26158123064699817346639855616.000000	-50.078873	0.367500
648	28773935371169799521108492288.000000	-50.078873	0.362500
649	31651328908286780792633294848.000000	-50.078873	0.392500
650	34816461799115460191310577664.000000	-50.078873	0.362500
651	38298107979027007969660239872.000000	-50.078873	0.375000
652	42127918776929711845258821632.000000	-50.078873	0.425000
653	46340710654622683909394006016.000000	-50.078873	0.402500
654	50974781720084959337207824384.000000	-50.078873	0.412500
655	56072259892093457030147211264.000000	-50.078873	0.327500
656	61679485881302804492380536832.000000	-50.078873	0.365000
657	67847434469433094617320914944.000000	-50.078873	0.387500
658	74632177916376405838271610880.000000	-50.078873	0.337500
659	82095395708014046422098771968.000000	-50.078873	0.367500
660	90304935278815463378838880256.000000	-50.078873	0.350000
661	99335428806697016753597186048.000000	-50.078873	0.352500
662	109268971687366730743487135744.000000	-50.078873	0.327500
663	120195868856103405577054453760.000000	-50.078873	0.385000
664	132215455741713754930852921344.000000	-50.078873	0.327500
665	145437001315885149775342862336.000000	-50.078873	0.395000
666	159980701447473689381937610752.000000	-50.078873	0.352500
667	175978771592221089986066251776.000000	-50.078873	0.355000
668	193576648751443223613733339136.000000	-50.078873	0.375000
669	212934313626587553011981090816.000000	-50.078873	0.377500
670	234227744989246315350053617664.000000	-50.078873	0.350000
671	257650519488170957440370606080.000000	-50.078873	0.380000
672	283415571436988088368779755520.000000	-50.078873	0.360000
673	311757128580686914797843775488.000000	-50.078873	0.365000
674	342932841438755662572623495168.000000	-50.078873	0.370000
675	377226125582631285124881186816.000000	-50.078873	0.407500
676	414948738140894420674243723264.000000	-50.078873	0.382500
677	456443611954983926073537855488.000000	-50.078873	0.342500
678	502087973150482339791514894336.000000	-50.078873	0.372500
679	552296770465530651176284979200.000000	-50.078873	0.410000
680	607526447512083751478285565952.000000	-50.078873	0.355000
681	668279092263292140699862958080.000000	-50.078873	0.312500
682	735107001489621354769849253888.000000	-50.078873	0.355000
683	808617701638583546541829521408.000000	-50.078873	0.370000
684	889479471802441957491007815680.000000	-50.078873	0.367500
685	978427418982686293977596952576.000000	-50.078873	0.395000
686	1076270160880954965596603154432.000000	-50.078873	0.385000
687	1183897176969050616967500660736.000000	-50.078873	0.365000
688	1302286894665955720885497233408.000000	-50.078873	0.352500
689	1432515584132551349269042298880.000000	-50.078873	0.365000
690	1575767142545806624933434884096.000000	-50.078873	0.365000
691	1733343856800387400016769056768.000000	-50.078873	0.352500
692	1906678242480426337050929659904.000000	-50.078873	0.350000
693	2097346066728469280378497007616.000000	-50.078873	0.372500
694	2307080673401316461743825747968.000000	-50.078873	0.375000
695	2537788740741448445688180375552.000000	-50.078873	0.380000
696	2791567614815593796911956492288.000000	-50.078873	0.350000
697	3070724376297153514373124194304.000000	-50.078873	0.350000
698	3377796813926869034695422640128.000000	-50.078873	0.362500
699	3715576495319555994459960246272.000000	-50.078873	0.395000
700	4087134144851511819085937639424.000000	-50.078873	0.367500
701	4495847559336663169879517429760.000000	-50.078873	0.327500
702	4945432315270329768342445883392.000000	-50.078873	0.365000
703	5439975546797363533306625261568.000000	-50.078873	0.377500
704	5983973101477100224407259840512.000000	-50.078873	0.330000
705	6582370411624810472027967193088.000000	-50.078873	0.382500
706	7240607452787291857000735965184.000000	-50.078873	0.367500
707	7964668198066021493060772298752.000000	-50.078873	0.380000
708	8761135017872624430496784318464.000000	-50.078873	0.337500
709	9637248519659887323906425487360.000000	-50.078873	0.382500
710	10600973371625877182196974878720.000000	-50.078873	0.422500
711	11661070708788464900416672366592.000000	-50.078873	0.375000
712	12827177779667311615638320971776.000000	-50.078873	0.382500
713	14109895557634043452742097174528.000000	-50.078873	0.390000
714	15520885113397449824636139208704.000000	-50.078873	0.397500
715	17072973624737196383359622709248.000000	-50.078873	0.352500
716	18780270987210918048315417296896.000000	-50.078873	0.320000
717	20658298085932011654586809974784.000000	-50.078873	0.377500
718	22724127894525215522205267394560.000000	-50.078873	0.350000
719	24996540683977739326225607819264.000000	-50.078873	0.360000
720	27496194752375513709208131338240.000000	-50.078873	0.375000
721	30245814227613069583728571842560.000000	-50.078873	0.390000
722	33270395650374378793901242712064.000000	-50.078873	0.375000
723	36597435215411821627250957090816.000000	-50.078873	0.380000
724	40257178736953005591415903748096.000000	-50.078873	0.362500
725	44282896610648310203797158756352.000000	-50.078873	0.402500
726	48711186271713144827056576528384.000000	-50.078873	0.357500
727	53582304898884462011922010603520.000000	-50.078873	0.382500
728	58940535388772912716713839034368.000000	-50.078873	0.370000
729	64834588927650209392704775782400.000000	-50.078873	0.375000
730	71318047820415239339174508101632.000000	-50.078873	0.370000
731	78449852602456766875971660808192.000000	-50.078873	0.382500
732	86294837862702456173647783526400.000000	-50.078873	0.375000
733	94924321648972701791012561879040.000000	-50.078873	0.380000
734	104416753813869980977313072807936.000000	-50.078873	0.390000
735	114858429195256989883683485777920.000000	-50.078873	0.400000
736	126344272114782706886450343837696.000000	-50.078873	0.372500
737	138978699326260988383734483910656.000000	-50.078873	0.372500
738	152876569258887098030747037990912.000000	-50.078873	0.395000
739	168164226184775820443900698427392.000000	-50.078873	0.350000
740	184980648803253406091170470166528.000000	-50.078873	0.382500
741	203478713683578761111806324768768.000000	-50.078873	0.397500
742	223826585051936651634505764831232.000000	-50.078873	0.390000
743	246209243557130338415234552692736.000000	-50.078873	0.377500
744	270830167912843383065397113651200.000000	-50.078873	0.397500
745	297913184704127757400733843980288.000000	-50.078873	0.315000
746	327704503174540565566724545445888.000000	-50.078873	0.360000
747	360474953491994672563712826540032.000000	-50.078873	0.327500
748	396522448841194161437362320572416.000000	-50.078873	0.360000
749	436174693725313606404136167800832.000000	-50.078873	0.347500
750	479792163097845024690625014923264.000000	-50.078873	0.370000
751	527771379407629534365446920208384.000000	-50.078873	0.387500
752	580548517348392567065345053949952.000000	-50.078873	0.365000
753	638603369083231881417954789687296.000000	-50.078873	0.360000
754	702463705991555062353990864863232.000000	-50.078873	0.365000
755	772710076590710698293059219619840.000000	-50.078873	0.347500
756	849981084249781768122365141581824.000000	-50.078873	0.382500
757	934979192674759988169158078496768.000000	-50.078873	0.362500
758	1028477111942236073455186731859968.000000	-50.078873	0.400000
759	1131324823136459767269818250559488.000000	-50.078873	0.357500
760	1244457305450105830465912921128960.000000	-50.078873	0.365000
761	1368903035995116629685286327025664.000000	-50.078873	0.365000
762	1505793339594628407945965420412928.000000	-50.078873	0.397500
763	1656372673554091335209674807967744.000000	-50.078873	0.405000
764	1822009940909500728137980825305088.000000	-50.078873	0.377500
765	2004210935000451031536079829204992.000000	-50.078873	0.400000
766	2204632028500496192335763042467840.000000	-50.078873	0.357500
767	2425095231350546099799715498426368.000000	-50.078873	0.405000
768	2667604754485601084479176045494272.000000	-50.078873	0.355000
769	2934365229934161250573168880386048.000000	-50.078873	0.385000
770	3227801752927577894445162841505792.000000	-50.078873	0.417500
771	3550581928220335741535754355998720.000000	-50.078873	0.342500
772	3905640121042369603919705943310336.000000	-50.078873	0.395000
773	4296204133146606737249902228668416.000000	-50.078873	0.397500
774	4725824546461267583913118142562304.000000	-50.078873	0.410000
775	5198407001107395034057332720926720.000000	-50.078873	0.387500
776	5718247701218135113923818296442880.000000	-50.078873	0.387500
777	6290072471339949201776952429510656.000000	-50.078873	0.395000
778	6919079718473945159584001818624000.000000	-50.078873	0.392500
779	7610987690321340252003154303909888.000000	-50.078873	0.365000
780	8372086459353475084248522959093760.000000	-50.078873	0.370000
781	9209295105288823745594879861850112.000000	-50.078873	0.337500
782	10130224615817707042491571533512704.000000	-50.078873	0.355000
783	11143247077399478438493631450972160.000000	-50.078873	0.382500
784	12257571785139427435264499202916352.000000	-50.078873	0.387500
785	13483328963653371101128152808685568.000000	-50.078873	0.355000
786	14831661860018709594746773617770496.000000	-50.078873	0.367500
787	16314828046020582168311557429133312.000000	-50.078873	0.382500
788	17946310850622642460401421464371200.000000	-50.078873	0.425000
789	19740941935684909012284572824502272.000000	-50.078873	0.417500
790	21715036129253399682928729185583104.000000	-50.078873	0.385000
791	23886539742178743801739018688790528.000000	-50.078873	0.377500
792	26275193716396619565418726085885952.000000	-50.078873	0.395000
793	28902713088036282444297802379952128.000000	-50.078873	0.360000
794	31792984396839914378076397359857664.000000	-50.078873	0.380000
795	34972282836523907660558444466798592.000000	-50.078873	0.380000
796	38469511120176299348951492598956032.000000	-50.078873	0.352500
797	42316462232193932512026854758023168.000000	-50.078873	0.350000
798	46548108455413329452578354975735808.000000	-50.078873	0.372500
799	51202919300954670698871023642607616.000000	-50.078873	0.357500
800	56323211231050145147455755490689024.000000	-50.078873	0.397500


================================================================================
Contenido de: results/svm/annealing/batches/betas01000_iterations00100/2026-08-10_12:42:04/summary.txt
================================================================================



================================================================================
Contenido de: results/svm/annealing/batches/betas01000_iterations01000/2026-08-11_11:17:37/summary.txt
================================================================================

B-idx	Beta	Energy	Acceptance
1	9161.071961	-20.579792	0.772000
2	10077.179157	-20.626255	0.737000
3	11084.897073	-20.679863	0.717000
4	12193.386780	-20.734361	0.713000
5	13412.725458	-20.788878	0.660000
6	14753.998004	-20.853195	0.656000
7	16229.397804	-20.921034	0.676000
8	17852.337584	-20.989513	0.662000
9	19637.571343	-21.067372	0.651000
10	21601.328477	-21.149579	0.625000
11	23761.461325	-21.236102	0.594000
12	26137.607457	-21.325328	0.595000
13	28751.368203	-21.422954	0.593000
14	31626.505023	-21.517940	0.595000
15	34789.155526	-21.622810	0.573000
16	38268.071078	-21.728895	0.558000
17	42094.878186	-21.842448	0.550000
18	46304.366005	-21.949044	0.555000
19	50934.802605	-22.049679	0.544000
20	56028.282866	-22.161962	0.547000
21	61631.111152	-22.272601	0.495000
22	67794.222267	-22.386098	0.526000
23	74573.644494	-22.508059	0.555000
24	82031.008943	-22.636722	0.524000
25	90234.109838	-22.761621	0.501000
26	99257.520822	-22.895221	0.491000
27	109183.272904	-23.029647	0.501000
28	120101.600194	-23.165832	0.518000
29	132111.760214	-23.297446	0.494000
30	145322.936235	-23.425490	0.505000
31	159855.229858	-23.559979	0.517000
32	175840.752844	-23.711097	0.505000
33	193424.828129	-23.868302	0.496000
34	212767.310941	-24.018325	0.512000
35	234044.042036	-24.162403	0.482000
36	257448.446239	-24.307336	0.519000
37	283193.290863	-24.460430	0.501000
38	311512.619949	-24.619369	0.510000
39	342663.881944	-24.751000	0.483000
40	376930.270139	-24.888356	0.515000
41	414623.297153	-25.031207	0.479000
42	456085.626868	-25.173956	0.517000
43	501694.189555	-25.317500	0.499000
44	551863.608510	-25.455959	0.482000
45	607049.969361	-25.590045	0.493000
46	667754.966297	-25.731929	0.500000
47	734530.462927	-25.841556	0.480000
48	807983.509220	-25.956580	0.497000
49	888781.860142	-26.063445	0.505000
50	977660.046156	-26.180590	0.480000
51	1075426.050771	-26.285741	0.478000
52	1182968.655849	-26.391419	0.500000
53	1301265.521433	-26.484754	0.469000
54	1431392.073577	-26.567750	0.486000
55	1574531.280934	-26.645775	0.479000
56	1731984.409028	-26.721355	0.497000
57	1905182.849931	-26.800142	0.481000
58	2095701.134924	-26.871925	0.474000
59	2305271.248416	-26.931435	0.459000
60	2535798.373258	-26.990903	0.472000
61	2789378.210584	-27.048713	0.480000
62	3068316.031642	-27.106120	0.510000
63	3375147.634806	-27.162746	0.455000
64	3712662.398287	-27.221646	0.464000
65	4083928.638115	-27.272701	0.467000
66	4492321.501927	-27.323739	0.478000
67	4941553.652120	-27.367705	0.478000
68	5435709.017332	-27.411739	0.485000
69	5979279.919065	-27.456634	0.475000
70	6577207.910971	-27.497836	0.470000
71	7234928.702068	-27.539080	0.482000
72	7958421.572275	-27.577102	0.498000
73	8754263.729503	-27.612121	0.468000
74	9629690.102453	-27.647380	0.463000
75	10592659.112698	-27.679210	0.457000
76	11651925.023968	-27.713445	0.482000
77	12817117.526365	-27.740164	0.488000
78	14098829.279002	-27.768880	0.491000
79	15508712.206902	-27.791551	0.464000
80	17059583.427592	-27.812939	0.480000
81	18765541.770351	-27.834538	0.481000
82	20642095.947386	-27.855353	0.481000
83	22706305.542125	-27.873814	0.495000
84	24976936.096337	-27.893187	0.475000
85	27474629.705971	-27.913278	0.469000
86	30222092.676568	-27.930473	0.461000
87	33244301.944225	-27.947944	0.487000
88	36568732.138648	-27.965084	0.469000
89	40225605.352512	-27.980302	0.492000
90	44248165.887764	-27.994861	0.476000
91	48672982.476540	-28.008113	0.502000
92	53540280.724194	-28.022541	0.449000
93	58894308.796613	-28.035793	0.476000
94	64783739.676275	-28.049290	0.474000
95	71262113.643902	-28.061432	0.488000
96	78388325.008292	-28.073524	0.466000
97	86227157.509122	-28.084830	0.492000
98	94849873.260034	-28.095766	0.493000
99	104334860.586037	-28.105513	0.463000
100	114768346.644641	-28.115866	0.482000
101	126245181.309105	-28.124745	0.446000
102	138869699.440015	-28.134321	0.524000
103	152756669.384017	-28.143457	0.453000
104	168032336.322419	-28.151371	0.477000
105	184835569.954661	-28.158687	0.463000
106	203319126.950127	-28.166672	0.477000
107	223651039.645139	-28.173963	0.482000
108	246016143.609653	-28.180762	0.436000
109	270617757.970619	-28.187587	0.490000
110	297679533.767681	-28.193747	0.489000
111	327447487.144449	-28.200038	0.485000
112	360192235.858894	-28.205374	0.462000
113	396211459.444783	-28.210473	0.459000
114	435832605.389261	-28.215646	0.478000
115	479415865.928188	-28.220320	0.475000
116	527357452.521006	-28.224394	0.461000
117	580093197.773107	-28.228310	0.449000
118	638102517.550418	-28.232749	0.469000
119	701912769.305460	-28.236087	0.459000
120	772104046.236006	-28.240013	0.476000
121	849314450.859606	-28.243349	0.469000
122	934245895.945567	-28.246586	0.447000
123	1027670485.540124	-28.250046	0.475000
124	1130437534.094136	-28.253403	0.501000
125	1243481287.503550	-28.256698	0.501000
126	1367829416.253905	-28.260064	0.472000
127	1504612357.879296	-28.263445	0.495000
128	1655073593.667225	-28.266383	0.473000
129	1820580953.033948	-28.269154	0.466000
130	2002639048.337343	-28.271887	0.487000
131	2202902953.171077	-28.274429	0.493000
132	2423193248.488185	-28.276772	0.455000
133	2665512573.337004	-28.278938	0.430000
134	2932063830.670705	-28.281147	0.467000
135	3225270213.737776	-28.283415	0.470000
136	3547797235.111554	-28.285395	0.476000
137	3902576958.622709	-28.287264	0.475000
138	4292834654.484981	-28.289082	0.473000
139	4722118119.933479	-28.290839	0.484000
140	5194329931.926827	-28.292640	0.463000
141	5713762925.119511	-28.294215	0.459000
142	6285139217.631462	-28.295549	0.479000
143	6913653139.394608	-28.296949	0.475000
144	7605018453.334070	-28.298443	0.508000
145	8365520298.667478	-28.300005	0.465000
146	9202072328.534225	-28.301394	0.502000
147	10122279561.387650	-28.302830	0.504000
148	11134507517.526415	-28.304273	0.480000
149	12247958269.279057	-28.305653	0.493000
150	13472754096.206963	-28.306888	0.466000
151	14820029505.827660	-28.308213	0.499000
152	16302032456.410427	-28.309418	0.464000
153	17932235702.051472	-28.310695	0.468000
154	19725459272.256622	-28.311845	0.491000
155	21698005199.482285	-28.312797	0.472000
156	23867805719.430515	-28.313692	0.450000
157	26254586291.373569	-28.314621	0.484000
158	28880044920.510929	-28.315481	0.456000
159	31768049412.562023	-28.316323	0.508000
160	34944854353.818230	-28.317329	0.472000
161	38439339789.200058	-28.318167	0.484000
162	42283273768.120064	-28.318948	0.468000
163	46511601144.932076	-28.319692	0.471000
164	51162761259.425285	-28.320399	0.488000
165	56279037385.367821	-28.321111	0.495000
166	61906941123.904610	-28.321744	0.454000
167	68097635236.295074	-28.322431	0.482000
168	74907398759.924591	-28.323025	0.465000
169	82398138635.917053	-28.323555	0.466000
170	90637952499.508759	-28.324123	0.474000
171	99701747749.459641	-28.324670	0.489000
172	109671922524.405609	-28.325161	0.462000
173	120639114776.846176	-28.325555	0.447000
174	132703026254.530807	-28.325978	0.458000
175	145973328879.983887	-28.326391	0.488000
176	160570661767.982300	-28.326796	0.474000
177	176627727944.780548	-28.327142	0.464000
178	194290500739.258606	-28.327523	0.468000
179	213719550813.184479	-28.327887	0.466000
180	235091505894.502960	-28.328168	0.455000
181	258600656483.953278	-28.328466	0.464000
182	284460722132.348633	-28.328799	0.523000
183	312906794345.583496	-28.329100	0.486000
184	344197473780.141846	-28.329361	0.460000
185	378617221158.156067	-28.329649	0.483000
186	416478943273.971680	-28.329895	0.465000
187	458126837601.368896	-28.330126	0.478000
188	503939521361.505798	-28.330375	0.487000
189	554333473497.656372	-28.330613	0.498000
190	609766820847.422119	-28.330845	0.471000
191	670743502932.164429	-28.331024	0.439000
192	737817853225.380981	-28.331184	0.450000
193	811599638547.919189	-28.331363	0.490000
194	892759602402.711182	-28.331511	0.442000
195	982035562642.982422	-28.331677	0.481000
196	1080239118907.280762	-28.331833	0.495000
197	1188263030798.009033	-28.331971	0.448000
198	1307089333877.810059	-28.332121	0.501000
199	1437798267265.591064	-28.332260	0.463000
200	1581578093992.150391	-28.332398	0.480000
201	1739735903391.365479	-28.332527	0.454000
202	1913709493730.502197	-28.332646	0.455000
203	2105080443103.552490	-28.332755	0.452000
204	2315588487413.907715	-28.332872	0.468000
205	2547147336155.298828	-28.332984	0.494000
206	2801862069770.829102	-28.333078	0.470000
207	3082048276747.912109	-28.333180	0.492000
208	3390253104422.703613	-28.333272	0.453000
209	3729278414864.974121	-28.333365	0.470000
210	4102206256351.471680	-28.333440	0.450000
211	4512426881986.619141	-28.333524	0.467000
212	4963669570185.281250	-28.333594	0.491000
213	5460036527203.809570	-28.333667	0.488000
214	6006040179924.191406	-28.333728	0.475000
215	6606644197916.611328	-28.333791	0.475000
216	7267308617708.273438	-28.333854	0.481000
217	7994039479479.101562	-28.333912	0.482000
218	8793443427427.012695	-28.333969	0.468000
219	9672787770169.714844	-28.334025	0.500000
220	10640066547186.687500	-28.334072	0.472000
221	11704073201905.357422	-28.334123	0.476000
222	12874480522095.894531	-28.334167	0.495000
223	14161928574305.484375	-28.334211	0.502000
224	15578121431736.033203	-28.334252	0.468000
225	17135933574909.638672	-28.334292	0.472000
226	18849526932400.605469	-28.334337	0.512000
227	20734479625640.667969	-28.334378	0.476000
228	22807927588204.738281	-28.334418	0.489000
229	25088720347025.214844	-28.334456	0.454000
230	27597592381727.738281	-28.334488	0.457000
231	30357351619900.515625	-28.334525	0.462000
232	33393086781890.570312	-28.334554	0.456000
233	36732395460079.632812	-28.334586	0.462000
234	40405635006087.601562	-28.334617	0.457000
235	44446198506696.367188	-28.334647	0.480000
236	48890818357366.007812	-28.334674	0.464000
237	53779900193102.609375	-28.334699	0.482000
238	59157890212412.875000	-28.334722	0.453000
239	65073679233654.164062	-28.334743	0.450000
240	71581047157019.593750	-28.334762	0.462000
241	78739151872721.562500	-28.334782	0.462000
242	86613067059993.718750	-28.334800	0.459000
243	95274373765993.093750	-28.334819	0.490000
244	104801811142592.406250	-28.334835	0.444000
245	115281992256851.656250	-28.334853	0.469000
246	126810191482536.828125	-28.334868	0.458000
247	139491210630790.515625	-28.334882	0.462000
248	153440331693869.593750	-28.334897	0.487000
249	168784364863256.562500	-28.334910	0.463000
250	185662801349582.218750	-28.334923	0.470000
251	204229081484540.468750	-28.334936	0.477000
252	224651989632994.531250	-28.334949	0.465000
253	247117188596294.000000	-28.334960	0.472000
254	271828907455923.437500	-28.334971	0.478000
255	299011798201515.812500	-28.334981	0.486000
256	328912978021667.437500	-28.334990	0.477000
257	361804275823834.187500	-28.334999	0.484000
258	397984703406217.625000	-28.335008	0.483000
259	437783173746839.437500	-28.335017	0.486000
260	481561491121523.437500	-28.335025	0.487000
261	529717640233675.812500	-28.335032	0.461000
262	582689404257043.500000	-28.335038	0.464000
263	640958344682747.875000	-28.335044	0.475000
264	705054179151022.750000	-28.335051	0.503000
265	775559597066125.125000	-28.335057	0.443000
266	853115556772737.750000	-28.335062	0.432000
267	938427112450011.625000	-28.335068	0.459000
268	1032269823695012.875000	-28.335074	0.486000
269	1135496806064514.250000	-28.335079	0.462000
270	1249046486670965.750000	-28.335084	0.479000
271	1373951135338062.500000	-28.335089	0.492000
272	1511346248871868.750000	-28.335094	0.484000
273	1662480873759055.750000	-28.335099	0.475000
274	1828728961134961.500000	-28.335103	0.465000
275	2011601857248457.750000	-28.335106	0.487000
276	2212762042973303.750000	-28.335110	0.455000
277	2434038247270634.500000	-28.335114	0.475000
278	2677442071997698.000000	-28.335117	0.468000
279	2945186279197468.000000	-28.335121	0.464000
280	3239704907117215.000000	-28.335124	0.461000
281	3563675397828937.000000	-28.335127	0.460000
282	3920042937611831.000000	-28.335129	0.476000
283	4312047231373014.500000	-28.335132	0.494000
284	4743251954510316.000000	-28.335135	0.482000
285	5217577149961348.000000	-28.335137	0.509000
286	5739334864957483.000000	-28.335140	0.501000
287	6313268351453232.000000	-28.335143	0.453000
288	6944595186598556.000000	-28.335145	0.456000
289	7639054705258412.000000	-28.335147	0.472000
290	8402960175784254.000000	-28.335149	0.477000
291	9243256193362680.000000	-28.335152	0.473000
292	10167581812698948.000000	-28.335154	0.442000
293	11184339993968844.000000	-28.335155	0.475000
294	12302773993365730.000000	-28.335157	0.467000
295	13533051392702304.000000	-28.335159	0.460000
296	14886356531972536.000000	-28.335161	0.489000
297	16374992185169790.000000	-28.335162	0.501000
298	18012491403686770.000000	-28.335164	0.500000
299	19813740544055448.000000	-28.335166	0.490000
300	21795114598460996.000000	-28.335167	0.480000
301	23974626058307096.000000	-28.335169	0.496000
302	26372088664137808.000000	-28.335170	0.461000
303	29009297530551592.000000	-28.335171	0.452000
304	31910227283606752.000000	-28.335172	0.472000
305	35101250011967432.000000	-28.335174	0.485000
306	38611375013164176.000000	-28.335175	0.484000
307	42472512514480600.000000	-28.335176	0.487000
308	46719763765928664.000000	-28.335177	0.486000
309	51391740142521536.000000	-28.335178	0.468000
310	56530914156773696.000000	-28.335179	0.491000
311	62184005572451072.000000	-28.335180	0.479000
312	68402406129696184.000000	-28.335180	0.476000
313	75242646742665808.000000	-28.335181	0.473000
314	82766911416932400.000000	-28.335182	0.491000
315	91043602558625648.000000	-28.335182	0.473000
316	100147962814488224.000000	-28.335183	0.485000
317	110162759095937056.000000	-28.335184	0.466000
318	121179035005530768.000000	-28.335184	0.465000
319	133296938506083856.000000	-28.335185	0.451000
320	146626632356692256.000000	-28.335185	0.486000
321	161289295592361504.000000	-28.335186	0.453000
322	177418225151597664.000000	-28.335186	0.476000
323	195160047666757440.000000	-28.335187	0.468000
324	214676052433433216.000000	-28.335187	0.452000
325	236143657676776544.000000	-28.335188	0.479000
326	259758023444454208.000000	-28.335188	0.454000
327	285733825788899648.000000	-28.335188	0.526000
328	314307208367789632.000000	-28.335189	0.491000
329	345737929204568640.000000	-28.335189	0.476000
330	380311722125025536.000000	-28.335190	0.488000
331	418342894337528128.000000	-28.335190	0.484000
332	460177183771280960.000000	-28.335190	0.451000
333	506194902148409088.000000	-28.335190	0.479000
334	556814392363250048.000000	-28.335191	0.460000
335	612495831599575040.000000	-28.335191	0.469000
336	673745414759532544.000000	-28.335191	0.460000
337	741119956235485824.000000	-28.335192	0.464000
338	815231951859034496.000000	-28.335192	0.465000
339	896755147044937984.000000	-28.335192	0.507000
340	986430661749431808.000000	-28.335192	0.448000
341	1085073727924375040.000000	-28.335192	0.496000
342	1193581100716812544.000000	-28.335193	0.481000
343	1312939210788493824.000000	-28.335193	0.477000
344	1444233131867343360.000000	-28.335193	0.487000
345	1588656445054077952.000000	-28.335193	0.489000
346	1747522089559485952.000000	-28.335193	0.468000
347	1922274298515434752.000000	-28.335193	0.472000
348	2114501728366978304.000000	-28.335194	0.495000
349	2325951901203676160.000000	-28.335194	0.489000
350	2558547091324043776.000000	-28.335194	0.487000
351	2814401800456448512.000000	-28.335194	0.475000
352	3095841980502093824.000000	-28.335194	0.430000
353	3405426178552303616.000000	-28.335194	0.484000
354	3745968796407534080.000000	-28.335194	0.487000
355	4120565676048287744.000000	-28.335195	0.434000
356	4532622243653116928.000000	-28.335195	0.468000
357	4985884468018428928.000000	-28.335195	0.532000
358	5484472914820272128.000000	-28.335195	0.473000
359	6032920206302300160.000000	-28.335195	0.449000
360	6636212226932531200.000000	-28.335195	0.478000
361	7299833449625785344.000000	-28.335195	0.466000
362	8029816794588364800.000000	-28.335195	0.461000
363	8832798474047202304.000000	-28.335195	0.474000
364	9716078321451923456.000000	-28.335195	0.471000
365	10687686153597116416.000000	-28.335195	0.483000
366	11756454768956829696.000000	-28.335195	0.472000
367	12932100245852514304.000000	-28.335196	0.485000
368	14225310270437767168.000000	-28.335196	0.478000
369	15647841297481545728.000000	-28.335196	0.500000
370	17212625427229702144.000000	-28.335196	0.491000
371	18933887969952673792.000000	-28.335196	0.469000
372	20827276766947942400.000000	-28.335196	0.485000
373	22910004443642736640.000000	-28.335196	0.446000
374	25201004888007012352.000000	-28.335196	0.479000
375	27721105376807714816.000000	-28.335196	0.493000
376	30493215914488487936.000000	-28.335196	0.460000
377	33542537505937338368.000000	-28.335196	0.482000
378	36896791256531075072.000000	-28.335196	0.479000
379	40586470382184185856.000000	-28.335196	0.461000
380	44645117420402606080.000000	-28.335196	0.480000
381	49109629162442866688.000000	-28.335196	0.468000
382	54020592078687158272.000000	-28.335196	0.487000
383	59422651286555877376.000000	-28.335196	0.489000
384	65364916415211470848.000000	-28.335196	0.500000
385	71901408056732622848.000000	-28.335196	0.494000
386	79091548862405885952.000000	-28.335196	0.480000
387	87000703748646486016.000000	-28.335196	0.463000
388	95700774123511136256.000000	-28.335196	0.473000
389	105270851535862251520.000000	-28.335196	0.482000
390	115797936689448484864.000000	-28.335196	0.482000
391	127377730358393339904.000000	-28.335196	0.449000
392	140115503394232680448.000000	-28.335196	0.479000
393	154127053733655969792.000000	-28.335196	0.443000
394	169539759107021570048.000000	-28.335196	0.505000
395	186493735017723756544.000000	-28.335196	0.472000
396	205143108519496155136.000000	-28.335196	0.468000
397	225657419371445780480.000000	-28.335197	0.476000
398	248223161308590374912.000000	-28.335197	0.487000
399	273045477439449432064.000000	-28.335197	0.476000
400	300350025183394398208.000000	-28.335197	0.468000
401	330385027701733851136.000000	-28.335197	0.449000
402	363423530471907262464.000000	-28.335197	0.501000
403	399765883519098028032.000000	-28.335197	0.486000
404	439742471871007883264.000000	-28.335197	0.475000
405	483716719058108678144.000000	-28.335197	0.456000
406	532088390963919585280.000000	-28.335197	0.443000
407	585297230060311609344.000000	-28.335197	0.458000
408	643826953066342776832.000000	-28.335197	0.462000
409	708209648372977106944.000000	-28.335197	0.462000
410	779030613210274856960.000000	-28.335197	0.454000
411	856933674531302408192.000000	-28.335197	0.492000
412	942627041984432701440.000000	-28.335197	0.498000
413	1036889746182876037120.000000	-28.335197	0.496000
414	1140578720801163706368.000000	-28.335197	0.495000
415	1254636592881280221184.000000	-28.335197	0.482000
416	1380100252169408348160.000000	-28.335197	0.508000
417	1518110277386349314048.000000	-28.335197	0.476000
418	1669921305124984324096.000000	-28.335197	0.491000
419	1836913435637482782720.000000	-28.335197	0.475000
420	2020604779201231323136.000000	-28.335197	0.488000
421	2222665257121354612736.000000	-28.335197	0.487000
422	2444931782833490362368.000000	-28.335197	0.490000
423	2689424961116839608320.000000	-28.335197	0.494000
424	2958367457228523831296.000000	-28.335197	0.490000
425	3254204202951376371712.000000	-28.335197	0.476000
426	3579624623246514061312.000000	-28.335197	0.502000
427	3937587085571166044160.000000	-28.335197	0.503000
428	4331345794128283172864.000000	-28.335197	0.464000
429	4764480373541112381440.000000	-28.335197	0.483000
430	5240928410895224143872.000000	-28.335197	0.500000
431	5765021251984746872832.000000	-28.335197	0.474000
432	6341523377183221874688.000000	-28.335197	0.474000
433	6975675714901544796160.000000	-28.335197	0.479000
434	7673243286391700324352.000000	-28.335197	0.459000
435	8440567615030871195648.000000	-28.335197	0.469000
436	9284624376533959573504.000000	-28.335197	0.488000
437	10213086814187355635712.000000	-28.335197	0.468000
438	11234395495606092038144.000000	-28.335197	0.492000
439	12357835045166701871104.000000	-28.335197	0.472000
440	13593618549683372687360.000000	-28.335197	0.482000
441	14952980404651711004672.000000	-28.335197	0.508000
442	16448278445116882944000.000000	-28.335197	0.448000
443	18093106289628573335552.000000	-28.335197	0.486000
444	19902416918591431507968.000000	-28.335197	0.486000
445	21892658610450575917056.000000	-28.335197	0.472000
446	24081924471495636025344.000000	-28.335197	0.482000
447	26490116918645201305600.000000	-28.335197	0.488000
448	29139128610509725630464.000000	-28.335197	0.466000
449	32053041471560699871232.000000	-28.335197	0.443000
450	35258345618716770697216.000000	-28.335197	0.486000
451	38784180180588450283520.000000	-28.335197	0.491000
452	42662598198647295311872.000000	-28.335197	0.467000
453	46928858018512029876224.000000	-28.335197	0.481000
454	51621743820363238735872.000000	-28.335197	0.502000
455	56783918202399567642624.000000	-28.335197	0.440000
456	62462310022639526084608.000000	-28.335197	0.481000
457	68708541024903486242816.000000	-28.335197	0.465000
458	75579395127393841577984.000000	-28.335197	0.481000
459	83137334640133227413504.000000	-28.335197	0.461000
460	91451068104146551832576.000000	-28.335197	0.456000
461	100596174914561222115328.000000	-28.335197	0.494000
462	110655792406017356070912.000000	-28.335197	0.455000
463	121721371646619105099776.000000	-28.335197	0.451000
464	133893508811281022320640.000000	-28.335197	0.496000
465	147282859692409141329920.000000	-28.335197	0.465000
466	162011145661650063851520.000000	-28.335197	0.460000
467	178212260227815070236672.000000	-28.335197	0.487000
468	196033486250596590682112.000000	-28.335197	0.451000
469	215636834875656263172096.000000	-28.335197	0.490000
470	237200518363221896200192.000000	-28.335197	0.487000
471	260920570199544116019200.000000	-28.335197	0.473000
472	287012627219498561175552.000000	-28.335197	0.445000
473	315713889941448413937664.000000	-28.335197	0.477000
474	347285278935593315729408.000000	-28.335197	0.464000
475	382013806829152700989440.000000	-28.335197	0.517000
476	420215187512068004642816.000000	-28.335197	0.451000
477	462236706263274845372416.000000	-28.335197	0.479000
478	508460376889602403729408.000000	-28.335197	0.462000
479	559306414578562664235008.000000	-28.335197	0.464000
480	615237056036418950791168.000000	-28.335197	0.475000
481	676760761640060966666240.000000	-28.335197	0.480000
482	744436837804067063332864.000000	-28.335197	0.478000
483	818880521584473863618560.000000	-28.335197	0.471000
484	900768573742921317089280.000000	-28.335197	0.476000
485	990845431117213583015936.000000	-28.335197	0.467000
486	1089929974228934981582848.000000	-28.335197	0.474000
487	1198922971651828600537088.000000	-28.335197	0.473000
488	1318815268817011447169024.000000	-28.335197	0.472000
489	1450696795698712752947200.000000	-28.335197	0.475000
490	1595766475268584028241920.000000	-28.335197	0.485000
491	1755343122795442699501568.000000	-28.335197	0.483000
492	1930877435074987157356544.000000	-28.335197	0.468000
493	2123965178582486034153472.000000	-28.335197	0.481000
494	2336361696440734852317184.000000	-28.335197	0.457000
495	2569997866084808364392448.000000	-28.335197	0.461000
496	2826997652693289254518784.000000	-28.335197	0.474000
497	3109697417962618341031936.000000	-28.335197	0.473000
498	3420667159758880550944768.000000	-28.335197	0.475000
499	3762733875734768928161792.000000	-28.335197	0.500000
500	4139007263308246035726336.000000	-28.335197	0.486000
501	4552907989639071015108608.000000	-28.335197	0.499000
502	5008198788602978975612928.000000	-28.335197	0.469000
503	5509018667463277195296768.000000	-28.335197	0.487000
504	6059920534209605773819904.000000	-28.335197	0.508000
505	6665912587630566780698624.000000	-28.335197	0.477000
506	7332503846393623888265216.000000	-28.335197	0.458000
507	8065754231032987458207744.000000	-28.335197	0.475000
508	8872329654136287170396160.000000	-28.335197	0.510000
509	9759562619549916424306688.000000	-28.335197	0.463000
510	10735518881504908925730816.000000	-28.335197	0.482000
511	11809070769655400462548992.000000	-28.335197	0.475000
512	12989977846620940723552256.000000	-28.335197	0.478000
513	14288975631283036513894400.000000	-28.335197	0.474000
514	15717873194411341239025664.000000	-28.335197	0.483000
515	17289660513852476866166784.000000	-28.335197	0.483000
516	19018626565237726056022016.000000	-28.335197	0.451000
517	20920489221761499305869312.000000	-28.335197	0.483000
518	23012538143937652672430080.000000	-28.335197	0.483000
519	25313791958331417939673088.000000	-28.335197	0.455000
520	27845171154164562740117504.000000	-28.335197	0.484000
521	30629688269581019443625984.000000	-28.335197	0.455000
522	33692657096539126112452608.000000	-28.335197	0.473000
523	37061922806193041730174976.000000	-28.335197	0.466000
524	40768115086812347621179392.000000	-28.335197	0.498000
525	44844926595493585819271168.000000	-28.335197	0.453000
526	49329419255042949555159040.000000	-28.335197	0.466000
527	54262361180547253100609536.000000	-28.335197	0.479000
528	59688597298601984423624704.000000	-28.335197	0.464000
529	65657457028462189737934848.000000	-28.335197	0.481000
530	72223202731308418160656384.000000	-28.335197	0.467000
531	79445523004439262553702400.000000	-28.335197	0.485000
532	87390075304883197399007232.000000	-28.335197	0.463000
533	96129082835371529164816384.000000	-28.335197	0.480000
534	105741991118908688953245696.000000	-28.335197	0.470000
535	116316190230799559566557184.000000	-28.335197	0.482000
536	127947809253879530985095168.000000	-28.335197	0.452000
537	140742590179267489237565440.000000	-28.335197	0.470000
538	154816849197194255341191168.000000	-28.335197	0.486000
539	170298534116913711799074816.000000	-28.335197	0.462000
540	187328387528605093286903808.000000	-28.335197	0.461000
541	206061226281465633539358720.000000	-28.335197	0.477000
542	226667348909612214073163776.000000	-28.335197	0.466000
543	249334083800573445788401664.000000	-28.335197	0.486000
544	274267492180630814419058688.000000	-28.335197	0.487000
545	301694241398693909604859904.000000	-28.335197	0.488000
546	331863665538563307437293568.000000	-28.335197	0.484000
547	365050032092419686284656640.000000	-28.335197	0.482000
548	401555035301661654913122304.000000	-28.335197	0.475000
549	441710538831827827276382208.000000	-28.335197	0.498000
550	485881592715010658107654144.000000	-28.335197	0.472000
551	534469751986511765150105600.000000	-28.335197	0.466000
552	587916727185162976024854528.000000	-28.335197	0.480000
553	646708399903679390450450432.000000	-28.335197	0.495000
554	711379239894047384471076864.000000	-28.335197	0.466000
555	782517163883452232869347328.000000	-28.335197	0.488000
556	860768880271797538619654144.000000	-28.335197	0.490000
557	946845768298977333713305600.000000	-28.335197	0.485000
558	1041530345128875204523589632.000000	-28.335197	0.473000
559	1145683379641762848671006720.000000	-28.335197	0.476000
560	1260251717605939202257584128.000000	-28.335197	0.513000
561	1386276889366533204946714624.000000	-28.335197	0.477000
562	1524904578303186772831502336.000000	-28.335197	0.479000
563	1677395036133505477602443264.000000	-28.335197	0.452000
564	1845134539746856272752803840.000000	-28.335197	0.476000
565	2029647993721542037467037696.000000	-28.335197	0.454000
566	2232612793093696406140485632.000000	-28.335197	0.469000
567	2455874072403066239169069056.000000	-28.335197	0.464000
568	2701461479643373028012720128.000000	-28.335197	0.471000
569	2971607627607710550716317696.000000	-28.335197	0.474000
570	3268768390368481770714693632.000000	-28.335197	0.481000
571	3595645229405330277639651328.000000	-28.335197	0.455000
572	3955209752345863525305942016.000000	-28.335197	0.506000
573	4350730727580450042763280384.000000	-28.335197	0.499000
574	4785803800338495431868678144.000000	-28.335197	0.495000
575	5264384180372345909640429568.000000	-28.335197	0.458000
576	5790822598409580720506798080.000000	-28.335197	0.467000
577	6369904858250539342313291776.000000	-28.335197	0.470000
578	7006895344075594266105085952.000000	-28.335197	0.477000
579	7707584878483154572324896768.000000	-28.335197	0.482000
580	8478343366331470249459712000.000000	-28.335197	0.456000
581	9326177702964617824161497088.000000	-28.335197	0.494000
582	10258795473261079826479972352.000000	-28.335197	0.480000
583	11284675020587188688737271808.000000	-28.335197	0.479000
584	12413142522645907777513324544.000000	-28.335197	0.493000
585	13654456774910499214971633664.000000	-28.335197	0.498000
586	15019902452401550895687401472.000000	-28.335197	0.472000
587	16521892697641707964377071616.000000	-28.335197	0.477000
588	18174081967405880300131057664.000000	-28.335197	0.490000
589	19991490164146467890339512320.000000	-28.335197	0.483000
590	21990639180561116878396719104.000000	-28.335197	0.483000
591	24189703098617230325454995456.000000	-28.335197	0.494000
592	26608673408478953797805146112.000000	-28.335197	0.493000
593	29269540749326852256218218496.000000	-28.335197	0.459000
594	32196494824259537921644691456.000000	-28.335197	0.448000
595	35416144306685496551660322816.000000	-28.335197	0.485000
596	38957758737354051044677517312.000000	-28.335197	0.498000
597	42853534611089457028754571264.000000	-28.335197	0.466000
598	47138888072198408888895143936.000000	-28.335197	0.483000
599	51852776879418256814659076096.000000	-28.335197	0.451000
600	57038054567360085134952890368.000000	-28.335197	0.505000
601	62741860024096097166885388288.000000	-28.335197	0.455000
602	69016046026505714800057647104.000000	-28.335197	0.489000
603	75917650629156288039282016256.000000	-28.335197	0.477000
604	83509415692071923880084635648.000000	-28.335197	0.451000
605	91860357261279119786530308096.000000	-28.335197	0.461000
606	101046392987407038802057756672.000000	-28.335197	0.479000
607	111151032286147756756012367872.000000	-28.335197	0.493000
608	122266135514762546505362440192.000000	-28.335197	0.470000
609	134492749066238815229647519744.000000	-28.335197	0.488000
610	147942023972862716104016920576.000000	-28.335197	0.479000
611	162736226370148994751293030400.000000	-28.335197	0.486000
612	179009849007163911818608377856.000000	-28.335197	0.478000
613	196910833907880310037343633408.000000	-28.335197	0.480000
614	216601917298668344559515205632.000000	-28.335197	0.456000
615	238262109028535210681401606144.000000	-28.335197	0.508000
616	262088319931388742304853393408.000000	-28.335197	0.489000
617	288297151924527637645961986048.000000	-28.335197	0.453000
618	317126867116980457705553526784.000000	-28.335197	0.483000
619	348839553828678566807978639360.000000	-28.335197	0.496000
620	383723509211546423488776503296.000000	-28.335197	0.458000
621	422095860132701108058900660224.000000	-28.335197	0.480000
622	464305446145971282196660486144.000000	-28.335197	0.476000
623	510735990760568438563824205824.000000	-28.335197	0.472000
624	561809589836625345752076386304.000000	-28.335197	0.465000
625	617990548820287943659153784832.000000	-28.335197	0.486000
626	679789603702316787283190087680.000000	-28.335197	0.455000
627	747768564072548536380253274112.000000	-28.335197	0.503000
628	822545420479803474460771614720.000000	-28.335197	0.475000
629	904799962527783892275592953856.000000	-28.335197	0.468000
630	995279958780562323724398755840.000000	-28.335197	0.504000
631	1094807954658618626465582809088.000000	-28.335197	0.486000
632	1204288750124480545407136432128.000000	-28.335197	0.484000
633	1324717625136928726611589595136.000000	-28.335197	0.484000
634	1457189387650621852600227594240.000000	-28.335197	0.475000
635	1602908326415684037860250353664.000000	-28.335197	0.479000
636	1763199159057252469793773060096.000000	-28.335197	0.505000
637	1939519074962977970100629405696.000000	-28.335197	0.492000
638	2133470982459275879700683030528.000000	-28.335197	0.487000
639	2346818080705203664703235031040.000000	-28.335197	0.478000
640	2581499888775724453386023600128.000000	-28.335197	0.501000
641	2839649877653297236494598012928.000000	-28.335197	0.461000
642	3123614865418627016439053156352.000000	-28.335197	0.489000
643	3435976351960490224737916551168.000000	-28.335197	0.503000
644	3779573987156539303506703548416.000000	-28.335197	0.471000
645	4157531385872193627922341298176.000000	-28.335197	0.503000
646	4573284524459413384779542822912.000000	-28.335197	0.468000
647	5030612976905355229912455184384.000000	-28.335197	0.514000
648	5533674274595890640313710018560.000000	-28.335197	0.469000
649	6087041702055480267295034441728.000000	-28.335197	0.468000
650	6695745872261028631794509938688.000000	-28.335197	0.467000
651	7365320459487131832743932985344.000000	-28.335197	0.471000
652	8101852505435846029328242442240.000000	-28.335197	0.502000
653	8912037755979431758160973529088.000000	-28.335197	0.477000
654	9803241531577375834696996356096.000000	-28.335197	0.471000
655	10783565684735113530756686675968.000000	-28.335197	0.491000
656	11861922253208625784552280817664.000000	-28.335197	0.481000
657	13048114478529489939267378479104.000000	-28.335197	0.474000
658	14352925926382440509453985906688.000000	-28.335197	0.494000
659	15788218519020685461119309971456.000000	-28.335197	0.476000
660	17367040370922755808671091916800.000000	-28.335197	0.446000
661	19103744408015032515438107951104.000000	-28.335197	0.482000
662	21014118848816538469141695168512.000000	-28.335197	0.491000
663	23115530733698195918935566581760.000000	-28.335197	0.485000
664	25427083807068017762628936925184.000000	-28.335197	0.456000
665	27969792187774819989251793354752.000000	-28.335197	0.487000
666	30766771406552303339256860901376.000000	-28.335197	0.485000
667	33843448547207535474622397939712.000000	-28.335197	0.477000
668	37227793401928292624964339630080.000000	-28.335197	0.482000
669	40950572742121128642860214648832.000000	-28.335197	0.460000
670	45045630016333249613625565380608.000000	-28.335197	0.476000
671	49550193017966579979307674763264.000000	-28.335197	0.507000
672	54505212319763240679398218661888.000000	-28.335197	0.472000
673	59955733551739565648057966002176.000000	-28.335197	0.467000
674	65951306906913524014303613550592.000000	-28.335197	0.471000
675	72546437597604884522213304172544.000000	-28.335197	0.502000
676	79801081357365375676594411012096.000000	-28.335197	0.468000
677	87781189493101915045693703061504.000000	-28.335197	0.486000
678	96559308442412122763221731901440.000000	-28.335197	0.475000
679	106215239286653335039543905091584.000000	-28.335197	0.483000
680	116836763215318684756456954134528.000000	-28.335197	0.486000
681	128520439536850558636422202392576.000000	-28.335197	0.507000
682	141372483490535634315902783062016.000000	-28.335197	0.469000
683	155509731839589208556132167057408.000000	-28.335197	0.493000
684	171060705023548134816064936607744.000000	-28.335197	0.471000
685	188166775525902973517829343543296.000000	-28.335197	0.455000
686	206983453078493299692649893068800.000000	-28.335197	0.495000
687	227681798386342665690711901339648.000000	-28.335197	0.519000
688	250449978224976964685700408541184.000000	-28.335197	0.468000
689	275494976047474686374428362670080.000000	-28.335197	0.478000
690	303044473652222191040668217901056.000000	-28.335197	0.481000
691	333348921017444456982171164344320.000000	-28.335197	0.454000
692	366683813119188938709185299742720.000000	-28.335197	0.457000
693	403352194431107868608900848680960.000000	-28.335197	0.474000
694	443687413874218691498587952513024.000000	-28.335197	0.487000
695	488056155261640567854206151557120.000000	-28.335197	0.479000
696	536861770787804660668423785676800.000000	-28.335197	0.470000
697	590547947866585162764063183208448.000000	-28.335197	0.457000
698	649602742653243729480785328078848.000000	-28.335197	0.498000
699	714563016918568116840382668472320.000000	-28.335197	0.460000
700	786019318610424928524420935319552.000000	-28.335197	0.483000
701	864621250471467551080532297121792.000000	-28.335197	0.472000
702	951083375518614435892254795104256.000000	-28.335197	0.456000
703	1046191713070475980362111927713792.000000	-28.335197	0.443000
704	1150810884377523636044398350827520.000000	-28.335197	0.475000
705	1265891972815276071706432223838208.000000	-28.335197	0.470000
706	1392481170096803765346188291735552.000000	-28.335197	0.465000
707	1531729287106484199526882351251456.000000	-28.335197	0.480000
708	1684902215817132792417796277403648.000000	-28.335197	0.485000
709	1853392437398846302243876826513408.000000	-28.335197	0.463000
710	2038731681138731018937377354678272.000000	-28.335197	0.462000
711	2242604849252604178477190320488448.000000	-28.335197	0.475000
712	2466865334177864826909210273906688.000000	-28.335197	0.457000
713	2713551867595651396069244146810880.000000	-28.335197	0.464000
714	2984907054355216823906544713203712.000000	-28.335197	0.495000
715	3283397759790738852173650566578176.000000	-28.335197	0.482000
716	3611737535769813198559617465974784.000000	-28.335197	0.514000
717	3972911289346794633707729673256960.000000	-28.335197	0.487000
718	4370202418281474673539254944006144.000000	-28.335197	0.494000
719	4807222660109622256185330899091456.000000	-28.335197	0.459000
720	5287944926120585231202841983451136.000000	-28.335197	0.475000
721	5816739418732644791952480327958528.000000	-28.335197	0.497000
722	6398413360605910078192781585547264.000000	-28.335197	0.481000
723	7038254696666501777764962508210176.000000	-28.335197	0.465000
724	7742080166333152993170812905193472.000000	-28.335197	0.458000
725	8516288182966469214825097881190400.000000	-28.335197	0.465000
726	9367917001263117289229112276156416.000000	-28.335197	0.470000
727	10304708701389430055781377649934336.000000	-28.335197	0.471000
728	11335179571528374098988869561090048.000000	-28.335197	0.502000
729	12468697528681211739472057438568448.000000	-28.335197	0.481000
730	13715567281549334296925068710641664.000000	-28.335197	0.472000
731	15087124009704268418370478345814016.000000	-28.335197	0.480000
732	16595836410674696874297632629981184.000000	-28.335197	0.481000
733	18255420051742167253480298657087488.000000	-28.335197	0.491000
734	20080962056916386515255638657859584.000000	-28.335197	0.476000
735	22089058262608027011455609894600704.000000	-28.335197	0.485000
736	24297964088868833863118587468709888.000000	-28.335197	0.492000
737	26727760497755720938779260957491200.000000	-28.335197	0.451000
738	29400536547531297644343205480628224.000000	-28.335197	0.496000
739	32340590202284431559294942613340160.000000	-28.335197	0.477000
740	35574649222512879326910455302062080.000000	-28.335197	0.479000
741	39132114144764169565444510045962240.000000	-28.335197	0.467000
742	43045325559240591133674979477946368.000000	-28.335197	0.476000
743	47349858115164653936391292167651328.000000	-28.335197	0.472000
744	52084843926681127631065254553714688.000000	-28.335197	0.461000
745	57293328319349248695206613178384384.000000	-28.335197	0.478000
746	63022661151284180021087700294565888.000000	-28.335197	0.481000
747	69324927266412606324231303493320704.000000	-28.335197	0.482000
748	76257419993053873413014859640995840.000000	-28.335197	0.492000
749	83883161992359274589374400887259136.000000	-28.335197	0.462000
750	92271478191595218650381507314581504.000000	-28.335197	0.478000
751	101498626010754742360094065416994816.000000	-28.335197	0.451000
752	111648488611830233198173138297290752.000000	-28.335197	0.498000
753	122813337473013271275385711094661120.000000	-28.335197	0.485000
754	135094671220314616849668355913678848.000000	-28.335197	0.500000
755	148604138342346091447356043101732864.000000	-28.335197	0.483000
756	163464552176580711660138091637637120.000000	-28.335197	0.501000
757	179811007394238792049523937656176640.000000	-28.335197	0.498000
758	197792108133662671254476331421794304.000000	-28.335197	0.485000
759	217571318947028967894714482499256320.000000	-28.335197	0.457000
760	239328450841731883130930004458733568.000000	-28.335197	0.473000
761	263261295925905075133371819646517248.000000	-28.335197	0.476000
762	289587425518495623229545963772182528.000000	-28.335197	0.483000
763	318546168070345226135337522310414336.000000	-28.335197	0.495000
764	350400784877379774574312977734828032.000000	-28.335197	0.486000
765	385440863365117803682627681895055360.000000	-28.335197	0.490000
766	423984949701629620944378597503664128.000000	-28.335197	0.465000
767	466383444671792642068397493124595712.000000	-28.335197	0.486000
768	513021789138971957926120648823799808.000000	-28.335197	0.477000
769	564323968052869212748313749576744960.000000	-28.335197	0.474000
770	620756364858156170916633271953522688.000000	-28.335197	0.477000
771	682832001343971883931365782438543360.000000	-28.335197	0.464000
772	751115201478369146111478655520604160.000000	-28.335197	0.476000
773	826226721626206134509602815910871040.000000	-28.335197	0.463000
774	908849393788826747960563097501958144.000000	-28.335197	0.488000
775	999734333167709526058386220025643008.000000	-28.335197	0.483000
776	1099707766484480611480782172736978944.000000	-28.335197	0.496000
777	1209678543132928702143650907945959424.000000	-28.335197	0.485000
778	1330646397446221675659782811514044416.000000	-28.335197	0.483000
779	1463711037190844108858875754082992128.000000	-28.335197	0.482000
780	1610082140909928578774344365361856512.000000	-28.335197	0.478000
781	1771090355000921672770102945380302848.000000	-28.335197	0.506000
782	1948199390501014046650646865465311232.000000	-28.335197	0.462000
783	2143019329551115687434035695494103040.000000	-28.335197	0.486000
784	2357321262506227403751391854719926272.000000	-28.335197	0.477000
785	2593053388756850380244855183674179584.000000	-28.335197	0.494000
786	2852358727632535890505988989006118912.000000	-28.335197	0.483000
787	3137594600395789715674912031388991488.000000	-28.335197	0.484000
788	3451354060435368746271984270398455808.000000	-28.335197	0.490000
789	3796489466478905975076668912661692416.000000	-28.335197	0.452000
790	4176138413126796690643497875668992000.000000	-28.335197	0.480000
791	4593752254439476654855752842588717056.000000	-28.335197	0.467000
792	5053127479883424733548395377941544960.000000	-28.335197	0.472000
793	5558440227871767502051140095088525312.000000	-28.335197	0.487000
794	6114284250658944488374578248079638528.000000	-28.335197	0.477000
795	6725712675724839291389522288110993408.000000	-28.335197	0.460000
796	7398283943297323574705960732145483776.000000	-28.335197	0.497000
797	8138112337627056050235718877101162496.000000	-28.335197	0.490000
798	8951923571389762953910073553963712512.000000	-28.335197	0.501000
799	9847115928528740075715215411547996160.000000	-28.335197	0.477000
800	10831827521381614673582547311408447488.000000	-28.335197	0.455000
801	11915010273519777085414098616478334976.000000	-28.335197	0.460000
802	13106511300871756682902101625984253952.000000	-28.335197	0.475000
803	14417162430958932587310635932064940032.000000	-28.335197	0.439000
804	15858878674054826082160023668753694720.000000	-28.335197	0.466000
805	17444766541460309870967646753040367616.000000	-28.335197	0.467000
806	19189243195606341566419383858791186432.000000	-28.335197	0.480000
807	21108167515166977139771267105563869184.000000	-28.335197	0.470000
808	23218984266683676506576662820496080896.000000	-28.335197	0.481000
809	25540882693352046046180922250403774464.000000	-28.335197	0.482000
810	28094970962687253484218904197231280128.000000	-28.335197	0.462000
811	30904468058955982138297332625706057728.000000	-28.335197	0.505000
812	33994914864851581296600362462205706240.000000	-28.335197	0.459000
813	37394406351336741787443640143248883712.000000	-28.335197	0.480000
814	41133846986470419744081190453289943040.000000	-28.335197	0.484000
815	45247231685117464079672550933441544192.000000	-28.335197	0.480000
816	49771954853629218987899475192147083264.000000	-28.335197	0.490000
817	54749150338992148442475795302794133504.000000	-28.335197	0.467000
818	60224065372891370842509747424505888768.000000	-28.335197	0.493000
819	66246471910180508871234018740885520384.000000	-28.335197	0.503000
820	72871119101198562591777310336761200640.000000	-28.335197	0.476000
821	80158231011318428295688007109727748096.000000	-28.335197	0.513000
822	88174054112450287181302849577494249472.000000	-28.335197	0.471000
823	96991459523695319677326320830959845376.000000	-28.335197	0.485000
824	106690605476064853534005546061913915392.000000	-28.335197	0.457000
825	117359666023671352110032252703111905280.000000	-28.335197	0.495000
826	129095632626038506210501409452003950592.000000	-28.335197	0.454000
827	142005195888642360609444736692920516608.000000	-28.335197	0.460000
828	156205715477506611781961955545077252096.000000	-28.335197	0.471000
829	171826287025257303183303641465314344960.000000	-28.335197	0.498000
830	189008915727783033501634005611845779456.000000	-28.335197	0.470000
831	207909807300561348185476965060178870272.000000	-28.335197	0.448000
832	228700788030617486781917847861912928256.000000	-28.335197	0.491000
833	251570866833679265683255123013833588736.000000	-28.335197	0.458000
834	276727953517047203585260194202365460480.000000	-28.335197	0.478000
835	304400748868751961722718076579763716096.000000	-28.335197	0.496000
836	334840823755627169228669443124888600576.000000	-28.335197	0.486000
837	368324906131189878595750014845945118720.000000	-28.335197	0.488000
838	405157396744308904234256879287701340160.000000	-28.335197	0.467000
839	445673136418739794657682567216471474176.000000	-28.335197	0.477000
840	490240450060613804346596314303847989248.000000	-28.335197	0.492000
841	539264495066675199892828690917097472000.000000	-28.335197	0.453000
842	593190944573342757661043422965968928768.000000	-28.335197	0.480000
843	652510039030677048538720510445430505472.000000	-28.335197	0.484000
844	717761042933744776059951679264270581760.000000	-28.335197	0.500000
845	789537147227119253665946847190697639936.000000	-28.335197	0.483000
846	868490861949831209255687022275496771584.000000	-28.335197	0.502000
847	955339948144814375515973960051640500224.000000	-28.335197	0.474000
848	1050873942959295933960153317519722020864.000000	-28.335197	0.492000
849	1155961337255225572690886884820288274432.000000	-28.335197	0.472000
850	1271557470980748190406266554033775837184.000000	-28.335197	0.467000
851	1398713218078823130339475170900070891520.000000	-28.335197	0.484000
852	1538584539886705443373422687990077980672.000000	-28.335197	0.485000
853	1692442993875376199272783389349191352320.000000	-28.335197	0.498000
854	1861687293262913970315789180112757325824.000000	-28.335197	0.477000
855	2047856022589205639355677511415597367296.000000	-28.335197	0.478000
856	2252641624848126384630118204751533309952.000000	-28.335197	0.472000
857	2477905787332939234655148457786792214528.000000	-28.335197	0.520000
858	2725696366066233399905827226491306377216.000000	-28.335197	0.478000
859	2998266002672856921235282891334813220864.000000	-28.335197	0.477000
860	3298092602940143036482848045588505690112.000000	-28.335197	0.479000
861	3627901863234157702808878734536108670976.000000	-28.335197	0.452000
862	3990692049557573956660094453841389420544.000000	-28.335197	0.486000
863	4389761254513331775450140764345739509760.000000	-28.335197	0.467000
864	4828737379964665557458064648094900813824.000000	-28.335197	0.462000
865	5311611117961132838559362881681895718912.000000	-28.335197	0.492000
866	5842772229757247089555954861553425055744.000000	-28.335197	0.492000
867	6427049452732971919404132309171685031936.000000	-28.335197	0.494000
868	7069754398006270199377783193255110770688.000000	-28.335197	0.483000
869	7776729837806897461100725435506456788992.000000	-28.335197	0.487000
870	8554402821587587569888543863445854879744.000000	-28.335197	0.484000
871	9409843103746347656695799825882532544512.000000	-28.335197	0.465000
872	10350827414120982785043125692859538210816.000000	-28.335197	0.476000
873	11385910155533082756043585722626336620544.000000	-28.335197	0.505000
874	12524501171086391757003436063666475106304.000000	-28.335197	0.448000
875	13776951288195031658059271438810627440640.000000	-28.335197	0.469000
876	15154646417014536032791018197320864890880.000000	-28.335197	0.489000
877	16670111058715990844995939631682126086144.000000	-28.335197	0.500000
878	18337122164587590654851025363627843518464.000000	-28.335197	0.458000
879	20170834381046351654617439283397307400192.000000	-28.335197	0.465000
880	22187917819150987787219838903440377905152.000000	-28.335197	0.453000
881	24406709601066087533082478485487755460608.000000	-28.335197	0.472000
882	26847380561172697737101709871591540654080.000000	-28.335197	0.485000
883	29532118617289967510811880858750694719488.000000	-28.335197	0.468000
884	32485330479018965712604052482180773838848.000000	-28.335197	0.509000
885	35733863526920866152427080497212210282496.000000	-28.335197	0.476000
886	39307249879612955669091755622043450605568.000000	-28.335197	0.479000
887	43237974867574255104563553951061154725888.000000	-28.335197	0.490000
888	47561772354331679647879253654463930433536.000000	-28.335197	0.470000
889	52317949589764850514089146095020342771712.000000	-28.335197	0.461000
890	57549744548741341368341994854742415638528.000000	-28.335197	0.488000
891	63304719003615479373738817107030016262144.000000	-28.335197	0.506000
892	69635190903977034081097288659656396242944.000000	-28.335197	0.518000
893	76598709994374744259191607367545414221824.000000	-28.335197	0.456000
894	84258580993812230290798636404740032823296.000000	-28.335197	0.488000
895	92684439093193461057003745578840754225152.000000	-28.335197	0.489000
896	101952883002512812965548054286944868237312.000000	-28.335197	0.467000
897	112148171302764100064946793865859393650688.000000	-28.335197	0.464000
898	123362988433040523611410652936292089724928.000000	-28.335197	0.488000
899	135699287276344579841114340996734657757184.000000	-28.335197	0.500000
900	149269216003979059102320200313881598361600.000000	-28.335197	0.472000
901	164196137604376984355365334179336553496576.000000	-28.335197	0.480000
902	180615751364814700199433670047930324615168.000000	-28.335197	0.491000
903	198677326501296193430752773653603511435264.000000	-28.335197	0.490000
904	218545059151425824379515919319403939758080.000000	-28.335197	0.476000
905	240399565066568426160280625085411129032704.000000	-28.335197	0.491000
906	264439521573225299724809669728459114414080.000000	-28.335197	0.502000
907	290883473730547849040103750535371821154304.000000	-28.335197	0.476000
908	319971821103602645549801993889349080449024.000000	-28.335197	0.471000
909	351969003213962921710470061578724065673216.000000	-28.335197	0.470000
910	387165903535359260304268540938356780957696.000000	-28.335197	0.469000
911	425882493888895194071820640565819177172992.000000	-28.335197	0.491000
912	468470743277784767638879423357788121726976.000000	-28.335197	0.498000
913	515317817605563252139892611227193652019200.000000	-28.335197	0.469000
914	566849599366119616039508100018046607818752.000000	-28.335197	0.473000
915	623534559302731593117709401087104704839680.000000	-28.335197	0.476000
916	685888015233004791115106568863948765921280.000000	-28.335197	0.485000
917	754476816756305347597869681086610823708672.000000	-28.335197	0.481000
918	829924498431935975203159595598792523513856.000000	-28.335197	0.480000
919	912916948275129619146227028360432084582400.000000	-28.335197	0.504000
920	1004208643102642735803354641869009655431168.000000	-28.335197	0.474000
921	1104629507412907148651944525661191547125760.000000	-28.335197	0.472000
922	1215092458154197940888391433563577883033600.000000	-28.335197	0.468000
923	1336601703969617812348483032256202852532224.000000	-28.335197	0.469000
924	1470261874366579856645589683625131553849344.000000	-28.335197	0.448000
925	1617288061803238028001154544794685944102912.000000	-28.335197	0.475000
926	1779016867983561923646772945677675155947520.000000	-28.335197	0.500000
927	1956918554781918425496460061590511396323328.000000	-28.335197	0.454000
928	2152610410260110484685612942691110643302400.000000	-28.335197	0.464000
929	2367871451286121842639184058305290432413696.000000	-28.335197	0.468000
930	2604658596414734150697106392673846965567488.000000	-28.335197	0.483000
931	2865124456056208091891333728227848494252032.000000	-28.335197	0.520000
932	3151636901661829148668474958126688323502080.000000	-28.335197	0.482000
933	3466800591828012063535322453939357155852288.000000	-28.335197	0.472000
934	3813480651010813331785856663602306616393728.000000	-28.335197	0.481000
935	4194828716111894726861444294231551022989312.000000	-28.335197	0.466000
936	4614311587723084447135596580730761105113088.000000	-28.335197	0.481000
937	5075742746495393572716177845762988410142720.000000	-28.335197	0.492000
938	5583317021144933548957815273029424700719104.000000	-28.335197	0.478000
939	6141648723259427399029612514484477130440704.000000	-28.335197	0.474000
940	6755813595585371253078609122775172252696576.000000	-28.335197	0.492000
941	7431394955143909121150493606280854417440768.000000	-28.335197	0.485000
942	8174534450658300404647554752523022328922112.000000	-28.335197	0.502000
943	8991987895724131311670337727541516991201280.000000	-28.335197	0.470000
944	9891186685296545061807391142985806139883520.000000	-28.335197	0.496000
945	10880305353826200186958149899974524203433984.000000	-28.335197	0.469000
946	11968335889208821938770019889504361482551296.000000	-28.335197	0.490000
947	13165169478129706113351084735063237469405184.000000	-28.335197	0.468000
948	14481686425942678457802248208101946075119616.000000	-28.335197	0.496000
949	15929855068536948284286535885520580521230336.000000	-28.335197	0.469000
950	17522840575390643855479213045300803512827904.000000	-28.335197	0.477000
951	19275124632929709974143189349363268722884608.000000	-28.335197	0.454000
952	21202637096222681961909539712603815514472448.000000	-28.335197	0.490000
953	23322900805844952386392564397548691884343296.000000	-28.335197	0.479000
954	25655190886429452081615962264672550709624832.000000	-28.335197	0.486000
955	28220709975072398775305605633596135659536384.000000	-28.335197	0.458000
956	31042780972579641623892260481868408983388160.000000	-28.335197	0.466000
957	34147059069837608262161565100815799679975424.000000	-28.335197	0.472000
958	37561764976821374535313894466570589204119552.000000	-28.335197	0.476000
959	41317941474503513474373331055683978003480576.000000	-28.335197	0.475000
960	45449735621953869278394805588621365440675840.000000	-28.335197	0.477000
961	49994709184149261157994443289004601581240320.000000	-28.335197	0.484000
962	54994180102564187273793887617905061739364352.000000	-28.335197	0.488000
963	60493598112820609962581402092912447590498304.000000	-28.335197	0.470000
964	66542957924102673929895636587116352107446272.000000	-28.335197	0.473000
965	73197253716512950236053483100565966591885312.000000	-28.335197	0.502000
966	80516979088164254172827114265360542524768256.000000	-28.335197	0.509000
967	88568676996980691474334202831547235808837632.000000	-28.335197	0.483000
968	97425544696678764583175748827918839066918912.000000	-28.335197	0.461000
969	107168099166346645002901449423927602650808320.000000	-28.335197	0.466000
970	117884909082981309503191594366320362915889152.000000	-28.335197	0.483000
971	129673399991279444414918879516169278884675584.000000	-28.335197	0.481000
972	142640739990407406682747333177262165320531968.000000	-28.335197	0.494000
973	156904813989448153293134255064813701368381440.000000	-28.335197	0.473000
974	172595295388392978525967994854337270698213376.000000	-28.335197	0.493000
975	189854824927232298166309485762463835992621056.000000	-28.335197	0.457000
976	208840307419955559674205440044445257009463296.000000	-28.335197	0.449000
977	229724338161951127525850361188540421742002176.000000	-28.335197	0.462000
978	252696771978146252162659774447045102947794944.000000	-28.335197	0.492000
979	277966449175960885301742003318183372596969472.000000	-28.335197	0.477000
980	305763094093556997600364957929302987919851520.000000	-28.335197	0.464000
981	336339403502912717167442082288317685097824256.000000	-28.335197	0.451000
982	369973343853204020575451296222884491025186816.000000	-28.335197	0.470000
983	406970678238524493938342688683076774317260800.000000	-28.335197	0.486000
984	447667746062376982946258214683553248520962048.000000	-28.335197	0.494000
985	492434520668614697086516539004776092081848320.000000	-28.335197	0.451000
986	541677972735476206409249450037422498062008320.000000	-28.335197	0.457000
987	595845770009023866664255652173333544640184320.000000	-28.335197	0.466000
988	655430347009926332558843731655004492648153088.000000	-28.335197	0.497000
989	720973381710918981660360607673372460621758464.000000	-28.335197	0.446000
990	793070719882010927363294176999312262810304512.000000	-28.335197	0.494000
991	872377791870212162710316120375051157470445568.000000	-28.335197	0.486000
992	959615571057233474055142749529761385470230528.000000	-28.335197	0.488000
993	1055577128162956837306289527335605042726043648.000000	-28.335197	0.459000
994	1161134840979252536882550982922033065707438080.000000	-28.335197	0.501000
995	1277248325077177949027131109742911559366082560.000000	-28.335197	0.484000
996	1404973157584895902386169249245877902390591488.000000	-28.335197	0.503000
997	1545470473343385587698581191287670804882391040.000000	-28.335197	0.461000
998	1700017520677724304924764338945113072458530816.000000	-28.335197	0.485000
999	1870019272745496767108505778545359417121964032.000000	-28.335197	0.452000
1000	2057021200020046665658211396340040620757221376.000000	-28.335197	0.467000


================================================================================
Contenido de: results/svm/annealing/batches/betas02000_iterations00100/2026-08-11_11:50:00/summary.txt
================================================================================

B-idx	Beta	Energy	Acceptance
1	50.288664	-22.524366	0.860000
2	55.317530	-23.335460	0.800000
3	60.849283	-23.964889	0.770000
4	66.934212	-24.520653	0.620000
5	73.627633	-25.080420	0.720000
6	80.990396	-25.281617	0.610000
7	89.089436	-25.720370	0.650000
8	97.998379	-26.205734	0.690000
9	107.798217	-26.547400	0.580000
10	118.578039	-27.331367	0.590000
11	130.435843	-27.635580	0.530000
12	143.479427	-27.936415	0.490000
13	157.827370	-28.373308	0.550000
14	173.610107	-28.677363	0.490000
15	190.971117	-29.159056	0.520000
16	210.068229	-29.678126	0.610000
17	231.075052	-30.072816	0.520000
18	254.182557	-30.261794	0.430000
19	279.600813	-30.738602	0.590000
20	307.560894	-31.304496	0.500000
21	338.316983	-31.479442	0.500000
22	372.148682	-31.932422	0.440000
23	409.363550	-32.215435	0.460000
24	450.299905	-32.433122	0.430000
25	495.329895	-32.600244	0.410000
26	544.862885	-32.832117	0.490000
27	599.349173	-33.240496	0.390000
28	659.284091	-33.522803	0.400000
29	725.212500	-33.662425	0.350000
30	797.733750	-33.912731	0.360000
31	877.507125	-34.101320	0.450000
32	965.257837	-34.337922	0.400000
33	1061.783621	-34.680630	0.430000
34	1167.961983	-34.832387	0.390000
35	1284.758181	-34.980658	0.410000
36	1413.233999	-35.036800	0.330000
37	1554.557399	-35.186605	0.380000
38	1710.013139	-35.361503	0.310000
39	1881.014453	-35.572786	0.380000
40	2069.115899	-35.733255	0.300000
41	2276.027489	-35.836582	0.340000
42	2503.630237	-35.951905	0.360000
43	2753.993261	-36.097135	0.330000
44	3029.392587	-36.244146	0.390000
45	3332.331846	-36.310989	0.300000
46	3665.565031	-36.498769	0.340000
47	4032.121534	-36.603368	0.320000
48	4435.333687	-36.887244	0.390000
49	4878.867056	-37.035913	0.300000
50	5366.753761	-37.140144	0.360000
51	5903.429137	-37.217744	0.370000
52	6493.772051	-37.311232	0.310000
53	7143.149256	-37.417268	0.320000
54	7857.464182	-37.579765	0.350000
55	8643.210600	-37.687475	0.360000
56	9507.531660	-37.821340	0.430000
57	10458.284826	-37.921544	0.320000
58	11504.113309	-38.024156	0.380000
59	12654.524639	-38.112240	0.340000
60	13919.977103	-38.235326	0.300000
61	15311.974814	-38.348959	0.340000
62	16843.172295	-38.439391	0.330000
63	18527.489525	-38.530456	0.300000
64	20380.238477	-38.572024	0.280000
65	22418.262325	-38.661220	0.390000
66	24660.088557	-38.734931	0.360000
67	27126.097413	-38.836793	0.350000
68	29838.707154	-38.880666	0.280000
69	32822.577870	-38.927261	0.280000
70	36104.835657	-38.981923	0.360000
71	39715.319222	-39.043968	0.300000
72	43686.851144	-39.146861	0.410000
73	48055.536259	-39.218611	0.310000
74	52861.089885	-39.284460	0.330000
75	58147.198873	-39.321139	0.340000
76	63961.918761	-39.400444	0.370000
77	70358.110637	-39.465799	0.350000
78	77393.921700	-39.526386	0.310000
79	85133.313870	-39.582867	0.390000
80	93646.645257	-39.627874	0.310000
81	103011.309783	-39.689439	0.380000
82	113312.440761	-39.742826	0.410000
83	124643.684838	-39.799395	0.380000
84	137108.053321	-39.839802	0.330000
85	150818.858653	-39.866629	0.310000
86	165900.744519	-39.908841	0.380000
87	182490.818971	-39.944000	0.310000
88	200739.900868	-39.991002	0.360000
89	220813.890954	-40.033958	0.430000
90	242895.280050	-40.083232	0.430000
91	267184.808055	-40.102327	0.280000
92	293903.288860	-40.130343	0.360000
93	323293.617746	-40.149767	0.370000
94	355622.979521	-40.165486	0.290000
95	391185.277473	-40.211359	0.340000
96	430303.805221	-40.233806	0.330000
97	473334.185743	-40.254088	0.350000
98	520667.604317	-40.282647	0.370000
99	572734.364749	-40.316497	0.470000
100	630007.801223	-40.339629	0.370000
101	693008.581346	-40.366811	0.350000
102	762309.439480	-40.407357	0.490000
103	838540.383428	-40.424299	0.440000
104	922394.421771	-40.452513	0.450000
105	1014633.863948	-40.471741	0.390000
106	1116097.250343	-40.496769	0.380000
107	1227706.975377	-40.517385	0.330000
108	1350477.672915	-40.534319	0.420000
109	1485525.440207	-40.554199	0.390000
110	1634077.984227	-40.569820	0.450000
111	1797485.782650	-40.586942	0.400000
112	1977234.360915	-40.598799	0.360000
113	2174957.797007	-40.614566	0.410000
114	2392453.576707	-40.623135	0.330000
115	2631698.934378	-40.634097	0.420000
116	2894868.827816	-40.648144	0.420000
117	3184355.710597	-40.658966	0.360000
118	3502791.281657	-40.670022	0.400000
119	3853070.409823	-40.679202	0.390000
120	4238377.450805	-40.690837	0.400000
121	4662215.195885	-40.698367	0.440000
122	5128436.715474	-40.705971	0.360000
123	5641280.387021	-40.713744	0.400000
124	6205408.425724	-40.727378	0.500000
125	6825949.268296	-40.738705	0.500000
126	7508544.195125	-40.749459	0.490000
127	8259398.614638	-40.756171	0.360000
128	9085338.476102	-40.763693	0.430000
129	9993872.323712	-40.769466	0.350000
130	10993259.556083	-40.774193	0.390000
131	12092585.511692	-40.781013	0.450000
132	13301844.062861	-40.786950	0.450000
133	14632028.469147	-40.791289	0.420000
134	16095231.316061	-40.794672	0.400000
135	17704754.447668	-40.801491	0.460000
136	19475229.892434	-40.807152	0.420000
137	21422752.881678	-40.812440	0.460000
138	23565028.169846	-40.817602	0.410000
139	25921530.986830	-40.823158	0.610000
140	28513684.085513	-40.828499	0.430000
141	31365052.494064	-40.833672	0.490000
142	34501557.743471	-40.837578	0.480000
143	37951713.517818	-40.840386	0.380000
144	41746884.869600	-40.844560	0.510000
145	45921573.356560	-40.848086	0.460000
146	50513730.692216	-40.851315	0.460000
147	55565103.761437	-40.853724	0.340000
148	61121614.137581	-40.856475	0.440000
149	67233775.551339	-40.860680	0.540000
150	73957153.106473	-40.863754	0.520000
151	81352868.417120	-40.866903	0.420000
152	89488155.258832	-40.869977	0.500000
153	98436970.784716	-40.873252	0.440000
154	108280667.863187	-40.875839	0.400000
155	119108734.649506	-40.879938	0.520000
156	131019608.114457	-40.882426	0.410000
157	144121568.925902	-40.885035	0.370000
158	158533725.818492	-40.887602	0.430000
159	174387098.400342	-40.890571	0.500000
160	191825808.240376	-40.893198	0.490000
161	211008389.064413	-40.896085	0.480000
162	232109227.970855	-40.898201	0.440000
163	255320150.767940	-40.900313	0.460000
164	280852165.844734	-40.902502	0.480000
165	308937382.429208	-40.904408	0.500000
166	339831120.672129	-40.905631	0.420000
167	373814232.739342	-40.907296	0.420000
168	411195656.013276	-40.909419	0.430000
169	452315221.614603	-40.911547	0.490000
170	497546743.776064	-40.912967	0.360000
171	547301418.153670	-40.914052	0.450000
172	602031559.969037	-40.915563	0.510000
173	662234715.965941	-40.916926	0.380000
174	728458187.562535	-40.918077	0.390000
175	801304006.318789	-40.919636	0.520000
176	881434406.950668	-40.920808	0.450000
177	969577847.645735	-40.922349	0.460000
178	1066535632.410308	-40.923826	0.430000
179	1173189195.651339	-40.925279	0.520000
180	1290508115.216473	-40.926915	0.520000
181	1419558926.738121	-40.928256	0.490000
182	1561514819.411933	-40.929534	0.460000
183	1717666301.353126	-40.931354	0.550000
184	1889432931.488439	-40.932456	0.390000
185	2078376224.637283	-40.933867	0.490000
186	2286213847.101011	-40.934883	0.430000
187	2514835231.811112	-40.935974	0.490000
188	2766318754.992224	-40.937243	0.550000
189	3042950630.491446	-40.938648	0.460000
190	3347245693.540591	-40.940041	0.490000
191	3681970262.894650	-40.940981	0.510000
192	4050167289.184116	-40.942074	0.450000
193	4455184018.102528	-40.943310	0.460000
194	4900702419.912781	-40.944280	0.460000
195	5390772661.904059	-40.945432	0.540000
196	5929849928.094466	-40.946223	0.470000
197	6522834920.903913	-40.947195	0.430000
198	7175118412.994306	-40.947982	0.380000
199	7892630254.293736	-40.948712	0.460000
200	8681893279.723110	-40.949596	0.410000
201	9550082607.695421	-40.950268	0.470000
202	10505090868.464964	-40.951068	0.500000
203	11555599955.311460	-40.951798	0.450000
204	12711159950.842607	-40.952646	0.500000
205	13982275945.926868	-40.953504	0.550000
206	15380503540.519556	-40.954207	0.500000
207	16918553894.571512	-40.954880	0.490000
208	18610409284.028664	-40.955465	0.490000
209	20471450212.431530	-40.956025	0.400000
210	22518595233.674686	-40.956503	0.500000
211	24770454757.042156	-40.957009	0.510000
212	27247500232.746372	-40.957393	0.400000
213	29972250256.021011	-40.957837	0.470000
214	32969475281.623116	-40.958283	0.440000
215	36266422809.785431	-40.958676	0.370000
216	39893065090.763977	-40.958975	0.450000
217	43882371599.840378	-40.959319	0.430000
218	48270608759.824417	-40.959714	0.500000
219	53097669635.806862	-40.960066	0.460000
220	58407436599.387550	-40.960353	0.440000
221	64248180259.326309	-40.960653	0.490000
222	70672998285.258942	-40.961042	0.510000
223	77740298113.784836	-40.961312	0.440000
224	85514327925.163330	-40.961680	0.450000
225	94065760717.679672	-40.961939	0.430000
226	103472336789.447647	-40.962141	0.430000
227	113819570468.392426	-40.962476	0.510000
228	125201527515.231674	-40.962832	0.510000
229	137721680266.754852	-40.963027	0.330000
230	151493848293.430359	-40.963327	0.450000
231	166643233122.773407	-40.963499	0.460000
232	183307556435.050751	-40.963783	0.520000
233	201638312078.555847	-40.964011	0.490000
234	221802143286.411438	-40.964358	0.550000
235	243982357615.052612	-40.964603	0.360000
236	268380593376.557892	-40.964872	0.500000
237	295218652714.213684	-40.965131	0.490000
238	324740517985.635071	-40.965344	0.410000
239	357214569784.198608	-40.965584	0.470000
240	392936026762.618530	-40.965842	0.490000
241	432229629438.880432	-40.966003	0.480000
242	475452592382.768494	-40.966164	0.510000
243	522997851621.045410	-40.966316	0.410000
244	575297636783.150024	-40.966503	0.530000
245	632827400461.465088	-40.966733	0.510000
246	696110140507.611694	-40.966932	0.480000
247	765721154558.372925	-40.967112	0.490000
248	842293270014.210327	-40.967323	0.480000
249	926522597015.631470	-40.967462	0.440000
250	1019174856717.194702	-40.967619	0.490000
251	1121092342388.914307	-40.967747	0.450000
252	1233201576627.805908	-40.967857	0.470000
253	1356521734290.586670	-40.968004	0.490000
254	1492173907719.645508	-40.968139	0.390000
255	1641391298491.610107	-40.968225	0.430000
256	1805530428340.771240	-40.968346	0.500000
257	1986083471174.848633	-40.968444	0.450000
258	2184691818292.333740	-40.968547	0.400000
259	2403161000121.567383	-40.968657	0.420000
260	2643477100133.724121	-40.968759	0.480000
261	2907824810147.096680	-40.968856	0.430000
262	3198607291161.806641	-40.968969	0.490000
263	3518468020277.987793	-40.969046	0.460000
264	3870314822305.787109	-40.969133	0.490000
265	4257346304536.366211	-40.969206	0.500000
266	4683080934990.002930	-40.969278	0.480000
267	5151389028489.003906	-40.969350	0.500000
268	5666527931337.904297	-40.969434	0.510000
269	6233180724471.695312	-40.969504	0.520000
270	6856498796918.865234	-40.969572	0.490000
271	7542148676610.751953	-40.969646	0.400000
272	8296363544271.828125	-40.969736	0.530000
273	9125999898699.011719	-40.969809	0.440000
274	10038599888568.914062	-40.969892	0.530000
275	11042459877425.806641	-40.969966	0.530000
276	12146705865168.388672	-40.970030	0.340000
277	13361376451685.228516	-40.970103	0.460000
278	14697514096853.751953	-40.970185	0.470000
279	16167265506539.128906	-40.970244	0.460000
280	17783992057193.042969	-40.970301	0.400000
281	19562391262912.347656	-40.970339	0.410000
282	21518630389203.585938	-40.970378	0.440000
283	23670493428123.945312	-40.970438	0.450000
284	26037542770936.343750	-40.970496	0.590000
285	28641297048029.980469	-40.970540	0.490000
286	31505426752832.980469	-40.970592	0.420000
287	34655969428116.281250	-40.970639	0.480000
288	38121566370927.914062	-40.970690	0.460000
289	41933723008020.710938	-40.970729	0.490000
290	46127095308822.789062	-40.970755	0.360000
291	50739804839705.070312	-40.970802	0.480000
292	55813785323675.578125	-40.970837	0.460000
293	61395163856043.140625	-40.970860	0.390000
294	67534680241647.460938	-40.970890	0.480000
295	74288148265812.218750	-40.970926	0.410000
296	81716963092393.453125	-40.970957	0.500000
297	89888659401632.812500	-40.970983	0.540000
298	98877525341796.109375	-40.971020	0.470000
299	108765277875975.734375	-40.971046	0.550000
300	119641805663573.312500	-40.971079	0.460000
301	131605986229930.656250	-40.971114	0.510000
302	144766584852923.718750	-40.971139	0.480000
303	159243243338216.093750	-40.971163	0.500000
304	175167567672037.718750	-40.971187	0.430000
305	192684324439241.500000	-40.971206	0.390000
306	211952756883165.656250	-40.971229	0.500000
307	233148032571482.250000	-40.971261	0.570000
308	256462835828630.500000	-40.971287	0.480000
309	282109119411493.562500	-40.971306	0.480000
310	310320031352642.937500	-40.971325	0.510000
311	341352034487907.250000	-40.971346	0.460000
312	375487237936698.000000	-40.971364	0.460000
313	413035961730367.812500	-40.971388	0.580000
314	454339557903404.625000	-40.971415	0.600000
315	499773513693745.125000	-40.971439	0.490000
316	549750865063119.687500	-40.971455	0.430000
317	604725951569431.750000	-40.971476	0.550000
318	665198546726375.000000	-40.971496	0.430000
319	731718401399012.500000	-40.971513	0.470000
320	804890241538913.875000	-40.971528	0.450000
321	885379265692805.375000	-40.971549	0.520000
322	973917192262086.000000	-40.971565	0.470000
323	1071308911488294.625000	-40.971581	0.480000
324	1178439802637124.250000	-40.971599	0.460000
325	1296283782900836.750000	-40.971614	0.510000
326	1425912161190920.500000	-40.971635	0.540000
327	1568503377310012.750000	-40.971659	0.570000
328	1725353715041014.250000	-40.971672	0.440000
329	1897889086545115.750000	-40.971700	0.610000
330	2087677995199627.500000	-40.971716	0.440000
331	2296445794719590.500000	-40.971733	0.540000
332	2526090374191550.000000	-40.971755	0.510000
333	2778699411610705.000000	-40.971776	0.480000
334	3056569352771775.500000	-40.971791	0.430000
335	3362226288048953.500000	-40.971806	0.410000
336	3698448916853849.000000	-40.971820	0.450000
337	4068293808539234.000000	-40.971834	0.450000
338	4475123189393158.000000	-40.971847	0.480000
339	4922635508332474.000000	-40.971863	0.500000
340	5414899059165722.000000	-40.971875	0.400000
341	5956388965082295.000000	-40.971891	0.520000
342	6552027861590525.000000	-40.971903	0.410000
343	7207230647749578.000000	-40.971918	0.580000
344	7927953712524536.000000	-40.971932	0.460000
345	8720749083776990.000000	-40.971945	0.460000
346	9592823992154690.000000	-40.971954	0.440000
347	10552106391370160.000000	-40.971967	0.490000
348	11607317030507176.000000	-40.971980	0.450000
349	12768048733557894.000000	-40.971988	0.370000
350	14044853606913684.000000	-40.971999	0.500000
351	15449338967605054.000000	-40.972007	0.410000
352	16994272864365560.000000	-40.972018	0.490000
353	18693700150802116.000000	-40.972024	0.440000
354	20563070165882328.000000	-40.972030	0.370000
355	22619377182470564.000000	-40.972037	0.460000
356	24881314900717624.000000	-40.972042	0.370000
357	27369446390789388.000000	-40.972047	0.420000
358	30106391029868328.000000	-40.972055	0.540000
359	33117030132855164.000000	-40.972063	0.490000
360	36428733146140680.000000	-40.972069	0.440000
361	40071606460754752.000000	-40.972076	0.420000
362	44078767106830232.000000	-40.972083	0.520000
363	48486643817513256.000000	-40.972089	0.490000
364	53335308199264584.000000	-40.972096	0.540000
365	58668839019191048.000000	-40.972101	0.490000
366	64535722921110160.000000	-40.972106	0.380000
367	70989295213221184.000000	-40.972112	0.460000
368	78088224734543312.000000	-40.972120	0.520000
369	85897047207997648.000000	-40.972126	0.460000
370	94486751928797424.000000	-40.972133	0.520000
371	103935427121677168.000000	-40.972138	0.450000
372	114328969833844896.000000	-40.972144	0.510000
373	125761866817229392.000000	-40.972151	0.470000
374	138338053498952336.000000	-40.972157	0.510000
375	152171858848847584.000000	-40.972162	0.490000
376	167389044733732352.000000	-40.972166	0.340000
377	184127949207105600.000000	-40.972171	0.500000
378	202540744127816192.000000	-40.972175	0.440000
379	222794818540597824.000000	-40.972178	0.380000
380	245074300394657632.000000	-40.972183	0.520000
381	269581730434123424.000000	-40.972188	0.470000
382	296539903477535808.000000	-40.972193	0.510000
383	326193893825289408.000000	-40.972197	0.540000
384	358813283207818368.000000	-40.972202	0.440000
385	394694611528600256.000000	-40.972206	0.500000
386	434164072681460288.000000	-40.972211	0.440000
387	477580479949606336.000000	-40.972215	0.530000
388	525338527944567040.000000	-40.972220	0.420000
389	577872380739023744.000000	-40.972223	0.450000
390	635659618812926208.000000	-40.972229	0.520000
391	699225580694218880.000000	-40.972233	0.500000
392	769148138763640832.000000	-40.972236	0.440000
393	846062952640004992.000000	-40.972240	0.550000
394	930669247904005504.000000	-40.972243	0.430000
395	1023736172694406144.000000	-40.972248	0.480000
396	1126109789963846912.000000	-40.972251	0.290000
397	1238720768960231680.000000	-40.972255	0.580000
398	1362592845856254976.000000	-40.972258	0.450000
399	1498852130441880576.000000	-40.972261	0.400000
400	1648737343486068736.000000	-40.972264	0.480000
401	1813611077834675712.000000	-40.972267	0.410000
402	1994972185618143488.000000	-40.972270	0.550000
403	2194469404179958016.000000	-40.972273	0.480000
404	2413916344597954048.000000	-40.972276	0.440000
405	2655307979057749504.000000	-40.972279	0.590000
406	2920838776963524608.000000	-40.972281	0.380000
407	3212922654659877376.000000	-40.972283	0.530000
408	3534214920125865472.000000	-40.972286	0.470000
409	3887636412138452480.000000	-40.972289	0.560000
410	4276400053352297984.000000	-40.972293	0.510000
411	4704040058687527936.000000	-40.972296	0.490000
412	5174444064556280832.000000	-40.972298	0.460000
413	5691888471011909632.000000	-40.972301	0.560000
414	6261077318113100800.000000	-40.972304	0.490000
415	6887185049924411392.000000	-40.972307	0.580000
416	7575903554916852736.000000	-40.972310	0.550000
417	8333493910408539136.000000	-40.972313	0.440000
418	9166843301449394176.000000	-40.972316	0.480000
419	10083527631594334208.000000	-40.972318	0.450000
420	11091880394753769472.000000	-40.972320	0.490000
421	12201068434229147648.000000	-40.972323	0.530000
422	13421175277652064256.000000	-40.972325	0.470000
423	14763292805417271296.000000	-40.972327	0.390000
424	16239622085959000064.000000	-40.972329	0.490000
425	17863584294554902528.000000	-40.972332	0.470000
426	19649942724010393600.000000	-40.972333	0.490000
427	21614936996411432960.000000	-40.972335	0.480000
428	23776430696052576256.000000	-40.972337	0.380000
429	26154073765657837568.000000	-40.972338	0.450000
430	28769481142223622144.000000	-40.972340	0.520000
431	31646429256445988864.000000	-40.972342	0.430000
432	34811072182090592256.000000	-40.972344	0.590000
433	38292179400299651072.000000	-40.972347	0.480000
434	42121397340329623552.000000	-40.972349	0.530000
435	46333537074362589184.000000	-40.972350	0.460000
436	50966890781798850560.000000	-40.972352	0.490000
437	56063579859978739712.000000	-40.972354	0.420000
438	61669937845976621056.000000	-40.972355	0.400000
439	67836931630574288896.000000	-40.972356	0.550000
440	74620624793631719424.000000	-40.972359	0.580000
441	82082687272994897920.000000	-40.972360	0.490000
442	90290956000294387712.000000	-40.972362	0.490000
443	99320051600323837952.000000	-40.972363	0.430000
444	109252056760356225024.000000	-40.972365	0.450000
445	120177262436391862272.000000	-40.972366	0.440000
446	132194988680031059968.000000	-40.972368	0.560000
447	145414487548034170880.000000	-40.972369	0.380000
448	159955936302837596160.000000	-40.972370	0.420000
449	175951529933121355776.000000	-40.972371	0.410000
450	193546682926433501184.000000	-40.972372	0.470000
451	212901351219076857856.000000	-40.972373	0.450000
452	234191486340984569856.000000	-40.972374	0.470000
453	257610634975083036672.000000	-40.972375	0.450000
454	283371698472591360000.000000	-40.972376	0.420000
455	311708868319850528768.000000	-40.972377	0.500000
456	342879755151835594752.000000	-40.972378	0.400000
457	377167730667019173888.000000	-40.972379	0.510000
458	414884503733721104384.000000	-40.972380	0.470000
459	456372954107093254144.000000	-40.972380	0.460000
460	502010249517802651648.000000	-40.972381	0.520000
461	552211274469582962688.000000	-40.972382	0.460000
462	607432401916541272064.000000	-40.972382	0.420000
463	668175642108195504128.000000	-40.972383	0.540000
464	734993206319015133184.000000	-40.972384	0.450000
465	808492526950916685824.000000	-40.972385	0.440000
466	889341779646008393728.000000	-40.972385	0.420000
467	978275957610609377280.000000	-40.972386	0.460000
468	1076103553371670446080.000000	-40.972387	0.540000
469	1183713908708837687296.000000	-40.972387	0.550000
470	1302085299579721613312.000000	-40.972388	0.460000
471	1432293829537693958144.000000	-40.972389	0.600000
472	1575523212491463589888.000000	-40.972389	0.430000
473	1733075533740610158592.000000	-40.972390	0.460000
474	1906383087114671357952.000000	-40.972390	0.380000
475	2097021395826138677248.000000	-40.972391	0.440000
476	2306723535408752754688.000000	-40.972392	0.510000
477	2537395888949627977728.000000	-40.972392	0.560000
478	2791135477844591247360.000000	-40.972393	0.530000
479	3070249025629050634240.000000	-40.972394	0.520000
480	3377273928191956221952.000000	-40.972394	0.450000
481	3715001321011151896576.000000	-40.972395	0.480000
482	4086501453112267505664.000000	-40.972396	0.550000
483	4495151598423494361088.000000	-40.972396	0.540000
484	4944666758265844006912.000000	-40.972397	0.430000
485	5439133434092428722176.000000	-40.972398	0.630000
486	5983046777501672013824.000000	-40.972398	0.510000
487	6581351455251839844352.000000	-40.972399	0.440000
488	7239486600777024143360.000000	-40.972399	0.540000
489	7963435260854727081984.000000	-40.972400	0.510000
490	8759778786940200943616.000000	-40.972401	0.470000
491	9635756665634222505984.000000	-40.972401	0.470000
492	10599332332197646434304.000000	-40.972402	0.450000
493	11659265565417411706880.000000	-40.972402	0.490000
494	12825192121959152877568.000000	-40.972403	0.480000
495	14107711334155068375040.000000	-40.972404	0.500000
496	15518482467570577309696.000000	-40.972404	0.520000
497	17070330714327636508672.000000	-40.972404	0.450000
498	18777363785760402046976.000000	-40.972405	0.460000
499	20655100164336443719680.000000	-40.972405	0.490000
500	22720610180770090188800.000000	-40.972406	0.410000
501	24992671198847099207680.000000	-40.972406	0.420000
502	27491938318731813322752.000000	-40.972406	0.470000
503	30241132150604995493888.000000	-40.972407	0.540000
504	33265245365665498398720.000000	-40.972407	0.470000
505	36591769902232050335744.000000	-40.972408	0.470000
506	40250946892455261241344.000000	-40.972408	0.550000
507	44276041581700789043200.000000	-40.972408	0.490000
508	48703645739870867947520.000000	-40.972409	0.420000
509	53574010313857963130880.000000	-40.972409	0.460000
510	58931411345243763638272.000000	-40.972409	0.390000
511	64824552479768149229568.000000	-40.972410	0.500000
512	71307007727744967507968.000000	-40.972410	0.460000
513	78437708500519476002816.000000	-40.972410	0.640000
514	86281479350571438702592.000000	-40.972411	0.510000
515	94909627285628595994624.000000	-40.972411	0.570000
516	104400590014191465660416.000000	-40.972412	0.540000
517	114840649015610618937344.000000	-40.972412	0.530000
518	126324713917171690897408.000000	-40.972412	0.500000
519	138957185308888871731200.000000	-40.972413	0.500000
520	152852903839777775681536.000000	-40.972413	0.410000
521	168138194223755559960576.000000	-40.972413	0.480000
522	184952013646131139444736.000000	-40.972414	0.490000
523	203447215010744276877312.000000	-40.972414	0.530000
524	223791936511818717986816.000000	-40.972414	0.480000
525	246171130163000613273600.000000	-40.972415	0.530000
526	270788243179300708155392.000000	-40.972415	0.460000
527	297867067497230792392704.000000	-40.972415	0.500000
528	327653774246953898475520.000000	-40.972416	0.570000
529	360419151671649288323072.000000	-40.972416	0.500000
530	396461066838814264131584.000000	-40.972416	0.530000
531	436107173522695750942720.000000	-40.972416	0.560000
532	479717890874965393145856.000000	-40.972417	0.480000
533	527689679962462006280192.000000	-40.972417	0.440000
534	580458647958708220329984.000000	-40.972417	0.510000
535	638504512754579102760960.000000	-40.972418	0.550000
536	702354964030037013037056.000000	-40.972418	0.460000
537	772590460433040754606080.000000	-40.972418	0.400000
538	849849506476344964284416.000000	-40.972418	0.460000
539	934834457123979500978176.000000	-40.972419	0.630000
540	1028317902836377558450176.000000	-40.972419	0.460000
541	1131149693120015354560512.000000	-40.972419	0.520000
542	1244264662432016903438336.000000	-40.972419	0.370000
543	1368691128675218835374080.000000	-40.972420	0.510000
544	1505560241542740718911488.000000	-40.972420	0.540000
545	1656116265697014844489728.000000	-40.972420	0.540000
546	1821727892266716516843520.000000	-40.972421	0.520000
547	2003900681493388436963328.000000	-40.972421	0.450000
548	2204290749642727334346752.000000	-40.972421	0.530000
549	2424719824607000282529792.000000	-40.972422	0.480000
550	2667191807067700525531136.000000	-40.972422	0.430000
551	2933910987774470953893888.000000	-40.972422	0.450000
552	3227302086551918371405824.000000	-40.972422	0.420000
553	3550032295207110369607680.000000	-40.972422	0.480000
554	3905035524727821675003904.000000	-40.972423	0.410000
555	4295539077200604272001024.000000	-40.972423	0.440000
556	4725092984920664860262400.000000	-40.972423	0.460000
557	5197602283412731346288640.000000	-40.972423	0.580000
558	5717362511754005017788416.000000	-40.972424	0.390000
559	6289098762929405626941440.000000	-40.972424	0.440000
560	6918008639222346726506496.000000	-40.972424	0.520000
561	7609809503144581506531328.000000	-40.972424	0.460000
562	8370790453459039979307008.000000	-40.972424	0.480000
563	9207869498804944836231168.000000	-40.972425	0.480000
564	10128656448685440715718656.000000	-40.972425	0.440000
565	11141522093553985431535616.000000	-40.972425	0.540000
566	12255674302909384618934272.000000	-40.972425	0.440000
567	13481241733200324369317888.000000	-40.972425	0.460000
568	14829365906520358738984960.000000	-40.972425	0.510000
569	16312302497172396760367104.000000	-40.972426	0.510000
570	17943532746889636865900544.000000	-40.972426	0.470000
571	19737886021578602055729152.000000	-40.972426	0.470000
572	21711674623736465697275904.000000	-40.972426	0.450000
573	23882842086110112696500224.000000	-40.972426	0.490000
574	26271126294721126543130624.000000	-40.972426	0.500000
575	28898238924193239626940416.000000	-40.972426	0.620000
576	31788062816612567455105024.000000	-40.972427	0.520000
577	34966869098273826777595904.000000	-40.972427	0.510000
578	38463556008101214179819520.000000	-40.972427	0.560000
579	42309911608911339892768768.000000	-40.972427	0.480000
580	46540902769802474741039104.000000	-40.972427	0.450000
581	51194993046782724792123392.000000	-40.972427	0.470000
582	56314492351461005002276864.000000	-40.972428	0.470000
583	61945941586607112374452224.000000	-40.972428	0.520000
584	68140535745267830483845120.000000	-40.972428	0.480000
585	74954589319794622122164224.000000	-40.972428	0.480000
586	82450048251774082616393728.000000	-40.972428	0.440000
587	90695053076951504621928448.000000	-40.972428	0.450000
588	99764558384646668828016640.000000	-40.972428	0.460000
589	109741014223111344300752896.000000	-40.972428	0.420000
590	120715115645422480448815104.000000	-40.972428	0.430000
591	132786627209964735365644288.000000	-40.972428	0.470000
592	146065289930961222646104064.000000	-40.972429	0.540000
593	160671818924057351782662144.000000	-40.972429	0.450000
594	176739000816463111012745216.000000	-40.972429	0.520000
595	194412900898109449601810432.000000	-40.972429	0.540000
596	213854190987920397997965312.000000	-40.972429	0.530000
597	235239610086712458413604864.000000	-40.972429	0.540000
598	258763571095383728306782208.000000	-40.972429	0.460000
599	284639928204922114881355776.000000	-40.972429	0.460000
600	313103921025414336677412864.000000	-40.972429	0.450000
601	344414313127955777217101824.000000	-40.972430	0.520000
602	378855744440751361810759680.000000	-40.972430	0.420000
603	416741318884826497991835648.000000	-40.972430	0.470000
604	458415450773309195894652928.000000	-40.972430	0.430000
605	504256995850640163587751936.000000	-40.972430	0.510000
606	554682695435704241794056192.000000	-40.972430	0.390000
607	610150964979274686589304832.000000	-40.972430	0.460000
608	671166061477202244583555072.000000	-40.972430	0.430000
609	738282667624922592736968704.000000	-40.972430	0.500000
610	812110934387414893242351616.000000	-40.972430	0.470000
611	893322027826156410054377472.000000	-40.972430	0.580000
612	982654230608772174754873344.000000	-40.972430	0.510000
613	1080919653669649502181523456.000000	-40.972431	0.480000
614	1189011619036614479887466496.000000	-40.972431	0.560000
615	1307912780940275955364003840.000000	-40.972431	0.440000
616	1438704059034303550900404224.000000	-40.972431	0.490000
617	1582574464937734153380560896.000000	-40.972431	0.440000
618	1740831911431507733645361152.000000	-40.972431	0.610000
619	1914915102574658699424432128.000000	-40.972431	0.530000
620	2106406612832124789269200896.000000	-40.972431	0.490000
621	2317047274115337570561818624.000000	-40.972431	0.390000
622	2548752001526871575008116736.000000	-40.972431	0.550000
623	2803627201679559172313579520.000000	-40.972431	0.460000
624	3083989921847515089544937472.000000	-40.972431	0.480000
625	3392388914032266928352919552.000000	-40.972431	0.420000
626	3731627805435493676163792896.000000	-40.972431	0.540000
627	4104790585979043483584823296.000000	-40.972432	0.470000
628	4515269644576947996870049792.000000	-40.972432	0.590000
629	4966796609034643126410543104.000000	-40.972432	0.510000
630	5463476269938108098758574080.000000	-40.972432	0.470000
631	6009823896931918908634431488.000000	-40.972432	0.430000
632	6610806286625111569156014080.000000	-40.972432	0.490000
633	7271886915287623275827429376.000000	-40.972432	0.600000
634	7999075606816386043214823424.000000	-40.972432	0.490000
635	8798983167498025307243282432.000000	-40.972432	0.430000
636	9678881484247828717576912896.000000	-40.972432	0.430000
637	10646769632672612029139255296.000000	-40.972432	0.430000
638	11711446595939874771369459712.000000	-40.972432	0.490000
639	12882591255533863128115707904.000000	-40.972432	0.510000
640	14170850381087251200145883136.000000	-40.972432	0.510000
641	15587935419195976759965122560.000000	-40.972432	0.520000
642	17146728961115575535473262592.000000	-40.972432	0.560000
643	18861401857227135068141518848.000000	-40.972432	0.480000
644	20747542042949849894369624064.000000	-40.972433	0.630000
645	22822296247244838842048446464.000000	-40.972433	0.460000
646	25104525871969326684495151104.000000	-40.972433	0.510000
647	27614978459166261112163270656.000000	-40.972433	0.480000
648	30376476305082889862207504384.000000	-40.972433	0.450000
649	33414123935591180607646859264.000000	-40.972433	0.490000
650	36755536329150302626653405184.000000	-40.972433	0.490000
651	40431089962065339046583861248.000000	-40.972433	0.520000
652	44474198958271880867725967360.000000	-40.972433	0.470000
653	48921618854099068954498564096.000000	-40.972433	0.470000
654	53813780739508982886822838272.000000	-40.972433	0.440000
655	59195158813459886453160935424.000000	-40.972433	0.540000
656	65114674694805881255742144512.000000	-40.972433	0.340000
657	71626142164286474658972172288.000000	-40.972433	0.530000
658	78788756380715125643306598400.000000	-40.972433	0.480000
659	86667632018786638207637258240.000000	-40.972433	0.460000
660	95334395220665310824494006272.000000	-40.972433	0.520000
661	104867834742731855980692242432.000000	-40.972433	0.470000
662	115354618217005055652510302208.000000	-40.972433	0.400000
663	126890080038705573532291563520.000000	-40.972433	0.540000
664	139579088042576139681613742080.000000	-40.972433	0.490000
665	153536996846833762445868138496.000000	-40.972433	0.500000
666	168890696531517136931236347904.000000	-40.972433	0.500000
667	185779766184668878771857653760.000000	-40.972434	0.590000
668	204357742803135784241229463552.000000	-40.972434	0.410000
669	224793517083449394331287289856.000000	-40.972434	0.530000
670	247272868791794340801290436608.000000	-40.972434	0.540000
671	272000155670973795992042733568.000000	-40.972434	0.430000
672	299200171238071196701870260224.000000	-40.972434	0.530000
673	329120188361878309335182868480.000000	-40.972434	0.460000
674	362032207198066140268701155328.000000	-40.972434	0.490000
675	398235427917872775406194524160.000000	-40.972434	0.450000
676	438058970709660123315558154240.000000	-40.972434	0.490000
677	481864867780626206015858147328.000000	-40.972434	0.540000
678	530051354558688882912439304192.000000	-40.972434	0.480000
679	583056490014557820461804158976.000000	-40.972434	0.420000
680	641362139016013609544858992640.000000	-40.972434	0.440000
681	705498352917614970499344891904.000000	-40.972434	0.430000
682	776048188209376495696777052160.000000	-40.972434	0.430000
683	853653007030314215635198935040.000000	-40.972434	0.430000
684	939018307733345707567463006208.000000	-40.972434	0.420000
685	1032920138506680404987948826624.000000	-40.972434	0.450000
686	1136212152357348544002985558016.000000	-40.972434	0.470000
687	1249833367593083510993274798080.000000	-40.972434	0.400000
688	1374816704352391932461346455552.000000	-40.972434	0.460000
689	1512298374787631210149974114304.000000	-40.972434	0.490000
690	1663528212266394500049957552128.000000	-40.972434	0.480000
691	1829881033493034147087437004800.000000	-40.972434	0.530000
692	2012869136842337843271157415936.000000	-40.972434	0.570000
693	2214156050526571880925752197120.000000	-40.972434	0.530000
694	2435571655579229209755815772160.000000	-40.972434	0.450000
695	2679128821137152412206374060032.000000	-40.972434	0.460000
696	2947041703250868160081969545216.000000	-40.972434	0.510000
697	3241745873575955370155133894656.000000	-40.972434	0.460000
698	3565920460933551019760637968384.000000	-40.972434	0.500000
699	3922512507026906290621687791616.000000	-40.972434	0.540000
700	4314763757729597032273847255040.000000	-40.972434	0.450000
701	4746240133502557016976208691200.000000	-40.972434	0.540000
702	5220864146852813000148806270976.000000	-40.972434	0.530000
703	5742950561538094975703631003648.000000	-40.972434	0.540000
704	6317245617691905373993919578112.000000	-40.972434	0.550000
705	6948970179461096136573292904448.000000	-40.972434	0.520000
706	7643867197407206650950547668992.000000	-40.972434	0.440000
707	8408253917147927541225583804416.000000	-40.972434	0.520000
708	9249079308862720970888086290432.000000	-40.972434	0.420000
709	10173987239748993293156876288000.000000	-40.972435	0.520000
710	11191385963723892622472563916800.000000	-40.972435	0.400000
711	12310524560096283010619727151104.000000	-40.972435	0.490000
712	13541577016105911762041662603264.000000	-40.972435	0.430000
713	14895734717716504514505698443264.000000	-40.972435	0.430000
714	16385308189488155416316231024640.000000	-40.972435	0.560000
715	18023839008436972083847760969728.000000	-40.972435	0.480000
716	19826222909280671318852369383424.000000	-40.972435	0.590000
717	21808845200208740026997475901440.000000	-40.972435	0.420000
718	23989729720229616281497037176832.000000	-40.972435	0.570000
719	26388702692252579260726629105664.000000	-40.972435	0.530000
720	29027572961477839888959068438528.000000	-40.972435	0.500000
721	31930330257625624778574900756480.000000	-40.972435	0.490000
722	35123363283388189508232204517376.000000	-40.972435	0.460000
723	38635699611727012512295089602560.000000	-40.972435	0.430000
724	42499269572899718267124225933312.000000	-40.972435	0.420000
725	46749196530189698200315977793536.000000	-40.972435	0.500000
726	51424116183208669821787426521088.000000	-40.972435	0.560000
727	56566527801529537704686094647296.000000	-40.972435	0.490000
728	62223180581682497780194182430720.000000	-40.972435	0.530000
729	68445498639850752061813228044288.000000	-40.972435	0.410000
730	75290048503835832672314103693312.000000	-40.972435	0.470000
731	82819053354219419542425215959040.000000	-40.972435	0.480000
732	91100958689641370503866992295936.000000	-40.972435	0.380000
733	100211054558605518362892797214720.000000	-40.972435	0.390000
734	110232160014466070199182076936192.000000	-40.972435	0.470000
735	121255376015912680821979986526208.000000	-40.972435	0.520000
736	133380913617503963315696792764416.000000	-40.972435	0.520000
737	146719004979254379463104832471040.000000	-40.972435	0.550000
738	161390905477179835423813825200128.000000	-40.972435	0.520000
739	177529996024897824370514760564736.000000	-40.972435	0.580000
740	195282995627387635630603851792384.000000	-40.972435	0.450000
741	214811295190126406399423640764416.000000	-40.972435	0.450000
742	236292424709139057848005110530048.000000	-40.972435	0.460000
743	259921667180052996058722938650624.000000	-40.972435	0.430000
744	285913833898058320884753145790464.000000	-40.972435	0.440000
745	314505217287864178193386373644288.000000	-40.972435	0.560000
746	345955739016650610424243818594304.000000	-40.972435	0.530000
747	380551312918315714701224623210496.000000	-40.972435	0.490000
748	418606444210147314994384700702720.000000	-40.972435	0.420000
749	460467088631162082522620189736960.000000	-40.972435	0.470000
750	506513797494278362832476246638592.000000	-40.972435	0.460000
751	557165177243706220733002082680832.000000	-40.972435	0.490000
752	612881694968076864423580502327296.000000	-40.972435	0.490000
753	674169864464884579688976167731200.000000	-40.972435	0.450000
754	741586850911373037657873784504320.000000	-40.972435	0.440000
755	815745536002510413481255200882688.000000	-40.972435	0.530000
756	897320089602761541298493566484480.000000	-40.972435	0.420000
757	987052098563037839543530998988800.000000	-40.972435	0.410000
758	1085757308419341767613072174743552.000000	-40.972435	0.410000
759	1194333039261276074078048660488192.000000	-40.972435	0.560000
760	1313766343187403811189522794807296.000000	-40.972435	0.500000
761	1445142977506144365246700765315072.000000	-40.972435	0.480000
762	1589657275256759003532634148044800.000000	-40.972435	0.520000
763	1748623002782434903885897562849280.000000	-40.972435	0.530000
764	1923485303060678538389675394990080.000000	-40.972435	0.460000
765	2115833833366746536343831010344960.000000	-40.972435	0.430000
766	2327417216703421478208590263091200.000000	-40.972435	0.480000
767	2560158938373763914259825441112064.000000	-40.972435	0.390000
768	2816174832211140420977958445907968.000000	-40.972435	0.510000
769	3097792315432254981890431363579904.000000	-40.972435	0.500000
770	3407571546975480883602001112334336.000000	-40.972435	0.460000
771	3748328701673029433130803066306560.000000	-40.972435	0.560000
772	4123161571840332952904635676360704.000000	-40.972435	0.520000
773	4535477729024366363487249704681472.000000	-40.972435	0.400000
774	4989025501926803345712426057203712.000000	-40.972435	0.500000
775	5487928052119484314390496196689920.000000	-40.972435	0.450000
776	6036720857331432745829545816358912.000000	-40.972435	0.360000
777	6640392943064576366288951780048896.000000	-40.972435	0.480000
778	7304432237371035040547201104216064.000000	-40.972435	0.560000
779	8034875461108139236354823978745856.000000	-40.972435	0.470000
780	8838363007218954197619660522782720.000000	-40.972435	0.440000
781	9722199307940850193842378878484480.000000	-40.972435	0.440000
782	10694419238734936366148121373179904.000000	-40.972435	0.610000
783	11763861162608430694515836274606080.000000	-40.972435	0.370000
784	12940247278869274916888924508913664.000000	-40.972435	0.490000
785	14234272006756204253252224330760192.000000	-40.972435	0.470000
786	15657699207431826753836155056160768.000000	-40.972435	0.470000
787	17223469128175011965647080696840192.000000	-40.972435	0.540000
788	18945816040992514084548992452001792.000000	-40.972435	0.360000
789	20840397645091767568262599989526528.000000	-40.972435	0.490000
790	22924437409600945708594665516695552.000000	-40.972435	0.500000
791	25216881150561043507634344967536640.000000	-40.972435	0.500000
792	27738569265617147858397779464290304.000000	-40.972435	0.560000
793	30512426192178866794754973995368448.000000	-40.972435	0.450000
794	33563668811396754857736276923121664.000000	-40.972435	0.460000
795	36920035692536432188184311986388992.000000	-40.972435	0.510000
796	40612039261790078635182956084199424.000000	-40.972435	0.490000
797	44673243187969090649218668277268480.000000	-40.972435	0.570000
798	49140567506766004325826553532383232.000000	-40.972435	0.460000
799	54054624257442605680746412571099136.000000	-40.972435	0.520000
800	59460086683186873627518683312029696.000000	-40.972435	0.480000
801	65406095351505568368968181127053312.000000	-40.972435	0.470000
802	71946704886656135351574239780012032.000000	-40.972435	0.540000
803	79141375375321754420754885870878720.000000	-40.972435	0.490000
804	87055512912853934474516392885354496.000000	-40.972435	0.450000
805	95761064204139335300665661657710592.000000	-40.972435	0.530000
806	105337170624553274364755449936347136.000000	-40.972435	0.530000
807	115870887687008609179928624413802496.000000	-40.972435	0.430000
808	127457976455709486699991153193779200.000000	-40.972435	0.460000
809	140203774101280444593362305367932928.000000	-40.972435	0.520000
810	154224151511408492742047350646636544.000000	-40.972435	0.440000
811	169646566662549353084298529937031168.000000	-40.972435	0.510000
812	186611223328804310528821271382196224.000000	-40.972435	0.500000
813	205272345661684771096493916455698432.000000	-40.972435	0.480000
814	225799580227853281410282640778461184.000000	-40.972435	0.460000
815	248379538250638620619357349082038272.000000	-40.972435	0.410000
816	273217492075702515885432416667435008.000000	-40.972435	0.580000
817	300539241283272789610068546785640448.000000	-40.972435	0.470000
818	330593165411600109153912363625218048.000000	-40.972435	0.440000
819	363652481952760142205396488439201792.000000	-40.972435	0.470000
820	400017730148036208076819543669866496.000000	-40.972435	0.500000
821	440019503162839873156687274939777024.000000	-40.972435	0.540000
822	484021453479123926880634667788140544.000000	-40.972435	0.390000
823	532423598827036385976976799921340416.000000	-40.972435	0.540000
824	585665958709740068846860256816398336.000000	-40.972435	0.450000
825	644232554580714120003732059400962048.000000	-40.972435	0.450000
826	708655810038785554140198153792520192.000000	-40.972435	0.390000
827	779521391042664124311613228139413504.000000	-40.972435	0.500000
828	857473530146930566257565068888637440.000000	-40.972435	0.520000
829	943220883161623770457274165453914112.000000	-40.972435	0.520000
830	1037542971477786236047373135805153280.000000	-40.972435	0.500000
831	1141297268625565007226063039062081536.000000	-40.972435	0.460000
832	1255426995488121626007831414709420032.000000	-40.972435	0.550000
833	1380969695036933950939962404824416256.000000	-40.972435	0.530000
834	1519066664540627464093120717047988224.000000	-40.972435	0.460000
835	1670973330994690240017223306688069632.000000	-40.972435	0.420000
836	1838070664094159500137269780839137280.000000	-40.972435	0.510000
837	2021877730503575745298901938275876864.000000	-40.972435	0.480000
838	2224065503553933644491487829391572992.000000	-40.972435	0.500000
839	2446472053909327245058960755812990976.000000	-40.972435	0.500000
840	2691119259300260087624018903135420416.000000	-40.972435	0.420000
841	2960231185230286214445582865190092800.000000	-40.972435	0.470000
842	3256254303753314835890141151709102080.000000	-40.972435	0.490000
843	3581879734128646319479155266880012288.000000	-40.972435	0.480000
844	3940067707541511305604557008791404544.000000	-40.972435	0.440000
845	4334074478295662908401660996635066368.000000	-40.972435	0.400000
846	4767481926125229848567218490874789888.000000	-40.972435	0.570000
847	5244230118737753187601426555185659904.000000	-40.972435	0.440000
848	5768653130611529273746122677021573120.000000	-40.972435	0.560000
849	6345518443672682201120734944723730432.000000	-40.972435	0.590000
850	6980070288039951247646942941384015872.000000	-40.972435	0.440000
851	7678077316843947198825771737710329856.000000	-40.972435	0.460000
852	8445885048528342036767510983222493184.000000	-40.972435	0.510000
853	9290473553381177302976720727214915584.000000	-40.972435	0.490000
854	10219520908719296095806851445606580224.000000	-40.972435	0.400000
855	11241472999591225587328374518426107904.000000	-40.972435	0.480000
856	12365620299550348618297860257233240064.000000	-40.972435	0.440000
857	13602182329505383952364294569921085440.000000	-40.972435	0.500000
858	14962400562455923528192344744324497408.000000	-40.972435	0.430000
859	16458640618701518006076496510097293312.000000	-40.972435	0.430000
860	18104504680571671223394091022000586752.000000	-40.972435	0.500000
861	19914955148628840943035065702505512960.000000	-40.972435	0.510000
862	21906450663491726217930192990167367680.000000	-40.972435	0.440000
863	24097095729840898839723212289184104448.000000	-40.972435	0.590000
864	26506805302824989668168830092031557632.000000	-40.972435	0.540000
865	29157485833107492412878899396950884352.000000	-40.972435	0.410000
866	32073234416418243070876734197539536896.000000	-40.972435	0.430000
867	35280557858060071628094242199974182912.000000	-40.972435	0.470000
868	38808613643866082568796852715687772160.000000	-40.972435	0.540000
869	42689475008252697909226262291724369920.000000	-40.972435	0.480000
870	46958422509077972422515371390542020608.000000	-40.972435	0.500000
871	51654264759985775331606687973170479104.000000	-40.972435	0.490000
872	56819691235984355698187246492274655232.000000	-40.972435	0.510000
873	62501660359582795045899157437218291712.000000	-40.972435	0.450000
874	68751826395541078328382259476656291840.000000	-40.972435	0.560000
875	75627009035095190883586968293967134720.000000	-40.972435	0.490000
876	83189709938604714694312147993009061888.000000	-40.972435	0.510000
877	91508680932465196552949625105529438208.000000	-40.972435	0.480000
878	100659549025711731319817332798947065856.000000	-40.972435	0.510000
879	110725503928282915785478624965990285312.000000	-40.972435	0.530000
880	121798054321111220586652639497595912192.000000	-40.972435	0.510000
881	133977859753222346423211089743071674368.000000	-40.972435	0.540000
882	147375645728544596177104943900243525632.000000	-40.972435	0.510000
883	162113210301399069017441590325274476544.000000	-40.972435	0.510000
884	178324531331538992919705087688524693504.000000	-40.972435	0.410000
885	196156984464692899767461969048809504768.000000	-40.972435	0.470000
886	215772682911162223745246842615135993856.000000	-40.972435	0.500000
887	237349951202278476342917017242378960896.000000	-40.972435	0.480000
888	261084946322506354200354209332346224640.000000	-40.972435	0.470000
889	287193440954757008509855561744161701888.000000	-40.972435	0.500000
890	315912785050232724472413863101442555904.000000	-40.972435	0.490000
891	347504063555256023364907553481600008192.000000	-40.972435	0.520000
892	382254469910781648368757426604057034752.000000	-40.972435	0.550000
893	420479916901859873651924149995921473536.000000	-40.972435	0.550000
894	462527908592045891240262055361242988544.000000	-40.972435	0.460000
895	508780699451250487920074633488799629312.000000	-40.972435	0.490000
896	559658769396375597158373077569138327552.000000	-40.972435	0.500000
897	615624646336013217320501366057510895616.000000	-40.972435	0.430000
898	677187110969614607054628855986153062400.000000	-40.972435	0.480000
899	744905822066576181096887330456253497344.000000	-40.972435	0.490000
900	819396404273233844541294299050472898560.000000	-40.972435	0.500000
901	901336044700557304553287454869843607552.000000	-40.972435	0.440000
902	991469649170613171012770907002610122752.000000	-40.972435	0.530000
903	1090616614087674548560338978434329870336.000000	-40.972435	0.460000
904	1199678275496442109197382092557815644160.000000	-40.972435	0.400000
905	1319646103046086395674984027727920627712.000000	-40.972435	0.490000
906	1451610713350695171246637137146494844928.000000	-40.972435	0.560000
907	1596771784685764930156464773786979270656.000000	-40.972435	0.500000
908	1756448963154341453395256741531406565376.000000	-40.972435	0.530000
909	1932093859469775780073655357878923427840.000000	-40.972435	0.500000
910	2125303245416753660312475797324109447168.000000	-40.972435	0.540000
911	2337833569958429268128887299982355333120.000000	-40.972435	0.430000
912	2571616926954272497173230933637884542976.000000	-40.972435	0.460000
913	2828778619649700079345154421024696041472.000000	-40.972435	0.420000
914	3111656481614670449957415747515918057472.000000	-40.972435	0.490000
915	3422822129776137857630903206656262275072.000000	-40.972435	0.430000
916	3765104342753751703840284508053347237888.000000	-40.972435	0.500000
917	4141614777029127116009476881784516902912.000000	-40.972435	0.420000
918	4555776254732040492519625358009014681600.000000	-40.972435	0.560000
919	5011353880205244844003042797467209826304.000000	-40.972435	0.530000
920	5512489268225770355990293749648729309184.000000	-40.972435	0.520000
921	6063738195048348116944814893391107063808.000000	-40.972435	0.510000
922	6670112014553183774887370112970640064512.000000	-40.972435	0.510000
923	7337123216008503119516762815971043835904.000000	-40.972435	0.530000
924	8070835537609354156823930866345653043200.000000	-40.972435	0.500000
925	8877919091370290781432143567609393053696.000000	-40.972435	0.490000
926	9765711000507320343145685770222002241536.000000	-40.972435	0.400000
927	10742282100558052861030582193095872348160.000000	-40.972435	0.510000
928	11816510310613859960522369834349221642240.000000	-40.972435	0.440000
929	12998161341675245956574606817784143806464.000000	-40.972435	0.500000
930	14297977475842771277587559268340063010816.000000	-40.972435	0.500000
931	15727775223427048888916643041025739194368.000000	-40.972435	0.460000
932	17300552745769754019593471268054148055040.000000	-40.972435	0.420000
933	19030608020346730630478638009488737566720.000000	-40.972435	0.580000
934	20933668822381404902452321425066786029568.000000	-40.972435	0.450000
935	23027035704619546843408537105128474279936.000000	-40.972435	0.510000
936	25329739275081502011319718661492991590400.000000	-40.972435	0.490000
937	27862713202589652212451690527642290749440.000000	-40.972435	0.390000
938	30648984522848622269400138038923218649088.000000	-40.972435	0.460000
939	33713882975133485947051135380370550161408.000000	-40.972435	0.490000
940	37085271272646838410318871685220964237312.000000	-40.972435	0.530000
941	40793798399911525636343053774704749838336.000000	-40.972435	0.560000
942	44873178239902685937102604685801942941696.000000	-40.972435	0.470000
943	49360496063892957432234832229492156530688.000000	-40.972435	0.470000
944	54296545670282257044020938219254731243520.000000	-40.972435	0.600000
945	59726200237310482748423032041180204367872.000000	-40.972435	0.510000
946	65698820261041531990405990937001564569600.000000	-40.972435	0.460000
947	72268702287145694860853146947735118675968.000000	-40.972435	0.460000
948	79495572515860268215501084409321989603328.000000	-40.972435	0.490000
949	87445129767446308577020372534100945272832.000000	-40.972435	0.480000
950	96189642744190954908972900854764476039168.000000	-40.972435	0.520000
951	105808607018610054268432813707054282702848.000000	-40.972435	0.510000
952	116389467720471063563838717844573070032896.000000	-40.972435	0.480000
953	128028414492518177657347835162657095155712.000000	-40.972435	0.570000
954	140831255941770010897333109746176240910336.000000	-40.972435	0.420000
955	154914381535947019724191666254420583120896.000000	-40.972435	0.420000
956	170405819689541739105142635330522757201920.000000	-40.972435	0.440000
957	187446401658495922687063455780608430571520.000000	-40.972435	0.430000
958	206191041824345534298582915192736068927488.000000	-40.972435	0.420000
959	226810146006780110939816943312889830178816.000000	-40.972435	0.430000
960	249491160607458149113736997011872326615040.000000	-40.972435	0.410000
961	274440276668203983367923810547126354575360.000000	-40.972435	0.510000
962	301884304335024401047529305435905785331712.000000	-40.972435	0.490000
963	332072734768526875969345840880816595402752.000000	-40.972435	0.430000
964	365280008245379598383344029870218486480896.000000	-40.972435	0.500000
965	401808009069917565958803678390867053248512.000000	-40.972435	0.520000
966	441988809976909376714560764965340785410048.000000	-40.972435	0.480000
967	486187690974600376283018805730888608907264.000000	-40.972435	0.500000
968	534806460072060483545447896106617932873728.000000	-40.972435	0.440000
969	588287106079266555111368422318159880519680.000000	-40.972435	0.550000
970	647115816687193249308131492218109459169280.000000	-40.972435	0.390000
971	711827398355912574238944641439920405086208.000000	-40.972435	0.470000
972	783010138191503970931093525189193371746304.000000	-40.972435	0.490000
973	861311152010654476343956315178886762594304.000000	-40.972435	0.580000
974	947442267211719954926852928831282311331840.000000	-40.972435	0.460000
975	1042186493932892105162043132386944904855552.000000	-40.972435	0.430000
976	1146405143326181331152497936692892831580160.000000	-40.972435	0.610000
977	1261045657658799619010252641034716477128704.000000	-40.972435	0.470000
978	1387150223424679766602283797945229359710208.000000	-40.972435	0.520000
979	1525865245767147727788261686672498859442176.000000	-40.972435	0.460000
980	1678451770343862624361091783877776235298816.000000	-40.972435	0.530000
981	1846296947378249165333709801476115711131648.000000	-40.972435	0.470000
982	2030926642116074298506587656565275389591552.000000	-40.972435	0.400000
983	2234019306327681975945254279297857908375552.000000	-40.972435	0.600000
984	2457421236960450421127787564303698679037952.000000	-40.972435	0.540000
985	2703163360656495710828574177810123526766592.000000	-40.972435	0.460000
986	2973479696722145374756934541994656496877568.000000	-40.972435	0.480000
987	3270827666394360283614639781808204616302592.000000	-40.972435	0.520000
988	3597910433033796869049121438410148782538752.000000	-40.972435	0.550000
989	3957701476337177113027051260672287365398528.000000	-40.972435	0.490000
990	4353471623970894886226758351008529846894592.000000	-40.972435	0.460000
991	4788818786367984931922451864530506536189952.000000	-40.972435	0.380000
992	5267700665004783672702704908059612169633792.000000	-40.972435	0.430000
993	5794470731505261978075973434596559641640960.000000	-40.972435	0.420000
994	6373917804655788794853590420746353055367168.000000	-40.972435	0.460000
995	7011309585121368664690980891125208280203264.000000	-40.972435	0.540000
996	7712440543633506026336094694389839067873280.000000	-40.972435	0.450000
997	8483684597996857247939723806518960424222720.000000	-40.972435	0.480000
998	9332053057796543591703715829860993916207104.000000	-40.972435	0.450000
999	10265258363576198446050103126999203267477504.000000	-40.972435	0.500000
1000	11291784199933819404801148796541371003437056.000000	-40.972435	0.410000
1001	12420962619927202088045287247423673043255296.000000	-40.972435	0.490000
1002	13663058881919923039613839543394205287055360.000000	-40.972435	0.530000
1003	15029364770111915343575223497733625815760896.000000	-40.972435	0.480000
1004	16532301247123108858636808704115428235935744.000000	-40.972435	0.450000
1005	18185531371835421477616544574059355918303232.000000	-40.972435	0.600000
1006	20004084509018965110906246173921621389082624.000000	-40.972435	0.530000
1007	22004492959920864593052965076226443285889024.000000	-40.972435	0.390000
1008	24204942255912954023414355868761747372376064.000000	-40.972435	0.540000
1009	26625436481504252396811885740550581867511808.000000	-40.972435	0.470000
1010	29287980129654681102725184313670409771810816.000000	-40.972435	0.460000
1011	32216778142620151193701765601645890587590656.000000	-40.972435	0.540000
1012	35438455956882170769656083589179469283196928.000000	-40.972435	0.490000
1013	38982301552570391312853801947162185929064448.000000	-40.972435	0.480000
1014	42880531707827431434491213570182624441270272.000000	-40.972435	0.550000
1015	47168584878610178539348460640417766562594816.000000	-40.972435	0.540000
1016	51885443366471203325747526702589082653949952.000000	-40.972435	0.440000
1017	57073987703118327619730405086064870596542464.000000	-40.972435	0.490000
1018	62781386473430163352759539879584017414094848.000000	-40.972435	0.460000
1019	69059525120773180678387525295846639074803712.000000	-40.972435	0.490000
1020	75965477632850507659394560680169282255978496.000000	-40.972435	0.440000
1021	83562025396135565357798236746315749916672000.000000	-40.972435	0.560000
1022	91918227935749136748858531845510623697829888.000000	-40.972435	0.440000
1023	101110050729324056365856573599887005583409152.000000	-40.972435	0.520000
1024	111221055802256465963850356673092585818947584.000000	-40.972435	0.500000
1025	122343161382482130386571958049877802948231168.000000	-40.972435	0.510000
1026	134577477520730359270861656707733101951844352.000000	-40.972435	0.510000
1027	148035225272803399159355948091723291824226304.000000	-40.972435	0.530000
1028	162838747800083746998107794327329380361043968.000000	-40.972435	0.520000
1029	179122622580092127640030762329887637912944640.000000	-40.972435	0.460000
1030	197034884838101340404033838562876401704239104.000000	-40.972435	0.500000
1031	216738373321911482367253473845597801229058048.000000	-40.972435	0.470000
1032	238412210654102646449611324083025100060753920.000000	-40.972435	0.530000
1033	262253431719512930901613085057412008452816896.000000	-40.972435	0.500000
1034	288478774891464235875998770702803848329691136.000000	-40.972435	0.570000
1035	317326652380610671347823024912734872194252800.000000	-40.972435	0.400000
1036	349059317618671778096686584536177156185653248.000000	-40.972435	0.400000
1037	383965249380538951944947117276577992127021056.000000	-40.972435	0.510000
1038	422361774318592878830706834709970828757303296.000000	-40.972435	0.480000
1039	464597951750452198405042523886702949050613760.000000	-40.972435	0.440000
1040	511057746925497457859628033407542040727650304.000000	-40.972435	0.540000
1041	562163521618047211568407088174730004154810368.000000	-40.972435	0.500000
1042	618379873779851988184961556977239320051056640.000000	-40.972435	0.560000
1043	680217861157837226617538969807132048828137472.000000	-40.972435	0.470000
1044	748239647273621012661822878199315328546111488.000000	-40.972435	0.430000
1045	823063612000983209001800183136451973653463040.000000	-40.972435	0.520000
1046	905369973201081529901980201450097171018809344.000000	-40.972435	0.540000
1047	995906970521189730429075730153709444247060480.000000	-40.972435	0.530000
1048	1095497667573308861928308331697755575759667200.000000	-40.972435	0.320000
1049	1205047434330639906577464193396206320423534592.000000	-40.972435	0.500000
1050	1325552177763704039845903138411634620844998656.000000	-40.972435	0.520000
1051	1458107395540074713206246000751545900978929664.000000	-40.972435	0.370000
1052	1603918135094082469748255652178315827835043840.000000	-40.972435	0.590000
1053	1764309948603490716723081217396147410618548224.000000	-40.972435	0.550000
1054	1940740943463839915160449361958702301350723584.000000	-40.972435	0.540000
1055	2134815037810224191897879349506187868244017152.000000	-40.972435	0.500000
1056	2348296541591246674470197295868276729903579136.000000	-40.972435	0.540000
1057	2583126195750371690521132088218189814487318528.000000	-40.972435	0.490000
1058	2841438815325408954647040314157213908188790784.000000	-40.972435	0.520000
1059	3125582696857950293789454425453225822853791744.000000	-40.972435	0.460000
1060	3438140966543745449933459890821488554809491456.000000	-40.972435	0.500000
1061	3781955063198120185074395914138047634795921408.000000	-40.972435	0.480000
1062	4160150569517932457111955551197732697616154624.000000	-40.972435	0.500000
1063	4576165626469725829588211129140446117048090624.000000	-40.972435	0.340000
1064	5033782189116698856224742321934781252599021568.000000	-40.972435	0.580000
1065	5537160408028369312289986656831490051375366144.000000	-40.972435	0.430000
1066	6090876448831207321021995516509630328710627328.000000	-40.972435	0.480000
1067	6699964093714328306654315113806473660922331136.000000	-40.972435	0.460000
1068	7369960503085762278205286830593582374047449088.000000	-40.972435	0.490000
1069	8106956553394338759555935559298820910792835072.000000	-40.972435	0.510000
1070	8917652208733773649632009297812224199234682880.000000	-40.972435	0.450000
1071	9809417429607152282245810455822848115861356544.000000	-40.972435	0.460000
1072	10790359172567868904886051752457474573821018112.000000	-40.972435	0.450000
1073	11869395089824657443320437224401443976917286912.000000	-40.972435	0.570000
1074	13056334598807124201772961129425109571971579904.000000	-40.972435	0.470000
1075	14361968058687838650191217607534662923893866496.000000	-40.972435	0.440000
1076	15798164864556624289921179687809291311667740672.000000	-40.972435	0.540000
1077	17377981351012289000684378067403143136900284416.000000	-40.972435	0.540000
1078	19115779486113518407813055965435218049271595008.000000	-40.972435	0.510000
1079	21027357434724873037425682064083423146945806336.000000	-40.972435	0.410000
1080	23130093178197360848228490361783526060321669120.000000	-40.972435	0.480000
1081	25443102496017096933051339397961878666353836032.000000	-40.972435	0.420000
1082	27987412745618807640476953520341587730351783936.000000	-40.972435	0.450000
1083	30786154020180691446886089420126310095474655232.000000	-40.972435	0.520000
1084	33864769422198761605695178544722462302384685056.000000	-40.972435	0.450000
1085	37251246364418638273324936490486469131304435712.000000	-40.972435	0.520000
1086	40976371000860505650079110778577440235203854336.000000	-40.972435	0.460000
1087	45074008100946561792749662860644550844218343424.000000	-40.972435	0.580000
1088	49581408911041222535566789968334851316771717120.000000	-40.972435	0.470000
1089	54539549802145344789123468965168336448448888832.000000	-40.972435	0.560000
1090	59993504782359885352758696957186297277469163520.000000	-40.972435	0.440000
1091	65992855260595884029239368478740138978841722880.000000	-40.972435	0.470000
1092	72592140786655482573368107152449364850351538176.000000	-40.972435	0.510000
1093	79851354865321038943668759328362470914287206400.000000	-40.972435	0.440000
1094	87836490351853147908638036174116323992528748544.000000	-40.972435	0.520000
1095	96620139387038469798345201069612604773319573504.000000	-40.972435	0.410000
1096	106282153325742318806420681541740907645376659456.000000	-40.972435	0.530000
1097	116910368658316558800026591156583167988814839808.000000	-40.972435	0.400000
1098	128601405524148228877715972828410781550772224000.000000	-40.972435	0.510000
1099	141461546076563061906692371937087071679475089408.000000	-40.972435	0.550000
1100	155607700684219372153843529861129863636872855552.000000	-40.972435	0.550000
1101	171168470752641315453950763942743977184735526912.000000	-40.972435	0.470000
1102	188285317827905473366478325084189926034635751424.000000	-40.972435	0.480000
1103	207113849610696032872571919783611173006450098176.000000	-40.972435	0.550000
1104	227825234571765664555202556874310883833246908416.000000	-40.972435	0.500000
1105	250607758028942259406096257674080565742723399680.000000	-40.972435	0.470000
1106	275668533831836525911525090744829470211498311680.000000	-40.972435	0.430000
1107	303235387215020198785087203470982841179899428864.000000	-40.972435	0.480000
1108	333558925936522251115451289660753803613491429376.000000	-40.972435	0.580000
1109	366914818530174504622369863739167777500992372736.000000	-40.972435	0.510000
1110	403606300383191963197570691573752724829992124416.000000	-40.972435	0.460000
1111	443966930421511167630291602191796166891891851264.000000	-40.972435	0.510000
1112	488363623463662316845176128253648461896683094016.000000	-40.972435	0.580000
1113	537199985810028556642657582539681477665251917824.000000	-40.972435	0.560000
1114	590919984391031444758778706636322303747379167232.000000	-40.972435	0.380000
1115	650011982830134646025403467524631721174420684800.000000	-40.972435	0.410000
1116	715013181113148191757582228883776589080867897344.000000	-40.972435	0.450000
1117	786514499224463002820376610311486078410054172672.000000	-40.972435	0.440000
1118	865165949146909319328341954263971025408860618752.000000	-40.972435	0.510000
1119	951682544061600267487103832611704467107547709440.000000	-40.972435	0.470000
1120	1046850798467760375365452630479556609607307624448.000000	-40.972435	0.530000
1121	1151535878314536558935347039819539322988247646208.000000	-40.972435	0.570000
1122	1266689466145990360862230890093520307707281670144.000000	-40.972435	0.590000
1123	1393358412760589510529947759552226712582617038848.000000	-40.972435	0.510000
1124	1532694254036648688745930096406158132050093146112.000000	-40.972435	0.360000
1125	1685963679440313817235366032788155371779918921728.000000	-40.972435	0.350000
1126	1854560047384345426121890196965679657167125217280.000000	-40.972435	0.470000
1127	2040016052122780130993356045875611014461848027136.000000	-40.972435	0.400000
1128	2244017657335058436159389943047226220748451348480.000000	-40.972435	0.480000
1129	2468419423068564442034605766565312234401306771456.000000	-40.972435	0.530000
1130	2715261365375421178304764635805897562681855967232.000000	-40.972435	0.550000
1131	2986787501912963555750084026127868745474858024960.000000	-40.972435	0.500000
1132	3285466252104259911325092428740655620022343827456.000000	-40.972435	0.510000
1133	3614012877314686032265023134985411895286986440704.000000	-40.972435	0.450000
1134	3975414165046155154721211301966715937865318006784.000000	-40.972435	0.460000
1135	4372955581550770864904464627219423601545462153216.000000	-40.972435	0.410000
1136	4810251139705848405720886211738783458118437175296.000000	-40.972435	0.500000
1137	5291276253676433376100396296283352517192689123328.000000	-40.972435	0.500000
1138	5820403879044077103132700316023759908699182727168.000000	-40.972435	0.400000
1139	6402444266948484878349681079311481256200305115136.000000	-40.972435	0.520000
1140	7042688693643333495992070650613320095082743857152.000000	-40.972435	0.530000
1141	7746957563007667105206120642416033531115834703872.000000	-40.972435	0.440000
1142	8521653319308434724378682950252471877064275787776.000000	-40.972435	0.520000
1143	9373818651239278326623972708648409778033111597056.000000	-40.972435	0.500000
1144	10311200516363207587168006076590848601722913292288.000000	-40.972435	0.460000
1145	11342320567999529384344178391215459167994470465536.000000	-40.972435	0.530000
1146	12476552624799483101623125010561149364368366895104.000000	-40.972435	0.510000
1147	13724207887279431931015123365100027153854836506624.000000	-40.972435	0.510000
1148	15096628676007375643346321555092792722289953079296.000000	-40.972435	0.500000
1149	16606291543608113986525482490826216274093397770240.000000	-40.972435	0.430000
1150	18266920697968927981326460007322652166750902157312.000000	-40.972435	0.470000
1151	20093612767765823635222378202210113075198973444096.000000	-40.972435	0.450000
1152	22102974044542406777589144802655268662293320171520.000000	-40.972435	0.440000
1153	24313271448996651349570703184041516926394899103744.000000	-40.972435	0.430000
1154	26744598593896317003757459355928431472084021936128.000000	-40.972435	0.540000
1155	29419058453285949742592576998486800325391689973760.000000	-40.972435	0.560000
1156	32360964298614547313000263965749294623179023581184.000000	-40.972435	0.530000
1157	35597060728476005159678405483220801203794723471360.000000	-40.972435	0.480000
1158	39156766801323608271794675298956695589422360428544.000000	-40.972435	0.430000
1159	43072443481455972214352257949748942266662394003456.000000	-40.972435	0.470000
1160	47379687829601576705003085693482516436023494311936.000000	-40.972435	0.510000
1161	52117656612561736452422137676761819491824375431168.000000	-40.972435	0.380000
1162	57329422273817916328420581686231155677602408038400.000000	-40.972435	0.480000
1163	63062364501199713153559498389681899775858978062336.000000	-40.972435	0.520000
1164	69368600951319686545834191642581141165643407556608.000000	-40.972435	0.520000
1165	76305461046451661431173841048632409518803343376384.000000	-40.972435	0.440000
1166	83936007151096835881966198809219856119477804466176.000000	-40.972435	0.510000
1167	92329607866206531931675279173728150204616775041024.000000	-40.972435	0.460000
1168	101562568652827183047924063677169913812879920857088.000000	-40.972435	0.530000
1169	111718825518109907583472700286680059430763508006912.000000	-40.972435	0.390000
1170	122890708069920902495657457143210168198236922183680.000000	-40.972435	0.490000
1171	135179778876913013514410636996841699140045931282432.000000	-40.972435	0.520000
1172	148697756764604319019689187524387971878447587786752.000000	-40.972435	0.590000
1173	163567532441064755075495593104688871890689409941504.000000	-40.972435	0.510000
1174	179924285685171249275313843140537221789545136128000.000000	-40.972435	0.570000
1175	197916714253688405356626378663556715151477625061376.000000	-40.972435	0.470000
1176	217708385679057279122988911152809209261801894576128.000000	-40.972435	0.560000
1177	239479224246963044419825183718849055607555654418432.000000	-40.972435	0.540000
1178	263427146671659353015645188918596063992708283236352.000000	-40.972435	0.480000
1179	289769861338825313240234628777628287338361491816448.000000	-40.972435	0.430000
1180	318746847472707881948795473106150041491771211382784.000000	-40.972435	0.470000
1181	350621532219978678451349994072489251289742459273216.000000	-40.972435	0.510000
1182	385683685441976558757997453963324484891907895328768.000000	-40.972435	0.560000
1183	424252053986174272787522014949726372922657572126720.000000	-40.972435	0.500000
1184	466677259384791700066274216444699010214923329339392.000000	-40.972435	0.500000
1185	513344985323270936534301427334962556426768676290560.000000	-40.972435	0.470000
1186	564679483855598113264481306625700868557386811441152.000000	-40.972435	0.580000
1187	621147432241157949513954358255443572359507872841728.000000	-40.972435	0.420000
1188	683262175465273761080699741392436340893046913630208.000000	-40.972435	0.380000
1189	751588393011801278419244267678991471011851759779840.000000	-40.972435	0.460000
1190	826747232312981489337918431004132674600978203279360.000000	-40.972435	0.410000
1191	909421955544279638271710274104545942061076023607296.000000	-40.972435	0.570000
1192	1000364151098707635329581196137897358862360132976640.000000	-40.972435	0.450000
1193	1100400566208578565016038788866171207724478681317376.000000	-40.972435	0.540000
1194	1210440622829436537825092298932927207580044323979264.000000	-40.972435	0.570000
1195	1331484685112380241453651370760565162230813516890112.000000	-40.972435	0.510000
1196	1464633153623618332060416297082415323644247882596352.000000	-40.972435	0.450000
1197	1611096468985980397881357189150934614174908219916288.000000	-40.972435	0.520000
1198	1772206115884578703515092065049202656353811097976832.000000	-40.972435	0.500000
1199	1949426727473036640328001060799916567179545221791744.000000	-40.972435	0.530000
1200	2144369400220340437283600745371495514278205772005376.000000	-40.972435	0.540000
1201	2358806340242374514242660714531541888301202856214528.000000	-40.972435	0.430000
1202	2594686974266612065359026469853386544916852662861824.000000	-40.972435	0.410000
1203	2854155671693273404817728695330312489789243957182464.000000	-40.972435	0.420000
1204	3139571238862600878222301143354931029148874380935168.000000	-40.972435	0.470000
1205	3453528362748861564197129360902566938776938945183744.000000	-40.972435	0.520000
1206	3798881199023748185846640821713379148987103937822720.000000	-40.972435	0.450000
1207	4178769318926123669045302796342653515789344471777280.000000	-40.972435	0.470000
1208	4596646250818736700563830968434855319271809059127296.000000	-40.972435	0.490000
1209	5056310875900610570004413433015721786770049007091712.000000	-40.972435	0.470000
1210	5561941963490672358080252458021024062540937061990400.000000	-40.972435	0.500000
1211	6118136159839739926195276650052094694746795838275584.000000	-40.972435	0.400000
1212	6729949775823714716351601786006827906505711590309888.000000	-40.972435	0.520000
1213	7402944753406086453832361121590685277917694805409792.000000	-40.972435	0.520000
1214	8143239228746696162597993861682452128755112510226432.000000	-40.972435	0.560000
1215	8957563151621366177626191983325459212772741845352448.000000	-40.972435	0.500000
1216	9853319466783503725848408231099116166714958226128896.000000	-40.972435	0.520000
1217	10838651413461855294738445260633313396812808301051904.000000	-40.972435	0.490000
1218	11922516554808041621749087257646168478778325299363840.000000	-40.972435	0.480000
1219	13114768210288847777765989660784594682366748249817088.000000	-40.972435	0.490000
1220	14426245031317734150616183568762101635171895411212288.000000	-40.972435	0.550000
1221	15868869534449507831523401082621486379450497008402432.000000	-40.972435	0.470000
1222	17455756487894459678058137818816333340441194933518336.000000	-40.972435	0.550000
1223	19201332136683906177555149914664315836008138539008000.000000	-40.972435	0.460000
1224	21121465350352299453766656475962493227223072953597952.000000	-40.972435	0.520000
1225	23233611885387531791753714536407313776798088753577984.000000	-40.972435	0.460000
1226	25556973073926287097693879245913441800569194077487104.000000	-40.972435	0.520000
1227	28112670381318917934228060426370182626717409933787136.000000	-40.972435	0.390000
1228	30923937419450810259342064782973550050911975039303680.000000	-40.972435	0.400000
1229	34016331161395896602188254400934396671231413664612352.000000	-40.972435	0.550000
1230	37417964277535489984245468038792280469014323816038400.000000	-40.972435	0.440000
1231	41159760705289044299581997982335000131143997319020544.000000	-40.972435	0.430000
1232	45275736775817953514760982606265642597963814060163072.000000	-40.972435	0.490000
1233	49803310453399752588075469064656650988419964251144192.000000	-40.972435	0.530000
1234	54783641498739728910265412599055014410307608900534272.000000	-40.972435	0.450000
1235	60262005648613702864674350486893214174384018014863360.000000	-40.972435	0.480000
1236	66288206213475078468053768675246027207050660937728000.000000	-40.972435	0.490000
1237	72917026834822591631771128682434121542983968152879104.000000	-40.972435	0.510000
1238	80208729518304852921713034806542930343373661416718336.000000	-40.972435	0.450000
1239	88229602470135341404031528170995318346847972231217152.000000	-40.972435	0.460000
1240	97052562717148887241641043895354531735034899921371136.000000	-40.972435	0.470000
1241	106757818988863795106688287587678554723360057950470144.000000	-40.972435	0.470000
1242	117433600887750176744121909602311806841787360194068480.000000	-40.972435	0.500000
1243	129176960976525194418534100562542987525966096213475328.000000	-40.972435	0.470000
1244	142094657074177718113917097130528079570745298731925504.000000	-40.972435	0.480000
1245	156304122781595502685897566378773267404367607296425984.000000	-40.972435	0.530000
1246	171934535059755076348900048831169957251808628960133120.000000	-40.972435	0.450000
1247	189127988565730594617614019993613936207445974098903040.000000	-40.972435	0.510000
1248	208040787422303654079375421992975329828190571508793344.000000	-40.972435	0.470000
1249	228844866164534032247901723727465242687557407350980608.000000	-40.972435	0.600000
1250	251729352780987460993869415170596526709408705468694528.000000	-40.972435	0.440000
1251	276902288059086211346785943199386972672532168912666624.000000	-40.972435	0.470000
1252	304592516864994866509701229613172016277246128980754432.000000	-40.972435	0.480000
1253	335051768551494370174789698621412391073701113467240448.000000	-40.972435	0.540000
1254	368556945406643832713446187553938389934166782196580352.000000	-40.972435	0.450000
1255	405412639947308254266557084914909368557226796490162176.000000	-40.972435	0.410000
1256	445953903942039088200271966429861891997314661933383680.000000	-40.972435	0.490000
1257	490549294336242997020299163072848081197046128126722048.000000	-40.972435	0.510000
1258	539604223769867364778802463567825581991672227293036544.000000	-40.972435	0.520000
1259	593564646146854135284919402018454486528300193199161344.000000	-40.972435	0.450000
1260	652921110761539625376943899431454214440416884666925056.000000	-40.972435	0.500000
1261	718213221837693681492289192632677088312475616869875712.000000	-40.972435	0.510000
1262	790034544021463194261524053294791769077931337058353152.000000	-40.972435	0.490000
1263	869037998423609530701794804671194119154454842352599040.000000	-40.972435	0.480000
1264	955941798265970568842566015372929396913552184529911808.000000	-40.972435	0.590000
1265	1051535978092567693783296001097915029279828889336545280.000000	-40.972435	0.520000
1266	1156689575901824633302809061676938263895115494154305536.000000	-40.972435	0.500000
1267	1272358533492007232746036736220017475634470016277020672.000000	-40.972435	0.470000
1268	1399594386841208058105350486123558262210299247435186176.000000	-40.972435	0.440000
1269	1539553825525329085099424033345915339624824002828042240.000000	-40.972435	0.420000
1270	1693509208077862163750549897149738605274610118994952192.000000	-40.972435	0.570000
1271	1862860128885648652351498423615483236501757076309016576.000000	-40.972435	0.430000
1272	2049146141774213653699595034352416945501775756647202816.000000	-40.972435	0.520000
1273	2254060755951635155182501306163044025401796305019207680.000000	-40.972435	0.430000
1274	2479466831546798840841934897248580159629279651405234176.000000	-40.972435	0.420000
1275	2727413514701478861039075155348823560942050589253042176.000000	-40.972435	0.420000
1276	3000154866171627053397112899728323034073402336769736704.000000	-40.972435	0.530000
1277	3300170352788790133047427802733465147192810745391742976.000000	-40.972435	0.530000
1278	3630187388067669622747484272320660510636542224406413312.000000	-40.972435	0.520000
1279	3993206126874436857248126236303497332399882392261623808.000000	-40.972435	0.490000
1280	4392526739561880611029412244121539758314792117841428480.000000	-40.972435	0.440000
1281	4831779413518069352697087310410620660895486193161994240.000000	-40.972435	0.490000
1282	5314957354869876628249162962390146190359642244246405120.000000	-40.972435	0.470000
1283	5846453090356864631356446179567624272770213900439257088.000000	-40.972435	0.490000
1284	6431098399392551843113298023589006319471371640373248000.000000	-40.972435	0.430000
1285	7074208239331807707989361667824833878167723667946995712.000000	-40.972435	0.500000
1286	7781629063264988751014191371358088036684181980156264448.000000	-40.972435	0.490000
1287	8559791969591488034454450813620052996402129096293744640.000000	-40.972435	0.440000
1288	9415771166550637518464629736858985222791556869459542016.000000	-40.972435	0.490000
1289	10357348283205702086988773320797196057169770392649203712.000000	-40.972435	0.430000
1290	11393083111526273248478278031504613360335648240865116160.000000	-40.972435	0.500000
1291	12532391422678901253890839676532001623118427928488050688.000000	-40.972435	0.440000
1292	13785630564946793829312965474942138721727444230067978240.000000	-40.972435	0.450000
1293	15164193621441473212244262022436352593900188653074776064.000000	-40.972435	0.470000
1294	16680612983585622439049942981935383248188009136284237824.000000	-40.972435	0.540000
1295	18348674281944186588536192037384316967904611667814645760.000000	-40.972435	0.560000
1296	20183541710138607969648746608630456371691932288741801984.000000	-40.972435	0.540000
1297	22201895881152469311065408342995043550260497408445120512.000000	-40.972435	0.490000
1298	24422085469267717875527310397799172529484662821777047552.000000	-40.972435	0.460000
1299	26864294016194491296435402658083714406631244776442167296.000000	-40.972435	0.450000
1300	29550723417813945326145026585405959719888716271548628992.000000	-40.972435	0.460000
1301	32505795759595341492114890464451180316075703571190906880.000000	-40.972435	0.440000
1302	35756375335554881085844250245911713761676992836601380864.000000	-40.972435	0.540000
1303	39332012869110372461139397711512134386240923465236348928.000000	-40.972435	0.410000
1304	43265214156021413518415846997174138614660619047563952128.000000	-40.972435	0.490000
1305	47591735571623558681419941211402343265922284188124315648.000000	-40.972435	0.510000
1306	52350909128785915638465509479545660675313256388595023872.000000	-40.972435	0.360000
1307	57586000041664511557926357015512559074039557154087632896.000000	-40.972435	0.420000
1308	63344600045830970336044011746085396561034719341104332800.000000	-40.972435	0.470000
1309	69679060050414078258684154390724767045125629091797532672.000000	-40.972435	0.490000
1310	76646966055455495884684737152824991494826886035901775872.000000	-40.972435	0.490000
1311	84311662661001049828767507456119822975504549766125060096.000000	-40.972435	0.470000
1312	92742828927101162433969277230753386852646211214345502720.000000	-40.972435	0.440000
1313	102017111819811295010919817158874971779891989060654202880.000000	-40.972435	0.440000
1314	112218823001792424512011798874762468957881187966719623168.000000	-40.972435	0.580000
1315	123440705301971684385670165114288045178449207269924012032.000000	-40.972435	0.410000
1316	135784775832168868068887219683760012855476540940132286464.000000	-40.972435	0.510000
1317	149363253415385774476040276298191509631401583103994494976.000000	-40.972435	0.500000
1318	164299578756924364990487193692047657588126666794293264384.000000	-40.972435	0.430000
1319	180729536632616821089800247707307918837316721543571570688.000000	-40.972435	0.440000
1320	198802490295878509732201717360057209217840856387878387712.000000	-40.972435	0.460000
1321	218682739325466365061036185684075262470819917153299333120.000000	-40.972435	0.400000
1322	240551013258013023345211287192544450373876784501794799616.000000	-40.972435	0.430000
1323	264606114583814338746575305675835892404849388331873599488.000000	-40.972435	0.550000
1324	291066726042195790043690022595468810970114227671593385984.000000	-40.972435	0.400000
1325	320173398646415377759287618031040356729515600692018937856.000000	-40.972435	0.440000
1326	352190738511056928602059269598181389396052086141120151552.000000	-40.972435	0.440000
1327	387409812362162647595950976086073522322827145515030806528.000000	-40.972435	0.520000
1328	426150793598378907999931777106668542223914884939900780544.000000	-40.972435	0.390000
1329	468765872958216851067296513873483384420646074953488138240.000000	-40.972435	0.530000
1330	515642460254038579730169131140955046174660433715168018432.000000	-40.972435	0.570000
1331	567206706279442507393014789663247868091246079112814526464.000000	-40.972435	0.400000
1332	623927376907386810399687827685720642874710388543693258752.000000	-40.972435	0.530000
1333	686320114598125561129485355862490024461301029424192290816.000000	-40.972435	0.500000
1334	754952126057938195643491230032961008868940684646007439360.000000	-40.972435	0.450000
1335	830447338663732145876269250676627079691684006909601382400.000000	-40.972435	0.440000
1336	913492072530105360463896175744289787660852407600561520640.000000	-40.972435	0.490000
1337	1004841279783115896510285793318718766426937648360617672704.000000	-40.972435	0.410000
1338	1105325407761427625540971863466985277667870617248938852352.000000	-40.972435	0.570000
1339	1215857948537570544897183726982127769357676783532624576512.000000	-40.972435	0.450000
1340	1337443743391327756189016776848784510216463566444678873088.000000	-40.972435	0.480000
1341	1471188117730460723454947504406205583810688828661003452416.000000	-40.972435	0.530000
1342	1618306929503506830645356627550924800841317512540168650752.000000	-40.972435	0.510000
1343	1780137622453857757624292899234707891472367870885639487488.000000	-40.972435	0.450000
1344	1958151384699243812146037170790967949816083066078722260992.000000	-40.972435	0.440000
1345	2153966523169168263050469633278262062096810974712724193280.000000	-40.972435	0.500000
1346	2369363175486085263580088460126581561554291077249320878080.000000	-40.972435	0.570000
1347	2606299493034693964162669169659733010957519190039577231360.000000	-40.972435	0.570000
1348	2866929442338163534803507950146199605301070114108859219968.000000	-40.972435	0.550000
1349	3153622386571980341267745590314102128275454538689588232192.000000	-40.972435	0.490000
1350	3468984625229178445084348894753709658402119594584676761600.000000	-40.972435	0.460000
1351	3815883087752096289592783784229080624242331554043144437760.000000	-40.972435	0.500000
1352	4197471396527306267001205889692975273162162719578107412480.000000	-40.972435	0.460000
1353	4617218536180037242150470205703259386973977001666566684672.000000	-40.972435	0.470000
1354	5078940389798041384504489698722769229466092313990001590272.000000	-40.972435	0.620000
1355	5586834428777845941093911141044230056207419157545779986432.000000	-40.972435	0.540000
1356	6145517871655630953342274727597836965622878685457136222208.000000	-40.972435	0.410000
1357	6760069658821194327435817181990409931381644962107368669184.000000	-40.972435	0.490000
1358	7436076624703314596457343845087818732109244682631662010368.000000	-40.972435	0.480000
1359	8179684287173647031760680665311363047507843579260644098048.000000	-40.972435	0.500000
1360	8997652715891012710594351167557261794446302365552524394496.000000	-40.972435	0.500000
1361	9897417987480115236070703701660539685275085438578111545344.000000	-40.972435	0.510000
1362	10887159786228127595955719016724961461392029206749479174144.000000	-40.972435	0.480000
1363	11975875764850941191829235863295825415120667351737983565824.000000	-40.972435	0.430000
1364	13173463341336036147290104394523775764222169311225338396672.000000	-40.972435	0.450000
1365	14490809675469640877056374760507310417430299874765947535360.000000	-40.972435	0.500000
1366	15939890643016606358558587144721987805155721902765136412672.000000	-40.972435	0.490000
1367	17533879707318269503248280693889290008439599765982319476736.000000	-40.972435	0.390000
1368	19287267678050097011091738726543797547676516558789589073920.000000	-40.972435	0.580000
1369	21215994445855109499794062415526069994408952295713736228864.000000	-40.972435	0.520000
1370	23337593890440621286051413601977044801439282749598666326016.000000	-40.972435	0.460000
1371	25671353279484688153564909649932166857923343962335352979456.000000	-40.972435	0.460000
1372	28238488607433160314033180394518854774073419255823114174464.000000	-40.972435	0.460000
1373	31062337468176481363104168103360947097017372527286764437504.000000	-40.972435	0.300000
1374	34168571214994134517082254583087248652255721125896779726848.000000	-40.972435	0.530000
1375	37585428336493549641346369931192709132660163687113570648064.000000	-40.972435	0.530000
1376	41343971170142906835555526777374294199498007320661078310912.000000	-40.972435	0.430000
1377	45478368287157198634148339381642880696233721685145261441024.000000	-40.972435	0.440000
1378	50026205115872920727637693172869482919428921118495938183168.000000	-40.972435	0.430000
1379	55028825627460217260550502196281059518515467760017833197568.000000	-40.972435	0.600000
1380	60531708190206249021940891754689579161440237227782294208512.000000	-40.972435	0.440000
1381	66584879009226880614358540489345479538299742745068975423488.000000	-40.972435	0.520000
1382	73243366910149573135943434244404655799273371549248174161920.000000	-40.972435	0.460000
1383	80567703601164541599910376934156692147059845028353744568320.000000	-40.972435	0.450000
1384	88624473961281006910274013892883932129624965855369872015360.000000	-40.972435	0.460000
1385	97486921357409118751674014547483896110446598765087612207104.000000	-40.972435	0.470000
1386	107235613493150038432102235487950385258992654068522900520960.000000	-40.972435	0.550000
1387	117959174842465053425685058302056994552751055799555943563264.000000	-40.972435	0.500000
1388	129755092326711572148700683250636578929457124968528441507840.000000	-40.972435	0.540000
1389	142730601559382740513943350841011807590261973789562038648832.000000	-40.972435	0.430000
1390	157003661715321032405933844749611501577862789287207447298048.000000	-40.972435	0.450000
1391	172704027886853140106676268930697280042792722745600493223936.000000	-40.972435	0.340000
1392	189974430675538463037641975236016264661359304079505144938496.000000	-40.972435	0.460000
1393	208971873743092307111331652906555576973923407222619508834304.000000	-40.972435	0.600000
1394	229869061117401551202911937315585019592746711533898363305984.000000	-40.972435	0.430000
1395	252855967229141719703650250165517406473452346276305103224832.000000	-40.972435	0.440000
1396	278141563952055931815356632537190801885090471670986324312064.000000	-40.972435	0.480000
1397	305955720347261560678084613439906908530748755075463366311936.000000	-40.972435	0.450000
1398	336551292381987747966936352726769997533829212290715811315712.000000	-40.972435	0.540000
1399	370206421620186562904971345354568652051505024286838103212032.000000	-40.972435	0.580000
1400	407227063782205214735319440183900888949511872185849612337152.000000	-40.972435	0.380000
1401	447949770160425754049447543026789491073037677523123778355200.000000	-40.972435	0.520000
1402	492744747176468374055882694390714723251777990572159168151552.000000	-40.972435	0.430000
1403	542019221894115273903557519715530991876966953044787301711872.000000	-40.972435	0.500000
1404	596221144083526819134509430511582604293238266467955236667392.000000	-40.972435	0.460000
1405	655843258491879563490046929448485661022573256530162977079296.000000	-40.972435	0.480000
1406	721427584341067617962330495928076049881990981835969901101056.000000	-40.972435	0.570000
1407	793570342775174433280352021994379194555913934375634505564160.000000	-40.972435	0.520000
1408	872927377052691921209877621255063397082941873109920968081408.000000	-40.972435	0.560000
1409	960220114757961273896230812801056355848407623489115907948544.000000	-40.972435	0.460000
1410	1056242126233757526170027005852651584033270712668851932233728.000000	-40.972435	0.510000
1411	1161866338857133350149414341735910795350896256410493944594432.000000	-40.972435	0.480000
1412	1278052972742846792207932728856492954257433590763678567759872.000000	-40.972435	0.450000
1413	1405858270017131578472302954689133329054624658552181653241856.000000	-40.972435	0.510000
1414	1546444097018844879044302520754034767788684069356913456840704.000000	-40.972435	0.480000
1415	1701088506720729491832905884600927837167574803123429236015104.000000	-40.972435	0.540000
1416	1871197357392802476697388790710017647341481519673150569185280.000000	-40.972435	0.470000
1417	2058317093132082724367127669781019412075629671640465626103808.000000	-40.972435	0.470000
1418	2264148802445291068166225072057115406197491111279269007851520.000000	-40.972435	0.560000
1419	2490563682689820531794770755752797211388732584780980004323328.000000	-40.972435	0.530000
1420	2739620050958802834742594054871056117727650496920726871736320.000000	-40.972435	0.530000
1421	3013582056054683296622815048603146861786161727799691606753280.000000	-40.972435	0.460000
1422	3314940261660151804691058141708446680250524081766552815271936.000000	-40.972435	0.450000
1423	3646434287826167127884933226475279454104173434892721735073792.000000	-40.972435	0.380000
1424	4011077716608784126122965090314783611171784668281021185130496.000000	-40.972435	0.530000
1425	4412185488269663038271954046432220342689052442432421037604864.000000	-40.972435	0.430000
1426	4853404037096629912998226533459394800272345466473717694464000.000000	-40.972435	0.470000
1427	5338744440806293261109972363295304544871072375494873559597056.000000	-40.972435	0.500000
1428	5872618884886923086757662046710793369758268920367658649518080.000000	-40.972435	0.550000
1429	6459880773375615752245351427871842971305588174778208610156544.000000	-40.972435	0.470000
1430	7105868850713178611992810006022920220893519496801652215644160.000000	-40.972435	0.500000
1431	7816455735784497186815937359605152772125856171229385628581888.000000	-40.972435	0.450000
1432	8598101309362948047295685260333572895967217347948433297637376.000000	-40.972435	0.480000
1433	9457911440299242994750023056962918291392536027692790265675776.000000	-40.972435	0.550000
1434	10403702584329168150573640986235138755503371300159151121891328.000000	-40.972435	0.330000
1435	11444072842762085393805312896646616948539499265023607148904448.000000	-40.972435	0.480000
1436	12588480127038294361360151998099242960879240026374508778618880.000000	-40.972435	0.520000
1437	13847328139742123797496167197909167256967164029011959656480768.000000	-40.972435	0.530000
1438	15232060953716337319043938082467988829292655991509264728326144.000000	-40.972435	0.480000
1439	16755267049087971621847408973098740135536309370458245754257408.000000	-40.972435	0.550000
1440	18430793753996769925830304035176518995718715867100179435880448.000000	-40.972435	0.470000
1441	20273873129396448060211488603462075741919363013406306485665792.000000	-40.972435	0.500000
1442	22301260442336094578929868710960140586054462654141100793528320.000000	-40.972435	0.420000
1443	24531386486569706891318240993975916761231847818545483638374400.000000	-40.972435	0.540000
1444	26984525135226681862193143211253151612212940948885441150451712.000000	-40.972435	0.520000
1445	29682977648749351761109688779530324043377398383168148924792832.000000	-40.972435	0.480000
1446	32651275413624291504413274316554975834230240459869400242061312.000000	-40.972435	0.560000
1447	35916402954986722367551832995362330687596427845250503925563392.000000	-40.972435	0.480000
1448	39508043250485396317004247542050421026299233969169717977415680.000000	-40.972435	0.530000
1449	43458847575533938803200057708175225245501096265076962540650496.000000	-40.972435	0.500000
1450	47804732333087337821611757220448319579880695909767149772603392.000000	-40.972435	0.450000
1451	52585205566396079025460935013484533040955806638118573940146176.000000	-40.972435	0.410000
1452	57843726123035689211603336844368796038308938421122649546555392.000000	-40.972435	0.500000
1453	63628098735339268408947058011716819261798812299599896456986624.000000	-40.972435	0.500000
1454	69990908608873204384226997131031739961008898006328758952263680.000000	-40.972435	0.510000
1455	76989999469760536240631238491813962423397543402922725909463040.000000	-40.972435	0.510000
1456	84688999416736595573685133164834882898881175541195544031395840.000000	-40.972435	0.540000
1457	93157899358410260840044417305157895421913170893295643965521920.000000	-40.972435	0.500000
1458	102473689294251292633039629859513209197248365780605753893060608.000000	-40.972435	0.550000
1459	112721058223676434456123288657911483429889733514223529450536960.000000	-40.972435	0.580000
1460	123993164046044089319717159171381680239166462461606973457563648.000000	-40.972435	0.400000
1461	136392480450648516520459341724806325809143517661305416502476800.000000	-40.972435	0.420000
1462	150031728495713379590486817544966006856345625023397049214697472.000000	-40.972435	0.550000
1463	165034901345284733534709657606213275394783045360082281622929408.000000	-40.972435	0.500000
1464	181538391479813213738969548355442032014034003253667164422406144.000000	-40.972435	0.590000
1465	199692230627794544247251736509129473988467608055802753714225152.000000	-40.972435	0.460000
1466	219661453690574003239169526819114040773829471099767465510436864.000000	-40.972435	0.500000
1467	241627599059631412697471712819168683624242622686513084911058944.000000	-40.972435	0.440000
1468	265790358965594585937567200714586887692272600623855448375689216.000000	-40.972435	0.470000
1469	292369394862154081068864854058618531553620678593316484611571712.000000	-40.972435	0.460000
1470	321606334348369516578907039418910101028073359882954751621464064.000000	-40.972435	0.450000
1471	353766967783206477371182976678944349903910900348019099633188864.000000	-40.972435	0.560000
1472	389143664561527157078649590960340120599907706051512064570032128.000000	-40.972435	0.440000
1473	428058031017679868219321933397302513273383374418278834602246144.000000	-40.972435	0.500000
1474	470863834119447864175639360055176003373751916336875590912049152.000000	-40.972435	0.450000
1475	517950217531392677996358996015123320030217721400869768551989248.000000	-40.972435	0.460000
1476	569745239284531964064765362252922129579299902494494491106344960.000000	-40.972435	0.540000
1477	626719763212985206143168065068930536402380915127788304464871424.000000	-40.972435	0.510000
1478	689391739534283781563796271484683022680800233501180372008828928.000000	-40.972435	0.470000
1479	758330913487712223660872531860153996360091688188680519156760576.000000	-40.972435	0.430000
1480	834164004836483573908353051500174738818523719682312790966534144.000000	-40.972435	0.540000
1481	917580405320132077449352089740484033068859363278846035656441856.000000	-40.972435	0.600000
1482	1009338445852145321731828231987105391467866117513806130620399616.000000	-40.972435	0.430000
1483	1110272290437359981786404321639821273437075591939950963576537088.000000	-40.972435	0.610000
1484	1221299519481095998233815220440089878326843560087483805633347584.000000	-40.972435	0.360000
1485	1343429471429205652863508142392958298797709142956845423294152704.000000	-40.972435	0.470000
1486	1477772418572126272956170356541113561315661284113143202721038336.000000	-40.972435	0.420000
1487	1625549660429339119477032991830662647999952319966910471383023616.000000	-40.972435	0.450000
1488	1788104626472273067962277224286301867892068369870677009919639552.000000	-40.972435	0.490000
1489	1966915089119500630521291479622942740326120932207273150699798528.000000	-40.972435	0.600000
1490	2163606598031450985873748093765820655095699568684604396956286976.000000	-40.972435	0.470000
1491	2379967257834596120998663836414975675697390343460140328050229248.000000	-40.972435	0.460000
1492	2617963983618055842711153019874192108543491831527380835050192896.000000	-40.972435	0.440000
1493	2879760381979861646207513921497049049950565922122571866945093632.000000	-40.972435	0.470000
1494	3167736420177848066591051846554764640590468239684357493427798016.000000	-40.972435	0.500000
1495	3484510062195633275163107297208543610662844060630623648152027136.000000	-40.972435	0.510000
1496	3832961068415196821904663626564835702281853374136138961357111296.000000	-40.972435	0.460000
1497	4216257175256716723320375588856757003062763618992205805882703872.000000	-40.972435	0.450000
1498	4637882892782388468727495014287578613553281616705577369267601408.000000	-40.972435	0.460000
1499	5101671182060627607900571981896920115645576321632739037380870144.000000	-40.972435	0.480000
1500	5611838300266690880216202245902633498499825404495069820695347200.000000	-40.972435	0.460000
1501	6173022130293360698988641135944355950192224303086086630731153408.000000	-40.972435	0.460000
1502	6790324343322697061187832715719375185948413276651299224990777344.000000	-40.972435	0.590000
1503	7469356777654967644207598385833063626754154234086240941049380864.000000	-40.972435	0.600000
1504	8216292455420465285529340622958120911640469287264676828713844736.000000	-40.972435	0.520000
1505	9037921700962513129433748283066559386120865660645862201924517888.000000	-40.972435	0.450000
1506	9941713871058765465428269243005258067312335128108562181269749760.000000	-40.972435	0.520000
1507	10935885258164642742721914832757242975885984999060928227362996224.000000	-40.972435	0.500000
1508	12029473783981107893895088714574718195685483128736832843658821632.000000	-40.972435	0.430000
1509	13232421162379219121735088785303065476359481256495422024804466688.000000	-40.972435	0.490000
1510	14555663278617142787710562460916873868417228641684587814403964928.000000	-40.972435	0.520000
1511	16011229606478858820283583504092063099680750765392670182963412992.000000	-40.972435	0.470000
1512	17612352567126745871513251719223603972596692014958352926005788672.000000	-40.972435	0.520000
1513	19373587823839423089367524086771217136489060105763623599284944896.000000	-40.972435	0.520000
1514	21310946606223367444406568758712424335296731919136213477518999552.000000	-40.972435	0.550000
1515	23442041266845705358048535499306001331774271284076250550016933888.000000	-40.972435	0.510000
1516	25786245393530279109156991177223021513058330388306518848070221824.000000	-40.972435	0.500000
1517	28364869932883306435472035362584156382890230340623962870504226816.000000	-40.972435	0.490000
1518	31201356926171640586623168493009575710022851893765606331792752640.000000	-40.972435	0.460000
1519	34321492618788807568288760004116369688394802515708206276837113856.000000	-40.972435	0.570000
1520	37753641880667691832721565598695010346077881286358274078758928384.000000	-40.972435	0.500000
1521	41529006068734466277399616549815016913951067193612972247991975936.000000	-40.972435	0.540000
1522	45681906675607919335746782460769358701559437864619555958894362624.000000	-40.972435	0.470000
1523	50250097343168713607724080436290963697611113997134343004275867648.000000	-40.972435	0.490000
1524	55275107077485589645301727938809398319163690088953440203687591936.000000	-40.972435	0.560000
1525	60802617785234152117435830326857341839923657616928031398294454272.000000	-40.972435	0.420000
1526	66882879563757574344387272547877083401603220416779328886600105984.000000	-40.972435	0.490000
1527	73571167520133334117228619532109460867659274804510093224752185344.000000	-40.972435	0.520000
1528	80928284272146675713360650538376748895060265496146012620449644544.000000	-40.972435	0.520000
1529	89021112699361351469105884645270765725201355256945523955716849664.000000	-40.972435	0.510000
1530	97923223969297494800425642162854184238356553993824986424510775296.000000	-40.972435	0.560000
1531	107715546366227241942065586649694933536296477047154653617469784064.000000	-40.972435	0.530000
1532	118487101002849968474674765044109096015821857097922950428708831232.000000	-40.972435	0.470000
1533	130335811103134984029363199384077358624569901576137897067516264448.000000	-40.972435	0.470000
1534	143369392213448487109104758781374432738818356425857349673252028416.000000	-40.972435	0.430000
1535	157706331434793356865638812224513898145761783182918567686005850112.000000	-40.972435	0.440000
1536	173476964578272699567410552635299295338025158539368918803082641408.000000	-40.972435	0.510000
1537	190824661036099974200956847357718563123619139085411473582375043072.000000	-40.972435	0.460000
1538	209907127139709990328273489929047772443146911762375272536549097472.000000	-40.972435	0.460000
1539	230897839853680984684295599463063211435670138246507136891219869696.000000	-40.972435	0.350000
1540	253987623839049115890361835621594900341777404915897490873230819328.000000	-40.972435	0.400000
1541	279386386222954055540229455937090419886703933560121217354458726400.000000	-40.972435	0.480000
1542	307325024845249507862304796119692844393288973837189968079745974272.000000	-40.972435	0.450000
1543	338057527329774500739782430861666173098741053449859930978577809408.000000	-40.972435	0.440000
1544	371863280062751978874592110701168819919363946947479901470340415488.000000	-40.972435	0.450000
1545	409049608069027204822882758524621731422049129794861869011279282176.000000	-40.972435	0.400000
1546	449954568875929934658781513294862581067836972158559381710375485440.000000	-40.972435	0.500000
1547	494950025763522974892712059213242221692535316295471948871254409216.000000	-40.972435	0.520000
1548	544445028339875281735593744052345120365371777309230469556348125184.000000	-40.972435	0.470000
1549	598889531173862847323595034128694338416240672576998819703856037888.000000	-40.972435	0.530000
1550	658778484291249206884838368883793184286528174908389308057987842048.000000	-40.972435	0.480000
1551	724656332720374155634153642525508532225929780551862216257691451392.000000	-40.972435	0.510000
1552	797121965992411589904789964613616738455688617375471089479397146624.000000	-40.972435	0.550000
1553	876834162591652786309710876746093118315589196649863501619209961472.000000	-40.972435	0.530000
1554	964517578850818177184007711434046548190143268925385761356750258176.000000	-40.972435	0.540000
1555	1060969336735900051024071356084123262030655172123192292280234934272.000000	-40.972435	0.460000
1556	1167066270409490168369804238705879706276715841946047431083877728256.000000	-40.972435	0.420000
1557	1283772897450439334864552325260926500961714296288033386959757901824.000000	-40.972435	0.500000
1558	1412150187195483399301554262635920622108046737295795286827289542656.000000	-40.972435	0.500000
1559	1553365205915031888889477351583971508376178281172756028277510897664.000000	-40.972435	0.470000
1560	1708701726506535302265076580769056895299786414511103450256500588544.000000	-40.972435	0.490000
1561	1879571899157189056978235732872650820915755361183285614433389248512.000000	-40.972435	0.470000
1562	2067529089072908261991594631528833551121984637596376601411712974848.000000	-40.972435	0.560000
1563	2274281997980199350091847504379519848334505124113931383895995973632.000000	-40.972435	0.440000
1564	2501710197778219397344358001830815951210950789135860431861214871552.000000	-40.972435	0.410000
1565	2751881217556041636394329127382815194446699608344208900582321160192.000000	-40.972435	0.420000
1566	3027069339311646099349297365490014362006023309473392216175538077696.000000	-40.972435	0.460000
1567	3329776273242810858941994764723474622263952510568112650560584286208.000000	-40.972435	0.550000
1568	3662753900567092580881706807604772086733986959751294069878485417984.000000	-40.972435	0.490000
1569	4029029290623802437600948139103084591636693136315948327936303562752.000000	-40.972435	0.480000
1570	4431932219686182980676578278382310698915016190242305586264918720512.000000	-40.972435	0.500000
1571	4875125441654801952204190588300606477064488724929751602345126395904.000000	-40.972435	0.520000
1572	5362637985820282746055680297868502421000245078012251613649608638464.000000	-40.972435	0.570000
1573	5898901784402311619292318978393187959329577066403001626084539105280.000000	-40.972435	0.470000
1574	6488791962842543529510389189654800875549169123780207852530455019520.000000	-40.972435	0.530000
1575	7137671159126798630750266422042575083390720386895134701620962525184.000000	-40.972435	0.420000
1576	7851438275039479840745202028406962008245734256911079086690490384384.000000	-40.972435	0.540000
1577	8636582102543428423450792881985493505299615163191711846429509025792.000000	-40.972435	0.540000
1578	9500240312797772313400245808975254624230864770542551520444906733568.000000	-40.972435	0.510000
1579	10450264344077550742002411691348450679112566208775856374629336612864.000000	-40.972435	0.440000
1580	11495290778485307163122561824643425163539764660979872926999701880832.000000	-40.972435	0.470000
1581	12644819856333838927039191645898979448295029218109528709072118874112.000000	-40.972435	0.480000
1582	13909301841967223119058646135857795041239185880215244005514315563008.000000	-40.972435	0.540000
1583	15300232026163946628226652050919245137821719429415818108205686325248.000000	-40.972435	0.440000
1584	16830255228780342488311458557486840244062506333536449621166194163712.000000	-40.972435	0.440000
1585	18513280751658378533035816365449030157156679408658669136492722388992.000000	-40.972435	0.530000
1586	20364608826824218182232609954207439061560269791293110603351903436800.000000	-40.972435	0.530000
1587	22401069709506641497033547576472771208289565471896233791362017787904.000000	-40.972435	0.430000
1588	24641176680457307741945649611702471865921098201149194149243113177088.000000	-40.972435	0.600000
1589	27105294348503038216824679247503801404398554280969351138632439693312.000000	-40.972435	0.460000
1590	29815823783353346827555712378156863914672869553782485061055440486400.000000	-40.972435	0.480000
1591	32797406161688681510311283615972550306140156509160733567160984535040.000000	-40.972435	0.490000
1592	36077146777857552654497765231258981817900709563024431179226931003392.000000	-40.972435	0.510000
1593	39684861455643309715840753706598385888378702961095448850359532912640.000000	-40.972435	0.450000
1594	43653347601207646673735535584636577439509648063100242246095182233600.000000	-40.972435	0.510000
1595	48018682361328414334264442396789411664607150272357890726054548471808.000000	-40.972435	0.500000
1596	52820550597461259958108381191633199904673017663720353756149790539776.000000	-40.972435	0.450000
1597	58102605657207388348443501913747861080057549352450488536044648005632.000000	-40.972435	0.500000
1598	63912866222928131972336417311025329557897764132411736198208869629952.000000	-40.972435	0.380000
1599	70304152845220955944929330755408897845815075196264357137289209446400.000000	-40.972435	0.510000
1600	77334568129743057525732970338328140592689657521786041361717826420736.000000	-40.972435	0.530000
1601	85068024942717371659141256482490648799168928002217993412869183504384.000000	-40.972435	0.460000
1602	93574827436989118403152512542545078418754740491872190371275615502336.000000	-40.972435	0.470000
1603	102932310180688038624302752907129280407840519269312757323382751494144.000000	-40.972435	0.460000
1604	113225541198756846078519452102269220226000416079781182162140844261376.000000	-40.972435	0.570000
1605	124548095318632545053517092930204189358103837221907896804034199158784.000000	-40.972435	0.420000
1606	137002904850495809136965932635029973033583140633531084101557132722176.000000	-40.972435	0.440000
1607	150703195335545392445186808501484311521858684619242291915992724406272.000000	-40.972435	0.460000
1608	165773514869099936478754054557535425043879012925882719916151753670656.000000	-40.972435	0.540000
1609	182350866356009956466396568645753720582356443364410085354845591568384.000000	-40.972435	0.490000
1610	200585952991610973663754768936891163304847157002073988528849056432128.000000	-40.972435	0.480000
1611	220644548290772078213703093639434303190083562469355685594573597310976.000000	-40.972435	0.560000
1612	242709003119849324347461924650599192467767597474020844622509011632128.000000	-40.972435	0.500000
1613	266979903431834275938402377939269841193882196600287724318998940090368.000000	-40.972435	0.520000
1614	293677893775017746633679702586320966641780554862762286027936645513216.000000	-40.972435	0.480000
1615	323045683152519559609436194492174522264634289106768105099208364654592.000000	-40.972435	0.510000
1616	355350251467771520359428379147294656860932177862161114417688957943808.000000	-40.972435	0.450000
1617	390885276614548691551565477885634852026363235027242021093696881033216.000000	-40.972435	0.530000
1618	429973804276003599019110547321419796187675237287695813671544623726592.000000	-40.972435	0.460000
1619	472971184703603987655312993288977870025449520084762587890057627041792.000000	-40.972435	0.590000
1620	520268303173964463045621335912318574945345829608698027616019498926080.000000	-40.972435	0.530000
1621	572295133491360909350183469503550432439880412569567830377621448818688.000000	-40.972435	0.440000
1622	629524646840497067331881729336543028861550891652551396735220189233152.000000	-40.972435	0.540000
1623	692477111524546850689846945564640249665057338333265717345698317336576.000000	-40.972435	0.460000
1624	761724822677001621961705813827352557288583349371483867634343771897856.000000	-40.972435	0.370000
1625	837897304944701822470264916857309271976117363066361844866256203677696.000000	-40.972435	0.530000
1626	921687035439172043029679930190261658132404778130727619821359878635520.000000	-40.972435	0.440000
1627	1013855738983089343113619227327341471342334452838124357974691002974208.000000	-40.972435	0.510000
1628	1115241312881398296581175410883686347955905737500801589006399130566656.000000	-40.972435	0.520000
1629	1226765444169538260332652777737330089106861186902935314546712234688512.000000	-40.972435	0.580000
1630	1349441988586492162990695098805506015934898663108688026938339567337472.000000	-40.972435	0.440000
1631	1484386187445141551695512956098553182842429083829339986740324769726464.000000	-40.972435	0.500000
1632	1632824806189655860114618338297294336961374707243192347288269465059328.000000	-40.972435	0.480000
1633	1796107286808621465282274432950634500136850017346376377251335438860288.000000	-40.972435	0.450000
1634	1975718015489483918309610049423469621819940449142850738724293419466752.000000	-40.972435	0.530000
1635	2173289817038432578327290705896366796712664245361242945876069143543808.000000	-40.972435	0.450000
1636	2390618798742276142659127949663775148053336099959203964211500494618624.000000	-40.972435	0.450000
1637	2629680678616503910174594831219038498693372424986042722506562762440704.000000	-40.972435	0.520000
1638	2892648746478154454441608400929828184397412382515565356631131257044992.000000	-40.972435	0.430000
1639	3181913621125970168072488892553361215547883372071229025573590764879872.000000	-40.972435	0.490000
1640	3500104983238567453066457433339247549813401460582459061410296223498240.000000	-40.972435	0.560000
1641	3850115481562424581496988393145386894381498394218000872236106391748608.000000	-40.972435	0.470000
1642	4235127029718667346145795405637697255489053663701637683207541467643904.000000	-40.972435	0.470000
1643	4658639732690534234009929032790352816872661745102719813402207832768512.000000	-40.972435	0.490000
1644	5124503705959587734035698979363831016477279277128450975679384725225472.000000	-40.972435	0.460000
1645	5636954076555546584064045920594657036042358562356755254184279306928128.000000	-40.972435	0.410000
1646	6200649484211101932093443902304109000902756636231563408035312220241920.000000	-40.972435	0.450000
1647	6820714432632212891550558725478949080166545875009311558208404534067200.000000	-40.972435	0.370000
1648	7502785875895434180705614598026843988183200462510242714029244987473920.000000	-40.972435	0.480000
1649	8253064463484977598776176057829528387001520508761266985432169486221312.000000	-40.972435	0.430000
1650	9078370909833475818402455923379138733205780704730148769597123089924096.000000	-40.972435	0.450000
1651	9986208000816824779488688295017025129038683210481428903422045364158464.000000	-40.972435	0.420000
1652	10984828800898508176934881644052042656950767821715081965007723210735616.000000	-40.972435	0.450000
1653	12083311680988360373874356587757219445158169039164855418373705497051136.000000	-40.972435	0.580000
1654	13291642849087197790507779025832913912186310378359606217076286011998208.000000	-40.972435	0.370000
1655	14620807133995920174800976400427264512594887571721178990640422325321728.000000	-40.972435	0.410000
1656	16082887847395514031275723079536620993870808909264317232191411178176512.000000	-40.972435	0.530000
1657	17691176632135066660399728080201369779935511520438095850401850042875904.000000	-40.972435	0.560000
1658	19460294295348575778432566273643680131284306112976599225424630540926976.000000	-40.972435	0.470000
1659	21406323724883435501769580113252449846098574734707116214201864652062720.000000	-40.972435	0.450000
1660	23546956097371780584442078990466553189055459358487011454361173300871168.000000	-40.972435	0.400000
1661	25901651707108962014376476794468696896324465025015916561023359434883072.000000	-40.972435	0.470000
1662	28491816877819862506801638898404369989328587548383222349595237492457472.000000	-40.972435	0.540000
1663	31340998565601853048469317212733610391633122324087258717024303355789312.000000	-40.972435	0.470000
1664	34475098422162039579312681626718058117474056276743331483718031438249984.000000	-40.972435	0.550000
1665	37922608264378249054227896906589754019270759645530725659550674443042816.000000	-40.972435	0.480000
1666	41714869090816074572648902943604272764536646470207471673001390760787968.000000	-40.972435	0.450000
1667	45886355999897686933899524008809046787700797998217606420266720824393728.000000	-40.972435	0.470000
1668	50474991599887460531275207180534298213181364679028754642258583894360064.000000	-40.972435	0.540000
1669	55522490759876212101386675015787618124548798888044691133945282144763904.000000	-40.972435	0.510000
1670	61074739835863835763518207902788553310358922217343854037322405853003776.000000	-40.972435	0.450000
1671	67182213819450229147841490234756102134815788201057014600985028413358080.000000	-40.972435	0.420000
1672	73900435201395258192607802721787145781685475622399450536040019989102592.000000	-40.972435	0.570000
1673	81290478721534785237865015686676947046531644904886742484635319734894592.000000	-40.972435	0.460000
1674	89419526593688271117630113411611161871250539716859498103046638189674496.000000	-40.972435	0.440000
1675	98361479253057101907382422830905538118408458849287488598325195249287168.000000	-40.972435	0.450000
1676	108197627178362823132088559348395872110347900216442359513079394496151552.000000	-40.972435	0.490000
1677	119017389896199118931258174903057412874836529160807411309291609161465856.000000	-40.972435	0.500000
1678	130919128885819052892319780862162714522517373041340396550064129521483776.000000	-40.972435	0.460000
1679	144011041774400967989523220490067679468190084107453211365000924448686080.000000	-40.972435	0.460000
1680	158412145951841089308404196393296181148561526923145470401326971831189504.000000	-40.972435	0.430000
1681	174253360547025212951201808345158839503549140258428180181355241976889344.000000	-40.972435	0.390000
1682	191678696601727748958279181492207763694035514927239160939386339137159168.000000	-40.972435	0.440000
1683	210846566261900541018057157339383753676925770503425933563203141507219456.000000	-40.972435	0.480000
1684	231931222888090592667870007687899955671263104113273833129540860164177920.000000	-40.972435	0.500000
1685	255124345176899651934657008456689951238389414524601216442494946180595712.000000	-40.972435	0.500000
1686	280636779694589636744065632385736333349070303501018888406605204748763136.000000	-40.972435	0.490000
1687	308700457664048610226443657165998660177398307613099552407196107198693376.000000	-40.972435	0.450000
1688	339570503430453481057059484424287219688559112136388282807846099893616640.000000	-40.972435	0.490000
1689	373527553773498853682694086720937675390967457754974048988456664820613120.000000	-40.972435	0.530000
1690	410880309150848788090820803101474910397169072340365329686954241177944064.000000	-40.972435	0.570000
1691	451968340065933730651717383432598909144122309027263901195197148133588992.000000	-40.972435	0.450000
1692	497165174072527172372689352567679654512481356263841717434229536772325376.000000	-40.972435	0.500000
1693	546881691479779948457787057074579780924255334462098540137234782299881472.000000	-40.972435	0.390000
1694	601569860627758011959365993573858613470627684242159820270470934355247104.000000	-40.972435	0.500000
1695	661726846690533901427045746806442716258479216524184778736891465566257152.000000	-40.972435	0.430000
1696	727899531359587360225550552278907842338273954510454682730093285948260352.000000	-40.972435	0.510000
1697	800689484495546164903905838298619481026048166295351577122615288368463872.000000	-40.972435	0.520000
1698	880758432945100850050096652920302283582599799258738160954389491030687744.000000	-40.972435	0.460000
1699	968834276239611023326849472087530753381648543042420953489201877909241856.000000	-40.972435	0.550000
1700	1065717703863572282587077803963302924614548977538323451397008177301028864.000000	-40.972435	0.470000
1701	1172289474249929648157386045943274925983897507959858648775734342681886720.000000	-40.972435	0.500000
1702	1289518421674922809132553881371376288450706733995420016851915416451153920.000000	-40.972435	0.440000
1703	1418470263842415286205238500342287787164196882634537521735714597597347840.000000	-40.972435	0.470000
1704	1560317290226656912905476965793403500814826308517779025508589877107621888.000000	-40.972435	0.540000
1705	1716349019249322780739510970123140333777886467085174880938195740369354752.000000	-40.972435	0.570000
1706	1887983921174255372668548836469492558945146274177013174149787537608015872.000000	-40.972435	0.480000
1707	2076782313291681027631061258616706136760712586738459793483930875069464576.000000	-40.972435	0.490000
1708	2284460544620849483481139999979169716199938900843541678589817713678352384.000000	-40.972435	0.390000
1709	2512906599082934471061139846143841461793616685975810947088521012946403328.000000	-40.972435	0.500000
1710	2764197258991228192790454753925509025788765619908797746275423809542553600.000000	-40.972435	0.480000
1711	3040616984890351208228929460151833798236061657139253024101573829997887488.000000	-40.972435	0.430000
1712	3344678683379386603675023329334300595875455088188584030989781908299186176.000000	-40.972435	0.470000
1713	3679146551717325813288927508602297491094575127678253843044861489732124672.000000	-40.972435	0.530000
1714	4047061206889059100791765490464113171730342751308551038864335140909219840.000000	-40.972435	0.480000
1715	4451767327577965010870942039510524488903377026439406142750768655000141824.000000	-40.972435	0.500000
1716	4896944060335762139668209782129653321372657049849988367261389966903607296.000000	-40.972435	0.450000
1717	5386638466369338510562574145009637749404658335026647606546415075194830848.000000	-40.972435	0.480000
1718	5925302313006273224720320175179206551766169859583444581274930196519059456.000000	-40.972435	0.390000
1719	6517832544306901096438754039031694042574361376212600448358524606773985280.000000	-40.972435	0.460000
1720	7169615798737591206082629442934863446831797513833860493194377067451383808.000000	-40.972435	0.520000
1721	7886577378611350797473522541229407079199184005792227750190473108999110656.000000	-40.972435	0.410000
1722	8675235116472486034148418180019366883013837986563110927768406531499884544.000000	-40.972435	0.430000
1723	9542758628119735265273433536689379954894164105986063630780791631053324288.000000	-40.972435	0.520000
1724	10497034490931709262583407044359375238067787257159651201535529128961245184.000000	-40.972435	0.490000
1725	11546737940024880816551921287463389145453508303642257931924626488260820992.000000	-40.972435	0.510000
1726	12701411734027369996699917108878861731262008195348106543029291918292942848.000000	-40.972435	0.520000
1727	13971552907430107467152538973767805192072415755457898405008879444924825600.000000	-40.972435	0.590000
1728	15368708198173118213867792871144585711279657331003688245509767389417308160.000000	-40.972435	0.410000
1729	16905579017990430035254572158259044282407623064104057070060744128359038976.000000	-40.972435	0.400000
1730	18596136919789475549620723528757254244964154653581029218008996326808748032.000000	-40.972435	0.510000
1731	20455750611768424987713316497637208820197397081239056970516529298699976704.000000	-40.972435	0.550000
1732	22501325672945268114194821686069006085796079110129604277803726674973425664.000000	-40.972435	0.500000
1733	24751458240239795553324477393343983077954629341909206315819643788874219520.000000	-40.972435	0.550000
1734	27226604064263778247207792826018763303644803879933334998579330399778897920.000000	-40.972435	0.470000
1735	29949264470690160779754873648631212510851351673676480575203846787782672384.000000	-40.972435	0.450000
1736	32944190917759180623991402245502792063410140765643978294137498144981647360.000000	-40.972435	0.520000
1737	36238610009535101824941410163393453187645866446041584174728970191497068544.000000	-40.972435	0.510000
1738	39862471010488612635145724718400874889989395411412384202437411657050226688.000000	-40.972435	0.580000
1739	43848718111537475154080644267577115146146219594086905843152241715562151936.000000	-40.972435	0.470000
1740	48233589922691228318880270542347514112971322440395370919587365904749428736.000000	-40.972435	0.580000
1741	53056948914960353661608991751254571058584223967501474452488280280838176768.000000	-40.972435	0.520000
1742	58362643806456396560291973390396944767389954213451321220563641665763409920.000000	-40.972435	0.490000
1743	64198908187102036216321170729436639244128949634796453342620005832339750912.000000	-40.972435	0.470000
1744	70618799005812251136736411498405678072962806372075647661121806450835849216.000000	-40.972435	0.550000
1745	77680678906393478761250746802918551414574856292349778868176164881533239296.000000	-40.972435	0.500000
1746	85448746797032829148216515637882712090348111204651323195935959155300368384.000000	-40.972435	0.430000
1747	93993621476736122106400943820360205436645999457382721279298266213285625856.000000	-40.972435	0.530000
1748	103392983624409743104983467743749295350415791893853975950525715084262506496.000000	-40.972435	0.510000
1749	113732281986850726203424244059477294255562563573972356088875908842337075200.000000	-40.972435	0.530000
1750	125105510185535811377970139238786551352697666346702423902474388654639808512.000000	-40.972435	0.510000
1751	137616061204089410091652012245371345228177817962838631379317072019400425472.000000	-40.972435	0.420000
1752	151377667324498368676702072552614618491205984740588459603844023720637104128.000000	-40.972435	0.380000
1753	166515434056948225631097833045254524614852737479179837091765848377611255808.000000	-40.972435	0.480000
1754	183166977462643055726729698813796893679285319076297520123768966572213796864.000000	-40.972435	0.460000
1755	201483675208907383896968916087227332856055774531526370104625463299959422976.000000	-40.972435	0.490000
1756	221632042729798137351709972623983899347555967683078405760741076343638196224.000000	-40.972435	0.550000
1757	243795247002777986238650688051794566762732334414318176510005672976595288064.000000	-40.972435	0.530000
1758	268174771703055794905878533475663245576268644988016259924774951416710037504.000000	-40.972435	0.540000
1759	294992248873361384439829163441918792271158586619084151681021157700836261888.000000	-40.972435	0.520000
1760	324491473760697568078944574570212171115958292376190762786082473611968380928.000000	-40.972435	0.480000
1761	356940621136767344973564585264611832502080275878342370592228143258075660288.000000	-40.972435	0.500000
1762	392634683250444099557646597028451460026814457730709139178988379868793667584.000000	-40.972435	0.530000
1763	431898151575488519556774033349985828166758980636046318860655928998128254976.000000	-40.972435	0.490000
1764	475087966733037386577495601613018244189329494398050349392374588611623911424.000000	-40.972435	0.470000
1765	522596763406341185495421821486455401431840906631452978914224314327517626368.000000	-40.972435	0.450000
1766	574856439746975374348503439965925496535866537220462137152027723757455933440.000000	-40.972435	0.490000
1767	632342083721672962000167667055964156875768576603839679686074051845477629952.000000	-40.972435	0.440000
1768	695576292093840338547086646711074349661450051322353773764831146169667158016.000000	-40.972435	0.420000
1769	765133921303224412575246417856938673176647364983654214196389105356454756352.000000	-40.972435	0.560000
1770	841647313433546934179673272592146317592416718540149761726177705031741997056.000000	-40.972435	0.530000
1771	925812044776901667771091706326117837900710698923229800953870320104737079296.000000	-40.972435	0.510000
1772	1018393249254591874721651983433486510239834077344617844104332196685031669760.000000	-40.972435	0.380000
1773	1120232574180051062193817181776835161263817485079079628514765416353534836736.000000	-40.972435	0.480000
1774	1232255831598056208586650006429275565939251542116052654421316802558709202944.000000	-40.972435	0.450000
1775	1355481414757861990139119432971230676729385930443918172083747861093863653376.000000	-40.972435	0.510000
1776	1491029556233648229326482482743110632951376832017375052347197491773070901248.000000	-40.972435	0.500000
1777	1640132511857013273213111816628584583266302212128970404384828886084392845312.000000	-40.972435	0.530000
1778	1804145763042714781314952977427849040063667821722660228571148575257026101248.000000	-40.972435	0.440000
1779	1984560339346986279533173828408012388344560758159458782955800855067639152640.000000	-40.972435	0.560000
1780	2183016373281685108353746743622598069924278376620729976526755163423507480576.000000	-40.972435	0.510000
1781	2401318010609853659362572524459614765465758522811868037234505524335679111168.000000	-40.972435	0.500000
1782	2641449811670839145819183096329846907659491300680250030123180610478709669888.000000	-40.972435	0.580000
1783	2905594792837923180921454725387102264072597356335470222300723205236043284480.000000	-40.972435	0.520000
1784	3196154272121715900748111262673381375970380177259667875081543971457856438272.000000	-40.972435	0.420000
1785	3515769699333887972904335666637802176156045897334415419250596503441492672512.000000	-40.972435	0.540000
1786	3867346669267277051408926978624880613615016646771312402561180065774388117504.000000	-40.972435	0.440000
1787	4254081336194005318978135167133965114663250630855354525588345896329319284736.000000	-40.972435	0.470000
1788	4679489469813406091916655322695902957423889545115280356477629553381176508416.000000	-40.972435	0.500000
1789	5147438416794747343883538558561603469951115436091849401006590021836428279808.000000	-40.972435	0.540000
1790	5662182258474222399659501266215818925338645447933554845547847780578638168064.000000	-40.972435	0.550000
1791	6228400484321644800319255818736428372068719226843170582322931936915785515008.000000	-40.972435	0.420000
1792	6851240532753809601738790252408126317668009617760008144995823887165931126784.000000	-40.972435	0.440000
1793	7536364586029191927810006897790673160102589069524221103367950991256434245632.000000	-40.972435	0.440000
1794	8290001044632112406141442994761960909682521849406725231467141116616345911296.000000	-40.972435	0.380000
1795	9119001149095324289530804997834267217435610970812438763495052741395114622976.000000	-40.972435	0.510000
1796	10030901264004858164728125330708941926945055174940024909827252420048177856512.000000	-40.972435	0.570000
1797	11033991390405344463282351141476918782228188394782808157470875796890846232576.000000	-40.972435	0.490000
1798	12137390529445879552385803959220720877235844170726129982099160889697064976384.000000	-40.972435	0.540000
1799	13351129582390468471787210910536958290136683992496304493630873248342472654848.000000	-40.972435	0.490000
1800	14686242540629518050760607241874122540485909371722359230739050003924539932672.000000	-40.972435	0.540000
1801	16154866794692471141387103373253755228104174181824677171575350030551262167040.000000	-40.972435	0.580000
1802	17770353474161719862463857969569406292876683941169747410935878816399223685120.000000	-40.972435	0.380000
1803	19547388821577891848710243766526346922164352335286722152029466698039146053632.000000	-40.972435	0.580000
1804	21502127703735682319131703550371202047950461441745476384994808394077328900096.000000	-40.972435	0.470000
1805	23652340474109252800758135867994708011492436863547667554578480529395031212032.000000	-40.972435	0.540000
1806	26017574521520179366384384861986399246211354422832516327798723608568802574336.000000	-40.972435	0.530000
1807	28619331973672199552736085310771424929579419142743411491662787265335652253696.000000	-40.972435	0.440000
1808	31481265171039420150784911545444677639322197993482793649710263504986351599616.000000	-40.972435	0.510000
1809	34629391688143366022514708921565806703963439411621319067968474934187791482880.000000	-40.972435	0.540000
1810	38092330856957705838642268331702938458283968035108656019171309993192241233920.000000	-40.972435	0.490000
1811	41901563942653482850258672200834334471960734203269931709900416123682806562816.000000	-40.972435	0.450000
1812	46091720336918834991935845642494429219865829242387170934177642814753891942400.000000	-40.972435	0.460000
1813	50700892370610721705005518724724423225776596848951093072001394661814951739392.000000	-40.972435	0.490000
1814	55770981607671801588808683040350188149772299771426694485775904285402056359936.000000	-40.972435	0.530000
1815	61348079768438988818216946083942419349382736049684815032046667358230737321984.000000	-40.972435	0.450000
1816	67482887745282890271139511506721102151460357400513460570776124146522347536384.000000	-40.972435	0.430000
1817	74231176519811181869354333471777653233745740886424970663378526613643118772224.000000	-40.972435	0.570000
1818	81654294171792309055142814669300961592108032085578041854053144458647308337152.000000	-40.972435	0.480000
1819	89819723588971547673959708579384380352736878531716338146032829061917648617472.000000	-40.972435	0.380000
1820	98801695947868710154658291880476140989428609622468464067210482125515022925824.000000	-40.972435	0.500000
1821	108681865542655583741224991882908195955510818330575474509456320390535061700608.000000	-40.972435	0.510000
1822	119550052096921140829797055664006795117492226290702939942639557403354299629568.000000	-40.972435	0.440000
1823	131505057306613272910482856931098560699216883140794382185577043510969484967936.000000	-40.972435	0.410000
1824	144655563037274623341438979953668384573392701167615296723857858334283261804544.000000	-40.972435	0.460000
1825	159121119341002101102188102835341868233568057759537810609392384482522806878208.000000	-40.972435	0.450000
1826	175033231275102316354608654747644936791203559027211919741381203035712160530432.000000	-40.972435	0.530000
1827	192536554402612555703372132665562753071741958167513603822093693496688986030080.000000	-40.972435	0.580000
1828	211790209842873824129213700004041232714612892713565784381927013108700567044096.000000	-40.972435	0.420000
1829	232969230827161203971034199190060915118934834239062198784594924367102087266304.000000	-40.972435	0.470000
1830	256266153909877365505751552139218060505057881596731043231451057643308879708160.000000	-40.972435	0.500000
1831	281892769300865102056326707353139866555563669756404147554596163407639767678976.000000	-40.972435	0.510000
1832	310082046230951648257371569489836025351070905174086858807402840482963255197696.000000	-40.972435	0.510000
1833	341090250854046823367512209696357391354735386674936200830242284741133726646272.000000	-40.972435	0.500000
1834	375199275939451526273070397181068657427323707309311133197464833634995391168512.000000	-40.972435	0.440000
1835	412719203533396725180193111558095458778564337465725199156657537942928586964992.000000	-40.972435	0.570000
1836	453991123886736418267019389228980531593535553179179031356521612156969737519104.000000	-40.972435	0.390000
1837	499390236275410126942343969325874047298512149889461199415818314736848659808256.000000	-40.972435	0.460000
1838	549329259902951149920981849515999215496920755861847975499499306420407671717888.000000	-40.972435	0.500000
1839	604262185893246347188307900527901244795071959315558022186242518741441606320128.000000	-40.972435	0.520000
1840	664688404482571012760349140353304659680251328197435792831164251245208204738560.000000	-40.972435	0.480000
1841	731157244930828216880418886964012760333850370851585933535272278468470484500480.000000	-40.972435	0.340000
1842	804272969423911141412495608235791671052809317771151088309791108414058992238592.000000	-40.972435	0.480000
1843	884700266366302327544569551862135182437991986432350790135464340724583912964096.000000	-40.972435	0.480000
1844	973170293002932622005447406593575281493135530976229806001605736056287179833344.000000	-40.972435	0.470000
1845	1070487322303226028187640912858461498202252557842021972591154552600153940819968.000000	-40.972435	0.520000
1846	1177536054533548816125667702779987390456510851328155980408054891637903961620480.000000	-40.972435	0.460000
1847	1295289659986903800582269305633363764187735846295378139869851982900435817070592.000000	-40.972435	0.500000
1848	1424818625985594304053338035287153302229198122726203827562027103708969149923328.000000	-40.972435	0.460000
1849	1567300488584153919577934537451548374886150972700756020876014697857600691634176.000000	-40.972435	0.470000
1850	1724030537442569476086183723317307427871684325705882121237202731001347095658496.000000	-40.972435	0.610000
1851	1896433591186826588245257827769642386155771014011520831634509567459468140085248.000000	-40.972435	0.360000
1852	2086076950305509329345011476606908732519807243280198163934753805884408121524224.000000	-40.972435	0.430000
1853	2294684645336060509105196222448505929017165351210793727738609031509828435968000.000000	-40.972435	0.490000
1854	2524153109869666560015715844693356521918881886331873100512469934660811279564800.000000	-40.972435	0.550000
1855	2776568420856633627393426759464202712853065714302686656247683336521858244673536.000000	-40.972435	0.420000
1856	3054225262942297154683225167531227199635290541468005820146038233532030404001792.000000	-40.972435	0.490000
1857	3359647789236527199252459148525558350592656107084907398707815183601206114123776.000000	-40.972435	0.550000
1858	3695612568160180289416230460649473670519987793197261759694166469516795978973184.000000	-40.972435	0.470000
1859	4065173824976198976559676435196837899559659595457189928757929369900420916314112.000000	-40.972435	0.480000
1860	4471691207473819203316555542957730120509462066473009918180895433606435677667328.000000	-40.972435	0.510000
1861	4918860328221201205923438963313805240308867400987836159135778258646072412864512.000000	-40.972435	0.490000
1862	5410746361043322066992833654187904734075886291894347017280495619621618161025024.000000	-40.972435	0.470000
1863	5951820997147654931893939948089112069471147944023983712102891435015725316571136.000000	-40.972435	0.570000
1864	6547003096862421001009929005320138030657476633499058827270733550270250020241408.000000	-40.972435	0.440000
1865	7201703406548664006138428432515475018956274703391742450502533003766199864000512.000000	-40.972435	0.480000
1866	7921873747203530324477043409706720413103443045863391446415993022463826682970112.000000	-40.972435	0.380000
1867	8714061121923883686025659214918600885407623861919831587604765451426182020988928.000000	-40.972435	0.520000
1868	9585467234116273371031870993375294697923732293992218732553934503432690901975040.000000	-40.972435	0.460000
1869	10544013957527902353639615413918866322685288080741945588545193587355823340781568.000000	-40.972435	0.430000
1870	11598415353280693082654944151672565601444571656021291642220472636165364679442432.000000	-40.972435	0.510000
1871	12758256888608763542773628691684051670067456611768774294357625843287805491412992.000000	-40.972435	0.520000
1872	14034082577469641048904181685696686345552630063091005211708494371122490384580608.000000	-40.972435	0.480000
1873	15437490835216607292950524371834209781567830393955762210435969131888561776230400.000000	-40.972435	0.480000
1874	16981239918738268022245576809017630759724613433351338431479566045077417953853440.000000	-40.972435	0.510000
1875	18679363910612096469974691811125435990666257334036977257363388283165023097847808.000000	-40.972435	0.610000
1876	20547300301673309078880364170408855468677411670671583952024285251925279435128832.000000	-40.972435	0.500000
1877	22602030331840640315869312051690949446538989349208843343773886903833780048363520.000000	-40.972435	0.460000
1878	24862233365024707638465357899272128701131253398830737643623006861376884750417920.000000	-40.972435	0.530000
1879	27348456701527180047816451010405383726213561296064316390721173181094436574068736.000000	-40.972435	0.560000
1880	30083302371679902330909945146581631701754792074782060984906541146511524937859072.000000	-40.972435	0.500000
1881	33091632608847894538606408446687045457893290351080873062680234021458513449975808.000000	-40.972435	0.490000
1882	36400795869732685308870695148320583727657965432069364355136949930468255473860608.000000	-40.972435	0.420000
1883	40040875456705958447170525162529560134337473135857714742311068697538698397351936.000000	-40.972435	0.480000
1884	44044963002376556924694869392712183595721912541204294188919560581020349594861568.000000	-40.972435	0.460000
1885	48449459302614213933568002188948235679269449841205127594000209145986275233234944.000000	-40.972435	0.620000
1886	53294405232875642567144854621149644729060798077667862277438038848336301490438144.000000	-40.972435	0.480000
1887	58623845756163214064079392296571194683831281137776870429219651520921330373361664.000000	-40.972435	0.450000
1888	64486230331779539419698269097122815324140447389195769430707694193605135447359488.000000	-40.972435	0.500000
1889	70934853364957501260089971148624099200406568403397770290910618654148993065418752.000000	-40.972435	0.410000
1890	78028338701453263233731780976170012636225339656661183195699913081338908481945600.000000	-40.972435	0.490000
1891	85831172571598596139123188358611182519724603851729321446213366923792252724576256.000000	-40.972435	0.490000
1892	94414289828758458385842798908401968219647756328663061563212088629899259354808320.000000	-40.972435	0.520000
1893	103855718811634317388463537368890502281365992420333407581420222561528092079161344.000000	-40.972435	0.530000
1894	114241290692797759658539057961498222301305360029409980229071784872592026718175232.000000	-40.972435	0.580000
1895	125665419762077540890007547185507379427337280215872594196733733387306792105541632.000000	-40.972435	0.500000
1896	138231961738285300244622885331917452265972392420981469561161876753493034031644672.000000	-40.972435	0.510000
1897	152055157912113835534699757292968532388471015846601232462032834456297900150358016.000000	-40.972435	0.490000
1898	167260673703325234885013483305843390315022269981826203542500427984294378312040448.000000	-40.972435	0.520000
1899	183986741073657766271936706778216731690376573255291247813882625823907160216567808.000000	-40.972435	0.530000
1900	202385415181023550797552252597827407203266306856102796512403043447481220311547904.000000	-40.972435	0.420000
1901	222623956699125929572573103282977154955149166367560347915039812915779374562672640.000000	-40.972435	0.470000
1902	244886352369038535693866872180923207690417543463120422568430719275996218807812096.000000	-40.972435	0.500000
1903	269374987605942431388170226821890207626670371277605392383311951423240342412984320.000000	-40.972435	0.510000
1904	296312486366536700855060166643375902868844329322974011345416996702842190232027136.000000	-40.972435	0.530000
1905	325943735003190413065482850730588172322939835723444340037996856592770910979620864.000000	-40.972435	0.530000
1906	358538108503509464903260302659365659347036587662832005931306082306959127508680704.000000	-40.972435	0.540000
1907	394391919353860448252888416920317569553049935713766518137720080729843979268390912.000000	-40.972435	0.520000
1908	433831111289246524671864759179505335883763234386272865620020708967561753488523264.000000	-40.972435	0.530000
1909	477214222418171187670280401953174539263942326191943384071532319919229054268473344.000000	-40.972435	0.520000
1910	524935644659988316968537609004210662982139327178180954368195091966063085126418432.000000	-40.972435	0.440000
1911	577429209125987232915224704750381087614775406832344904921090921601958397087842304.000000	-40.972435	0.440000
1912	635172130038586019394122176359731215127069557717838786750257254091620989383213056.000000	-40.972435	0.510000
1913	698689343042444663458451061418579015806987586957795592983321139720427590045925376.000000	-40.972435	0.420000
1914	768558277346689224585358669261904945513911260956964239287239114186670477930397696.000000	-40.972435	0.470000
1915	845414105081358189168811203610970119232513460520833590774001185824982027447828480.000000	-40.972435	0.470000
1916	929955515589494113397983992529253829073792490243349268746496704956591484503588864.000000	-40.972435	0.550000
1917	1022951067148443693237449061473677928650016033140375905853299016330828639851511808.000000	-40.972435	0.480000
1918	1125246173863288188935943969889669759016650856858932279112743398622845009009836032.000000	-40.972435	0.470000
1919	1237770791249617197391663370281572791170765773151603681035189459473529767670579200.000000	-40.972435	0.440000
1920	1361547870374579022443121375866916768205870034137196368033803805969993998748614656.000000	-40.972435	0.540000
1921	1497702657412036966812350180876483124193668111019088932395222346786637900347867136.000000	-40.972435	0.470000
1922	1647472923153240705618501866387006115780245995589170753192782741684946192107044864.000000	-40.972435	0.530000
1923	1812220215468564944680018722717205444027114889020779538744213656732018818215313408.000000	-40.972435	0.510000
1924	1993442237015421460210478928700363328013431914656943956397654102515042950899040256.000000	-40.972435	0.490000
1925	2192786460716963858981026826107647735818041546931675917385648474084414256335290368.000000	-40.972435	0.420000
1926	2412065106788660371253879510987036546901478922029362291798327802151789187141992448.000000	-40.972435	0.530000
1927	2653271617467526534754017464354364239093260034636817303652275063025901611029364736.000000	-40.972435	0.520000
1928	2918598779214279440978919215327048738005852478909536599365731530646358782478647296.000000	-40.972435	0.460000
1929	3210458657135707848450894478511375082645759534950392462440724446127084179694813184.000000	-40.972435	0.460000
1930	3531504522849278801795650596054011307579179782318123418916949531618370604561858560.000000	-40.972435	0.490000
1931	3884654975134207313848965667002532625845263862572529674179216888074875190883909632.000000	-40.972435	0.510000
1932	4273120472647628550732862242777282038436323130447857772293596499518096730664992768.000000	-40.972435	0.530000
1933	4700432519912391742805481806438007675617644031238026969987261431227062417526620160.000000	-40.972435	0.520000
1934	5170475771903630917086029987081808443179408434361829666985987574349768659279282176.000000	-40.972435	0.510000
1935	5687523349093994261544132990327237362500615718607050199032815293102612535553556480.000000	-40.972435	0.380000
1936	6256275684003394108947712963588707890422788025149484494516478424609318806352822272.000000	-40.972435	0.580000
1937	6881903252403734025341484269022074829471599709282508074664584189705984707680796672.000000	-40.972435	0.500000
1938	7570093577644107933374632704998778462425292561828834012827500531312317199141568512.000000	-40.972435	0.510000
1939	8327102935408519653460262658801899250346465434311521820387090109275727956992327680.000000	-40.972435	0.500000
1940	9159813228949371618806288924682089175381111977742674002425799120203300752691560448.000000	-40.972435	0.440000
1941	10075794551844309960184584504990789109601133232625783374293447518373676876243664896.000000	-40.972435	0.440000
1942	11083374007028741630201709634255862887236623731379128552651402833725356591458287616.000000	-40.972435	0.620000
1943	12191711407731616467220547276447444042635663280007808248845153680612204278194372608.000000	-40.972435	0.550000
1944	13410882548504778450941935343475185880236918195753972494193974330430580719808937984.000000	-40.972435	0.520000
1945	14751970803355257307034128895971696768273675778565520005006287608745106833175216128.000000	-40.972435	0.450000
1946	16227167883690785902231875170324344628471396352257831079453511264555443633751326720.000000	-40.972435	0.470000
1947	17849884672059864492455062687356779091318535987483614187398862391010987997126459392.000000	-40.972435	0.510000
1948	19634873139265852289697902313624446733801143937213509287995969757140710852019617792.000000	-40.972435	0.520000
1949	21598360453192440551661692599433868307220455620643311000974314268669186061377732608.000000	-40.972435	0.430000
1950	23758196498511684943827195198760252571280189770453025521536050977293260681310633984.000000	-40.972435	0.500000
1951	26134016148362856134204581433700257295109717449461395437404098329079834859802722304.000000	-40.972435	0.470000
1952	28747417763199144443619706292134262491322197896370602344858950416045066456144019456.000000	-40.972435	0.520000
1953	31622159539519062931973676993943657940506680738952263624916508838735445267299958784.000000	-40.972435	0.490000
1954	34784375493470975291159044802231977534635743392264391555765654794237798042342260736.000000	-40.972435	0.590000
1955	38262813042818076864266949355051144488151580784435431756913883654747450012118024192.000000	-40.972435	0.460000
1956	42089094347099885898690977648088248670317493213860508614462493147250819068510339072.000000	-40.972435	0.500000
1957	46298003781809879206550742164259037604076882763681927362409016406576085168493166592.000000	-40.972435	0.450000
1958	50927804159990868475203149738216931097835325391031653780507139174262317740522995712.000000	-40.972435	0.430000
1959	56020584575989960040714131463400588274346498158570187045058127036288733707707088896.000000	-40.972435	0.490000
1960	61622643033588960088777544682336616301833411027371806795135603121003479244019335168.000000	-40.972435	0.550000
1961	67784907336947868229631299368358185532173541288942790611364153576361443665045880832.000000	-40.972435	0.450000
1962	74563398070642656400591762662725993818741649768818603354357790061026212086730981376.000000	-40.972435	0.480000
1963	82019737877706926084642939001594562400668077798645064735365232448214705460945616896.000000	-40.972435	0.480000
1964	90221711665477629477085899762009936507540920386361840663759524709265168448484278272.000000	-40.972435	0.480000
1965	99243882832025400512778489883402868558399538530887226821278803942363429624415780864.000000	-40.972435	0.480000
1966	109168271115227943260051005586807134880941001085939016867121126590657020697218383872.000000	-40.972435	0.390000
1967	120085098226750752414026773078339735435893399055329789054262671647037587373925859328.000000	-40.972435	0.430000
1968	132093608049425839787405450603961616579639528119696571096403928954998962607943057408.000000	-40.972435	0.490000
1969	145302968854368429158135329094485737171006498335592362933473206358613355089459412992.000000	-40.972435	0.510000
1970	159833265739805293641906195724446146621719217784856138136536065026932675481293553664.000000	-40.972435	0.470000
1971	175816592313785825702091482011954740750592648265304819313904113783683191139783933952.000000	-40.972435	0.440000
1972	193398251545164429840257963933662050559263982707539840155010063194509495136650526720.000000	-40.972435	0.480000
1973	212738076699680899784230427477668050282205467997924497807655492054532925753925828608.000000	-40.972435	0.450000
1974	234011884369649022114589470806202608910844119221273755952994348308673195653650710528.000000	-40.972435	0.530000
1975	257413072806613929718037751316950828735331548547327266275722667647655011439737831424.000000	-40.972435	0.470000
1976	283154380087275338865809526739029788409073755613838397085581587936764001245877764096.000000	-40.972435	0.430000
1977	311469818096002883536369146273188685116787165983074506248997515746669393811909640192.000000	-40.972435	0.490000
1978	342616799905603220417910061771659184029093039216717169420757227894366799179599052800.000000	-40.972435	0.500000
1979	376878479896163569419647735099464897099017430158019559999977373224375960201169207296.000000	-40.972435	0.490000
1980	414566327885779937145591175469667304675725207981673785454832879563042548662730227712.000000	-40.972435	0.460000
1981	456022960674357952428107626737145870876909798395545702910031705551804788411891449856.000000	-40.972435	0.390000
1982	501625256741793785414843723421756170498421900062583216293037067663786740798134943744.000000	-40.972435	0.550000
1983	551787782415973207092242763204955459015488229300250615741771850495081384643724836864.000000	-40.972435	0.550000
1984	606966560657570624857275041267754265718291365500946102409668956690650455081094217728.000000	-40.972435	0.510000
1985	667663216723327719694938545975297445890538606474597521015209159408402477913535938560.000000	-40.972435	0.500000
1986	734429538395660599504219069175386369147652815200579967665307765511532650119330529280.000000	-40.972435	0.450000
1987	807872492235226767294427644695484184730478444799160658980416232224975839545704579072.000000	-40.972435	0.470000
1988	888659741458749465591827742885544438937138358894781263788173393479931408383163236352.000000	-40.972435	0.510000
1989	977525715604624433718967850894610718564464264399963929076706270860382534104367759360.000000	-40.972435	0.530000
1990	1075278287165086984930651304586630969088971038918483016532954588108710711929245532160.000000	-40.972435	0.470000
1991	1182806115881595683423716435045294065997868142810331318186250046919581783122170085376.000000	-40.972435	0.440000
1992	1301086727469755424309746748313918158466551514017000761282599355871203840497492688896.000000	-40.972435	0.450000
1993	1431195400216731139284380092909404660182103222344337148688583595717988103610347552768.000000	-40.972435	0.500000
1994	1574314940238404339484647437082392469134761823041589019196304107419618853502935105536.000000	-40.972435	0.330000
1995	1731746434262244838136984181952167223249074214192861537845081132258954693501893214208.000000	-40.972435	0.490000
1996	1904921077688469516062298603631990467176490262153488541817029087776972026798076329984.000000	-40.972435	0.420000
1997	2095413185457316726484016468641331542697484123757291862915318452944165048072542355456.000000	-40.972435	0.500000
1998	2304954504003048571676076785269559382836129093058657360484574602498245431942902185984.000000	-40.972435	0.480000
1999	2535449954403353471979599131237538992586966141595932174352463138812985944902968803328.000000	-40.972435	0.510000
2000	2788994949843689121128961716448458592116231730375388936523726985148696327753700474880.000000	-40.972435	0.460000


================================================================================
Contenido de: results/svm/annealing/batches/betas02000_iterations00400/2026-08-11_11:49:16/summary.txt
================================================================================

B-idx	Beta	Energy	Acceptance
1	60.049940	-24.477130	0.810000
2	66.054934	-26.073455	0.700000
3	72.660428	-27.364148	0.670000
4	79.926471	-28.985569	0.610000
5	87.919118	-29.975231	0.555000
6	96.711029	-30.724244	0.510000
7	106.382132	-31.956338	0.555000
8	117.020346	-32.766286	0.580000
9	128.722380	-33.614490	0.540000
10	141.594618	-34.159516	0.507500
11	155.754080	-34.651949	0.520000
12	171.329488	-35.145444	0.507500
13	188.462437	-35.768116	0.517500
14	207.308680	-36.435537	0.442500
15	228.039548	-36.898258	0.467500
16	250.843503	-37.495068	0.455000
17	275.927854	-38.118043	0.467500
18	303.520639	-38.671203	0.437500
19	333.872703	-39.009540	0.442500
20	367.259973	-39.400510	0.447500
21	403.985970	-39.858474	0.420000
22	444.384567	-40.255402	0.440000
23	488.823024	-40.593478	0.415000
24	537.705327	-40.971259	0.372500
25	591.475859	-41.237121	0.407500
26	650.623445	-41.538880	0.370000
27	715.685790	-41.895135	0.370000
28	787.254369	-42.143112	0.317500
29	865.979805	-42.573656	0.365000
30	952.577786	-42.723211	0.360000
31	1047.835565	-43.058680	0.357500
32	1152.619121	-43.311085	0.355000
33	1267.881033	-43.626716	0.352500
34	1394.669136	-43.997363	0.372500
35	1534.136050	-44.196968	0.325000
36	1687.549655	-44.488533	0.335000
37	1856.304621	-44.685709	0.315000
38	2041.935083	-44.969369	0.302500
39	2246.128591	-45.191739	0.385000
40	2470.741450	-45.321482	0.342500
41	2717.815595	-45.499500	0.335000
42	2989.597154	-45.656583	0.330000
43	3288.556870	-45.859593	0.340000
44	3617.412557	-46.049914	0.327500
45	3979.153813	-46.217177	0.297500
46	4377.069194	-46.451920	0.295000
47	4814.776113	-46.629671	0.315000
48	5296.253725	-46.733097	0.327500
49	5825.879097	-46.869822	0.287500
50	6408.467007	-47.027276	0.287500
51	7049.313707	-47.198044	0.365000
52	7754.245078	-47.294522	0.307500
53	8529.669586	-47.382380	0.302500
54	9382.636544	-47.472677	0.285000
55	10320.900199	-47.585275	0.305000
56	11352.990219	-47.717081	0.302500
57	12488.289241	-47.818897	0.265000
58	13737.118165	-47.912314	0.287500
59	15110.829981	-48.013117	0.272500
60	16621.912979	-48.188942	0.287500
61	18284.104277	-48.274737	0.262500
62	20112.514705	-48.377400	0.315000
63	22123.766176	-48.456579	0.260000
64	24336.142793	-48.532658	0.270000
65	26769.757072	-48.616198	0.297500
66	29446.732780	-48.704123	0.285000
67	32391.406058	-48.770095	0.280000
68	35630.546663	-48.846661	0.317500
69	39193.601330	-48.915860	0.277500
70	43112.961463	-48.972807	0.260000
71	47424.257609	-49.032958	0.272500
72	52166.683370	-49.095541	0.285000
73	57383.351707	-49.144921	0.257500
74	63121.686877	-49.203130	0.262500
75	69433.855565	-49.258713	0.245000
76	76377.241122	-49.302007	0.242500
77	84014.965234	-49.352102	0.285000
78	92416.461757	-49.409955	0.277500
79	101658.107933	-49.452187	0.277500
80	111823.918726	-49.486796	0.282500
81	123006.310599	-49.528402	0.292500
82	135306.941659	-49.570956	0.282500
83	148837.635825	-49.607398	0.287500
84	163721.399407	-49.632192	0.255000
85	180093.539348	-49.659989	0.270000
86	198102.893283	-49.692110	0.305000
87	217913.182611	-49.717796	0.280000
88	239704.500872	-49.742767	0.280000
89	263674.950959	-49.772416	0.302500
90	290042.446055	-49.791410	0.260000
91	319046.690661	-49.820285	0.292500
92	350951.359727	-49.847861	0.292500
93	386046.495700	-49.867246	0.265000
94	424651.145270	-49.895503	0.272500
95	467116.259797	-49.919650	0.262500
96	513827.885776	-49.942091	0.292500
97	565210.674354	-49.964165	0.292500
98	621731.741789	-49.981927	0.257500
99	683904.915968	-50.001900	0.305000
100	752295.407565	-50.019318	0.262500
101	827524.948322	-50.034763	0.272500
102	910277.443154	-50.047353	0.252500
103	1001305.187469	-50.058332	0.280000
104	1101435.706216	-50.071024	0.255000
105	1211579.276838	-50.080879	0.262500
106	1332737.204521	-50.093694	0.267500
107	1466010.924974	-50.107327	0.282500
108	1612612.017471	-50.117855	0.292500
109	1773873.219218	-50.129941	0.280000
110	1951260.541140	-50.139600	0.282500
111	2146386.595254	-50.153391	0.327500
112	2361025.254779	-50.163160	0.247500
113	2597127.780257	-50.174848	0.320000
114	2856840.558283	-50.185997	0.312500
115	3142524.614111	-50.193282	0.275000
116	3456777.075522	-50.200063	0.287500
117	3802454.783075	-50.207280	0.287500
118	4182700.261382	-50.213276	0.255000
119	4600970.287520	-50.220521	0.265000
120	5061067.316272	-50.227801	0.277500
121	5567174.047899	-50.234191	0.285000
122	6123891.452689	-50.242187	0.327500
123	6736280.597958	-50.249847	0.335000
124	7409908.657754	-50.256046	0.322500
125	8150899.523530	-50.260147	0.262500
126	8965989.475883	-50.266362	0.315000
127	9862588.423471	-50.270967	0.285000
128	10848847.265818	-50.275232	0.290000
129	11933731.992400	-50.280052	0.332500
130	13127105.191640	-50.285403	0.307500
131	14439815.710804	-50.289475	0.280000
132	15883797.281884	-50.292579	0.262500
133	17472177.010072	-50.295674	0.312500
134	19219394.711080	-50.298980	0.275000
135	21141334.182187	-50.302341	0.305000
136	23255467.600406	-50.305570	0.292500
137	25581014.360447	-50.308073	0.265000
138	28139115.796492	-50.310819	0.312500
139	30953027.376141	-50.313172	0.265000
140	34048330.113755	-50.315363	0.235000
141	37453163.125130	-50.318090	0.307500
142	41198479.437643	-50.320954	0.300000
143	45318327.381408	-50.324232	0.312500
144	49850160.119548	-50.326007	0.292500
145	54835176.131503	-50.328002	0.307500
146	60318693.744653	-50.330266	0.332500
147	66350563.119119	-50.331930	0.285000
148	72985619.431031	-50.334102	0.335000
149	80284181.374134	-50.336358	0.292500
150	88312599.511547	-50.338494	0.277500
151	97143859.462702	-50.340048	0.290000
152	106858245.408972	-50.341719	0.310000
153	117544069.949869	-50.343231	0.307500
154	129298476.944856	-50.344519	0.275000
155	142228324.639342	-50.345664	0.292500
156	156451157.103276	-50.346602	0.252500
157	172096272.813604	-50.347522	0.297500
158	189305900.094964	-50.348561	0.265000
159	208236490.104461	-50.349604	0.307500
160	229060139.114907	-50.350696	0.300000
161	251966153.026397	-50.351568	0.267500
162	277162768.329037	-50.352656	0.300000
163	304879045.161941	-50.353612	0.290000
164	335366949.678135	-50.354382	0.292500
165	368903644.645948	-50.355359	0.320000
166	405794009.110543	-50.356164	0.305000
167	446373410.021598	-50.356924	0.292500
168	491010751.023758	-50.357625	0.290000
169	540111826.126133	-50.358227	0.280000
170	594123008.738747	-50.358784	0.270000
171	653535309.612622	-50.359352	0.275000
172	718888840.573884	-50.359972	0.287500
173	790777724.631272	-50.360410	0.260000
174	869855497.094399	-50.360883	0.287500
175	956841046.803839	-50.361275	0.262500
176	1052525151.484223	-50.361704	0.300000
177	1157777666.632646	-50.362129	0.300000
178	1273555433.295911	-50.362535	0.265000
179	1400910976.625502	-50.362972	0.312500
180	1541002074.288052	-50.363478	0.335000
181	1695102281.716857	-50.363916	0.332500
182	1864612509.888543	-50.364253	0.290000
183	2051073760.877398	-50.364607	0.295000
184	2256181136.965138	-50.364959	0.320000
185	2481799250.661652	-50.365279	0.340000
186	2729979175.727818	-50.365611	0.327500
187	3002977093.300600	-50.365842	0.295000
188	3303274802.630660	-50.366047	0.285000
189	3633602282.893726	-50.366305	0.320000
190	3996962511.183099	-50.366525	0.322500
191	4396658762.301409	-50.366784	0.305000
192	4836324638.531550	-50.366949	0.267500
193	5319957102.384706	-50.367192	0.315000
194	5851952812.623177	-50.367378	0.310000
195	6437148093.885495	-50.367518	0.275000
196	7080862903.274045	-50.367690	0.335000
197	7788949193.601450	-50.367843	0.315000
198	8567844112.961596	-50.368007	0.332500
199	9424628524.257755	-50.368124	0.307500
200	10367091376.683531	-50.368275	0.322500
201	11403800514.351885	-50.368413	0.350000
202	12544180565.787075	-50.368555	0.327500
203	13798598622.365784	-50.368699	0.307500
204	15178458484.602364	-50.368820	0.312500
205	16696304333.062601	-50.368966	0.345000
206	18365934766.368862	-50.369060	0.330000
207	20202528243.005749	-50.369154	0.287500
208	22222781067.306324	-50.369246	0.292500
209	24445059174.036957	-50.369358	0.310000
210	26889565091.440655	-50.369432	0.310000
211	29578521600.584724	-50.369526	0.302500
212	32536373760.643200	-50.369612	0.302500
213	35790011136.707520	-50.369688	0.325000
214	39369012250.378273	-50.369773	0.357500
215	43305913475.416107	-50.369853	0.300000
216	47636504822.957726	-50.369917	0.310000
217	52400155305.253502	-50.369978	0.317500
218	57640170835.778854	-50.370043	0.310000
219	63404187919.356743	-50.370100	0.310000
220	69744606711.292419	-50.370157	0.350000
221	76719067382.421661	-50.370205	0.290000
222	84390974120.663834	-50.370242	0.277500
223	92830071532.730225	-50.370281	0.287500
224	102113078686.003250	-50.370327	0.320000
225	112324386554.603577	-50.370377	0.300000
226	123556825210.063950	-50.370415	0.317500
227	135912507731.070358	-50.370455	0.335000
228	149503758504.177399	-50.370501	0.342500
229	164454134354.595154	-50.370531	0.310000
230	180899547790.054688	-50.370565	0.347500
231	198989502569.060181	-50.370597	0.322500
232	218888452825.966217	-50.370631	0.335000
233	240777298108.562866	-50.370659	0.320000
234	264855027919.419189	-50.370688	0.327500
235	291340530711.361145	-50.370712	0.290000
236	320474583782.497314	-50.370739	0.337500
237	352522042160.747070	-50.370761	0.332500
238	387774246376.821838	-50.370785	0.325000
239	426551671014.504028	-50.370807	0.305000
240	469206838115.954468	-50.370829	0.320000
241	516127521927.549927	-50.370851	0.357500
242	567740274120.304932	-50.370864	0.292500
243	624514301532.335449	-50.370879	0.320000
244	686965731685.569092	-50.370895	0.320000
245	755662304854.126099	-50.370908	0.285000
246	831228535339.538818	-50.370923	0.270000
247	914351388873.492798	-50.370937	0.302500
248	1005786527760.842163	-50.370950	0.297500
249	1106365180536.926514	-50.370963	0.320000
250	1217001698590.619385	-50.370973	0.310000
251	1338701868449.681396	-50.370982	0.307500
252	1472572055294.649658	-50.370992	0.327500
253	1619829260824.114746	-50.371003	0.327500
254	1781812186906.526367	-50.371013	0.310000
255	1959993405597.179199	-50.371022	0.357500
256	2155992746156.897217	-50.371031	0.320000
257	2371592020772.586914	-50.371040	0.305000
258	2608751222849.845703	-50.371048	0.307500
259	2869626345134.830566	-50.371058	0.340000
260	3156588979648.313965	-50.371065	0.350000
261	3472247877613.145508	-50.371072	0.325000
262	3819472665374.460449	-50.371078	0.300000
263	4201419931911.906738	-50.371085	0.337500
264	4621561925103.097656	-50.371092	0.295000
265	5083718117613.408203	-50.371097	0.310000
266	5592089929374.749023	-50.371101	0.282500
267	6151298922312.224609	-50.371107	0.317500
268	6766428814543.447266	-50.371114	0.362500
269	7443071695997.792969	-50.371118	0.310000
270	8187378865597.573242	-50.371123	0.345000
271	9006116752157.332031	-50.371127	0.317500
272	9906728427373.066406	-50.371131	0.285000
273	10897401270110.373047	-50.371134	0.302500
274	11987141397121.412109	-50.371138	0.312500
275	13185855536833.554688	-50.371142	0.317500
276	14504441090516.912109	-50.371145	0.325000
277	15954885199568.605469	-50.371148	0.300000
278	17550373719525.466797	-50.371151	0.280000
279	19305411091478.015625	-50.371154	0.352500
280	21235952200625.820312	-50.371156	0.295000
281	23359547420688.402344	-50.371159	0.340000
282	25695502162757.246094	-50.371160	0.272500
283	28265052379032.972656	-50.371163	0.320000
284	31091557616936.273438	-50.371165	0.295000
285	34200713378629.902344	-50.371167	0.330000
286	37620784716492.898438	-50.371170	0.327500
287	41382863188142.195312	-50.371172	0.330000
288	45521149506956.421875	-50.371174	0.345000
289	50073264457652.070312	-50.371176	0.352500
290	55080590903417.281250	-50.371178	0.370000
291	60588649993759.015625	-50.371179	0.315000
292	66647514993134.921875	-50.371180	0.295000
293	73312266492448.421875	-50.371182	0.300000
294	80643493141693.265625	-50.371183	0.295000
295	88707842455862.593750	-50.371184	0.345000
296	97578626701448.859375	-50.371185	0.297500
297	107336489371593.750000	-50.371187	0.355000
298	118070138308753.140625	-50.371188	0.345000
299	129877152139628.468750	-50.371189	0.372500
300	142864867353591.312500	-50.371190	0.315000
301	157151354088950.468750	-50.371191	0.305000
302	172866489497845.531250	-50.371191	0.330000
303	190153138447630.093750	-50.371192	0.317500
304	209168452292393.125000	-50.371193	0.325000
305	230085297521632.468750	-50.371194	0.310000
306	253093827273795.750000	-50.371195	0.377500
307	278403210001175.343750	-50.371195	0.315000
308	306243531001292.875000	-50.371196	0.305000
309	336867884101422.187500	-50.371196	0.340000
310	370554672511564.437500	-50.371197	0.367500
311	407610139762720.937500	-50.371198	0.395000
312	448371153738993.062500	-50.371198	0.330000
313	493208269112892.437500	-50.371199	0.302500
314	542529096024181.750000	-50.371199	0.310000
315	596782005626600.000000	-50.371200	0.322500
316	656460206189260.000000	-50.371200	0.292500
317	722106226808186.000000	-50.371200	0.285000
318	794316849489004.625000	-50.371201	0.320000
319	873748534437905.125000	-50.371201	0.307500
320	961123387881695.750000	-50.371202	0.295000
321	1057235726669865.375000	-50.371202	0.302500
322	1162959299336852.000000	-50.371202	0.305000
323	1279255229270537.250000	-50.371203	0.355000
324	1407180752197591.000000	-50.371203	0.322500
325	1547898827417350.250000	-50.371203	0.322500
326	1702688710159085.500000	-50.371204	0.332500
327	1872957581174994.250000	-50.371204	0.335000
328	2060253339292493.750000	-50.371204	0.335000
329	2266278673221743.500000	-50.371204	0.320000
330	2492906540543918.000000	-50.371205	0.357500
331	2742197194598310.000000	-50.371205	0.325000
332	3016416914058141.000000	-50.371205	0.315000
333	3318058605463955.500000	-50.371205	0.312500
334	3649864466010351.500000	-50.371205	0.317500
335	4014850912611387.000000	-50.371206	0.335000
336	4416336003872526.000000	-50.371206	0.337500
337	4857969604259779.000000	-50.371206	0.362500
338	5343766564685757.000000	-50.371206	0.327500
339	5878143221154333.000000	-50.371206	0.345000
340	6465957543269767.000000	-50.371206	0.357500
341	7112553297596744.000000	-50.371206	0.350000
342	7823808627356419.000000	-50.371207	0.397500
343	8606189490092062.000000	-50.371207	0.322500
344	9466808439101268.000000	-50.371207	0.317500
345	10413489283011396.000000	-50.371207	0.367500
346	11454838211312536.000000	-50.371207	0.330000
347	12600322032443790.000000	-50.371207	0.360000
348	13860354235688170.000000	-50.371207	0.347500
349	15246389659256988.000000	-50.371207	0.330000
350	16771028625182688.000000	-50.371207	0.315000
351	18448131487700960.000000	-50.371207	0.312500
352	20292944636471056.000000	-50.371208	0.342500
353	22322239100118164.000000	-50.371208	0.292500
354	24554463010129984.000000	-50.371208	0.312500
355	27009909311142984.000000	-50.371208	0.345000
356	29710900242257284.000000	-50.371208	0.320000
357	32681990266483016.000000	-50.371208	0.375000
358	35950189293131320.000000	-50.371208	0.332500
359	39545208222444456.000000	-50.371208	0.345000
360	43499729044688904.000000	-50.371208	0.330000
361	47849701949157800.000000	-50.371208	0.320000
362	52634672144073584.000000	-50.371208	0.320000
363	57898139358480944.000000	-50.371208	0.332500
364	63687953294329040.000000	-50.371208	0.340000
365	70056748623761952.000000	-50.371208	0.352500
366	77062423486138160.000000	-50.371208	0.335000
367	84768665834751984.000000	-50.371208	0.325000
368	93245532418227184.000000	-50.371208	0.327500
369	102570085660049904.000000	-50.371208	0.337500
370	112827094226054896.000000	-50.371208	0.322500
371	124109803648660400.000000	-50.371208	0.327500
372	136520784013526448.000000	-50.371208	0.310000
373	150172862414879104.000000	-50.371209	0.345000
374	165190148656367040.000000	-50.371209	0.382500
375	181709163522003744.000000	-50.371209	0.330000
376	199880079874204128.000000	-50.371209	0.305000
377	219868087861624544.000000	-50.371209	0.307500
378	241854896647787008.000000	-50.371209	0.315000
379	266040386312565728.000000	-50.371209	0.355000
380	292644424943822336.000000	-50.371209	0.357500
381	321908867438204608.000000	-50.371209	0.332500
382	354099754182025088.000000	-50.371209	0.325000
383	389509729600227648.000000	-50.371209	0.310000
384	428460702560250432.000000	-50.371209	0.327500
385	471306772816275520.000000	-50.371209	0.292500
386	518437450097903104.000000	-50.371209	0.322500
387	570281195107693440.000000	-50.371209	0.345000
388	627309314618462848.000000	-50.371209	0.342500
389	690040246080309248.000000	-50.371209	0.325000
390	759044270688340224.000000	-50.371209	0.342500
391	834948697757174272.000000	-50.371209	0.270000
392	918443567532891776.000000	-50.371209	0.280000
393	1010287924286180992.000000	-50.371209	0.302500
394	1111316716714799232.000000	-50.371209	0.380000
395	1222448388386279168.000000	-50.371209	0.330000
396	1344693227224907264.000000	-50.371209	0.322500
397	1479162549947398144.000000	-50.371209	0.365000
398	1627078804942138112.000000	-50.371209	0.317500
399	1789786685436352000.000000	-50.371209	0.340000
400	1968765353979987456.000000	-50.371209	0.315000
401	2165641889377986304.000000	-50.371209	0.312500
402	2382206078315785216.000000	-50.371209	0.367500
403	2620426686147363840.000000	-50.371209	0.320000
404	2882469354762100224.000000	-50.371209	0.360000
405	3170716290238310400.000000	-50.371209	0.362500
406	3487787919262141952.000000	-50.371209	0.322500
407	3836566711188356608.000000	-50.371209	0.357500
408	4220223382307192832.000000	-50.371209	0.360000
409	4642245720537912320.000000	-50.371209	0.332500
410	5106470292591704064.000000	-50.371209	0.372500
411	5617117321850874880.000000	-50.371209	0.317500
412	6178829054035962880.000000	-50.371209	0.340000
413	6796711959439559680.000000	-50.371209	0.335000
414	7476383155383516160.000000	-50.371209	0.347500
415	8224021470921868288.000000	-50.371209	0.322500
416	9046423618014055424.000000	-50.371209	0.327500
417	9951065979815460864.000000	-50.371209	0.352500
418	10946172577797007360.000000	-50.371209	0.350000
419	12040789835576709120.000000	-50.371209	0.297500
420	13244868819134382080.000000	-50.371209	0.330000
421	14569355701047822336.000000	-50.371209	0.380000
422	16026291271152605184.000000	-50.371209	0.337500
423	17628920398267867136.000000	-50.371209	0.367500
424	19391812438094655488.000000	-50.371209	0.345000
425	21330993681904123904.000000	-50.371209	0.290000
426	23464093050094538752.000000	-50.371209	0.335000
427	25810502355103993856.000000	-50.371209	0.367500
428	28391552590614396928.000000	-50.371209	0.325000
429	31230707849675837440.000000	-50.371209	0.340000
430	34353778634643423232.000000	-50.371209	0.322500
431	37789156498107768832.000000	-50.371209	0.322500
432	41568072147918553088.000000	-50.371209	0.325000
433	45724879362710413312.000000	-50.371209	0.315000
434	50297367298981462016.000000	-50.371209	0.327500
435	55327104028879609856.000000	-50.371209	0.345000
436	60859814431767576576.000000	-50.371209	0.340000
437	66945795874944335872.000000	-50.371209	0.342500
438	73640375462438772736.000000	-50.371209	0.395000
439	81004413008682663936.000000	-50.371209	0.340000
440	89104854309550931968.000000	-50.371209	0.340000
441	98015339740506030080.000000	-50.371209	0.357500
442	107816873714556649472.000000	-50.371209	0.355000
443	118598561086012325888.000000	-50.371209	0.320000
444	130458417194613571584.000000	-50.371209	0.340000
445	143504258914074935296.000000	-50.371209	0.307500
446	157854684805482446848.000000	-50.371209	0.370000
447	173640153286030721024.000000	-50.371209	0.300000
448	191004168614633799680.000000	-50.371209	0.367500
449	210104585476097212416.000000	-50.371209	0.350000
450	231115044023706943488.000000	-50.371209	0.370000
451	254226548426077667328.000000	-50.371209	0.342500
452	279649203268685463552.000000	-50.371209	0.352500
453	307614123595554029568.000000	-50.371209	0.325000
454	338375535955109478400.000000	-50.371209	0.332500
455	372213089550620426240.000000	-50.371209	0.327500
456	409434398505682534400.000000	-50.371209	0.342500
457	450377838356250820608.000000	-50.371209	0.342500
458	495415622191875948544.000000	-50.371209	0.365000
459	544957184411063615488.000000	-50.371209	0.335000
460	599452902852170088448.000000	-50.371209	0.347500
461	659398193137387175936.000000	-50.371209	0.332500
462	725338012451125985280.000000	-50.371209	0.342500
463	797871813696238649344.000000	-50.371209	0.370000
464	877658995065862619136.000000	-50.371209	0.375000
465	965424894572448972800.000000	-50.371209	0.355000
466	1061967384029694001152.000000	-50.371209	0.287500
467	1168164122432663453696.000000	-50.371209	0.345000
468	1284980534675929825280.000000	-50.371209	0.330000
469	1413478588143522807808.000000	-50.371209	0.382500
470	1554826446957875298304.000000	-50.371209	0.352500
471	1710309091653663064064.000000	-50.371209	0.310000
472	1881340000819029475328.000000	-50.371209	0.310000
473	2069474000900932501504.000000	-50.371209	0.307500
474	2276421400991025856512.000000	-50.371209	0.345000
475	2504063541090128494592.000000	-50.371209	0.332500
476	2754469895199141658624.000000	-50.371209	0.347500
477	3029916884719056191488.000000	-50.371209	0.340000
478	3332908573190962282496.000000	-50.371209	0.340000
479	3666199430510058930176.000000	-50.371209	0.335000
480	4032819373561064980480.000000	-50.371209	0.310000
481	4436101310917172002816.000000	-50.371209	0.362500
482	4879711442008889360384.000000	-50.371209	0.327500
483	5367682586209778925568.000000	-50.371209	0.392500
484	5904450844830757552128.000000	-50.371209	0.375000
485	6494895929313833517056.000000	-50.371209	0.342500
486	7144385522245217288192.000000	-50.371209	0.317500
487	7858824074469739331584.000000	-50.371209	0.352500
488	8644706481916714418176.000000	-50.371209	0.377500
489	9509177130108386803712.000000	-50.371209	0.345000
490	10460094843119227371520.000000	-50.371209	0.327500
491	11506104327431151157248.000000	-50.371209	0.330000
492	12656714760174266482688.000000	-50.371209	0.320000
493	13922386236191694389248.000000	-50.371209	0.325000
494	15314624859810864037888.000000	-50.371209	0.355000
495	16846087345791951699968.000000	-50.371209	0.360000
496	18530696080371149176832.000000	-50.371209	0.342500
497	20383765688408267030528.000000	-50.371209	0.342500
498	22422142257249097089024.000000	-50.371209	0.337500
499	24664356482974010572800.000000	-50.371209	0.365000
500	27130792131271413727232.000000	-50.371209	0.360000
501	29843871344398558035968.000000	-50.371209	0.360000
502	32828258478838417195008.000000	-50.371209	0.362500
503	36111084326722260172800.000000	-50.371209	0.360000
504	39722192759394488287232.000000	-50.371209	0.342500
505	43694412035333942149120.000000	-50.371209	0.337500
506	48063853238867340558336.000000	-50.371209	0.362500
507	52870238562754081325056.000000	-50.371209	0.282500
508	58157262419029496168448.000000	-50.371209	0.332500
509	63972988660932449140736.000000	-50.371209	0.312500
510	70370287527025700765696.000000	-50.371209	0.345000
511	77407316279728281747456.000000	-50.371209	0.305000
512	85148047907701116633088.000000	-50.371209	0.352500
513	93662852698471231651840.000000	-50.371209	0.325000
514	103029137968318363205632.000000	-50.371209	0.392500
515	113332051765150204559360.000000	-50.371209	0.342500
516	124665256941665241792512.000000	-50.371209	0.357500
517	137131782635831771004928.000000	-50.371209	0.377500
518	150844960899414959849472.000000	-50.371209	0.377500
519	165929456989356477644800.000000	-50.371209	0.320000
520	182522402688292142186496.000000	-50.371209	0.315000
521	200774642957121363116032.000000	-50.371209	0.360000
522	220852107252833529626624.000000	-50.371209	0.380000
523	242937317978116892655616.000000	-50.371209	0.337500
524	267231049775928588632064.000000	-50.371209	0.347500
525	293954154753521457561600.000000	-50.371209	0.330000
526	323349570228873620094976.000000	-50.371209	0.397500
527	355684527251760988815360.000000	-50.371209	0.382500
528	391252979976937087696896.000000	-50.371209	0.340000
529	430378277974630803177472.000000	-50.371209	0.302500
530	473416105772093896916992.000000	-50.371209	0.345000
531	520757716349303333584896.000000	-50.371209	0.330000
532	572833487984233707208704.000000	-50.371209	0.355000
533	630116836782657138327552.000000	-50.371209	0.340000
534	693128520460922932690944.000000	-50.371209	0.360000
535	762441372507015319912448.000000	-50.371209	0.320000
536	838685509757716972699648.000000	-50.371209	0.325000
537	922554060733488723656704.000000	-50.371209	0.347500
538	1014809466806837622865920.000000	-50.371209	0.312500
539	1116290413487521519370240.000000	-50.371209	0.322500
540	1227919454836273738416128.000000	-50.371209	0.340000
541	1350711400319901300162560.000000	-50.371209	0.337500
542	1485782540351891564396544.000000	-50.371209	0.330000
543	1634360794387080747679744.000000	-50.371209	0.377500
544	1797796873825788849291264.000000	-50.371209	0.395000
545	1977576561208367761063936.000000	-50.371209	0.385000
546	2175334217329204644544512.000000	-50.371209	0.337500
547	2392867639062125189529600.000000	-50.371209	0.347500
548	2632154402968337708482560.000000	-50.371209	0.357500
549	2895369843265171479330816.000000	-50.371209	0.362500
550	3184906827591688734638080.000000	-50.371209	0.355000
551	3503397510350857876537344.000000	-50.371209	0.370000
552	3853737261385943825252352.000000	-50.371209	0.382500
553	4239110987524538690961408.000000	-50.371209	0.327500
554	4663022086276992882180096.000000	-50.371209	0.330000
555	5129324294904692277772288.000000	-50.371209	0.342500
556	5642256724395162364542976.000000	-50.371209	0.380000
557	6206482396834678708371456.000000	-50.371209	0.340000
558	6827130636518146686582784.000000	-50.371209	0.362500
559	7509843700169962321608704.000000	-50.371209	0.345000
560	8260828070186959520137216.000000	-50.371209	0.372500
561	9086910877205656116396032.000000	-50.371209	0.360000
562	9995601964926223016525824.000000	-50.371209	0.347500
563	10995162161418846821416960.000000	-50.371209	0.342500
564	12094678377560732577300480.000000	-50.371209	0.365000
565	13304146215316807982514176.000000	-50.371209	0.385000
566	14634560836848490498752512.000000	-50.371209	0.337500
567	16098016920533340837117952.000000	-50.371209	0.330000
568	17707818612586676209319936.000000	-50.371209	0.312500
569	19478600473845346621980672.000000	-50.371209	0.340000
570	21426460521229884720152576.000000	-50.371209	0.357500
571	23569106573352877057638400.000000	-50.371209	0.355000
572	25926017230688164763402240.000000	-50.371209	0.382500
573	28518618953756985534709760.000000	-50.371209	0.337500
574	31370480849132686235664384.000000	-50.371209	0.355000
575	34507528934045957436211200.000000	-50.371209	0.342500
576	37958281827450557474799616.000000	-50.371209	0.322500
577	41754110010195614940266496.000000	-50.371209	0.380000
578	45929521011215182447247360.000000	-50.371209	0.342500
579	50522473112336700691972096.000000	-50.371209	0.395000
580	55574720423570372479156224.000000	-50.371209	0.370000
581	61132192465927416599019520.000000	-50.371209	0.342500
582	67245411712520166848856064.000000	-50.371209	0.362500
583	73969952883772186110722048.000000	-50.371209	0.405000
584	81366948172149418465689600.000000	-50.371209	0.302500
585	89503642989364360312258560.000000	-50.371209	0.350000
586	98454007288300804933419008.000000	-50.371209	0.320000
587	108299408017130899170656256.000000	-50.371209	0.342500
588	119129348818843990805708800.000000	-50.371209	0.360000
589	131042283700728407066148864.000000	-50.371209	0.362500
590	144146512070801254644711424.000000	-50.371209	0.367500
591	158561163277881386981130240.000000	-50.371209	0.347500
592	174417279605669525679243264.000000	-50.371209	0.365000
593	191859007566236502298984448.000000	-50.371209	0.362500
594	211044908322860166272778240.000000	-50.371209	0.312500
595	232149399155146217259794432.000000	-50.371209	0.377500
596	255364339070660859601616896.000000	-50.371209	0.355000
597	280900772977726973049569280.000000	-50.371209	0.342500
598	308990850275499704714264576.000000	-50.371209	0.355000
599	339889935303049702673481728.000000	-50.371209	0.407500
600	373878928833354721044463616.000000	-50.371209	0.350000
601	411266821716690254996439040.000000	-50.371209	0.352500
602	452393503888359349215559680.000000	-50.371209	0.357500
603	497632854277195318496854016.000000	-50.371209	0.367500
604	547396139704914912194068480.000000	-50.371209	0.390000
605	602135753675406472132952064.000000	-50.371209	0.350000
606	662349329042947194937671680.000000	-50.371209	0.345000
607	728584261947241983150915584.000000	-50.371209	0.355000
608	801442688141966222697693184.000000	-50.371209	0.390000
609	881586956956162954918625280.000000	-50.371209	0.305000
610	969745652651779387849441280.000000	-50.371209	0.360000
611	1066720217916957464073338880.000000	-50.371209	0.352500
612	1173392239708653347919626240.000000	-50.371209	0.310000
613	1290731463679518682711588864.000000	-50.371209	0.342500
614	1419804610047470660933910528.000000	-50.371209	0.410000
615	1561785071052217946929627136.000000	-50.371209	0.357500
616	1717963578157439906549334016.000000	-50.371209	0.360000
617	1889759935973184062131011584.000000	-50.371209	0.377500
618	2078735929570502578295275520.000000	-50.371209	0.372500
619	2286609522527553111002710016.000000	-50.371209	0.355000
620	2515270474780308724468678656.000000	-50.371209	0.367500
621	2766797522258339761842290688.000000	-50.371209	0.392500
622	3043477274484174232806752256.000000	-50.371209	0.352500
623	3347825001932591821014171648.000000	-50.371209	0.327500
624	3682607502125851497895821312.000000	-50.371209	0.327500
625	4050868252338436702660984832.000000	-50.371209	0.425000
626	4455955077572280977658478592.000000	-50.371209	0.367500
627	4901550585329509405277814784.000000	-50.371209	0.392500
628	5391705643862461005512572928.000000	-50.371209	0.360000
629	5930876208248707875721969664.000000	-50.371209	0.332500
630	6523963829073579323001143296.000000	-50.371209	0.352500
631	7176360211980937695105908736.000000	-50.371209	0.357500
632	7893996233179032454176964608.000000	-50.371209	0.357500
633	8683395856496936469252800512.000000	-50.371209	0.335000
634	9551735442146630995787382784.000000	-50.371209	0.382500
635	10506908986361295304828911616.000000	-50.371209	0.397500
636	11557599884997426374628081664.000000	-50.371209	0.382500
637	12713359873497170771309494272.000000	-50.371209	0.370000
638	13984695860846889827561373696.000000	-50.371209	0.367500
639	15383165446931580349633789952.000000	-50.371209	0.387500
640	16921481991624739264206471168.000000	-50.371209	0.357500
641	18613630190787215609552699392.000000	-50.371209	0.327500
642	20474993209865938050117271552.000000	-50.371209	0.355000
643	22522492530852532734738300928.000000	-50.371209	0.330000
644	24774741783937789526649339904.000000	-50.371209	0.385000
645	27252215962331572437556133888.000000	-50.371209	0.385000
646	29977437558564731000725700608.000000	-50.371209	0.297500
647	32975181314421207619235479552.000000	-50.371209	0.370000
648	36272699445863329260768329728.000000	-50.371209	0.330000
649	39899969390449665705282371584.000000	-50.371209	0.362500
650	43889966329494634035029213184.000000	-50.371209	0.347500
651	48278962962444099197750738944.000000	-50.371209	0.305000
652	53106859258688515274790928384.000000	-50.371209	0.405000
653	58417545184557372959535136768.000000	-50.371209	0.320000
654	64259299703013113773925859328.000000	-50.371209	0.332500
655	70685229673314433067802165248.000000	-50.371209	0.357500
656	77753752640645879893019590656.000000	-50.371209	0.337500
657	85529127904710466123102945280.000000	-50.371209	0.350000
658	94082040695181512735413239808.000000	-50.371209	0.335000
659	103490244764699667527391772672.000000	-50.371209	0.307500
660	113839269241169639557786763264.000000	-50.371209	0.370000
661	125223196165286614068877066240.000000	-50.371209	0.360000
662	137745515781815284271857795072.000000	-50.371209	0.380000
663	151520067359996817976699387904.000000	-50.371209	0.335000
664	166672074095996527921866997760.000000	-50.371209	0.360000
665	183339281505596180714053697536.000000	-50.371209	0.382500
666	201673209656155805822333485056.000000	-50.371209	0.357500
667	221840530621771393441441251328.000000	-50.371209	0.357500
668	244024583683948536304022585344.000000	-50.371209	0.352500
669	268427042052343418081922514944.000000	-50.371209	0.360000
670	295269746257577788037612437504.000000	-50.371209	0.385000
671	324796720883335612581057396736.000000	-50.371209	0.352500
672	357276392971669180876037554176.000000	-50.371209	0.382500
673	393004032268836106000515727360.000000	-50.371209	0.347500
674	432304435495719716600567300096.000000	-50.371209	0.412500
675	475534879045291695297498447872.000000	-50.371209	0.355000
676	523088366949820878900997128192.000000	-50.371209	0.345000
677	575397203644802980864845676544.000000	-50.371209	0.367500
678	632936924009283307098827915264.000000	-50.371209	0.412500
679	696230616410211665956208377856.000000	-50.371209	0.362500
680	765853678051232874773075722240.000000	-50.371209	0.340000
681	842439045856356162250383294464.000000	-50.371209	0.340000
682	926682950441991806622919294976.000000	-50.371209	0.365000
683	1019351245486191099875201908736.000000	-50.371209	0.362500
684	1121286370034810252083968606208.000000	-50.371209	0.352500
685	1233415007038291403956104986624.000000	-50.371209	0.405000
686	1356756507742120713236701511680.000000	-50.371209	0.332500
687	1492432158516332784560371662848.000000	-50.371209	0.360000
688	1641675374367966260048892526592.000000	-50.371209	0.350000
689	1805842911804762970496274792448.000000	-50.371209	0.330000
690	1986427202985239323840897613824.000000	-50.371209	0.352500
691	2185069923283763565847461756928.000000	-50.371209	0.367500
692	2403576915612139978727203274752.000000	-50.371209	0.350000
693	2643934607173354061042416615424.000000	-50.371209	0.345000
694	2908328067890689917506621014016.000000	-50.371209	0.345000
695	3199160874679759303322250510336.000000	-50.371209	0.350000
696	3519076962147735346244466245632.000000	-50.371209	0.367500
697	3870984658362509106048894238720.000000	-50.371209	0.327500
698	4258083124198760298128760373248.000000	-50.371209	0.400000
699	4683891436618636665711608463360.000000	-50.371209	0.360000
700	5152280580280500332282769309696.000000	-50.371209	0.357500
701	5667508638308550478101036924928.000000	-50.371209	0.415000
702	6234259502139405863681112670208.000000	-50.371209	0.385000
703	6857685452353346787819195990016.000000	-50.371209	0.370000
704	7543453997588682142141059694592.000000	-50.371209	0.347500
705	8297799397347550581535147032576.000000	-50.371209	0.370000
706	9127579337082306878178559262720.000000	-50.371209	0.375000
707	10040337270790538691896322031616.000000	-50.371209	0.385000
708	11044370997869592673675944919040.000000	-50.371209	0.350000
709	12148808097656553066943446253568.000000	-50.371209	0.385000
710	13363688907422210400257623195648.000000	-50.371209	0.362500
711	14700057798164432341003310989312.000000	-50.371209	0.367500
712	16170063577980876926183530299392.000000	-50.371209	0.332500
713	17787069935778965969881771540480.000000	-50.371209	0.395000
714	19565776929356863692769855537152.000000	-50.371209	0.380000
715	21522354622292551413126729302016.000000	-50.371209	0.387500
716	23674590084521810607679066865664.000000	-50.371209	0.342500
717	26042049092973992118806936289280.000000	-50.371209	0.365000
718	28646254002271395834287257288704.000000	-50.371209	0.352500
719	31510879402498535868075945754624.000000	-50.371209	0.355000
720	34661967342748392157043316752384.000000	-50.371209	0.355000
721	38128164077023234074907424849920.000000	-50.371209	0.335000
722	41940980484725564237797608390656.000000	-50.371209	0.357500
723	46135078533198122463017220177920.000000	-50.371209	0.345000
724	50748586386517939212918569566208.000000	-50.371209	0.362500
725	55823445025169734034930351996928.000000	-50.371209	0.345000
726	61405789527686708339143312670720.000000	-50.371209	0.315000
727	67546368480455388180256898678784.000000	-50.371209	0.387500
728	74301005328500934204041992339456.000000	-50.371209	0.390000
729	81731105861351029425886042521600.000000	-50.371209	0.335000
730	89904216447486132368474646773760.000000	-50.371209	0.385000
731	98894638092234745605322111451136.000000	-50.371209	0.352500
732	108784101901458230974493428285440.000000	-50.371209	0.365000
733	119662512091604072086341280595968.000000	-50.371209	0.382500
734	131628763300764493706494216241152.000000	-50.371209	0.402500
735	144791639630840946680023339761664.000000	-50.371209	0.332500
736	159270803593925048553785077530624.000000	-50.371209	0.407500
737	175197883953317560614922989076480.000000	-50.371209	0.357500
738	192717672348649334690813797466112.000000	-50.371209	0.357500
739	211989439583514289777173388591104.000000	-50.371209	0.307500
740	233188383541865725960650131243008.000000	-50.371209	0.377500
741	256507221896052330982632461434880.000000	-50.371209	0.372500
742	282157944085657582095294217060352.000000	-50.371209	0.325000
743	310373738494223361922101850144768.000000	-50.371209	0.372500
744	341411112343645694511432333262848.000000	-50.371209	0.360000
745	375552223578010278374094374174720.000000	-50.371209	0.355000
746	413107445935811306211503811592192.000000	-50.371209	0.335000
747	454418190529392494478729423093760.000000	-50.371209	0.367500
748	499860009582331815984196403331072.000000	-50.371209	0.402500
749	549846010540565055228691274006528.000000	-50.371209	0.400000
750	604830611594621611191876227956736.000000	-50.371209	0.347500
751	665313672754083837162898484887552.000000	-50.371209	0.320000
752	731845040029492350582857601646592.000000	-50.371209	0.402500
753	805029544032441643287218592153600.000000	-50.371209	0.322500
754	885532498435685879673534489296896.000000	-50.371209	0.397500
755	974085748279254496463925553397760.000000	-50.371209	0.315000
756	1071494323107180090225506184593408.000000	-50.371209	0.335000
757	1178643755417898185717169648566272.000000	-50.371209	0.355000
758	1296508130959688061934961843765248.000000	-50.371209	0.347500
759	1426158944055656954597570873655296.000000	-50.371209	0.385000
760	1568774838461222822995553652047872.000000	-50.371209	0.400000
761	1725652322307345307056372323450880.000000	-50.371209	0.355000
762	1898217554538079981877197631651840.000000	-50.371209	0.360000
763	2088039309991888124180105470672896.000000	-50.371209	0.360000
764	2296843240991077109536341708767232.000000	-50.371209	0.362500
765	2526527565090185022251239185842176.000000	-50.371209	0.352500
766	2779180321599203553299400719597568.000000	-50.371209	0.352500
767	3057098353759124427444017864638464.000000	-50.371209	0.377500
768	3362808189135037273710946263498752.000000	-50.371209	0.332500
769	3699089008048541346958492271902720.000000	-50.371209	0.325000
770	4068997908853395769884717650804736.000000	-50.371209	0.387500
771	4475897699738735808041791258624000.000000	-50.371209	0.367500
772	4923487469712609677076346536198144.000000	-50.371209	0.392500
773	5415836216683871624767260105637888.000000	-50.371209	0.350000
774	5957419838352259594289039340994560.000000	-50.371209	0.357500
775	6553161822187485553717943275094016.000000	-50.371209	0.325000
776	7208478004406235146719091748765696.000000	-50.371209	0.360000
777	7929325804846859699020355069804544.000000	-50.371209	0.370000
778	8722258385331546937136045644316672.000000	-50.371209	0.357500
779	9594484223864701976726101590802432.000000	-50.371209	0.375000
780	10553932646251172520275163131936768.000000	-50.371209	0.367500
781	11609325910876291155808484973346816.000000	-50.371209	0.390000
782	12770258501963921885479439920267264.000000	-50.371209	0.377500
783	14047284352160314765780286676402176.000000	-50.371209	0.335000
784	15452012787376346703526917186781184.000000	-50.371209	0.335000
785	16997214066113983218554016276414464.000000	-50.371209	0.332500
786	18696935472725383385083825275011072.000000	-50.371209	0.337500
787	20566629019997923798850916094836736.000000	-50.371209	0.380000
788	22623291921997718945747618760753152.000000	-50.371209	0.345000
789	24885621114197491762659584322306048.000000	-50.371209	0.372500
790	27374183225617244628274357496446976.000000	-50.371209	0.375000
791	30111601548178971858113404302524416.000000	-50.371209	0.377500
792	33122761702996871810936355789209600.000000	-50.371209	0.337500
793	36435037873296561297873000581824512.000000	-50.371209	0.342500
794	40078541660626220655840513539178496.000000	-50.371209	0.350000
795	44086395826688843182593166735835136.000000	-50.371209	0.365000
796	48495035409357734879550112893239296.000000	-50.371209	0.340000
797	53344538950293515746202753666383872.000000	-50.371209	0.367500
798	58678992845322872854846251145887744.000000	-50.371209	0.325000
799	64546892129855166596691302058819584.000000	-50.371209	0.372500
800	71001581342840685101034839635656704.000000	-50.371209	0.362500
801	78101739477124760067498749397565440.000000	-50.371209	0.355000
802	85911913424837249909306679619485696.000000	-50.371209	0.417500
803	94503104767320982278934977065254912.000000	-50.371209	0.375000
804	103953415244053095264223733739421696.000000	-50.371209	0.335000
805	114348756768458412169343736597184512.000000	-50.371209	0.365000
806	125783632445304258920301332369768448.000000	-50.371209	0.390000
807	138361995689834697725052317203431424.000000	-50.371209	0.342500
808	152198195258818187788976030004281344.000000	-50.371209	0.322500
809	167418014784700036082664150939992064.000000	-50.371209	0.387500
810	184159816263170069205721083969273856.000000	-50.371209	0.332500
811	202575797889487083504990821850021888.000000	-50.371209	0.355000
812	222833377678435795544838718776934400.000000	-50.371209	0.367500
813	245116715446279393546066664364179456.000000	-50.371209	0.352500
814	269628386990907358726115033993969664.000000	-50.371209	0.327500
815	296591225689998124113517055328649216.000000	-50.371209	0.335000
816	326250348258997962350310464054886400.000000	-50.371209	0.382500
817	358875383084897795478829657879478272.000000	-50.371209	0.395000
818	394762921393387626677596030054170624.000000	-50.371209	0.347500
819	434239213532726455753634298413973504.000000	-50.371209	0.375000
820	477663134885999130843788246190653440.000000	-50.371209	0.392500
821	525429448374599117715143365647925248.000000	-50.371209	0.320000
822	577972393212059051622750590664179712.000000	-50.371209	0.392500
823	635769632533264971542420908698238976.000000	-50.371209	0.385000
824	699346595786591549862336923890089984.000000	-50.371209	0.367500
825	769281255365250734363361134214381568.000000	-50.371209	0.362500
826	846209380901775940616254578344591360.000000	-50.371209	0.350000
827	930830318991953608464856331017256960.000000	-50.371209	0.392500
828	1023913350891149116885294553795395584.000000	-50.371209	0.370000
829	1126304685980264131875590821948424192.000000	-50.371209	0.400000
830	1238935154578290707394497752787320832.000000	-50.371209	0.407500
831	1362828670036119866678319081871900672.000000	-50.371209	0.365000
832	1499111537039732089464475133541351424.000000	-50.371209	0.312500
833	1649022690743705475499665754507182080.000000	-50.371209	0.365000
834	1813924959818076023049632329957900288.000000	-50.371209	0.322500
835	1995317455799883831958129188500668416.000000	-50.371209	0.350000
836	2194849201379872480787056768768278528.000000	-50.371209	0.362500
837	2414334121517859935469296071192084480.000000	-50.371209	0.352500
838	2655767533669646224164130857664118784.000000	-50.371209	0.365000
839	2921344287036611171243239640718639104.000000	-50.371209	0.330000
840	3213478715740272465456306712402198528.000000	-50.371209	0.375000
841	3534826587314300066179423598865809408.000000	-50.371209	0.347500
842	3888309246045730426974852173975781376.000000	-50.371209	0.342500
843	4277140170650303882879404642467315712.000000	-50.371209	0.365000
844	4704854187715334507285669250196307968.000000	-50.371209	0.417500
845	5175339606486868312191722390439329792.000000	-50.371209	0.380000
846	5692873567135555969825029131671175168.000000	-50.371209	0.370000
847	6262160923849112511280828618767335424.000000	-50.371209	0.362500
848	6888377016234024234645559767608590336.000000	-50.371209	0.337500
849	7577214717857426776169277816110579712.000000	-50.371209	0.397500
850	8334936189643169689904529741203898368.000000	-50.371209	0.360000
851	9168429808607487603368279289253330944.000000	-50.371209	0.360000
852	10085272789468237426237565863848837120.000000	-50.371209	0.352500
853	11093800068415061168861322450233720832.000000	-50.371209	0.390000
854	12203180075256568702457399556150657024.000000	-50.371209	0.367500
855	13423498082782227225531408516141547520.000000	-50.371209	0.392500
856	14765847891060452309267790802578309120.000000	-50.371209	0.380000
857	16242432680166498720786190600247443456.000000	-50.371209	0.372500
858	17866675948183149301219782090718969856.000000	-50.371209	0.352500
859	19653343543001464939696732730237648896.000000	-50.371209	0.362500
860	21618677897301610961429757716296892416.000000	-50.371209	0.385000
861	23780545687031773946519326635784667136.000000	-50.371209	0.345000
862	26158600255734953230117852447221219328.000000	-50.371209	0.407500
863	28774460281308449497602934265872384000.000000	-50.371209	0.380000
864	31651906309439296808546469127282229248.000000	-50.371209	0.397500
865	34817096940383227433874412613939494912.000000	-50.371209	0.387500
866	38298806634421553955155040171049615360.000000	-50.371209	0.337500
867	42128687297863714073037027057799790592.000000	-50.371209	0.370000
868	46341556027650091619417157494118547456.000000	-50.371209	0.385000
869	50975711630415107392671949261033701376.000000	-50.371209	0.362500
870	56073282793456620020885737334995156992.000000	-50.371209	0.397500
871	61680611072802285800867497364210843648.000000	-50.371209	0.392500
872	67848672180082520047794026544206184448.000000	-50.371209	0.300000
873	74633539398090782441779691511846273024.000000	-50.371209	0.380000
874	82096893337899863519377550384818028544.000000	-50.371209	0.382500
875	90306582671689852704735195145086959616.000000	-50.371209	0.377500
876	99337240938858839864155307807453741056.000000	-50.371209	0.357500
877	109270965032744725739517431736057200640.000000	-50.371209	0.357500
878	120198061536019217202935106388243775488.000000	-50.371209	0.345000
879	132217867689621144590068396470642409472.000000	-50.371209	0.427500
880	145439654458583272271701388152713248768.000000	-50.371209	0.380000
881	159983619904441614610444272150849257472.000000	-50.371209	0.350000
882	175981981894885808183580782879521636352.000000	-50.371209	0.415000
883	193580180084374392779832047463189970944.000000	-50.371209	0.367500
884	212938198092811858503067556279522164736.000000	-50.371209	0.402500
885	234232017902093074576519802273203748864.000000	-50.371209	0.387500
886	257655219692302408479424086570537320448.000000	-50.371209	0.380000
887	283420741661532664438939240410455736320.000000	-50.371209	0.380000
888	311762815827685968661765027408663019520.000000	-50.371209	0.385000
889	342939097410454584417407461628110176256.000000	-50.371209	0.405000
890	377233007151500073082293698156650561536.000000	-50.371209	0.407500
891	414956307866650110613668558338044985344.000000	-50.371209	0.362500
892	456451938653315167009753649720443535360.000000	-50.371209	0.347500
893	502097132518646759268592740606811308032.000000	-50.371209	0.362500
894	552306845770511457862811132441789464576.000000	-50.371209	0.362500
895	607537530347562633872237736051697778688.000000	-50.371209	0.372500
896	668291283382318987928897980754055659520.000000	-50.371209	0.340000
897	735120411720550962279651504743784644608.000000	-50.371209	0.367500
898	808632452892606149177053126315351212032.000000	-50.371209	0.337500
899	889495698181866824541049419678345068544.000000	-50.371209	0.372500
900	978445268000053552329872597194773626880.000000	-50.371209	0.365000
901	1076289794800058983120723582828574408704.000000	-50.371209	0.370000
902	1183918774280065002325377902574349320192.000000	-50.371209	0.395000
903	1302310651708071638562070399477566406656.000000	-50.371209	0.377500
904	1432541716878878908199286655705375834112.000000	-50.371209	0.352500
905	1575795888566766859465506302007372152832.000000	-50.371209	0.310000
906	1733375477423443756974075364768214941696.000000	-50.371209	0.312500
907	1906713025165788314010355843439412641792.000000	-50.371209	0.367500
908	2097384327682367356973409860343459479552.000000	-50.371209	0.412500
909	2307122760450604304232769278937911001088.000000	-50.371209	0.425000
910	2537835036495664976441210129757537042432.000000	-50.371209	0.355000
911	2791618540145231534531622123464749481984.000000	-50.371209	0.327500
912	3070780394159755111108821200931435577344.000000	-50.371209	0.392500
913	3377858433575730743112285282487496605696.000000	-50.371209	0.352500
914	3715644276933303998762386752930622472192.000000	-50.371209	0.342500
915	4087208704626634761316371312612437131264.000000	-50.371209	0.352500
916	4495929575089298660572045308993891991552.000000	-50.371209	0.397500
917	4945522532598229191538450627939327279104.000000	-50.371209	0.362500
918	5440074785858052836047787459510764830720.000000	-50.371209	0.337500
919	5984082264443858724115476012776428666880.000000	-50.371209	0.350000
920	6582490490888244596527023614054071533568.000000	-50.371209	0.380000
921	7240739539977069297964889898385313628160.000000	-50.371209	0.337500
922	7964813493974777436687198502853019697152.000000	-50.371209	0.352500
923	8761294843372255543033664237527074078720.000000	-50.371209	0.397500
924	9637424327709481701799940468594368839680.000000	-50.371209	0.417500
925	10601166760480431080905754130082980429824.000000	-50.371209	0.405000
926	11661283436528475518814731119183370649600.000000	-50.371209	0.367500
927	12827411780181323070696204231101707714560.000000	-50.371209	0.390000
928	14110152958199456586691644268841053192192.000000	-50.371209	0.385000
929	15521168254019404421427284002057672982528.000000	-50.371209	0.367500
930	17073285079421345105355176325189275222016.000000	-50.371209	0.372500
931	18780613587363480099461021803559872626688.000000	-50.371209	0.375000
932	20658674946099830769043927136100044242944.000000	-50.371209	0.365000
933	22724542440709815780229631233116728197120.000000	-50.371209	0.395000
934	24996996684780799776104233585686750429184.000000	-50.371209	0.352500
935	27496696353258881687995968327662105001984.000000	-50.371209	0.355000
936	30246365988584774208928515773093344444416.000000	-50.371209	0.345000
937	33271002587443254531243334425512698183680.000000	-50.371209	0.360000
938	36598102846187584820070946326580666826752.000000	-50.371209	0.362500
939	40257913130806344269218696650942073274368.000000	-50.371209	0.387500
940	44283704443886977728999910624332940836864.000000	-50.371209	0.395000
941	48712074888275677436181213070172914450432.000000	-50.371209	0.350000
942	53583282377103250982643268527410244485120.000000	-50.371209	0.367500
943	58941610614813580916610873838667967758336.000000	-50.371209	0.395000
944	64835771676294946745397206756161482653696.000000	-50.371209	0.362500
945	71319348843924444321358894506887650213888.000000	-50.371209	0.377500
946	78451283728316897457760685182906473119744.000000	-50.371209	0.410000
947	86296412101148598809224622001637197611008.000000	-50.371209	0.435000
948	94926053311263462558709706968614276431872.000000	-50.371209	0.340000
949	104418658642389814617424611815695742664704.000000	-50.371209	0.370000
950	114860524506628807684854941297705394110464.000000	-50.371209	0.392500
951	126346576957291700059028303727916010700800.000000	-50.371209	0.347500
952	138981234653020879736337691017741009420288.000000	-50.371209	0.352500
953	152879358118322971578534082886328469422080.000000	-50.371209	0.332500
954	168167293930155278407794048091994714013696.000000	-50.371209	0.397500
955	184984023323170823657105255351854301184000.000000	-50.371209	0.395000
956	203482425655487906022815780887039731302400.000000	-50.371209	0.397500
957	223830668221036715967910472809810499731456.000000	-50.371209	0.372500
958	246213735043140395301826765624418267824128.000000	-50.371209	0.392500
959	270835108547454458043385178787740248965120.000000	-50.371209	0.350000
960	297918619402199942533349924334647864459264.000000	-50.371209	0.402500
961	327710481342419967735185898902619523383296.000000	-50.371209	0.327500
962	360481529476661991588642848160574989139968.000000	-50.371209	0.390000
963	396529682424328252644509097245646233010176.000000	-50.371209	0.435000
964	436182650666761085646085252503837574430720.000000	-50.371209	0.322500
965	479800915733437271581946233090488513069056.000000	-50.371209	0.360000
966	527781007306781045162892329601297673093120.000000	-50.371209	0.367500
967	580559108037459227050434017897694621597696.000000	-50.371209	0.362500
968	638615018841205196178228892889224392474624.000000	-50.371209	0.392500
969	702476520725325746744552764312653704200192.000000	-50.371209	0.380000
970	772724172797858336893258531811172510859264.000000	-50.371209	0.355000
971	849996590077644201531085367126796634423296.000000	-50.371209	0.370000
972	934996249085408668106945377041236606582784.000000	-50.371209	0.380000
973	1028495873993949565866140896879867139719168.000000	-50.371209	0.325000
974	1131345461393344661721009406173134779842560.000000	-50.371209	0.350000
975	1244480007532679205264362802126715439022080.000000	-50.371209	0.380000
976	1368928008285947280533303993011921345314816.000000	-50.371209	0.365000
977	1505820809114542132380638320851140969758720.000000	-50.371209	0.377500
978	1656402890025996500361207063608789429125120.000000	-50.371209	0.365000
979	1822043179028596305139832680642202734428160.000000	-50.371209	0.377500
980	2004247496931456245138825770051491732652032.000000	-50.371209	0.377500
981	2204672246624601962498211293460161523351552.000000	-50.371209	0.327500
982	2425139471287062406336040279882232655511552.000000	-50.371209	0.342500
983	2667653418415768739815147254273976538497024.000000	-50.371209	0.412500
984	2934418760257345644745162961835881064824832.000000	-50.371209	0.367500
985	3227860636283080456807687115095524151132160.000000	-50.371209	0.392500
986	3550646699911388502488455826605076566245376.000000	-50.371209	0.350000
987	3905711369902527786016315159148680437563392.000000	-50.371209	0.362500
988	4296282506892781121690964353484672185925632.000000	-50.371209	0.352500
989	4725910757582059790933078467254263109124096.000000	-50.371209	0.390000
990	5198501833340265893820390242517716909948928.000000	-50.371209	0.370000
991	5718352016674292854584441052383571070681088.000000	-50.371209	0.355000
992	6290187218341722511424896943236010647486464.000000	-50.371209	0.392500
993	6919205940175895257743402351711721671884800.000000	-50.371209	0.357500
994	7611126534193485402487762229573031288635392.000000	-50.371209	0.370000
995	8372239187612834190324546309606389397323776.000000	-50.371209	0.360000
996	9209463106374118971091044154485330726092800.000000	-50.371209	0.377500
997	10130409417011532106140187855314138697826304.000000	-50.371209	0.392500
998	11143450358712685811930222354997662527258624.000000	-50.371209	0.322500
999	12257795394583956126239299590029813638758400.000000	-50.371209	0.377500
1000	13483574934042351738863229549032795002634240.000000	-50.371209	0.387500
1001	14831932427446588150689591789316349402021888.000000	-50.371209	0.372500
1002	16315125670191247956110582396552204261523456.000000	-50.371209	0.325000
1003	17946638237210373494485664207435589627150336.000000	-50.371209	0.390000
1004	19741302060931411586698254199407313529339904.000000	-50.371209	0.327500
1005	21715432267024554478484134618880429741047808.000000	-50.371209	0.382500
1006	23886975493727013392564658079833242432700416.000000	-50.371209	0.355000
1007	26275673043099716712525186744425006514569216.000000	-50.371209	0.345000
1008	28903240347409692840361846846236496802873344.000000	-50.371209	0.402500
1009	31793564382150662619574047245012256442810368.000000	-50.371209	0.375000
1010	34972920820365729871883483397817702006390784.000000	-50.371209	0.395000
1011	38470212902402308306008004593272681763176448.000000	-50.371209	0.390000
1012	42317234192642540126960836480904169858793472.000000	-50.371209	0.380000
1013	46548957611906798101065045842211466521870336.000000	-50.371209	0.355000
1014	51203853373097484843635770424562152609153024.000000	-50.371209	0.345000
1015	56324238710407241250815598893452127224463360.000000	-50.371209	0.345000
1016	61956662581447970327657315924318439543406592.000000	-50.371209	0.372500
1017	68152328839592776273591330371488262771441664.000000	-50.371209	0.327500
1018	74967561723552056872006557693549748806483968.000000	-50.371209	0.385000
1019	82464317895907273453079559174251142799425536.000000	-50.371209	0.372500
1020	90710749685498017634372049372847995707457536.000000	-50.371209	0.390000
1021	99781824654047821378513317166741235116802048.000000	-50.371209	0.365000
1022	109760007119452619361997151736282877337272320.000000	-50.371209	0.345000
1023	120736007831397881298196866909911165070999552.000000	-50.371209	0.382500
1024	132809608614537683292944993597161360448290816.000000	-50.371209	0.402500
1025	146090569475991453602943555813485936331718656.000000	-50.371209	0.332500
1026	160699626423590620750982602817527368189476864.000000	-50.371209	0.322500
1027	176769589065949690748897114525713864362819584.000000	-50.371209	0.382500
1028	194446547972544687553643705970803408539484160.000000	-50.371209	0.365000
1029	213891202769799156309008076567883749393432576.000000	-50.371209	0.392500
1030	235280323046779103631173889930407161750355968.000000	-50.371209	0.372500
1031	258808355351457029839923781776315396634181632.000000	-50.371209	0.355000
1032	284689190886602756592364914233248214360784896.000000	-50.371209	0.390000
1033	313158109975263063942866411362308073214443520.000000	-50.371209	0.375000
1034	344473920972789409951234309630707677307863040.000000	-50.371209	0.375000
1035	378921313070068390560438997725947241810624512.000000	-50.371209	0.417500
1036	416813444377075253384931651777843244054872064.000000	-50.371209	0.305000
1037	458494788814782786646241068382061327814754304.000000	-50.371209	0.395000
1038	504344267696261073233681426646701219950624768.000000	-50.371209	0.375000
1039	554778694465887236016763329296407657426452480.000000	-50.371209	0.380000
1040	610256563912475999232520919358217219941072896.000000	-50.371209	0.372500
1041	671282220303723670461119274131942776124735488.000000	-50.371209	0.400000
1042	738410442334096053352863704398004572445999104.000000	-50.371209	0.362500
1043	812251486567505785453210097660745179360919552.000000	-50.371209	0.367500
1044	893476635224256506609223633102627365676122112.000000	-50.371209	0.385000
1045	982824298746682220652676007824360177078894592.000000	-50.371209	0.392500
1046	1081106728621350585328636134282603863165894656.000000	-50.371209	0.377500
1047	1189217401483485754780927267680936880444014592.000000	-50.371209	0.357500
1048	1308139141631834393641550005860500643323576320.000000	-50.371209	0.375000
1049	1438953055795017991462030034975225894743834624.000000	-50.371209	0.382500
1050	1582848361374519917373293061295688633888538624.000000	-50.371209	0.327500
1051	1741133197511972035875682390248197646947713024.000000	-50.371209	0.422500
1052	1915246517263169366228310652095957561312804864.000000	-50.371209	0.392500
1053	2106771168989486429616201740128493467114405888.000000	-50.371209	0.392500
1054	2317448285888435326107941959787223113166487552.000000	-50.371209	0.390000
1055	2549193114477279080557591195706090686406197248.000000	-50.371209	0.387500
1056	2804112425925007083687145332393904867299557376.000000	-50.371209	0.355000
1057	3084523668517507982203449899867705578534993920.000000	-50.371209	0.370000
1058	3392976035369259097336444946911826510564294656.000000	-50.371209	0.370000
1059	3732273638906185197217679475837419386126204928.000000	-50.371209	0.337500
1060	4105501002796803970469567469067041624079466496.000000	-50.371209	0.390000
1061	4516051103076484557664114250208156010992893952.000000	-50.371209	0.330000
1062	4967656213384133710638355800755142435278946304.000000	-50.371209	0.392500
1063	5464421834722547525379901460710947202652962816.000000	-50.371209	0.352500
1064	6010864018194802151152831583959101773247938560.000000	-50.371209	0.342500
1065	6611950420014282366268114742355011950572732416.000000	-50.371209	0.367500
1066	7273145462015711109955166307882273744311287808.000000	-50.371209	0.380000
1067	8000460008217282474480802984316381418083057664.000000	-50.371209	0.422500
1068	8800506009039010848693943305570959709561683968.000000	-50.371209	0.370000
1069	9680556609942912187093457681773935979858493440.000000	-50.371209	0.365000
1070	10648612270937204039628103564066030326195945472.000000	-50.371209	0.390000
1071	11713473498030926091536694217170855304529707008.000000	-50.371209	0.375000
1072	12884820847834020221871083912763222631026524160.000000	-50.371209	0.402500
1073	14173302932617423511708792532268946390832381952.000000	-50.371209	0.372500
1074	15590633225879168144650752196308763723981389824.000000	-50.371209	0.357500
1075	17149696548467086987356787781106682491104657408.000000	-50.371209	0.332500
1076	18864666203313797207273186833092632536258969600.000000	-50.371209	0.397500
1077	20751132823645178195651105744631297286588071936.000000	-50.371209	0.382500
1078	22826246106009697789927056638615589110631366656.000000	-50.371209	0.352500
1079	25108870716610669343630602621998310117078990848.000000	-50.371209	0.397500
1080	27619757788271740334475583614532225918237147136.000000	-50.371209	0.320000
1081	30381733567098917410284582523736012102148554752.000000	-50.371209	0.387500
1082	33419906923808812700734721415151937503132385280.000000	-50.371209	0.372500
1083	36761897616189696506109394013125934246852034560.000000	-50.371209	0.407500
1084	40438087377808671227322734327356133658350059520.000000	-50.371209	0.370000
1085	44481896115589543420657408673009353010997886976.000000	-50.371209	0.360000
1086	48930085727148505875686991000978457890998190080.000000	-50.371209	0.382500
1087	53823094299863356463255690101076303680098009088.000000	-50.371209	0.387500
1088	59205403729849701236665580754435624824370888704.000000	-50.371209	0.352500
1089	65125944102834673388573099195046229701533106176.000000	-50.371209	0.367500
1090	71638538513118143769791849662301416263774109696.000000	-50.371209	0.452500
1091	78802392364429961189132475176282121482239213568.000000	-50.371209	0.362500
1092	86682631600872961364527643424244418419913392128.000000	-50.371209	0.367500
1093	95350894760960261557462328497002945051354988544.000000	-50.371209	0.395000
1094	104885984237056299882654323537705493924841259008.000000	-50.371209	0.392500
1095	115374582660761944068606478447645340080401285120.000000	-50.371209	0.365000
1096	126912040926838158757876729944080298035692699648.000000	-50.371209	0.420000
1097	139603245019521978690146323668822412628712226816.000000	-50.371209	0.392500
1098	153563569521474184672124797496372823470483963904.000000	-50.371209	0.402500
1099	168919926473621615308783039437012360185883131904.000000	-50.371209	0.372500
1100	185811919120983789009107105571715850572822216704.000000	-50.371209	0.375000
1101	204393111033082200361873181971560113945706496000.000000	-50.371209	0.392500
1102	224832422136390420398060500168716125340277145600.000000	-50.371209	0.365000
1103	247315664350029462437866550185587737874304860160.000000	-50.371209	0.387500
1104	272047230785032449246472412507487359556237918208.000000	-50.371209	0.355000
1105	299251953863535718510011178140240604248563253248.000000	-50.371209	0.387500
1106	329177149249889334982313423987939597357372407808.000000	-50.371209	0.405000
1107	362094864174878313101845894420408489777062477824.000000	-50.371209	0.407500
1108	398304350592366156581476246053451593123119497216.000000	-50.371209	0.365000
1109	438134785651602780352587712119464922014331961344.000000	-50.371209	0.360000
1110	481948264216763131404521056477424940425869787136.000000	-50.371209	0.385000
1111	530143090638439452657937003585835604047357280256.000000	-50.371209	0.347500
1112	583157399702283406036694545405087334030993522688.000000	-50.371209	0.405000
1113	641473139672511811544074731630941424065296990208.000000	-50.371209	0.377500
1114	705620453639763057602192936479380923103030804480.000000	-50.371209	0.432500
1115	776182499003739363362412230127319015413333884928.000000	-50.371209	0.342500
1116	853800748904113364602364184825396273585871388672.000000	-50.371209	0.357500
1117	939180823794524798418166700835953935891264700416.000000	-50.371209	0.382500
1118	1033098906173977408067404834290240042742799400960.000000	-50.371209	0.365000
1119	1136408796791375311133422146932627438595089629184.000000	-50.371209	0.347500
1120	1250049676470512955828258142075244556559205793792.000000	-50.371209	0.412500
1121	1375054644117564429896288468417468742950937690112.000000	-50.371209	0.415000
1122	1512560108529321132500760242000597043770847920128.000000	-50.371209	0.380000
1123	1663816119382253472913823827099365496357147115520.000000	-50.371209	0.362500
1124	1830197731320478820205206209809302045992861827072.000000	-50.371209	0.407500
1125	2013217504452526961840569757531613677116964470784.000000	-50.371209	0.387500
1126	2214539254897779852735758928340811114722273263616.000000	-50.371209	0.380000
1127	2435993180387558130076033113758946331034919108608.000000	-50.371209	0.347500
1128	2679592498426314170246623986033549712347625422848.000000	-50.371209	0.352500
1129	2947551748268946138952827603962340214947622944768.000000	-50.371209	0.410000
1130	3242306923095840817751821096043919593073589354496.000000	-50.371209	0.402500
1131	3566537615405425029334424669019002265643356520448.000000	-50.371209	0.360000
1132	3923191376945967921690131526032974631994916864000.000000	-50.371209	0.412500
1133	4315510514640565038377698337062998878350429126656.000000	-50.371209	0.370000
1134	4747061566104621672022889634139989479447880269824.000000	-50.371209	0.390000
1135	5221767722715084033936310792610024497286280642560.000000	-50.371209	0.377500
1136	5743944494986593086367049188724480513326949859328.000000	-50.371209	0.327500
1137	6318338944485253108944572156135727487602890113024.000000	-50.371209	0.362500
1138	6950172838933778939068715225232063089412812046336.000000	-50.371209	0.342500
1139	7645190122827157611820115527979413677928542633984.000000	-50.371209	0.352500
1140	8409709135109874541268920251113571465083070971904.000000	-50.371209	0.367500
1141	9250680048620862514625498129707691464641010991104.000000	-50.371209	0.372500
1142	10175748053482949285317733796161223464154745012224.000000	-50.371209	0.412500
1143	11193322858831244733079193029260108663619852435456.000000	-50.371209	0.367500
1144	12312655144714369985231641112410263809556287062016.000000	-50.371209	0.422500
1145	13543920659185809060673548637582341602710447456256.000000	-50.371209	0.397500
1146	14898312725104392043659646915271627175180023889920.000000	-50.371209	0.410000
1147	16388143997614833844174040874212604157946190888960.000000	-50.371209	0.357500
1148	18026958397376319824739874229047678838988974587904.000000	-50.371209	0.390000
1149	19829654237113952326443547505435209575937504968704.000000	-50.371209	0.380000
1150	21812619660825348078317588109461493386580888387584.000000	-50.371209	0.377500
1151	23993881626907883405379032773890405578288610148352.000000	-50.371209	0.402500
1152	26393269789598675899754422879141548960514534539264.000000	-50.371209	0.392500
1153	29032596768558544008959551020538466709615620915200.000000	-50.371209	0.387500
1154	31935856445414398409855506122592313380577183006720.000000	-50.371209	0.350000
1155	35129442089955843443137915269679173249131230527488.000000	-50.371209	0.372500
1156	38642386298951428825911078503612616280143619424256.000000	-50.371209	0.367500
1157	42506624928846576381569359035318743585604677664768.000000	-50.371209	0.355000
1158	46757287421731240250482525180643772180760740495360.000000	-50.371209	0.387500
1159	51433016163904366871679206966121963664084979154944.000000	-50.371209	0.377500
1160	56576317780294806674225242783630737148791274602496.000000	-50.371209	0.385000
1161	62233949558324289418566510475924862275868933750784.000000	-50.371209	0.390000
1162	68457344514156721475801276644413925621753624657920.000000	-50.371209	0.370000
1163	75303078965572398815678262843682946714425316343808.000000	-50.371209	0.387500
1164	82833386862129644928002319369844395622463443042304.000000	-50.371209	0.390000
1165	91116725548342612536180666427725412303007584878592.000000	-50.371209	0.362500
1166	100228398103176888328229936968015313418698065182720.000000	-50.371209	0.382500
1167	110251237913494577161052930664816844760567871700992.000000	-50.371209	0.402500
1168	121276361704844049415589427628815889122014380687360.000000	-50.371209	0.380000
1169	133403997875328464741742087461352735095208477196288.000000	-50.371209	0.362500
1170	146744397662861317446672526449281162841324919980032.000000	-50.371209	0.365000
1171	161418837429147463729770982991726639010847133794304.000000	-50.371209	0.390000
1172	177560721172062218410423054946623508560725973925888.000000	-50.371209	0.387500
1173	195316793289268436097627873613423756592401507942400.000000	-50.371209	0.387500
1174	214848472618195300476578095114076646373626975617024.000000	-50.371209	0.397500
1175	236333319880014859601098312420519030781769116811264.000000	-50.371209	0.367500
1176	259966651868016353868883117318295139508740155244544.000000	-50.371209	0.422500
1177	285963317054817997563446402705848859108408297521152.000000	-50.371209	0.397500
1178	314559648760299843012003398082916876087616824410112.000000	-50.371209	0.387500
1179	346015613636329873005416092997691694764746203987968.000000	-50.371209	0.375000
1180	380617174999962856152120215469598761416823761010688.000000	-50.371209	0.387500
1181	418678892499959158382682184328007048856094390616064.000000	-50.371209	0.372500
1182	460546781749955124067000244695152987634468590190592.000000	-50.371209	0.400000
1183	506601459924950702935100058410461931588268463226880.000000	-50.371209	0.390000
1184	557261605917445814766984932530129152991065943310336.000000	-50.371209	0.382500
1185	612987766509190471012758188684659919129319678410752.000000	-50.371209	0.387500
1186	674286543160109584575433796798919556232604660269056.000000	-50.371209	0.397500
1187	741715197476120617802051939380329362695012267065344.000000	-50.371209	0.342500
1188	815886717223732812505056711809949589345219521806336.000000	-50.371209	0.395000
1189	897475388946106126986262277613841370874917980995584.000000	-50.371209	0.360000
1190	987222927840716789530938347309570741855174539608064.000000	-50.371209	0.390000
1191	1085945220624788518330082023974873049933456754081792.000000	-50.371209	0.390000
1192	1194539742687267436624490015618154000117155443507200.000000	-50.371209	0.382500
1193	1313993716955994346440438490294453513104753522900992.000000	-50.371209	0.397500
1194	1445393088651593847545882128569692509605581889208320.000000	-50.371209	0.415000
1195	1589932397516753481530719551098387930029963880693760.000000	-50.371209	0.345000
1196	1748925637268428995837290979322710836008842803806208.000000	-50.371209	0.370000
1197	1923818200995271995113119761123672387395256605212672.000000	-50.371209	0.435000
1198	2116200021094799261085831526481833271325135279751168.000000	-50.371209	0.390000
1199	2327820023204279453040013836113191179219060863795200.000000	-50.371209	0.377500
1200	2560602025524707730651014165953478523092732020260864.000000	-50.371209	0.412500
1201	2816662228077178636638915161040413665782711250321408.000000	-50.371209	0.390000
1202	3098328450884896932301905307242113726098276966465536.000000	-50.371209	0.417500
1203	3408161295973387157223294151932674260230928775249920.000000	-50.371209	0.355000
1204	3748977425570725872945623567125941686254021652774912.000000	-50.371209	0.390000
1205	4123875168127798526701585713084329500069776832069632.000000	-50.371209	0.347500
1206	4536262684940578445833144073638556095267107529293824.000000	-50.371209	0.402500
1207	4989888953434636423339258059493998995174524310257664.000000	-50.371209	0.402500
1208	5488877848778100198595983443934986185072682769317888.000000	-50.371209	0.375000
1209	6037765633655910484301180945311659384341363102318592.000000	-50.371209	0.357500
1210	6641542197021502596113695667775523645821147636826112.000000	-50.371209	0.372500
1211	7305696416723653254493463970027837881545380484612096.000000	-50.371209	0.362500
1212	8036266058396019776248006573454907283126272785383424.000000	-50.371209	0.370000
1213	8839892664235622551409604701749921753723136232128512.000000	-50.371209	0.375000
1214	9723881930659185205318963907399675800237567939444736.000000	-50.371209	0.377500
1215	10696270123725104257542058612105992541784148845527040.000000	-50.371209	0.430000
1216	11765897136097615347910262365774528247866093870252032.000000	-50.371209	0.385000
1217	12942486849707376616855689445368806491891291201208320.000000	-50.371209	0.385000
1218	14236735534678115607769254174821560044887480601673728.000000	-50.371209	0.370000
1219	15660409088145928763619774534202763533944700998254592.000000	-50.371209	0.410000
1220	17226449996960522703364148615555738210384819322355712.000000	-50.371209	0.420000
1221	18949094996656576037082960105044010354468949478866944.000000	-50.371209	0.392500
1222	20844004496322234438328053586497935132200080594960384.000000	-50.371209	0.377500
1223	22928404945954458679697656416097252387704324822663168.000000	-50.371209	0.340000
1224	25221245440549908801197008569437770918657350202032128.000000	-50.371209	0.390000
1225	27743369984604901276390304368280595495091557558648832.000000	-50.371209	0.402500
1226	30517706983065392467411731433041353367646361538789376.000000	-50.371209	0.365000
1227	33569477681371932245844102890311837865933821804806144.000000	-50.371209	0.382500
1228	36926425449509130255649298005040164106232620994527232.000000	-50.371209	0.390000
1229	40619067994460047003052616003308624647515651878944768.000000	-50.371209	0.357500
1230	44680974793906053298431472545538534596835689403252736.000000	-50.371209	0.380000
1231	49149072273296661818421809683890483025656203016404992.000000	-50.371209	0.375000
1232	54063979500626334380558370419875721266495712663699456.000000	-50.371209	0.370000
1233	59470377450688971008761397345661388362282228602896384.000000	-50.371209	0.375000
1234	65417415195757875553314313475756415459829989033115648.000000	-50.371209	0.380000
1235	71959156715333667362175331335062850297995580833529856.000000	-50.371209	0.350000
1236	79155072386867042605452037492030721912160324711088128.000000	-50.371209	0.372500
1237	87070579625553751119526827752964587395558950079299584.000000	-50.371209	0.365000
1238	95777637588109138992068270063453426011662623778537472.000000	-50.371209	0.350000
1239	105355401346920059271569476837394958551102775502045184.000000	-50.371209	0.365000
1240	115890941481612077959315184056326834282760831743557632.000000	-50.371209	0.402500
1241	127480035629773302769365048508882690879767286506323968.000000	-50.371209	0.347500
1242	140228039192750637299831139871501753259926608054059008.000000	-50.371209	0.377500
1243	154250843112025705283343840370382721878101861756567552.000000	-50.371209	0.382500
1244	169675927423228282191972604175017184004185937277878272.000000	-50.371209	0.372500
1245	186643520165551127425288210639442075573334902594076672.000000	-50.371209	0.362500
1246	205307872182106235914287445191655489838485799956381696.000000	-50.371209	0.347500
1247	225838659400316889280423295292936591867612530231738368.000000	-50.371209	0.377500
1248	248422525340348603729643143892615010807469340637528064.000000	-50.371209	0.402500
1249	273264777874383476863196217817068891764764053392588800.000000	-50.371209	0.365000
1250	300591255661821867084811704716083713863066387702874112.000000	-50.371209	0.370000
1251	330650381228004092075059153793269224879016362547085312.000000	-50.371209	0.390000
1252	363715419350804539564331347778173286996561334875717632.000000	-50.371209	0.377500
1253	400086961285885031802530761161567755325860804437213184.000000	-50.371209	0.352500
1254	440095657414473611546316394488878810117733557028782080.000000	-50.371209	0.400000
1255	484105223155921015236243899055074624051332841702686720.000000	-50.371209	0.375000
1256	532515745471513201830460019195197952300117983815008256.000000	-50.371209	0.347500
1257	585767320018664530520565194138179334114494967990714368.000000	-50.371209	0.380000
1258	644344052020531051629095097739689960200865951143428096.000000	-50.371209	0.407500
1259	708778457222584207834359645654428475727143661023002624.000000	-50.371209	0.377500
1260	779656302944842705181328167431025602559144699273150464.000000	-50.371209	0.352500
1261	857621933239327094798289406502590374996171770319339520.000000	-50.371209	0.377500
1262	943384126563259804278118347152849412495788947351273472.000000	-50.371209	0.385000
1263	1037722539219585801720048527915057526914098213674811392.000000	-50.371209	0.412500
1264	1141494793141544483976763456988102318617890264572755968.000000	-50.371209	0.392500
1265	1255644272455699000430913186874605243154600777383673856.000000	-50.371209	0.367500
1266	1381208699701268951516359543702835286976251969887272960.000000	-50.371209	0.380000
1267	1519329569671395931738587228307734681517529024818053120.000000	-50.371209	0.350000
1268	1671262526638535780124221141842355747200237501126017024.000000	-50.371209	0.397500
1269	1838388779302389562306063408589669399945025710299545600.000000	-50.371209	0.392500
1270	2022227657232628518536669749448636339939528281329500160.000000	-50.371209	0.387500
1271	2224450422955891710672703645331963437308088541230661632.000000	-50.371209	0.417500
1272	2446895465251480983824684086146698820051279624884191232.000000	-50.371209	0.350000
1273	2691585011776629354433046031512139472756093532787179520.000000	-50.371209	0.422500
1274	2960743512954292630158717555601816883406310317834108928.000000	-50.371209	0.422500
1275	3256817864249722131372246155818922996109166551855267840.000000	-50.371209	0.390000
1276	3582499650674694344509470771400815295720083207040794624.000000	-50.371209	0.387500
1277	3940749615742164323412204922042438366691463418574012416.000000	-50.371209	0.387500
1278	4334824577316380891866372182622067588710452733138698240.000000	-50.371209	0.400000
1279	4768307035048019661617743242761201274330712869988990976.000000	-50.371209	0.352500
1280	5245137738552821763892464335412706787113627129695174656.000000	-50.371209	0.412500
1281	5769651512408104076394657537329362851174832815371976704.000000	-50.371209	0.417500
1282	6346616663648914347921176522686913750942473124201889792.000000	-50.371209	0.405000
1283	6981278330013806735503921553583302823485621245573070848.000000	-50.371209	0.350000
1284	7679406163015188497957887855944716188632927151788654592.000000	-50.371209	0.405000
1285	8447346779316708300544304020166885504945120675918512128.000000	-50.371209	0.392500
1286	9292081457248380219502308569186657138238376525168640000.000000	-50.371209	0.417500
1287	10221289602973219602582007109859176705560643904758349824.000000	-50.371209	0.395000
1288	11243418563270542787856728736223562844265295049599746048.000000	-50.371209	0.430000
1289	12367760419597598155545975756849002211490568336217997312.000000	-50.371209	0.365000
1290	13604536461557359604455934553038527056837740842327212032.000000	-50.371209	0.375000
1291	14964990107713095837127421545093150533221200871974502400.000000	-50.371209	0.397500
1292	16461489118484405420840163699602465586543320959171952640.000000	-50.371209	0.347500
1293	18107638030332847324053647753316565998696082782161993728.000000	-50.371209	0.397500
1294	19918401833366134506492054359405159534862864569109315584.000000	-50.371209	0.372500
1295	21910242016702749862722514552601070883246952643922231296.000000	-50.371209	0.380000
1296	24101266218373027026801914301867344137169135471631007744.000000	-50.371209	0.407500
1297	26511392840210330273933892805555620092285420909623246848.000000	-50.371209	0.365000
1298	29162532124231367112489791600621972891309566236389539840.000000	-50.371209	0.370000
1299	32078785336654503823738770760684170180440522860028493824.000000	-50.371209	0.392500
1300	35286663870319954750564434910254128739883947036860481536.000000	-50.371209	0.345000
1301	38815330257351955125686962062793415486466688758008774656.000000	-50.371209	0.320000
1302	42696863283087155538321741930586630907707704651271897088.000000	-50.371209	0.345000
1303	46966549611395874903316425638156084788274078352203055104.000000	-50.371209	0.372500
1304	51663204572535468382617726010488650222494576986543882240.000000	-50.371209	0.410000
1305	56829525029789020665397369346552930658737753593489653760.000000	-50.371209	0.375000
1306	62512477532767928176454977016223639138605247861130002432.000000	-50.371209	0.400000
1307	68763725286044730794232642040873750797654466682167492608.000000	-50.371209	0.387500
1308	75640097814649210407077351126979624374212376040333901824.000000	-50.371209	0.355000
1309	83204107596114134714495808680686836060029844989342121984.000000	-50.371209	0.357500
1310	91524518355725551452656111989764768914429060833251164160.000000	-50.371209	0.350000
1311	100676970191298117486957464658772076633859404733159047168.000000	-50.371209	0.397500
1312	110744667210427935769074656006667782794037807896424611840.000000	-50.371209	0.375000
1313	121819133931470740235017863077365391901429026502649839616.000000	-50.371209	0.337500
1314	134001047324617816436326797679108097257169416716231376896.000000	-50.371209	0.350000
1315	147401152057079600257766625741025073148483845951171067904.000000	-50.371209	0.372500
1316	162141267262787568994771881491152245125722180799554387968.000000	-50.371209	0.387500
1317	178355393989066332427670514522285968135086861569459486720.000000	-50.371209	0.340000
1318	196190933387972998337544790384607057432557861176153735168.000000	-50.371209	0.412500
1319	215810026726770315593756455775117092500593547800301535232.000000	-50.371209	0.392500
1320	237391029399447373286817880880702795737822753340130328576.000000	-50.371209	0.352500
1321	261130132339392145460414041672871733961164829687208214528.000000	-50.371209	0.367500
1322	287243145573331377428912632192208236682061213162461462528.000000	-50.371209	0.367500
1323	315967460130664532594261081763478389675047234985240035328.000000	-50.371209	0.407500
1324	347564206143731025054215859231937219623306734623461998592.000000	-50.371209	0.395000
1325	382320626758104175471394707623266597228782134478772371456.000000	-50.371209	0.360000
1326	420552689433914606085377068149630253945245273306548928512.000000	-50.371209	0.370000
1327	462607958377306136383743520372790596638889402663333527552.000000	-50.371209	0.422500
1328	508868754215036776155803651938143650289948193689465520128.000000	-50.371209	0.382500
1329	559755629636540471193841203484007344643722913564944498688.000000	-50.371209	0.392500
1330	615731192600194535735682510184457408432875105427971375104.000000	-50.371209	0.387500
1331	677304311860214041576622320259051137250502317490365792256.000000	-50.371209	0.385000
1332	745034743046235480579198924989054909625112350252467224576.000000	-50.371209	0.370000
1333	819538217350859150594319121952305705861082888823440932864.000000	-50.371209	0.390000
1334	901492039085945117921122593203684264421530879225382305792.000000	-50.371209	0.350000
1335	991641242994539786515349529692496654786703071706712375296.000000	-50.371209	0.392500
1336	1090805367293993800011798855365844978914933179890448465920.000000	-50.371209	0.375000
1337	1199885904023393267125264672662676123430326000412155445248.000000	-50.371209	0.365000
1338	1319874494425732785484820189801486358345937506025227681792.000000	-50.371209	0.380000
1339	1451861943868306220835416885950078958103550361186542288896.000000	-50.371209	0.417500
1340	1597048138255136877763872947249185512563465198318261370880.000000	-50.371209	0.390000
1341	1756752952080650565540260241974104063819811718150087507968.000000	-50.371209	0.350000
1342	1932428247288715726629029384283810446150472293004290818048.000000	-50.371209	0.325000
1343	2125671072017587578051247304344980759961997930409238724608.000000	-50.371209	0.390000
1344	2338238179219346440391115152891774811906877126489357156352.000000	-50.371209	0.360000
1345	2572061997141281154120055413589149610396684441164422578176.000000	-50.371209	0.372500
1346	2829268196855409652826119054693149816581510696424578220032.000000	-50.371209	0.405000
1347	3112195016540950862023131569091155408786580373158490013696.000000	-50.371209	0.390000
1348	3423414518195046331519502825745356194810396221618052399104.000000	-50.371209	0.357500
1349	3765755970014551104051110599136286448889675047832117051392.000000	-50.371209	0.405000
1350	4142331567016006632595194131499098997573360164772106993664.000000	-50.371209	0.350000
1351	4556564723717607783683514762506390118424533395432225636352.000000	-50.371209	0.410000
1352	5012221196089368631741694984165226447566106337001577906176.000000	-50.371209	0.362500
1353	5513443315698306052434494445847327630715673786910773346304.000000	-50.371209	0.405000
1354	6064787647268137145506745108289441614881078379784758624256.000000	-50.371209	0.430000
1355	6671266411994951417576049582383964314762143033972272136192.000000	-50.371209	0.385000
1356	7338393053194447674370914467153517823024270969787574648832.000000	-50.371209	0.375000
1357	8072232358513893556845265840400026682112611699184407412736.000000	-50.371209	0.405000
1358	8879455594365284166946709841787581061708025705573182865408.000000	-50.371209	0.410000
1359	9767401153801813559298983261681101610066502704496317038592.000000	-50.371209	0.322500
1360	10744141269181995333367854060298395674867870587102726979584.000000	-50.371209	0.355000
1361	11818555396100195702982584411226603049944092870126556151808.000000	-50.371209	0.392500
1362	13000410935710216945836732742145998970117372605766324715520.000000	-50.371209	0.367500
1363	14300452029281240034216980924524545213111501906865551310848.000000	-50.371209	0.392500
1364	15730497232209365710194568906773735349601522546179219390464.000000	-50.371209	0.382500
1365	17303546955430303117491970742349476692151110025110697803776.000000	-50.371209	0.420000
1366	19033901650973335380556372688013949245741569884353399357440.000000	-50.371209	0.377500
1367	20937291816070670312408584864979290516298118913311333416960.000000	-50.371209	0.382500
1368	23031020997677740131242593167805112259892714885687655006208.000000	-50.371209	0.392500
1369	25334123097445517210719317282546305447043248863406127579136.000000	-50.371209	0.330000
1370	27867535407190072276903028790394407222105314647000966234112.000000	-50.371209	0.357500
1371	30654288947909083407223741412292897713066543825164326404096.000000	-50.371209	0.402500
1372	33719717842699992305464745516787766022766155023889796694016.000000	-50.371209	0.417500
1373	37091689626969992093529850031732121163435727342487814012928.000000	-50.371209	0.380000
1374	40800858589666995763031874741029961586922954606408896610304.000000	-50.371209	0.420000
1375	44880944448633700357002731884523164591151861412931125116928.000000	-50.371209	0.362500
1376	49369038893497074852852044779100109357410702083896538824704.000000	-50.371209	0.397500
1377	54305942782846781780618619293744541754758815476077155057664.000000	-50.371209	0.397500
1378	59736537061131467763941300708837095467736092450611397656576.000000	-50.371209	0.357500
1379	65710190767244617885447210559314276244867442592926763319296.000000	-50.371209	0.380000
1380	72281209843969088594290011027494960483641495911564042043392.000000	-50.371209	0.347500
1381	79509330828365998568756272056775613608791559135138521546752.000000	-50.371209	0.380000
1382	87460263911202610691041758454295902814315765005251201990656.000000	-50.371209	0.397500
1383	96206290302322880680444013711974749710034650565120924581888.000000	-50.371209	0.385000
1384	105826919332555184359010054054608423756040906475486071226368.000000	-50.371209	0.355000
1385	116409611265810707255060099166193894438788651652706979545088.000000	-50.371209	0.390000
1386	128050572392391793591087748054249482957670307671830731685888.000000	-50.371209	0.352500
1387	140855629631630977410345562565799059560580992968686106050560.000000	-50.371209	0.385000
1388	154941192594794097452125317353002107052357364913916222636032.000000	-50.371209	0.390000
1389	170435311854273525037934007912800830986167719523997049683968.000000	-50.371209	0.385000
1390	187478843039700893152249047675517113159787282330249808838656.000000	-50.371209	0.367500
1391	206226727343671002538144631120629651857912455946800145104896.000000	-50.371209	0.395000
1392	226849400078038134013002372175565015193709283249186267987968.000000	-50.371209	0.380000
1393	249534340085841974175196847629869286555942138752138701963264.000000	-50.371209	0.397500
1394	274487774094426207273908850041853241668685588864730981728256.000000	-50.371209	0.422500
1395	301936551503868836921597814458287822449841456810548682293248.000000	-50.371209	0.357500
1396	332130206654255769675397032671487516073405802317998863679488.000000	-50.371209	0.380000
1397	365343227319681373403830974175384037523608309727832557223936.000000	-50.371209	0.397500
1398	401877550051649586566747746597041122497411267705044933279744.000000	-50.371209	0.355000
1399	442065305056814625506105235966988544275738176009650848137216.000000	-50.371209	0.397500
1400	486271835562496096977013838975936655317599302669960535343104.000000	-50.371209	0.360000
1401	534899019118745742355907540522527347306508469174334998446080.000000	-50.371209	0.395000
1402	588388921030620361192988691636026365108595861388491510251520.000000	-50.371209	0.382500
1403	647227813133682441913777957860875284690891992824063673237504.000000	-50.371209	0.422500
1404	711950594447050766387838468357206122688566973640571462090752.000000	-50.371209	0.390000
1405	783145653891755905468708871078671531257434834420040825044992.000000	-50.371209	0.350000
1406	861460219280931513856175917011037197611752935980734112333824.000000	-50.371209	0.390000
1407	947606241209024700922985826361137943830077465816185933135872.000000	-50.371209	0.405000
1408	1042366865329927278058861361944242817584532921109939755155456.000000	-50.371209	0.415000
1409	1146603551862920148589516768734655205171583158170447368945664.000000	-50.371209	0.350000
1410	1261263907049212288332641557379610318288763800818316539330560.000000	-50.371209	0.390000
1411	1387390297754133695571867301362556482403386362087040241106944.000000	-50.371209	0.370000
1412	1526129327529547190013227143270301723243747325126568698707968.000000	-50.371209	0.362500
1413	1678742260282502069579915287017818514625293620707428411637760.000000	-50.371209	0.397500
1414	1846616486310752454943868403964585498373569163965063300644864.000000	-50.371209	0.400000
1415	2031278134941827914525409150255026206953821497785840088121344.000000	-50.371209	0.402500
1416	2234405948436010920065103971174510986392099064988694554345472.000000	-50.371209	0.350000
1417	2457846543279612119115191321238953164402756680199699238486016.000000	-50.371209	0.392500
1418	2703631197607573652157441312203821718957375474356074848452608.000000	-50.371209	0.402500
1419	2973994317368331088735570078722197943767411494266439152435200.000000	-50.371209	0.342500
1420	3271393749105164554421050263084388002715645006066867163365376.000000	-50.371209	0.405000
1421	3598533124015681509399847736478785173387298813996851613663232.000000	-50.371209	0.352500
1422	3958386436417250302601294227808610166954714947669348147265536.000000	-50.371209	0.377500
1423	4354225080058975475586192921185459289478783387385796600266752.000000	-50.371209	0.340000
1424	4789647588064873308594350754495981430083855616023403536842752.000000	-50.371209	0.377500
1425	5268612346871361281715247547627526049320927429898555262763008.000000	-50.371209	0.367500
1426	5795473581558498194873003290668213236310303370110735799549952.000000	-50.371209	0.400000
1427	6375020939714348656621765337416981036170019959394620751740928.000000	-50.371209	0.372500
1428	7012523033685783593646326506456673192701320427808839646052352.000000	-50.371209	0.430000
1429	7713775337054362238460497698294316723628646360488750887206912.000000	-50.371209	0.372500
1430	8485152870759799461379932362295665136791689611184221443850240.000000	-50.371209	0.362500
1431	9333668157835780834765618304485112708756828021797779970981888.000000	-50.371209	0.375000
1432	10267034973619360060040334299701528826261286383573667074277376.000000	-50.371209	0.395000
1433	11293738470981297636016829706227550873001981416375683802726400.000000	-50.371209	0.372500
1434	12423112318079428826866205382810187018588149007508388565745664.000000	-50.371209	0.387500
1435	13665423549887371566828056650495217614618366963309713784045568.000000	-50.371209	0.385000
1436	15031965904876111292556709186272525280994948668731930651394048.000000	-50.371209	0.365000
1437	16535162495363723563610534269667682655723219095201232822730752.000000	-50.371209	0.415000
1438	18188678744900097632668818943786308191238704344115519764299776.000000	-50.371209	0.365000
1439	20007546619390108252284316461740867645334156448224153570377728.000000	-50.371209	0.355000
1440	22008301281329120219310902272682859256496347652642678033612800.000000	-50.371209	0.392500
1441	24209131409462035095737377911870907298717921316897218602467328.000000	-50.371209	0.362500
1442	26630044550408238319861577161866021816932519558687913186164736.000000	-50.371209	0.405000
1443	29293049005449064435444043207588433691883322633748922717175808.000000	-50.371209	0.395000
1444	32222353905993974875281987105034944024272369355710196860583936.000000	-50.371209	0.362500
1445	35444589296593374646406494145074248119957157410473434759036928.000000	-50.371209	0.380000
1446	38989048226252713252845297724349577778581648711116887341137920.000000	-50.371209	0.430000
1447	42887953048877990287120598320624059789583691380209121606238208.000000	-50.371209	0.370000
1448	47176748353765790457630812317454370615170836077826142873059328.000000	-50.371209	0.397500
1449	51894423189142379208678203949726998873032511942175684563042304.000000	-50.371209	0.457500
1450	57083865508056626263931257662842937533365967613162125868924928.000000	-50.371209	0.410000
1451	62792252058862290032122537593895136133331339934074447562014720.000000	-50.371209	0.370000
1452	69071477264748524744325562177124173979808351725462437849202688.000000	-50.371209	0.392500
1453	75978624991223384069547043383444020457561840255585336271306752.000000	-50.371209	0.415000
1454	83576487490345732752685135204699566122977004317508851854213120.000000	-50.371209	0.377500
1455	91934136239380311736944419549009046968418582547240282570620928.000000	-50.371209	0.345000
1456	101127549863318355470418557316356904978176971957521510995853312.000000	-50.371209	0.390000
1457	111240304849650201293643800530903739095653649189638644051214336.000000	-50.371209	0.392500
1458	122364335334615223706604488913529922698476565227794726668730368.000000	-50.371209	0.397500
1459	134600768868076764346035404441169392514384630704111945034760192.000000	-50.371209	0.412500
1460	148060845754884445347831561544357951152338196012907575963025408.000000	-50.371209	0.380000
1461	162866930330372896733403642687401175347344668971774988196511744.000000	-50.371209	0.362500
1462	179153623363410195541129240274284531655109340345721359865741312.000000	-50.371209	0.362500
1463	197068985699751219662434780960784604207135376618677932277104640.000000	-50.371209	0.362500
1464	216775884269726364464641342352221161560424425472467907628761088.000000	-50.371209	0.397500
1465	238453472696699019179875943223729755262527276973252444090793984.000000	-50.371209	0.377500
1466	262298819966368953068211854159604066494385720339268743473397760.000000	-50.371209	0.365000
1467	288528701963005871210996122870922570076399803565117799944683520.000000	-50.371209	0.397500
1468	317381572159306504004021901748731020949190806305473944187043840.000000	-50.371209	0.385000
1469	349119729375237200076350258514320316909260909319865702853640192.000000	-50.371209	0.370000
1470	384031702312760970323104067615540161851853124874081073811685376.000000	-50.371209	0.377500
1471	422434872544037058221029241058950939264008232884720308343275520.000000	-50.371209	0.390000
1472	464678359798440809715058331755562227055560078557036703425495040.000000	-50.371209	0.377500
1473	511146195778284936358490331521834643626267108796584738015936512.000000	-50.371209	0.387500
1474	562260815356113457397495064628447824307984433106549830366265344.000000	-50.371209	0.440000
1475	618486896891724812271629804409435845511813080893973686252470272.000000	-50.371209	0.387500
1476	680335586580897320901948484804809146382085002413677673426452480.000000	-50.371209	0.430000
1477	748369145238987144335995666466722448750595547422734169264881664.000000	-50.371209	0.412500
1478	823206059762885959247832799612970320128987351409465187536732160.000000	-50.371209	0.365000
1479	905526665739174646516468412755699739872188131318100434786189312.000000	-50.371209	0.417500
1480	996079332313092275587049453757848011773950625031750189557219328.000000	-50.371209	0.402500
1481	1095687265544401612758377198951351678227708141256151682707881984.000000	-50.371209	0.350000
1482	1205255992098841920184378651936778666418962227010068816571924480.000000	-50.371209	0.385000
1483	1325781591308726203546668850311888920791160494478764426724900864.000000	-50.371209	0.382500
1484	1458359750439598878707647135251937245508457770787254106494861312.000000	-50.371209	0.397500
1485	1604195725483558839653493715322276880243545183680130499940974592.000000	-50.371209	0.382500
1486	1764615298031914888037777286581082866182443382629983261227483136.000000	-50.371209	0.410000
1487	1941076827835106413379095948511764107892808538800057078748545024.000000	-50.371209	0.362500
1488	2135184510618617200867169276453232339050572664308364752216653824.000000	-50.371209	0.362500
1489	2348702961680479249791754603551712168784717291902880650023141376.000000	-50.371209	0.387500
1490	2583573257848527393996175663542321116215913928535621663415336960.000000	-50.371209	0.387500
1491	2841930583633380498771202562622282778758713500459938743740006400.000000	-50.371209	0.392500
1492	3126123641996718731336027485247375832095188940041310075105574912.000000	-50.371209	0.392500
1493	3438736006196391042920121433042988876410157648930346979395895296.000000	-50.371209	0.372500
1494	3782609606816030366437379175982725494603898321265834625725366272.000000	-50.371209	0.405000
1495	4160870567497633841531608292851873505169737968277323985077665792.000000	-50.371209	0.395000
1496	4576957624247397298759850988682206765870953400919207366382059520.000000	-50.371209	0.360000
1497	5034653386672137759386654753001886544300465099152637930986536960.000000	-50.371209	0.385000
1498	5538118725339351900700729561027804749651719788138656638068326400.000000	-50.371209	0.372500
1499	6091930597873287821521621182582044326459308125094032129841430528.000000	-50.371209	0.415000
1500	6701123657660617626724929432472291501684621839001549101978353664.000000	-50.371209	0.425000
1501	7371236023426680266298404774261271574063983652671515805735714816.000000	-50.371209	0.362500
1502	8108359625769349608279718849500025114786731462593385076648574976.000000	-50.371209	0.427500
1503	8919195588346285153708345666811194907739337695365931446686449664.000000	-50.371209	0.382500
1504	9811115147180913815229343966582606218881754736530826556948348928.000000	-50.371209	0.427500
1505	10792226661899006219803424494872909583349313111582022971795963904.000000	-50.371209	0.410000
1506	11871449328088908449435568008353410565737560410651546890501357568.000000	-50.371209	0.377500
1507	13058594260897801048181089606272253466733115711256325166670544896.000000	-50.371209	0.390000
1508	14364453686987581006849034833809186993037944010753655717744345088.000000	-50.371209	0.372500
1509	15800899055686339399834265783370689333078704955085625220705288192.000000	-50.371209	0.410000
1510	17380988961254974509019002226430092829334441623620603467521851392.000000	-50.371209	0.370000
1511	19119087857380474590623849644698354878900584675292099194952613888.000000	-50.371209	0.407500
1512	21030996643118522341986562075348774007527609686077913045634383872.000000	-50.371209	0.387500
1513	23134096307430377206888165478508904174913069543995139730876399616.000000	-50.371209	0.382500
1514	25447505938173416973679274289623880077563142301190881222269599744.000000	-50.371209	0.407500
1515	27992256531990761009449821448030937211215188877362800793988628480.000000	-50.371209	0.362500
1516	30791482185189837110394803592834030932336707765099080873387491328.000000	-50.371209	0.400000
1517	33870630403708822575236248749200935869992177801148612547845292032.000000	-50.371209	0.407500
1518	37257693444079706001961183488843364019939261754289889527375855616.000000	-50.371209	0.380000
1519	40983462788487680109761231431894704110776786448798125654351544320.000000	-50.371209	0.442500
1520	45081809067336453966743903898695847336593795958810016843516870656.000000	-50.371209	0.397500
1521	49589989974070105794025498544538272166466439506336305013971746816.000000	-50.371209	0.420000
1522	54548988971477125727038527316770775886696012841181261313337196544.000000	-50.371209	0.405000
1523	60003887868624840638144999777892522601261346471352218894162984960.000000	-50.371209	0.370000
1524	66004276655487324701959499755681774861387481118487440783579283456.000000	-50.371209	0.400000
1525	72604704321036060679759379325416956036369827749415432036175314944.000000	-50.371209	0.410000
1526	79865174753139674932144486311014993580641873735541885313015087104.000000	-50.371209	0.385000
1527	87851692228453650609768103995172834879341124320280983917538836480.000000	-50.371209	0.347500
1528	96636861451299021516751463718301791182014567617441160933022892032.000000	-50.371209	0.425000
1529	106300547596428924837627919954854304863163890552211692751071215616.000000	-50.371209	0.375000
1530	116930602356071826675001190868118411853063208991644187824146612224.000000	-50.371209	0.395000
1531	128623662591679023372917028331598267793743923967125595303513686016.000000	-50.371209	0.400000
1532	141486028850846935063819210082536771076701245748049480631833329664.000000	-50.371209	0.445000
1533	155634631735931630908603750820235117310267102668907260144508731392.000000	-50.371209	0.397500
1534	171198094909524801014671985090592636418981009973956480507435810816.000000	-50.371209	0.412500
1535	188317904400477290469749662517430576564462040355563454356147666944.000000	-50.371209	0.347500
1536	207149694840525033547140347145841648976282638467436788488714846208.000000	-50.371209	0.412500
1537	227864664324577553270672719966538497755181028736550287484030812160.000000	-50.371209	0.397500
1538	250651130757035308597739991963192347530699131610205316232433893376.000000	-50.371209	0.405000
1539	275716243832738848811124470077290258787351974155437173653645557760.000000	-50.371209	0.375000
1540	303287868216012757076263114379465975925044495031509205513930801152.000000	-50.371209	0.397500
1541	333616655037614074875136580947416617783672126763611092156181118976.000000	-50.371209	0.390000
1542	366978320541375515100286915254383647324579592284711841664688193536.000000	-50.371209	0.402500
1543	403676152595513099347952282992047379819577804357922666124045975552.000000	-50.371209	0.377500
1544	444043767855064427989968469126809470808701443562137584332387123200.000000	-50.371209	0.340000
1545	488448144640570870788965316039490417889571587918351342765625835520.000000	-50.371209	0.380000
1546	537292959104628004635914242232332842196443393631243106032029794304.000000	-50.371209	0.402500
1547	591022255015090842513947582126680832430419450531212719827105873920.000000	-50.371209	0.405000
1548	650124480516600020301447129517135680709290689426447249789499211776.000000	-50.371209	0.365000
1549	715136928568260125221307110564414690319631981595416558546100158464.000000	-50.371209	0.407500
1550	786650621425086175157879737291970865365926897291803517592583274496.000000	-50.371209	0.427500
1551	865315683567594942331435373705626775959846457168365082119334002688.000000	-50.371209	0.405000
1552	951847251924354511393462742418418865584494537958892196715013603328.000000	-50.371209	0.420000
1553	1047031977116790130897797637180276929207436720670585280749943914496.000000	-50.371209	0.402500
1554	1151735174828469293645345063582763446185507262885025021592430706688.000000	-50.371209	0.397500
1555	1266908692311316297838763401283269202832721424247218130135419977728.000000	-50.371209	0.407500
1556	1393599561542448002451523572753825535144657001745630549532708175872.000000	-50.371209	0.387500
1557	1532959517696692914940001677042552206702117854530729514061598294016.000000	-50.371209	0.347500
1558	1686255469466362262555664718253479486393827216289070420255567773696.000000	-50.371209	0.420000
1559	1854881016412998825541208431118859789162195395749585191007982452736.000000	-50.371209	0.387500
1560	2040369118054298857753096936915204592135741805471924922876273098752.000000	-50.371209	0.407500
1561	2244406029859728855771732377620069169392311138629653324739519709184.000000	-50.371209	0.397500
1562	2468846632845701965835557109408764322417532557713690476364710281216.000000	-50.371209	0.405000
1563	2715731296130272312076880483034099578716612683632440736768673710080.000000	-50.371209	0.420000
1564	2987304425743299917428987688048656596731591127364137842364272082944.000000	-50.371209	0.375000
1565	3286034868317630133658537950880210492490740545321623445751937892352.000000	-50.371209	0.400000
1566	3614638355149393633412136649692722719926126927832774731821481984000.000000	-50.371209	0.420000
1567	3976102190664332996753350314661994991918739620616052205003630182400.000000	-50.371209	0.387500
1568	4373712409730766296428685346128194491110613582677657425503993200640.000000	-50.371209	0.380000
1569	4811083650703843300215973037452161000364992116313876199973123522560.000000	-50.371209	0.370000
1570	5292192015774228378526408654619671220688125678682169883807897878528.000000	-50.371209	0.385000
1571	5821411217351652039496771664846161875072236032360983542409895870464.000000	-50.371209	0.430000
1572	6403552339086817842077519482068613358808767116186606747720855060480.000000	-50.371209	0.410000
1573	7043907572995500374574109743697768814976278178542173486330402570240.000000	-50.371209	0.397500
1574	7748298330295051160320359031489839816760540347133296898800904830976.000000	-50.371209	0.417500
1575	8523128163324557174299000910745576742780555602730913865285949718528.000000	-50.371209	0.427500
1576	9375440979657013340702203989873510889230591773446148890117021892608.000000	-50.371209	0.410000
1577	10312985077622715123745727376914238450325631561232907417431201284096.000000	-50.371209	0.347500
1578	11344283585384987534066906090712415239702155938240485435779275816960.000000	-50.371209	0.395000
1579	12478711943923487784051273326628245004245640233538346107032127406080.000000	-50.371209	0.437500
1580	13726583138315838059034077286135657745243472958365992845410264154112.000000	-50.371209	0.367500
1581	15099241452147423660830696966962729408455742695971166683161199378432.000000	-50.371209	0.397500
1582	16609165597362166326229301989027919997415970705863045777012304117760.000000	-50.371209	0.365000
1583	18270082157098382958852232187930711997157567776449350354713534529536.000000	-50.371209	0.395000
1584	20097090372808222152684061382830536141217285774978572666789842386944.000000	-50.371209	0.362500
1585	22106799410089044966583538171851425051568321833065954784538796228608.000000	-50.371209	0.422500
1586	24317479351097952157081709917356826389757037679025412092807539064832.000000	-50.371209	0.400000
1587	26749227286207749168683092861306014917420663888696527855298201780224.000000	-50.371209	0.352500
1588	29424150014828529173915502678708216427111843862577141874922763583488.000000	-50.371209	0.402500
1589	32366565016311383288569194248054708662281643210013905764554979147776.000000	-50.371209	0.412500
1590	35603221517942524011950396275811520713427037453373395745290355474432.000000	-50.371209	0.387500
1591	39163543669736781202194001109295355154604201043426934128379147845632.000000	-50.371209	0.397500
1592	43079898036710464111461966426127573039899080992485826349776819453952.000000	-50.371209	0.430000
1593	47387887840381515311656728274643012713723448936450607793314258223104.000000	-50.371209	0.442500
1594	52126676624419670434608825006534325762471638713632817679065501663232.000000	-50.371209	0.370000
1595	57339344286861636280807566205712087746260187623817049744832112623616.000000	-50.371209	0.377500
1596	63073278715547802303412605429234637705803436308556854123595202297856.000000	-50.371209	0.412500
1597	69380606587102584928278148575109442661301009861770638940234600939520.000000	-50.371209	0.400000
1598	76318667245812849407416669939998739889724185653842951344957757063168.000000	-50.371209	0.412500
1599	83950533970394135545420478235474284471155219180406296181593471975424.000000	-50.371209	0.385000
1600	92345587367433552691748949963448724695646585981984074906172636790784.000000	-50.371209	0.392500
1601	101580146104176911552710268864220608942587089463719631503209718087680.000000	-50.371209	0.422500
1602	111738160714594608694292002258021022799138873215986843164230385926144.000000	-50.371209	0.410000
1603	122911976786054091114439745910385195743307829838808422119172330225664.000000	-50.371209	0.377500
1604	135203174464659509803980850913229080057307532512121661948209076895744.000000	-50.371209	0.420000
1605	148723491911125482335097479431114058727293355064556722781548890292224.000000	-50.371209	0.367500
1606	163595841102238052119325770800787535264277759872235289698222685028352.000000	-50.371209	0.352500
1607	179955425212461862120306913086768971160539995704175017476604710354944.000000	-50.371209	0.405000
1608	197950967733708069883056147822007938940849064575815413862784087097344.000000	-50.371209	0.392500
1609	217746064507078898422080306030770803499189040334619849887581401513984.000000	-50.371209	0.357500
1610	239520670957786797842385467045653248588776864057514232493459055312896.000000	-50.371209	0.390000
1611	263472738053565515939012535397440032406330229220995246211283015434240.000000	-50.371209	0.422500
1612	289820011858922091478156614966697447496135551366675764875210101096448.000000	-50.371209	0.405000
1613	318802013044814343727409363316491333574259245105789130639768922619904.000000	-50.371209	0.412500
1614	350682214349295811623490256089459243520526388529381435363664112648192.000000	-50.371209	0.395000
1615	385750435784225421520130672933821262091585786450616771751389064855552.000000	-50.371209	0.385000
1616	424325479362648016351677957492132894368923423387556635820685296402432.000000	-50.371209	0.377500
1617	466758027298912822775894318447248866175650225571028498211313582866432.000000	-50.371209	0.382500
1618	513433830028804133787775141527389847012222007196428540883803482095616.000000	-50.371209	0.390000
1619	564777213031684633369426829386377114370464485120962973526259453132800.000000	-50.371209	0.387500
1620	621254934334853192487340816443068473204200130527383247050080534921216.000000	-50.371209	0.362500
1621	683380427768338550048463419734596779483295822337851162223566643003392.000000	-50.371209	0.407500
1622	751718470545172481678086805002499375348976762087095459382879416483840.000000	-50.371209	0.385000
1623	826890317599689825626866789620802960280563635190128981492362494607360.000000	-50.371209	0.367500
1624	909579349359658808189553468582883256308619998709141879641598744068096.000000	-50.371209	0.400000
1625	1000537284295624727320897337088393040898157677337785658074236673064960.000000	-50.371209	0.382500
1626	1100591012725187200052987070797232344987973445071564223881660340371456.000000	-50.371209	0.360000
1627	1210650113997705958370674299524177038445446468336450236738304428998656.000000	-50.371209	0.392500
1628	1331715125397476688301101555241869848645355990822148827051808062963712.000000	-50.371209	0.422500
1629	1464886637937224433755988754060499751427242947419822890693944978440192.000000	-50.371209	0.412500
1630	1611375301730946953756364672760992644487318599677264360700295585464320.000000	-50.371209	0.365000
1631	1772512831904041936474915052391252851126118050327962725283910553436160.000000	-50.371209	0.380000
1632	1949764115094446321684349165866485431032108249149406950154691881730048.000000	-50.371209	0.385000
1633	2144740526603891260351892255630905645804724504126184368917985506623488.000000	-50.371209	0.392500
1634	2359214579264280692886189654371767882054602384600639529557608494006272.000000	-50.371209	0.417500
1635	2595136037190708838799585663103387588177413980576162663450325452587008.000000	-50.371209	0.412500
1636	2854649640909779837616709794355390723871182414906967701200792161615872.000000	-50.371209	0.387500
1637	3140114605000757898003157817085372714175652013913123652257827486957568.000000	-50.371209	0.350000
1638	3454126065500833802740639163735574362469244251577624788889044399423488.000000	-50.371209	0.367500
1639	3799538672050917872637696469759118059972330894374519896210553821986816.000000	-50.371209	0.420000
1640	4179492539256009889775797246618358619721618056358349428642477531725824.000000	-50.371209	0.377500
1641	4597441793181611032002931057869080317528482577025102733380637503258624.000000	-50.371209	0.402500
1642	5057185972499772671576663466717088774702790337335827273277394017845248.000000	-50.371209	0.365000
1643	5562904569749750245233437986566569323842474801131246724352957856350208.000000	-50.371209	0.405000
1644	6119195026724725959379775174873212517482884498883504025220858624606208.000000	-50.371209	0.392500
1645	6731114529397199244940746082010520030487335166410987056175549469687808.000000	-50.371209	0.410000
1646	7404225982336920242181699296333772884378987688268514294910489945178112.000000	-50.371209	0.367500
1647	8144648580570612726148531485733807680320994602188120810023275594776576.000000	-50.371209	0.405000
1648	8959113438627674611761600980662731791691904922530606338521252027695104.000000	-50.371209	0.380000
1649	9855024782490442226187315165317890806695798129814585334247289448824832.000000	-50.371209	0.425000
1650	10840527260739486908554708941616337394869486087888798953293755048787968.000000	-50.371209	0.372500
1651	11924579986813435905909288008955742806025840126739515572370954990387200.000000	-50.371209	0.375000
1652	13117037985494781028995757675740175444975451289722650748347172673028096.000000	-50.371209	0.412500
1653	14428741784044261277389090655558594691158834429127772889416660997373952.000000	-50.371209	0.407500
1654	15871615962448690163619973279714399205299366742597080692088747027595264.000000	-50.371209	0.370000
1655	17458777558693560099479295127219154140837519707042298932541095040516096.000000	-50.371209	0.420000
1656	19204655314562918254920981852185471256607109688179385892029975601610752.000000	-50.371209	0.412500
1657	21125120846019212838905053596003963427292469527553854994963393092255744.000000	-50.371209	0.412500
1658	23237632930621135042292883475137674785029932770494750665703205711642624.000000	-50.371209	0.395000
1659	25561396223683249466019496342184757278541142337729735903516999592968192.000000	-50.371209	0.392500
1660	28117535846051578703608960400892036409766932592368423626338241666351104.000000	-50.371209	0.415000
1661	30929289430656739025962721826403413424098869292099959778954661326749696.000000	-50.371209	0.375000
1662	34022218373722413541557210355399298109847567081433629204345776332865536.000000	-50.371209	0.362500
1663	37424440211094655508711147737294771264171134649700665572276002839592960.000000	-50.371209	0.445000
1664	41166884232204127189564425974579681823976356715907466604460091857960960.000000	-50.371209	0.372500
1665	45283572655424546038503032035593083439762100988734947739862589778165760.000000	-50.371209	0.340000
1666	49811929920967006772335498702707825217126419688845176988805337490391040.000000	-50.371209	0.405000
1667	54793122913063710514560130304756324455533115958348061925164115606634496.000000	-50.371209	0.400000
1668	60272435204370085244005441413365216961119292714924908802654420407943168.000000	-50.371209	0.365000
1669	66299678724807098672391716325546085403941708867406787262885053436264448.000000	-50.371209	0.440000
1670	72929646597287819573598782192500474124434475236373588044095238501826560.000000	-50.371209	0.392500
1671	80222611257016607660940823875305954970266031361247681323461251086417920.000000	-50.371209	0.395000
1672	88244872382718280686999233189947417334068851699845918405720353663877120.000000	-50.371209	0.422500
1673	97069359620990121015663483436053025934251954072303979196205366499082240.000000	-50.371209	0.405000
1674	106776295583089145377194158706769195394453366682007846065738880617807872.000000	-50.371209	0.427500
1675	117453925141398079530856497660823501920740650874166180992173532629696512.000000	-50.371209	0.402500
1676	129199317655537894839920743583172372232880446283066880461338672373956608.000000	-50.371209	0.385000
1677	142119249421091701487862875639444823069655194994836425037350708067696640.000000	-50.371209	0.422500
1678	156331174363200896156577817057611039110173148899267005440911733812101120.000000	-50.371209	0.405000
1679	171964291799521010292164252617593876754742898194140643884828862130946048.000000	-50.371209	0.370000
1680	189160720979473128485330735577308478043703892097017564803189916800385024.000000	-50.371209	0.415000
1681	208076793077420456045821001447572366088205741949687484023404481443004416.000000	-50.371209	0.405000
1682	228884472385162523718338890061129163057223507109108476535588289031176192.000000	-50.371209	0.340000
1683	251772919623678795706115702150619466349787805343976874509007881884401664.000000	-50.371209	0.412500
1684	276950211586046714508613118532436186958450480926289662599630197973057536.000000	-50.371209	0.412500
1685	304645232744651395767445891927368499147716502780897404019523599745417216.000000	-50.371209	0.357500
1686	335109756019116569672090596516015776289461561225912857481232296632647680.000000	-50.371209	0.395000
1687	368620731621028275679156963876060821385512586158398019029007436171182080.000000	-50.371209	0.390000
1688	405482804783131152286929967972110370991168713584131696731560089663569920.000000	-50.371209	0.360000
1689	446031085261444316555480272477764875557390453752438742204368008505196544.000000	-50.371209	0.405000
1690	490634193787588836482771453600739604553918262985491592864178247131201536.000000	-50.371209	0.402500
1691	539697613166347729939020060502502258502731063046019527310526453819375616.000000	-50.371209	0.377500
1692	593667374482982512740893528094441177846425143112600255201509481176367104.000000	-50.371209	0.387500
1693	653034111931280852286726034779083537071856421281669257161033867069489152.000000	-50.371209	0.420000
1694	718337523124409006171198869048812745232988879743687608996649927601815552.000000	-50.371209	0.412500
1695	790171275436849926404261679037071406743129715242013920216175684312104960.000000	-50.371209	0.390000
1696	869188402980534968084545154649222014884547555576109188037445162618585088.000000	-50.371209	0.400000
1697	956107243278588592396628670156097231787474970039444183920284644556144640.000000	-50.371209	0.407500
1698	1051717967606447549716006152588593889900432204663176353911616928762298368.000000	-50.371209	0.397500
1699	1156889764367092481231093075597849761772052952845111942181525497189498880.000000	-50.371209	0.390000
1700	1272578740803801925513631613991408607817677723369198639598285686409527296.000000	-50.371209	0.390000
1701	1399836614884182176912823544640681629559971338277991154517696546900803584.000000	-50.371209	0.385000
1702	1539820276372600433835991745271504566489652367153705370609187729491099648.000000	-50.371209	0.402500
1703	1693802304009860555683362612132164571085985393964906108949549558240641024.000000	-50.371209	0.402500
1704	1863182534410846748563299334929022737102477566029099572083529861715460096.000000	-50.371209	0.405000
1705	2049500787851931776506601883922717976575880378063245435049376598988947456.000000	-50.371209	0.400000
1706	2254450866637125307244234687815782739996623471300805884311808009989783552.000000	-50.371209	0.405000
1707	2479895953300838151823744925931399205785756978814207277860761034190487552.000000	-50.371209	0.410000
1708	2727885548630922084701776957024803448285384361839373307566001721310183424.000000	-50.371209	0.405000
1709	3000674103494014528563269729727812436956026168310801242160931060842496000.000000	-50.371209	0.435000
1710	3300741513843416373738455164368141420388467735621032372774239445928902656.000000	-50.371209	0.422500
1711	3630815665227757971880414834638200788453630614135220509411941862621577216.000000	-50.371209	0.412500
1712	3993897231750533925995999702769039963193729255740402962912022160484597760.000000	-50.371209	0.410000
1713	4393286954925587710914458134713491699249941131793594265600439655535214592.000000	-50.371209	0.400000
1714	4832615650418147188179849179186426800701245355835425503675471123292618752.000000	-50.371209	0.350000
1715	5315877215459962220852920866439107672560841051802288859160790458823606272.000000	-50.371209	0.422500
1716	5847464937005958756793299722417056631606396317365838550194641727907692544.000000	-50.371209	0.397500
1717	6432211430706555260182803233326838678345978269869064015449650347101913088.000000	-50.371209	0.427500
1718	7075432573777210864664855248993032094127943886951800618274058437612535808.000000	-50.371209	0.402500
1719	7782975831154932421913970927893392591224945016221961887778122616176377856.000000	-50.371209	0.360000
1720	8561273414270425821032911405349750946242175098035818479114820989394878464.000000	-50.371209	0.447500
1721	9417400755697469815484093007887897903919012829564343950056278092742131712.000000	-50.371209	0.400000
1722	10359140831267217895525306001345821365574063173862401162974108683222384640.000000	-50.371209	0.410000
1723	11395054914393940469715553524815498981605147392206943292065950109548937216.000000	-50.371209	0.395000
1724	12534560405833335458252369185299163455134075612577600036625861790109007872.000000	-50.371209	0.417500
1725	13788016446416670887208126719833308951384310136135284870995081308330262528.000000	-50.371209	0.405000
1726	15166818091058338446711569545817697134206947890323794565771247773965877248.000000	-50.371209	0.417500
1727	16683499900164173546803073577735619614785527320889457242819461444169367552.000000	-50.371209	0.397500
1728	18351849890180592784613901551513410727000907015278327797808040927796658176.000000	-50.371209	0.450000
1729	20187034879198653004640552014666866375069411197956122992942161690181500928.000000	-50.371209	0.405000
1730	22205738367118521129800388140139896738681592761201622538296327868015181824.000000	-50.371209	0.400000
1731	24426312203830375439766034339492153755076050160005030427950366217228779520.000000	-50.371209	0.347500
1732	26868943424213414553018071620111560089531010977922137496334263954960285696.000000	-50.371209	0.437500
1733	29555837766634760088436006783465212591747237160697521712498729252078747648.000000	-50.371209	0.397500
1734	32511421543298237352699954539147886618079845518300557104219691070093524992.000000	-50.371209	0.405000
1735	35762563697628062971100470609066904430624657032430537645348293516313231360.000000	-50.371209	0.397500
1736	39338820067390872406761385363313976791581834339506799461060845099961810944.000000	-50.371209	0.410000
1737	43272702074129960275147697438313450854318960094224121017402474056361443328.000000	-50.371209	0.405000
1738	47599972281542960696633681952821330624803452349013024390791532586821746688.000000	-50.371209	0.425000
1739	52359969509697261160268264918779998372336393829280818101519496970328080384.000000	-50.371209	0.375000
1740	57595966460666991042556132642666456511043687136808749573084713345781596160.000000	-50.371209	0.365000
1741	63355563106733690146811745906933102162148055850489624530393184680359755776.000000	-50.371209	0.367500
1742	69691119417407067949435350038979481748468053926271569526730125398044049408.000000	-50.371209	0.395000
1743	76660231359147775999799232120213582690472743960432009699874226830655356928.000000	-50.371209	0.400000
1744	84326254495062561132301237796251857562467326205674909992688182870562308096.000000	-50.371209	0.347500
1745	92758879944568819756372055730549348853029828109308967432899178943232344064.000000	-50.371209	0.392500
1746	102034767939025711775372037922293505875595888052506129939957807980010799104.000000	-50.371209	0.412500
1747	112238244732928286719170282946531314764629130782356592595366855456432586752.000000	-50.371209	0.400000
1748	123462069206221114135666964163848293473934159219058968634432452109268942848.000000	-50.371209	0.392500
1749	135808276126843233081755743044250039424274882990164564820702230677037252608.000000	-50.371209	0.385000
1750	149389103739527576476656870586053487641228525553713552830309876029651419136.000000	-50.371209	0.365000
1751	164328014113480349189366722572692669611245993807484306758993930346299392000.000000	-50.371209	0.425000
1752	180760815524828396662506865603323464243949439603565569639604212308998356992.000000	-50.371209	0.387500
1753	198836897077311241350438940473000421736975922130055259485448989111125803008.000000	-50.371209	0.400000
1754	218720586785042385572208387757678908185199668607593316961531310307148824576.000000	-50.371209	0.460000
1755	240592645463546664302880333008203687552771943997417711712759285907684589568.000000	-50.371209	0.377500
1756	264651910009901350819893919546402500582575292661692014411572636783363489792.000000	-50.371209	0.410000
1757	291117101010891516031971641357110417052622053324660013144036033889065500672.000000	-50.371209	0.412500
1758	320228811111980697765257135348889125169673490053924811749745770705337712640.000000	-50.371209	0.410000
1759	352251692223178817758596731977224148372956224720648621743563903488147587072.000000	-50.371209	0.380000
1760	387476861445496729664544735031014229622041078589512281209226427264328007680.000000	-50.371209	0.317500
1761	426224547590046427739406150080838707927402879279129173739570847846898860032.000000	-50.371209	0.400000
1762	468847002349051125751842036491713300475090091434506552814255843915092459520.000000	-50.371209	0.370000
1763	515731702583956238327026240140884630522599100577957208095681428306601705472.000000	-50.371209	0.412500
1764	567304872842351892289817194011040759986648242032551726196555704564627537920.000000	-50.371209	0.400000
1765	624035360126587131735612796505590946671628451897138227635054830733366394880.000000	-50.371209	0.352500
1766	686438896139245945342801842343042262711422068409514708036247425231255240704.000000	-50.371209	0.402500
1767	755082785753170600137258686289481821806142738044063773422484434609112088576.000000	-50.371209	0.382500
1768	830591064328487750541249544486633003222124706038866542638651278352120283136.000000	-50.371209	0.410000
1769	913650170761336615985639488503499302779704870833149588776434806469429297152.000000	-50.371209	0.415000
1770	1005015187837470458364733416490255231528410746297257331401915087680566198272.000000	-50.371209	0.410000
1771	1105516706621217684981736737275686753151987209307775848289943397012816789504.000000	-50.371209	0.422500
1772	1216068377283339513740087070715390761290764393032151027701550003568829792256.000000	-50.371209	0.382500
1773	1337675215011673605721174650448578947341523912187093851164466959920085860352.000000	-50.371209	0.392500
1774	1471442736512841046640194328442950619173780920463933362391063345051736211456.000000	-50.371209	0.405000
1775	1618587010164125291911292633948894791012842092362054419322931635551282921472.000000	-50.371209	0.450000
1776	1780445711180538001882951876480190268584861689979052645003061599670605185024.000000	-50.371209	0.420000
1777	1958490282298591862331423723840344628266926321770555504085980026492397027328.000000	-50.371209	0.362500
1778	2154339310528451169084919415648649756740775879534806243659802562851099377664.000000	-50.371209	0.392500
1779	2369773241581296446687215783112542286611062701604547120246082197415492845568.000000	-50.371209	0.415000
1780	2606750565739426412743546213221851623664587439997522336711289173715609190400.000000	-50.371209	0.392500
1781	2867425622313369455752411899291605671521569269287925200933166536785378934784.000000	-50.371209	0.447500
1782	3154168184544706562021457515119793792869935430332977973246782568743200358400.000000	-50.371209	0.430000
1783	3469585002999177619958114331379342057647452058656926401122209271315729219584.000000	-50.371209	0.425000
1784	3816543503299095341780474658042519374863144955993553978179355353877481259008.000000	-50.371209	0.385000
1785	4198197853629005599080642040392395306232401005116080510988638091522005270528.000000	-50.371209	0.405000
1786	4618017638991906882110826160977258830738582659150859697078849102930981683200.000000	-50.371209	0.410000
1787	5079819402891097972056419841822553599302964010356596297337482458922288676864.000000	-50.371209	0.392500
1788	5587801343180208331690377316651405398919992730799166809842278528792009900032.000000	-50.371209	0.422500
1789	6146581477498230048675339390761197486891142791518514878038152962207270305792.000000	-50.371209	0.402500
1790	6761239625248053937358797672281968783659407858309797753053614838964056752128.000000	-50.371209	0.390000
1791	7437363587772859652482286291308220770417767112373298032799575079419029487616.000000	-50.371209	0.432500
1792	8181099946550146260505732624035153064244380760075668844960730100478066556928.000000	-50.371209	0.435000
1793	8999209941205162011412936867731861250042283474897057494998898758480857923584.000000	-50.371209	0.407500
1794	9899130935325678373248034980404074929242721056503023496719088012608227246080.000000	-50.371209	0.387500
1795	10889044028858247014041860607939620193148039332734627107492493705265467621376.000000	-50.371209	0.422500
1796	11977948431744073161690286501824830200228726373054432088224437480305566154752.000000	-50.371209	0.405000
1797	13175743274918480959940728429704395882840226712708656053707779363173973360640.000000	-50.371209	0.390000
1798	14493317602410330662872845531665111013086341725142124181281551082284205998080.000000	-50.371209	0.385000
1799	15942649362651365336098174343821897656357068238818939121612699973305461899264.000000	-50.371209	0.410000
1800	17536914298916504440808862592588528289132122808560997069298760023104544571392.000000	-50.371209	0.380000
1801	19290605728808156170440184259039601551615008962347178793991031051649267269632.000000	-50.371209	0.355000
1802	21219666301688974679972682351126057682308276072674581213355522965841297539072.000000	-50.371209	0.372500
1803	23341632931857873433520385993430883884108777552872121352453470288659695534080.000000	-50.371209	0.400000
1804	25675796225043662383810468851764247814481747649321936009901811100318500388864.000000	-50.371209	0.425000
1805	28243375847548029586354342292334837921107177818951691124213788480026051608576.000000	-50.371209	0.387500
1806	31067713432302836401641082743144983013926917219637106289922352406731461492736.000000	-50.371209	0.407500
1807	34174484775533120684580408721055591532104445878065857927795785160521741762560.000000	-50.371209	0.360000
1808	37591933253086432753038449593161150685314890465872443720575363676573915938816.000000	-50.371209	0.405000
1809	41351126578395076671117512256073375970631216448924729101514097557348441653248.000000	-50.371209	0.410000
1810	45486239236234589480431005110449595301973033585537530082715087418020358782976.000000	-50.371209	0.357500
1811	50034863159858055499001500361051767216803543245206734188679768804110869987328.000000	-50.371209	0.387500
1812	55038349475843862977227303507945274588838408379122530634191338223873359347712.000000	-50.371209	0.407500
1813	60542184423428256988252646301893124649140292454615275804184842203666304729088.000000	-50.371209	0.415000
1814	66596402865771094257031829596812421016181386556447541544464881660141349371904.000000	-50.371209	0.415000
1815	73256043152348212681588060406839206152787242322602869823248135009795361996800.000000	-50.371209	0.440000
1816	80581647467583040377499043483484228935914335919513566894384923641946239401984.000000	-50.371209	0.347500
1817	88639812214341353414101995682178194864493486621975497708160181189780741029888.000000	-50.371209	0.392500
1818	97503793435775500325466113915125998253069900140543785638837754544867229302784.000000	-50.371209	0.417500
1819	107254172779353052929113596121023038945516237900458328238246320051822488715264.000000	-50.371209	0.402500
1820	117979590057288373648630180619431988042903948165665145275219692371815956480000.000000	-50.371209	0.405000
1821	129777549063017223868997552753297391182891081711532479980365611871340234539008.000000	-50.371209	0.402500
1822	142755303969318964253603403729318216371155624103706876227075703425754013368320.000000	-50.371209	0.412500
1823	157030834366250873534468098174172242343967925243378384027407224030672097116160.000000	-50.371209	0.365000
1824	172733917802875973743419262063511670914061456497017042607771896696081989238784.000000	-50.371209	0.375000
1825	190007309583163586544366413156169483208303688621879731081697826680501407055872.000000	-50.371209	0.420000
1826	209008040541479965767610020986861958466248839450949016474065929768299839619072.000000	-50.371209	0.472500
1827	229908844595627970057673635528701476914291766633624410228046892902535433027584.000000	-50.371209	0.435000
1828	252899729055190782490046223967878269808557029772147835464000322507600195223552.000000	-50.371209	0.415000
1829	278189701960709907018866521023586032397920992174845571649846575702793871425536.000000	-50.371209	0.392500
1830	306008672156780908005156656383482399106270482375770784956930393482947404496896.000000	-50.371209	0.402500
1831	336609539372459034801084513423212811156848399055390159949970493565801655697408.000000	-50.371209	0.390000
1832	370270493309704943423394706394302974006811934452649504016017123027318894231552.000000	-50.371209	0.392500
1833	407297542640675484045549851692653207016001387323397407057065056274484440334336.000000	-50.371209	0.435000
1834	448027296904743094156525736407145108528945871956381084615366523161177759940608.000000	-50.371209	0.362500
1835	492830026595217408714380051676628501116119154643739521147952755582232608899072.000000	-50.371209	0.362500
1836	542113029254739170154625023359366878164845852074994785546946351560204161646592.000000	-50.371209	0.410000
1837	596324332180213107738894492210379092918445219249375576385839307135972869668864.000000	-50.371209	0.415000
1838	655956765398234459650397874461568056084519305108075758592819878689066740350976.000000	-50.371209	0.395000
1839	721552441938057967321858561452951442504315581519527271304696827817218289958912.000000	-50.371209	0.370000
1840	793707686131863836044868800401010931034648876555564591429860632068059140456448.000000	-50.371209	0.445000
1841	873078454745050250502566130213725314543785937161443018999144175904487492288512.000000	-50.371209	0.432500
1842	960386300219555347543647126037862190278066267761671913893752714964055263019008.000000	-50.371209	0.435000
1843	1056424930241511067417274537277328151739905932239770915840912870238195416039424.000000	-50.371209	0.410000
1844	1162067423265662318140650756610589655473699999231917193414392400200253000646656.000000	-50.371209	0.385000
1845	1278274165592228611661136731816875201832414345055752849608426601479523176284160.000000	-50.371209	0.415000
1846	1406101582151451678515320070149317991386803599230141257411252465824958412488704.000000	-50.371209	0.450000
1847	1546711740366596990348500842769778479085287432921324569141765955345692296740864.000000	-50.371209	0.380000
1848	1701382914403256730520964860076907380868045740147219650624339191719758110130176.000000	-50.371209	0.425000
1849	1871521205843582670967551910780579969137342479731398675381351276348461715292160.000000	-50.371209	0.415000
1850	2058673326427941143752376767009393235422224547373351665761469608180790805397504.000000	-50.371209	0.430000
1851	2264540659070735299265228376740483612838676566044449456906013209838366469652480.000000	-50.371209	0.465000
1852	2490994724977808829191751214414531974122544222648894402596614530822203116617728.000000	-50.371209	0.365000
1853	2740094197475590000074223867067042548654405592450122214835052469780899514286080.000000	-50.371209	0.377500
1854	3014103617223149205769715918924502072890993971363947559160540920956472384290816.000000	-50.371209	0.365000
1855	3315513978945464496585212908088311765048159443904205936192164780607588876156928.000000	-50.371209	0.442500
1856	3647065376840011234207031730108200318672582335830964901790157744544823849779200.000000	-50.371209	0.427500
1857	4011771914524012563315804568269775619910988389082874514811156723196789153333248.000000	-50.371209	0.397500
1858	4412949105976414313298752221458565828392841995196313461113032085590427073249280.000000	-50.371209	0.390000
1859	4854244016574056156004766773905932949974421834053571052908301702544435617726464.000000	-50.371209	0.380000
1860	5339668418231462018430927049477432568217241401061503905609511717835858681790464.000000	-50.371209	0.420000
1861	5873635260054608467099703352606082148284342924770230043580842734656424052260864.000000	-50.371209	0.395000
1862	6460998786060069560635357286047596686358154600849828795349306853159045959778304.000000	-50.371209	0.425000
1863	7107098664666076763524576612833262678239347444537387422294617383511930058047488.000000	-50.371209	0.375000
1864	7817808531132684933528401470478401592554036956196277659344838811937082068434944.000000	-50.371209	0.407500
1865	8599589384245954085083064546008658613797113674756107418373668946562735614722048.000000	-50.371209	0.445000
1866	9459548322670550809995016857574358199152171088112122146399728348082899855081472.000000	-50.371209	0.412500
1867	10405503154937606220095430007573002450061224708393435357586874309607162510311424.000000	-50.371209	0.425000
1868	11446053470431368323059074597415740634539611480848233377807840810789755775090688.000000	-50.371209	0.395000
1869	12590658817474505649016349253519127344484327396138208210409384581942690357182464.000000	-50.371209	0.377500
1870	13849724699221956872119807107353456940920433158692231024544669293568904732344320.000000	-50.371209	0.387500
1871	15234697169144154204836345139294844789981659031911959109735001856505658554187776.000000	-50.371209	0.410000
1872	16758166886058570612622714045947954561961334469513458010350021422304142418771968.000000	-50.371209	0.422500
1873	18433983574664428990288631307507583742132813962345207797573716071398447339536384.000000	-50.371209	0.345000
1874	20277381932130874193023874687946801133302950938870435553161299565550100761542656.000000	-50.371209	0.432500
1875	22305120125343964245133553870671148694583938124518287080854814535832892195471360.000000	-50.371209	0.432500
1876	24535632137878362315151466578944305719011514494320620771676161622996044763627520.000000	-50.371209	0.427500
1877	26989195351666201837675727879250820600851031058453692814315509052455375937208320.000000	-50.371209	0.422500
1878	29688114886832822021443300667175902660936134164299062095747059957700913530929152.000000	-50.371209	0.437500
1879	32656926375516106198193099519340743512992766649549574284604804713766840902352896.000000	-50.371209	0.427500
1880	35922619013067722741828815827616569622181100520966349650914401466031033047580672.000000	-50.371209	0.427500
1881	39514880914374496990617166195825477170362229641883590595288880372929972370669568.000000	-50.371209	0.405000
1882	43466369005811951297091643314784942921312163766653363606478192184246586983841792.000000	-50.371209	0.382500
1883	47813005906393151692415391074122772109344764326840315911880781430126808397774848.000000	-50.371209	0.405000
1884	52594306497032471469069690680911967354192951920105761454729283347163106613657600.000000	-50.371209	0.382500
1885	57853737146735721906985774391415248399550612226817347565673942949039143972241408.000000	-50.371209	0.372500
1886	63639110861409301996106226972345775583357749724781506239373492285126402442788864.000000	-50.371209	0.335000
1887	70003021947550242726946016525299022933496293064302888752820381568550168118165504.000000	-50.371209	0.397500
1888	77003324142305270948851555748723426398771960508374389586668497245996856966643712.000000	-50.371209	0.387500
1889	84703656556535803309351294751455103934550540742733444490090116998052105378856960.000000	-50.371209	0.375000
1890	93174022212189390222304653511424782947882325046408808870042591232176769311178752.000000	-50.371209	0.397500
1891	102491424433408341092167931575250764758448671963973325632745082917169462352281600.000000	-50.371209	0.425000
1892	112740566876749188365421183302424178474046999619174698057906516277525315376381952.000000	-50.371209	0.392500
1893	124014623564424119049596114345350099837229813994015803739395400467052863024005120.000000	-50.371209	0.425000
1894	136416085920866544118592184349533447060706255852221423975221865582397056115277824.000000	-50.371209	0.392500
1895	150057694512953222225717028209853798798333110263290838124140517264186793946775552.000000	-50.371209	0.372500
1896	165063463964248562877939773028346850813821265931945577743196264086699942845874176.000000	-50.371209	0.392500
1897	181569810360673434962577500614759540582907545075704983351780200577736625277108224.000000	-50.371209	0.402500
1898	199726791396740788990064417531954164433001067950318713576467760690421413235916800.000000	-50.371209	0.422500
1899	219699470536414894217143776424446255355808095662958664657888386896741368137252864.000000	-50.371209	0.400000
1900	241669417590056420498160238061906225162698594513905842736960615778604443959820288.000000	-50.371209	0.417500
1901	265836359349062109938507512718830861742080911616990970513449607603564952795742208.000000	-50.371209	0.367500
1902	292419995283968368322889514841447961979401460430384611067587498611021512515256320.000000	-50.371209	0.395000
1903	321661994812365231483251383464889432656848527391031151898120098609401477344526336.000000	-50.371209	0.397500
1904	353828194293601796756493189234253055089744453598307194645970268689986126803369984.000000	-50.371209	0.375000
1905	389211013722962013291444592152693704870028588242789225723850685751173678492549120.000000	-50.371209	0.412500
1906	428132115095258240948661968507259749836538367984676228020009604463568859919548416.000000	-50.371209	0.430000
1907	470945326604784107168444832780860403987403278251316778380048725129570247635894272.000000	-50.371209	0.417500
1908	518039859265262602135122650904695802720565753012794311334129918081816275848265728.000000	-50.371209	0.387500
1909	569843845191788936067239083985196071535241706883376365694109690274375781450776576.000000	-50.371209	0.385000
1910	626828229710967924455025494085183706814990792875103089269106519796013488475734016.000000	-50.371209	0.380000
1911	689511052682064811681590545195170105622714787466002485201603032269814966203187200.000000	-50.371209	0.422500
1912	758462157950271398162041268271873814103013949883035052616858736045907717134483456.000000	-50.371209	0.425000
1913	834308373745298632759307896800529223639540260174727644884130470144698617727811584.000000	-50.371209	0.410000
1914	917739211119828611878759521893487513713324738229675960157148457763190859242668032.000000	-50.371209	0.410000
1915	1009513132231811504660322974649992274460065517153773251841391923704243321460228096.000000	-50.371209	0.360000
1916	1110464445454992697251271939537866181073283142337323504583569276294312155330641920.000000	-50.371209	0.400000
1917	1221510890000492072288690802048839497098639140241488173937021604472854625174683648.000000	-50.371209	0.400000
1918	1343661979000541300580018215965160786392108590999723455109742845029962338554347520.000000	-50.371209	0.435000
1919	1478028176900595641262603374676050260867374817440560438410907930631181081031737344.000000	-50.371209	0.442500
1920	1625830994590655268576238713277967305704928909386875873589055964023765941721497600.000000	-50.371209	0.437500
1921	1788414094049721006058445921720137432111477167666428098738152361524365044515602432.000000	-50.371209	0.415000
1922	1967255503454693296226415517295087231575074715039849082623139318665201806726922240.000000	-50.371209	0.437500
1923	2163981053800162625849057069024595954732582186543833990885453250531721987399614464.000000	-50.371209	0.390000
1924	2380379159180179267558212782732927662710740066411773737996342017561694701659095040.000000	-50.371209	0.405000
1925	2618417075098197404938617398120593824817869440393815749586167020416086680446959616.000000	-50.371209	0.432500
1926	2880258782608017187557395805355527886466867457901370252102821882677339850216046592.000000	-50.371209	0.375000
1927	3168284660868818990562968720736830033447976350627853132429180391384362838686433280.000000	-50.371209	0.425000
1928	3485113126955701310868432267039259828464884720372367721252480032719244139798986752.000000	-50.371209	0.447500
1929	3833624439651271526205108828588935169645795339345950348493804356430457557227667456.000000	-50.371209	0.417500
1930	4216986883616398931575119715985076761613641314089582948691413753391370323296780288.000000	-50.371209	0.407500
1931	4638685571978039582981131701195328662784804767925653939605242012684108386665496576.000000	-50.371209	0.442500
1932	5102554129175844215277911550080856395738662420208986174494376777466831252922302464.000000	-50.371209	0.410000
1933	5612809542093429226554536049009187543653483690784305777756348698288537402356006912.000000	-50.371209	0.400000
1934	6174090496302772233459822988755855656353254206799082210648059888556680146040389632.000000	-50.371209	0.360000
1935	6791499545933050383553971970934684163667223243778794837989705402244527198581030912.000000	-50.371209	0.377500
1936	7470649500526355927408369177102648730040478449774749452485133865104713939131826176.000000	-50.371209	0.387500
1937	8217714450578991772898706099350161678047792735561261963081876212933052343391354880.000000	-50.371209	0.420000
1938	9039485895636890950188576709285177845852572009117388159390063834226357577730490368.000000	-50.371209	0.402500
1939	9943434485200580382206767719596693063775517797774510395793375499406149349298667520.000000	-50.371209	0.395000
1940	10937777933720639262925777840013855953497291046915419986533476253739654318716354560.000000	-50.371209	0.377500
1941	12031555727092704874215022320930228715535463090333879087508350287899399819563630592.000000	-50.371209	0.390000
1942	13234711299801975867135524562097747737095542280985342126955643239325073822212685824.000000	-50.371209	0.380000
1943	14558182429782175307345410384914008394162383741683485152204886612921939280307159040.000000	-50.371209	0.420000
1944	16014000672760395365574951468777889983611286523942209320907664887392803311801335808.000000	-50.371209	0.407500
1945	17615400740036435239131779955038676415310103764081813673462736657889239656776597504.000000	-50.371209	0.392500
1946	19376940814040081459039624665606523523542622842453062404523452577735411732815282176.000000	-50.371209	0.372500
1947	21314634895444090278942253810933170742572262302189135485904408399023264933687066624.000000	-50.371209	0.397500
1948	23446098384988500317834479210175480116842554295644199295887765084197059468441157632.000000	-50.371209	0.432500
1949	25790708223487353382611927185640005028566007014917070009655289128431169539441426432.000000	-50.371209	0.400000
1950	28369779045836090068870453261735995264773362067390310692478039168302910548566081536.000000	-50.371209	0.420000
1951	31206756950419703119749498660505563991302961327073942807297506466219073768964227072.000000	-50.371209	0.367500
1952	34327432645461674779721781884088110123784011810762870769884478239869605201041162240.000000	-50.371209	0.397500
1953	37760175910007845627687293466326895469539298869292992051515978881428125859096559616.000000	-50.371209	0.457500
1954	41536193501008634234448022885555554216545491809166892302239240150656810610547752960.000000	-50.371209	0.410000
1955	45689812851109501027886158567941083971576926867537415737106216983294051809553809408.000000	-50.371209	0.400000
1956	50258794136220456522664107854863151302137636958217292038245723189737953211231240192.000000	-50.371209	0.365000
1957	55284673549842506892921185391711430499079040882474389128570569453311932725486157824.000000	-50.371209	0.352500
1958	60813140904826763648201304039776527349065339550138729609785121470271934246347079680.000000	-50.371209	0.382500
1959	66894454995309446753008101231414128750725645260060270980049739252442247946884349952.000000	-50.371209	0.455000
1960	73583900494840399516292911499747480025902735891955500169198039939858217072655859712.000000	-50.371209	0.380000
1961	80942290544324447555906202794914166428597535587040252277261170696015783111004520448.000000	-50.371209	0.427500
1962	89036519598756904443472823292193490671614078304578080641702277908874977918729584640.000000	-50.371209	0.385000
1963	97940171558632601627806772409072788405529257889943557115158611334905595986505105408.000000	-50.371209	0.402500
1964	107734188714495867182576783080108026179485201082864047554103356976510651805877665792.000000	-50.371209	0.407500
1965	118507607585945468728805128320970715864292019051947322809943125071476581593451069440.000000	-50.371209	0.360000
1966	130358368344540022341672307940727736117474992712049723500223543213767360028698738688.000000	-50.371209	0.387500
1967	143394205178994043447802205740248365996133052896996167396246993313544832804095787008.000000	-50.371209	0.445000
1968	157733625696893453184571759744401161529149375590621918863300577153013812305227415552.000000	-50.371209	0.437500
1969	173506988266582806591012935864033216082168839255573312840773961630486937866833231872.000000	-50.371209	0.432500
1970	190857687093241108818071563170948373423997792796835183034566895825993616536404754432.000000	-50.371209	0.422500
1971	209943455802565241267836053208555046500009641692223240247739123441050963072933429248.000000	-50.371209	0.445000
1972	230937801382821770786608991959538510083413623265371698999941920293270555600948822016.000000	-50.371209	0.412500
1973	254031581521103985609195225166388073625576107419391811991938303879399084706098053120.000000	-50.371209	0.452500
1974	279434739673214384170114747683026880988133718161330993191132134267338993176707858432.000000	-50.371209	0.427500
1975	307378213640535844155083556171841404820559159593168631419960885726530877377266843648.000000	-50.371209	0.442500
1976	338116035004589433962581245219153504236018092956411629289385858807298461335715577856.000000	-50.371209	0.427500
1977	371927638505048415102764703751964567193441024079535735310326636244829781014341484544.000000	-50.371209	0.405000
1978	409120402355553272789009174417544900712994178699267713023645953393656247777941782528.000000	-50.371209	0.395000
1979	450032442591108632419846092440067144384711700992751292690583855781708849880068259840.000000	-50.371209	0.387500
1980	495035686850219495661830701684073858823182871092026421959642241359879734868075085824.000000	-50.371209	0.437500
1981	544539255535241488363928439293504916172725297432638141975037541560783678120658993152.000000	-50.371209	0.380000
1982	598993181088765658768278616943367243523609896791606495082256833749320030815613091840.000000	-50.371209	0.390000
1983	658892499197642278564999812938983557210001060510028491864771362205396996104394899456.000000	-50.371209	0.407500
1984	724781749117406571125371795394417420131837375408144957780395112523310650363498987520.000000	-50.371209	0.420000
1985	797259924029147336077695643536418340813081461027482148107012313937931639814289883136.000000	-50.371209	0.410000
1986	876985916432062188309230543352875271429255990016605326921149004510243720651603968000.000000	-50.371209	0.445000
1987	964684508075268461060046931989442387906211763057527206887552750042413054923984863232.000000	-50.371209	0.407500
1988	1061152958882795328734008958908898462430445008978984466486023563079112345299271548928.000000	-50.371209	0.367500
1989	1167268254771074947879239189681835651607937788339701068773488071516855519360751501312.000000	-50.371209	0.415000
1990	1283995080248182572074907110973090231170403984867898409109130106863288980594155847680.000000	-50.371209	0.455000
1991	1412394588273000937122184490672958432955504731433210944568620807711907803068012429312.000000	-50.371209	0.397500
1992	1553634047100301160242146942063325290652727622270759272483776116677846492672142868480.000000	-50.371209	0.380000
1993	1708997451810331384106148304872216998386060732576357894280731418507921066353798152192.000000	-50.371209	0.417500
1994	1879897196991364651924507137682509712626339223528220917167097788553461082286507163648.000000	-50.371209	0.370000
1995	2067886916690501203388787186332808026823421424343861164522669719538639130046710677504.000000	-50.371209	0.390000
1996	2274675608359551582543153909612230858309108402166701747891523147881998861646040137728.000000	-50.371209	0.400000
1997	2502143169195506827069298635455501287074467520846190078319537614800030687342196948992.000000	-50.371209	0.370000
1998	2752357486115057639183972501324122430183586690625036319609784604474781665373745840128.000000	-50.371209	0.405000
1999	3027593234726563489374199086338582016136393638150358107209625217052091771442673221632.000000	-50.371209	0.407500
2000	3330352558199220183398936334500629589487826115816666540486036347276628706713151733760.000000	-50.371209	0.425000


