Line	B-idx	Beta	It-idx	Energy	Acceptance~
0	0	2067.016711	0	-0.000947	0.01
1	0	2067.016711	1	-0.001511	0.02
2	0	2067.016711	2	-0.001615	0.03
3	0	2067.016711	3	-0.001998	0.04
4	0	2067.016711	4	-0.002796	0.05
5	0	2067.016711	5	-0.003221	0.06
6	0	2067.016711	6	-0.004040	0.07
7	0	2067.016711	7	-0.004539	0.08
8	0	2067.016711	8	-0.005371	0.09
9	0	2067.016711	9	-0.005785	0.1
10	0	2067.016711	10	-0.005900	0.11
11	0	2067.016711	11	-0.006684	0.12
12	0	2067.016711	12	-0.007488	0.13
13	0	2067.016711	13	-0.007906	0.14
14	0	2067.016711	14	-0.008408	0.15
15	0	2067.016711	15	-0.008549	0.16
16	0	2067.016711	16	-0.008923	0.17
17	0	2067.016711	17	-0.009851	0.18
18	0	2067.016711	18	-0.010133	0.19
19	0	2067.016711	19	-0.010306	0.2
20	0	2067.016711	20	-0.010316	0.21
21	0	2067.016711	21	-0.010918	0.22
22	0	2067.016711	22	-0.011656	0.23
23	0	2067.016711	23	-0.011942	0.24
24	0	2067.016711	24	-0.012642	0.25
25	0	2067.016711	25	-0.013243	0.26
26	0	2067.016711	26	-0.014121	0.27
27	0	2067.016711	27	-0.014625	0.28
28	0	2067.016711	28	-0.015350	0.29
29	0	2067.016711	29	-0.016225	0.3
30	0	2067.016711	30	-0.016225	0.31
31	0	2067.016711	31	-0.016719	0.32
32	0	2067.016711	32	-0.017047	0.33
33	0	2067.016711	33	-0.017407	0.34
34	0	2067.016711	34	-0.017407	0.35
35	0	2067.016711	35	-0.018147	0.36
36	0	2067.016711	36	-0.018767	0.37
37	0	2067.016711	37	-0.018875	0.38
38	0	2067.016711	38	-0.019674	0.39
39	0	2067.016711	39	-0.019674	0.4
40	0	2067.016711	40	-0.020174	0.41
41	0	2067.016711	41	-0.020770	0.42
42	0	2067.016711	42	-0.020912	0.43
43	0	2067.016711	43	-0.021281	0.44
44	0	2067.016711	44	-0.021300	0.45
45	0	2067.016711	45	-0.021941	0.46
46	0	2067.016711	46	-0.022433	0.47
47	0	2067.016711	47	-0.022727	0.48
48	0	2067.016711	48	-0.023292	0.49
49	0	2067.016711	49	-0.023501	0.5
50	0	2067.016711	50	-0.023821	0.51
51	0	2067.016711	51	-0.024722	0.52
52	0	2067.016711	52	-0.025156	0.53
53	0	2067.016711	53	-0.025156	0.54
54	0	2067.016711	54	-0.026148	0.55
55	0	2067.016711	55	-0.026503	0.56
56	0	2067.016711	56	-0.026903	0.57
57	0	2067.016711	57	-0.026903	0.58
58	0	2067.016711	58	-0.027682	0.59
59	0	2067.016711	59	-0.028293	0.6
60	0	2067.016711	60	-0.028829	0.61
61	0	2067.016711	61	-0.029260	0.62
62	0	2067.016711	62	-0.030224	0.63
63	0	2067.016711	63	-0.030414	0.64
64	0	2067.016711	64	-0.030917	0.65
65	0	2067.016711	65	-0.031534	0.66
66	0	2067.016711	66	-0.031839	0.67
67	0	2067.016711	67	-0.031839	0.67
68	0	2067.016711	68	-0.032151	0.68
69	0	2067.016711	69	-0.032358	0.69
70	0	2067.016711	70	-0.032562	0.7
71	0	2067.016711	71	-0.032836	0.71
72	0	2067.016711	72	-0.032871	0.72
73	0	2067.016711	73	-0.033727	0.73
74	0	2067.016711	74	-0.033998	0.74
75	0	2067.016711	75	-0.034519	0.75
76	0	2067.016711	76	-0.034855	0.76
77	0	2067.016711	77	-0.034855	0.77
78	0	2067.016711	78	-0.035460	0.78
79	0	2067.016711	79	-0.036159	0.79
80	0	2067.016711	80	-0.037128	0.8
81	0	2067.016711	81	-0.037128	0.81
82	0	2067.016711	82	-0.037443	0.82
83	0	2067.016711	83	-0.038132	0.83
84	0	2067.016711	84	-0.038261	0.84
85	0	2067.016711	85	-0.038921	0.85
86	0	2067.016711	86	-0.039792	0.86
87	0	2067.016711	87	-0.040047	0.87
88	0	2067.016711	88	-0.040538	0.88
89	0	2067.016711	89	-0.040984	0.89
90	0	2067.016711	90	-0.041265	0.9
91	0	2067.016711	91	-0.041265	0.91
92	0	2067.016711	92	-0.041291	0.92
93	0	2067.016711	93	-0.041858	0.93
94	0	2067.016711	94	-0.042640	0.94
95	0	2067.016711	95	-0.042866	0.95
96	0	2067.016711	96	-0.043317	0.96
97	0	2067.016711	97	-0.043317	0.97
98	0	2067.016711	98	-0.044009	0.98
99	0	2067.016711	99	-0.044009	0.99
100	1	2273.718382	0	-0.044582	0.01
101	1	2273.718382	1	-0.044582	0.02
102	1	2273.718382	2	-0.045320	0.03
103	1	2273.718382	3	-0.045571	0.04
104	1	2273.718382	4	-0.046122	0.05
105	1	2273.718382	5	-0.046359	0.06
106	1	2273.718382	6	-0.047302	0.07
107	1	2273.718382	7	-0.048249	0.08
108	1	2273.718382	8	-0.048362	0.09
109	1	2273.718382	9	-0.048712	0.1
110	1	2273.718382	10	-0.049755	0.11
111	1	2273.718382	11	-0.050591	0.12
112	1	2273.718382	12	-0.050591	0.13
113	1	2273.718382	13	-0.051634	0.14
114	1	2273.718382	14	-0.051974	0.15
115	1	2273.718382	15	-0.052980	0.16
116	1	2273.718382	16	-0.052980	0.17
117	1	2273.718382	17	-0.053903	0.18
118	1	2273.718382	18	-0.054643	0.19
119	1	2273.718382	19	-0.054643	0.2
120	1	2273.718382	20	-0.054643	0.21
121	1	2273.718382	21	-0.054643	0.22
122	1	2273.718382	22	-0.055189	0.23
123	1	2273.718382	23	-0.056023	0.24
124	1	2273.718382	24	-0.056927	0.25
125	1	2273.718382	25	-0.057516	0.26
126	1	2273.718382	26	-0.058079	0.27
127	1	2273.718382	27	-0.058079	0.28
128	1	2273.718382	28	-0.058145	0.29
129	1	2273.718382	29	-0.058145	0.3
130	1	2273.718382	30	-0.058145	0.31
131	1	2273.718382	31	-0.058145	0.32
132	1	2273.718382	32	-0.058512	0.33
133	1	2273.718382	33	-0.059462	0.34
134	1	2273.718382	34	-0.059486	0.35
135	1	2273.718382	35	-0.059735	0.36
136	1	2273.718382	36	-0.059735	0.37
137	1	2273.718382	37	-0.060062	0.38
138	1	2273.718382	38	-0.060961	0.39
139	1	2273.718382	39	-0.061729	0.4
140	1	2273.718382	40	-0.061729	0.41
141	1	2273.718382	41	-0.061868	0.42
142	1	2273.718382	42	-0.062456	0.43
143	1	2273.718382	43	-0.062756	0.44
144	1	2273.718382	44	-0.063433	0.45
145	1	2273.718382	45	-0.064375	0.46
146	1	2273.718382	46	-0.065119	0.47
147	1	2273.718382	47	-0.065378	0.48
148	1	2273.718382	48	-0.065712	0.49
149	1	2273.718382	49	-0.065713	0.5
150	1	2273.718382	50	-0.066644	0.51
151	1	2273.718382	51	-0.067524	0.52
152	1	2273.718382	52	-0.068104	0.53
153	1	2273.718382	53	-0.068232	0.54
154	1	2273.718382	54	-0.068233	0.55
155	1	2273.718382	55	-0.068357	0.56
156	1	2273.718382	56	-0.068524	0.57
157	1	2273.718382	57	-0.069445	0.58
158	1	2273.718382	58	-0.070355	0.59
159	1	2273.718382	59	-0.070665	0.6
160	1	2273.718382	60	-0.071424	0.61
161	1	2273.718382	61	-0.071549	0.62
162	1	2273.718382	62	-0.072132	0.63
163	1	2273.718382	63	-0.072132	0.64
164	1	2273.718382	64	-0.072453	0.65
165	1	2273.718382	65	-0.073134	0.66
166	1	2273.718382	66	-0.073134	0.67
167	1	2273.718382	67	-0.073524	0.68
168	1	2273.718382	68	-0.074302	0.69
169	1	2273.718382	69	-0.074831	0.7
170	1	2273.718382	70	-0.075165	0.71
171	1	2273.718382	71	-0.075941	0.72
172	1	2273.718382	72	-0.076286	0.73
173	1	2273.718382	73	-0.077277	0.74
174	1	2273.718382	74	-0.077277	0.75
175	1	2273.718382	75	-0.077533	0.76
176	1	2273.718382	76	-0.078430	0.77
177	1	2273.718382	77	-0.079012	0.78
178	1	2273.718382	78	-0.079012	0.79
179	1	2273.718382	79	-0.079942	0.8
180	1	2273.718382	80	-0.079942	0.81
181	1	2273.718382	81	-0.080511	0.82
182	1	2273.718382	82	-0.080511	0.83
183	1	2273.718382	83	-0.081313	0.84
184	1	2273.718382	84	-0.081864	0.85
185	1	2273.718382	85	-0.081946	0.86
186	1	2273.718382	86	-0.081973	0.87
187	1	2273.718382	87	-0.082386	0.88
188	1	2273.718382	88	-0.082386	0.89
189	1	2273.718382	89	-0.082386	0.9
190	1	2273.718382	90	-0.082543	0.91
191	1	2273.718382	91	-0.083048	0.92
192	1	2273.718382	92	-0.083047	0.93
193	1	2273.718382	93	-0.084000	0.94
194	1	2273.718382	94	-0.084000	0.95
195	1	2273.718382	95	-0.084066	0.96
196	1	2273.718382	96	-0.084773	0.97
197	1	2273.718382	97	-0.085339	0.98
198	1	2273.718382	98	-0.085502	0.99
199	1	2273.718382	99	-0.086005	1
200	2	2501.090221	0	-0.086356	0.01
201	2	2501.090221	1	-0.086873	0.02
202	2	2501.090221	2	-0.087052	0.03
203	2	2501.090221	3	-0.087416	0.04
204	2	2501.090221	4	-0.088412	0.05
205	2	2501.090221	5	-0.088832	0.06
206	2	2501.090221	6	-0.089547	0.07
207	2	2501.090221	7	-0.089546	0.08
208	2	2501.090221	8	-0.089978	0.09
209	2	2501.090221	9	-0.090413	0.1
210	2	2501.090221	10	-0.090413	0.11
211	2	2501.090221	11	-0.090951	0.12
212	2	2501.090221	12	-0.091840	0.13
213	2	2501.090221	13	-0.091840	0.14
214	2	2501.090221	14	-0.092013	0.15
215	2	2501.090221	15	-0.092565	0.16
216	2	2501.090221	16	-0.093654	0.17
217	2	2501.090221	17	-0.094496	0.18
218	2	2501.090221	18	-0.094496	0.19
219	2	2501.090221	19	-0.095350	0.2
220	2	2501.090221	20	-0.095351	0.21
221	2	2501.090221	21	-0.096176	0.22
222	2	2501.090221	22	-0.096176	0.23
223	2	2501.090221	23	-0.096906	0.24
224	2	2501.090221	24	-0.096908	0.25
225	2	2501.090221	25	-0.097901	0.26
226	2	2501.090221	26	-0.097970	0.27
227	2	2501.090221	27	-0.098053	0.28
228	2	2501.090221	28	-0.098157	0.29
229	2	2501.090221	29	-0.098879	0.3
230	2	2501.090221	30	-0.098940	0.31
231	2	2501.090221	31	-0.098940	0.32
232	2	2501.090221	32	-0.099808	0.33
233	2	2501.090221	33	-0.100799	0.34
234	2	2501.090221	34	-0.101040	0.35
235	2	2501.090221	35	-0.101839	0.36
236	2	2501.090221	36	-0.101839	0.37
237	2	2501.090221	37	-0.102569	0.38
238	2	2501.090221	38	-0.103039	0.39
239	2	2501.090221	39	-0.103039	0.4
240	2	2501.090221	40	-0.103983	0.41
241	2	2501.090221	41	-0.103983	0.42
242	2	2501.090221	42	-0.103983	0.43
243	2	2501.090221	43	-0.103983	0.44
244	2	2501.090221	44	-0.104484	0.45
245	2	2501.090221	45	-0.104484	0.46
246	2	2501.090221	46	-0.105396	0.47
247	2	2501.090221	47	-0.105396	0.48
248	2	2501.090221	48	-0.105396	0.49
249	2	2501.090221	49	-0.105890	0.5
250	2	2501.090221	50	-0.106277	0.51
251	2	2501.090221	51	-0.106277	0.52
252	2	2501.090221	52	-0.106590	0.53
253	2	2501.090221	53	-0.106590	0.54
254	2	2501.090221	54	-0.106590	0.55
255	2	2501.090221	55	-0.107262	0.56
256	2	2501.090221	56	-0.107916	0.57
257	2	2501.090221	57	-0.107916	0.58
258	2	2501.090221	58	-0.108328	0.59
259	2	2501.090221	59	-0.108828	0.6
260	2	2501.090221	60	-0.108828	0.61
261	2	2501.090221	61	-0.108875	0.62
262	2	2501.090221	62	-0.108875	0.63
263	2	2501.090221	63	-0.109738	0.64
264	2	2501.090221	64	-0.110311	0.65
265	2	2501.090221	65	-0.110662	0.66
266	2	2501.090221	66	-0.111136	0.67
267	2	2501.090221	67	-0.111137	0.68
268	2	2501.090221	68	-0.111137	0.69
269	2	2501.090221	69	-0.111572	0.7
270	2	2501.090221	70	-0.112226	0.71
271	2	2501.090221	71	-0.112226	0.72
272	2	2501.090221	72	-0.112226	0.73
273	2	2501.090221	73	-0.112255	0.74
274	2	2501.090221	74	-0.112822	0.75
275	2	2501.090221	75	-0.113123	0.76
276	2	2501.090221	76	-0.113710	0.77
277	2	2501.090221	77	-0.114257	0.78
278	2	2501.090221	78	-0.114778	0.79
279	2	2501.090221	79	-0.115214	0.8
280	2	2501.090221	80	-0.116268	0.81
281	2	2501.090221	81	-0.116820	0.82
282	2	2501.090221	82	-0.116821	0.83
283	2	2501.090221	83	-0.117770	0.84
284	2	2501.090221	84	-0.117804	0.85
285	2	2501.090221	85	-0.117804	0.86
286	2	2501.090221	86	-0.118670	0.87
287	2	2501.090221	87	-0.118670	0.88
288	2	2501.090221	88	-0.119661	0.89
289	2	2501.090221	89	-0.120504	0.9
290	2	2501.090221	90	-0.120963	0.91
291	2	2501.090221	91	-0.121469	0.92
292	2	2501.090221	92	-0.121469	0.93
293	2	2501.090221	93	-0.121770	0.94
294	2	2501.090221	94	-0.121770	0.95
295	2	2501.090221	95	-0.122834	0.96
296	2	2501.090221	96	-0.122834	0.97
297	2	2501.090221	97	-0.123312	0.98
298	2	2501.090221	98	-0.123422	0.99
299	2	2501.090221	99	-0.123422	1
300	3	2751.199243	0	-0.123831	0.01
301	3	2751.199243	1	-0.124888	0.02
302	3	2751.199243	2	-0.125711	0.03
303	3	2751.199243	3	-0.126335	0.04
304	3	2751.199243	4	-0.127222	0.05
305	3	2751.199243	5	-0.127221	0.06
306	3	2751.199243	6	-0.127837	0.07
307	3	2751.199243	7	-0.127837	0.08
308	3	2751.199243	8	-0.127837	0.09
309	3	2751.199243	9	-0.127837	0.1
310	3	2751.199243	10	-0.127837	0.11
311	3	2751.199243	11	-0.127865	0.12
312	3	2751.199243	12	-0.128225	0.13
313	3	2751.199243	13	-0.128225	0.14
314	3	2751.199243	14	-0.128225	0.15
315	3	2751.199243	15	-0.128225	0.16
316	3	2751.199243	16	-0.129129	0.17
317	3	2751.199243	17	-0.130175	0.18
318	3	2751.199243	18	-0.130666	0.19
319	3	2751.199243	19	-0.131544	0.2
320	3	2751.199243	20	-0.131544	0.21
321	3	2751.199243	21	-0.131544	0.22
322	3	2751.199243	22	-0.131543	0.23
323	3	2751.199243	23	-0.131722	0.24
324	3	2751.199243	24	-0.131721	0.25
325	3	2751.199243	25	-0.132146	0.26
326	3	2751.199243	26	-0.132146	0.27
327	3	2751.199243	27	-0.132146	0.28
328	3	2751.199243	28	-0.132147	0.29
329	3	2751.199243	29	-0.132147	0.3
330	3	2751.199243	30	-0.132386	0.31
331	3	2751.199243	31	-0.132409	0.32
332	3	2751.199243	32	-0.132409	0.32
333	3	2751.199243	33	-0.133427	0.33
334	3	2751.199243	34	-0.133427	0.34
335	3	2751.199243	35	-0.133848	0.35
336	3	2751.199243	36	-0.133849	0.36
337	3	2751.199243	37	-0.134480	0.37
338	3	2751.199243	38	-0.135278	0.38
339	3	2751.199243	39	-0.135278	0.39
340	3	2751.199243	40	-0.136199	0.4
341	3	2751.199243	41	-0.136198	0.41
342	3	2751.199243	42	-0.136198	0.42
343	3	2751.199243	43	-0.136198	0.43
344	3	2751.199243	44	-0.137296	0.44
345	3	2751.199243	45	-0.137297	0.45
346	3	2751.199243	46	-0.137297	0.46
347	3	2751.199243	47	-0.137297	0.47
348	3	2751.199243	48	-0.137297	0.48
349	3	2751.199243	49	-0.137296	0.49
350	3	2751.199243	50	-0.137296	0.5
351	3	2751.199243	51	-0.137296	0.51
352	3	2751.199243	52	-0.137484	0.52
353	3	2751.199243	53	-0.137965	0.53
354	3	2751.199243	54	-0.138138	0.54
355	3	2751.199243	55	-0.138138	0.55
356	3	2751.199243	56	-0.138391	0.56
357	3	2751.199243	57	-0.138391	0.57
358	3	2751.199243	58	-0.138391	0.58
359	3	2751.199243	59	-0.138905	0.59
360	3	2751.199243	60	-0.138943	0.6
361	3	2751.199243	61	-0.139626	0.61
362	3	2751.199243	62	-0.139626	0.62
363	3	2751.199243	63	-0.140407	0.63
364	3	2751.199243	64	-0.140754	0.64
365	3	2751.199243	65	-0.141739	0.65
366	3	2751.199243	66	-0.141739	0.66
367	3	2751.199243	67	-0.142419	0.67
368	3	2751.199243	68	-0.143266	0.68
369	3	2751.199243	69	-0.143266	0.69
370	3	2751.199243	70	-0.143266	0.7
371	3	2751.199243	71	-0.143266	0.71
372	3	2751.199243	72	-0.143266	0.72
373	3	2751.199243	73	-0.143266	0.73
374	3	2751.199243	74	-0.143927	0.74
375	3	2751.199243	75	-0.144591	0.75
376	3	2751.199243	76	-0.144591	0.76
377	3	2751.199243	77	-0.145011	0.77
378	3	2751.199243	78	-0.146093	0.78
379	3	2751.199243	79	-0.146093	0.79
380	3	2751.199243	80	-0.146405	0.8
381	3	2751.199243	81	-0.146410	0.81
382	3	2751.199243	82	-0.146410	0.82
383	3	2751.199243	83	-0.147032	0.83
384	3	2751.199243	84	-0.147032	0.84
385	3	2751.199243	85	-0.147205	0.85
386	3	2751.199243	86	-0.147692	0.86
387	3	2751.199243	87	-0.147692	0.87
388	3	2751.199243	88	-0.147692	0.88
389	3	2751.199243	89	-0.148493	0.89
390	3	2751.199243	90	-0.148493	0.9
391	3	2751.199243	91	-0.149264	0.91
392	3	2751.199243	92	-0.149264	0.92
393	3	2751.199243	93	-0.149348	0.93
394	3	2751.199243	94	-0.149879	0.94
395	3	2751.199243	95	-0.149879	0.95
396	3	2751.199243	96	-0.150619	0.96
397	3	2751.199243	97	-0.151067	0.97
398	3	2751.199243	98	-0.151067	0.98
399	3	2751.199243	99	-0.151067	0.99
400	4	3026.319167	0	-0.151068	0.01
401	4	3026.319167	1	-0.151068	0.02
402	4	3026.319167	2	-0.151068	0.03
403	4	3026.319167	3	-0.151142	0.04
404	4	3026.319167	4	-0.151902	0.05
405	4	3026.319167	5	-0.151902	0.06
406	4	3026.319167	6	-0.152535	0.07
407	4	3026.319167	7	-0.152535	0.08
408	4	3026.319167	8	-0.152535	0.09
409	4	3026.319167	9	-0.152535	0.1
410	4	3026.319167	10	-0.152536	0.11
411	4	3026.319167	11	-0.153578	0.12
412	4	3026.319167	12	-0.153578	0.13
413	4	3026.319167	13	-0.154298	0.14
414	4	3026.319167	14	-0.154875	0.15
415	4	3026.319167	15	-0.154876	0.16
416	4	3026.319167	16	-0.155339	0.17
417	4	3026.319167	17	-0.155339	0.18
418	4	3026.319167	18	-0.155339	0.19
419	4	3026.319167	19	-0.155339	0.2
420	4	3026.319167	20	-0.156369	0.21
421	4	3026.319167	21	-0.156369	0.22
422	4	3026.319167	22	-0.156369	0.23
423	4	3026.319167	23	-0.156538	0.24
424	4	3026.319167	24	-0.156617	0.25
425	4	3026.319167	25	-0.157674	0.26
426	4	3026.319167	26	-0.158523	0.27
427	4	3026.319167	27	-0.158523	0.28
428	4	3026.319167	28	-0.158944	0.29
429	4	3026.319167	29	-0.158944	0.3
430	4	3026.319167	30	-0.158944	0.31
431	4	3026.319167	31	-0.158943	0.32
432	4	3026.319167	32	-0.158943	0.33
433	4	3026.319167	33	-0.158944	0.34
434	4	3026.319167	34	-0.158944	0.35
435	4	3026.319167	35	-0.158944	0.36
436	4	3026.319167	36	-0.158944	0.37
437	4	3026.319167	37	-0.159741	0.38
438	4	3026.319167	38	-0.159740	0.39
439	4	3026.319167	39	-0.159739	0.4
440	4	3026.319167	40	-0.160581	0.41
441	4	3026.319167	41	-0.161621	0.42
442	4	3026.319167	42	-0.161621	0.43
443	4	3026.319167	43	-0.162788	0.44
444	4	3026.319167	44	-0.162788	0.45
445	4	3026.319167	45	-0.162778	0.46
446	4	3026.319167	46	-0.163851	0.47
447	4	3026.319167	47	-0.163889	0.48
448	4	3026.319167	48	-0.164525	0.49
449	4	3026.319167	49	-0.164526	0.5
450	4	3026.319167	50	-0.164592	0.51
451	4	3026.319167	51	-0.165510	0.52
452	4	3026.319167	52	-0.165510	0.53
453	4	3026.319167	53	-0.166310	0.54
454	4	3026.319167	54	-0.166751	0.55
455	4	3026.319167	55	-0.167621	0.56
456	4	3026.319167	56	-0.167621	0.57
457	4	3026.319167	57	-0.167621	0.58
458	4	3026.319167	58	-0.168359	0.59
459	4	3026.319167	59	-0.168580	0.6
460	4	3026.319167	60	-0.168580	0.61
461	4	3026.319167	61	-0.168579	0.62
462	4	3026.319167	62	-0.168579	0.63
463	4	3026.319167	63	-0.169145	0.64
464	4	3026.319167	64	-0.169145	0.65
465	4	3026.319167	65	-0.170148	0.66
466	4	3026.319167	66	-0.170148	0.67
467	4	3026.319167	67	-0.170304	0.68
468	4	3026.319167	68	-0.170864	0.69
469	4	3026.319167	69	-0.171039	0.7
470	4	3026.319167	70	-0.171039	0.71
471	4	3026.319167	71	-0.171959	0.72
472	4	3026.319167	72	-0.172842	0.73
473	4	3026.319167	73	-0.172843	0.74
474	4	3026.319167	74	-0.172924	0.75
475	4	3026.319167	75	-0.172924	0.76
476	4	3026.319167	76	-0.173426	0.77
477	4	3026.319167	77	-0.174264	0.78
478	4	3026.319167	78	-0.174282	0.79
479	4	3026.319167	79	-0.175297	0.8
480	4	3026.319167	80	-0.175955	0.81
481	4	3026.319167	81	-0.175955	0.82
482	4	3026.319167	82	-0.176016	0.83
483	4	3026.319167	83	-0.177038	0.84
484	4	3026.319167	84	-0.177039	0.85
485	4	3026.319167	85	-0.177039	0.86
486	4	3026.319167	86	-0.177039	0.87
487	4	3026.319167	87	-0.177761	0.88
488	4	3026.319167	88	-0.178352	0.89
489	4	3026.319167	89	-0.178352	0.9
490	4	3026.319167	90	-0.179242	0.91
491	4	3026.319167	91	-0.179417	0.92
492	4	3026.319167	92	-0.180403	0.93
493	4	3026.319167	93	-0.180935	0.94
494	4	3026.319167	94	-0.180935	0.95
495	4	3026.319167	95	-0.180936	0.96
496	4	3026.319167	96	-0.180937	0.97
497	4	3026.319167	97	-0.180937	0.98
498	4	3026.319167	98	-0.180937	0.99
499	4	3026.319167	99	-0.181818	1
500	5	3328.951084	0	-0.181818	0.01
501	5	3328.951084	1	-0.182444	0.02
502	5	3328.951084	2	-0.182443	0.03
503	5	3328.951084	3	-0.183334	0.04
504	5	3328.951084	4	-0.184014	0.05
505	5	3328.951084	5	-0.184305	0.06
506	5	3328.951084	6	-0.184305	0.07
507	5	3328.951084	7	-0.185252	0.08
508	5	3328.951084	8	-0.185250	0.09
509	5	3328.951084	9	-0.186487	0.1
510	5	3328.951084	10	-0.186968	0.11
511	5	3328.951084	11	-0.186968	0.11
512	5	3328.951084	12	-0.186968	0.12
513	5	3328.951084	13	-0.187727	0.13
514	5	3328.951084	14	-0.188737	0.14
515	5	3328.951084	15	-0.189496	0.15
516	5	3328.951084	16	-0.189496	0.16
517	5	3328.951084	17	-0.189496	0.17
518	5	3328.951084	18	-0.190225	0.18
519	5	3328.951084	19	-0.191199	0.19
520	5	3328.951084	20	-0.192445	0.2
521	5	3328.951084	21	-0.193436	0.21
522	5	3328.951084	22	-0.193436	0.22
523	5	3328.951084	23	-0.193475	0.23
524	5	3328.951084	24	-0.193475	0.24
525	5	3328.951084	25	-0.193475	0.25
526	5	3328.951084	26	-0.194448	0.26
527	5	3328.951084	27	-0.195175	0.27
528	5	3328.951084	28	-0.195413	0.28
529	5	3328.951084	29	-0.195694	0.29
530	5	3328.951084	30	-0.195694	0.3
531	5	3328.951084	31	-0.195694	0.31
532	5	3328.951084	32	-0.196500	0.32
533	5	3328.951084	33	-0.196947	0.33
534	5	3328.951084	34	-0.196947	0.34
535	5	3328.951084	35	-0.196947	0.35
536	5	3328.951084	36	-0.196947	0.36
537	5	3328.951084	37	-0.197764	0.37
538	5	3328.951084	38	-0.197763	0.38
539	5	3328.951084	39	-0.198495	0.39
540	5	3328.951084	40	-0.199728	0.4
541	5	3328.951084	41	-0.199728	0.41
542	5	3328.951084	42	-0.199727	0.42
543	5	3328.951084	43	-0.199727	0.43
544	5	3328.951084	44	-0.199727	0.44
545	5	3328.951084	45	-0.199728	0.45
546	5	3328.951084	46	-0.199727	0.46
547	5	3328.951084	47	-0.199739	0.47
548	5	3328.951084	48	-0.200294	0.48
549	5	3328.951084	49	-0.200753	0.49
550	5	3328.951084	50	-0.200752	0.5
551	5	3328.951084	51	-0.200752	0.51
552	5	3328.951084	52	-0.201615	0.52
553	5	3328.951084	53	-0.201773	0.53
554	5	3328.951084	54	-0.202654	0.54
555	5	3328.951084	55	-0.202869	0.55
556	5	3328.951084	56	-0.203070	0.56
557	5	3328.951084	57	-0.203625	0.57
558	5	3328.951084	58	-0.203625	0.58
559	5	3328.951084	59	-0.203926	0.59
560	5	3328.951084	60	-0.205153	0.6
561	5	3328.951084	61	-0.205153	0.61
562	5	3328.951084	62	-0.205153	0.62
563	5	3328.951084	63	-0.205153	0.63
564	5	3328.951084	64	-0.205922	0.64
565	5	3328.951084	65	-0.206576	0.65
566	5	3328.951084	66	-0.206576	0.66
567	5	3328.951084	67	-0.206577	0.67
568	5	3328.951084	68	-0.206992	0.68
569	5	3328.951084	69	-0.207782	0.69
570	5	3328.951084	70	-0.207814	0.7
571	5	3328.951084	71	-0.207814	0.71
572	5	3328.951084	72	-0.207813	0.72
573	5	3328.951084	73	-0.207813	0.73
574	5	3328.951084	74	-0.209016	0.74
575	5	3328.951084	75	-0.209316	0.75
576	5	3328.951084	76	-0.209316	0.76
577	5	3328.951084	77	-0.209316	0.77
578	5	3328.951084	78	-0.209316	0.78
579	5	3328.951084	79	-0.209316	0.79
580	5	3328.951084	80	-0.209316	0.8
581	5	3328.951084	81	-0.209436	0.81
582	5	3328.951084	82	-0.210237	0.82
583	5	3328.951084	83	-0.210237	0.83
584	5	3328.951084	84	-0.210338	0.84
585	5	3328.951084	85	-0.210338	0.85
586	5	3328.951084	86	-0.210338	0.86
587	5	3328.951084	87	-0.211427	0.87
588	5	3328.951084	88	-0.211427	0.88
589	5	3328.951084	89	-0.211426	0.89
590	5	3328.951084	90	-0.211426	0.9
591	5	3328.951084	91	-0.212326	0.91
592	5	3328.951084	92	-0.212326	0.92
593	5	3328.951084	93	-0.212326	0.93
594	5	3328.951084	94	-0.213199	0.94
595	5	3328.951084	95	-0.213199	0.95
596	5	3328.951084	96	-0.213199	0.96
597	5	3328.951084	97	-0.213199	0.97
598	5	3328.951084	98	-0.213199	0.98
599	5	3328.951084	99	-0.213199	0.99
600	6	3661.846192	0	-0.213199	0.01
601	6	3661.846192	1	-0.213254	0.02
602	6	3661.846192	2	-0.213254	0.03
603	6	3661.846192	3	-0.213254	0.04
604	6	3661.846192	4	-0.213254	0.05
605	6	3661.846192	5	-0.213254	0.06
606	6	3661.846192	6	-0.214305	0.07
607	6	3661.846192	7	-0.214306	0.08
608	6	3661.846192	8	-0.215416	0.09
609	6	3661.846192	9	-0.215416	0.1
610	6	3661.846192	10	-0.215416	0.11
611	6	3661.846192	11	-0.216197	0.12
612	6	3661.846192	12	-0.216666	0.13
613	6	3661.846192	13	-0.216943	0.14
614	6	3661.846192	14	-0.216943	0.15
615	6	3661.846192	15	-0.217273	0.16
616	6	3661.846192	16	-0.218188	0.17
617	6	3661.846192	17	-0.219318	0.18
618	6	3661.846192	18	-0.219606	0.19
619	6	3661.846192	19	-0.220815	0.2
620	6	3661.846192	20	-0.220906	0.21
621	6	3661.846192	21	-0.222145	0.22
622	6	3661.846192	22	-0.222145	0.23
623	6	3661.846192	23	-0.223217	0.24
624	6	3661.846192	24	-0.223217	0.25
625	6	3661.846192	25	-0.223217	0.26
626	6	3661.846192	26	-0.223216	0.27
627	6	3661.846192	27	-0.223216	0.28
628	6	3661.846192	28	-0.224436	0.29
629	6	3661.846192	29	-0.224436	0.3
630	6	3661.846192	30	-0.224436	0.31
631	6	3661.846192	31	-0.224436	0.32
632	6	3661.846192	32	-0.224479	0.33
633	6	3661.846192	33	-0.224479	0.34
634	6	3661.846192	34	-0.224479	0.35
635	6	3661.846192	35	-0.224860	0.36
636	6	3661.846192	36	-0.225241	0.37
637	6	3661.846192	37	-0.226188	0.38
638	6	3661.846192	38	-0.227470	0.39
639	6	3661.846192	39	-0.227472	0.4
640	6	3661.846192	40	-0.227538	0.41
641	6	3661.846192	41	-0.227723	0.42
642	6	3661.846192	42	-0.227723	0.43
643	6	3661.846192	43	-0.227902	0.44
644	6	3661.846192	44	-0.228227	0.45
645	6	3661.846192	45	-0.228269	0.46
646	6	3661.846192	46	-0.228269	0.47
647	6	3661.846192	47	-0.228269	0.48
648	6	3661.846192	48	-0.228868	0.49
649	6	3661.846192	49	-0.228868	0.5
650	6	3661.846192	50	-0.229880	0.51
651	6	3661.846192	51	-0.230948	0.52
652	6	3661.846192	52	-0.230948	0.53
653	6	3661.846192	53	-0.230948	0.54
654	6	3661.846192	54	-0.232036	0.55
655	6	3661.846192	55	-0.233082	0.56
656	6	3661.846192	56	-0.233081	0.57
657	6	3661.846192	57	-0.234402	0.58
658	6	3661.846192	58	-0.234450	0.59
659	6	3661.846192	59	-0.234451	0.6
660	6	3661.846192	60	-0.234450	0.61
661	6	3661.846192	61	-0.235340	0.62
662	6	3661.846192	62	-0.235340	0.63
663	6	3661.846192	63	-0.235987	0.64
664	6	3661.846192	64	-0.235988	0.65
665	6	3661.846192	65	-0.235988	0.66
666	6	3661.846192	66	-0.235989	0.67
667	6	3661.846192	67	-0.236287	0.68
668	6	3661.846192	68	-0.237531	0.69
669	6	3661.846192	69	-0.238406	0.7
670	6	3661.846192	70	-0.238406	0.71
671	6	3661.846192	71	-0.239240	0.72
672	6	3661.846192	72	-0.239240	0.73
673	6	3661.846192	73	-0.239241	0.74
674	6	3661.846192	74	-0.239772	0.75
675	6	3661.846192	75	-0.239774	0.76
676	6	3661.846192	76	-0.240304	0.77
677	6	3661.846192	77	-0.241561	0.78
678	6	3661.846192	78	-0.241562	0.79
679	6	3661.846192	79	-0.242726	0.8
680	6	3661.846192	80	-0.243892	0.81
681	6	3661.846192	81	-0.243891	0.82
682	6	3661.846192	82	-0.243892	0.83
683	6	3661.846192	83	-0.244788	0.84
684	6	3661.846192	84	-0.244788	0.85
685	6	3661.846192	85	-0.244787	0.86
686	6	3661.846192	86	-0.244786	0.87
687	6	3661.846192	87	-0.246021	0.88
688	6	3661.846192	88	-0.246020	0.89
689	6	3661.846192	89	-0.246020	0.9
690	6	3661.846192	90	-0.246020	0.91
691	6	3661.846192	91	-0.246716	0.92
692	6	3661.846192	92	-0.246909	0.93
693	6	3661.846192	93	-0.246909	0.94
694	6	3661.846192	94	-0.247787	0.95
695	6	3661.846192	95	-0.247949	0.96
696	6	3661.846192	96	-0.247949	0.97
697	6	3661.846192	97	-0.247949	0.98
698	6	3661.846192	98	-0.247950	0.99
699	6	3661.846192	99	-0.247950	1
700	7	4028.030811	0	-0.247949	0.01
701	7	4028.030811	1	-0.248797	0.02
702	7	4028.030811	2	-0.248797	0.03
703	7	4028.030811	3	-0.248797	0.04
704	7	4028.030811	4	-0.250080	0.05
705	7	4028.030811	5	-0.250080	0.06
706	7	4028.030811	6	-0.250080	0.07
707	7	4028.030811	7	-0.250080	0.08
708	7	4028.030811	8	-0.250078	0.09
709	7	4028.030811	9	-0.250078	0.1
710	7	4028.030811	10	-0.251317	0.11
711	7	4028.030811	11	-0.252269	0.12
712	7	4028.030811	12	-0.252412	0.13
713	7	4028.030811	13	-0.252412	0.14
714	7	4028.030811	14	-0.252410	0.15
715	7	4028.030811	15	-0.252410	0.16
716	7	4028.030811	16	-0.253739	0.17
717	7	4028.030811	17	-0.254704	0.18
718	7	4028.030811	18	-0.255519	0.19
719	7	4028.030811	19	-0.255519	0.2
720	7	4028.030811	20	-0.256864	0.21
721	7	4028.030811	21	-0.258110	0.22
722	7	4028.030811	22	-0.259023	0.23
723	7	4028.030811	23	-0.260157	0.24
724	7	4028.030811	24	-0.260861	0.25
725	7	4028.030811	25	-0.260861	0.26
726	7	4028.030811	26	-0.260860	0.27
727	7	4028.030811	27	-0.261799	0.28
728	7	4028.030811	28	-0.262519	0.29
729	7	4028.030811	29	-0.262519	0.3
730	7	4028.030811	30	-0.263651	0.31
731	7	4028.030811	31	-0.263651	0.32
732	7	4028.030811	32	-0.263683	0.33
733	7	4028.030811	33	-0.264134	0.34
734	7	4028.030811	34	-0.264947	0.35
735	7	4028.030811	35	-0.264910	0.36
736	7	4028.030811	36	-0.265704	0.37
737	7	4028.030811	37	-0.265704	0.38
738	7	4028.030811	38	-0.265704	0.39
739	7	4028.030811	39	-0.266495	0.4
740	7	4028.030811	40	-0.266495	0.41
741	7	4028.030811	41	-0.266495	0.42
742	7	4028.030811	42	-0.267506	0.43
743	7	4028.030811	43	-0.268388	0.44
744	7	4028.030811	44	-0.268883	0.45
745	7	4028.030811	45	-0.270146	0.46
746	7	4028.030811	46	-0.270146	0.46
747	7	4028.030811	47	-0.271444	0.47
748	7	4028.030811	48	-0.272131	0.48
749	7	4028.030811	49	-0.272659	0.49
750	7	4028.030811	50	-0.273662	0.5
751	7	4028.030811	51	-0.273663	0.51
752	7	4028.030811	52	-0.273663	0.52
753	7	4028.030811	53	-0.274208	0.53
754	7	4028.030811	54	-0.274828	0.54
755	7	4028.030811	55	-0.274832	0.55
756	7	4028.030811	56	-0.274835	0.56
757	7	4028.030811	57	-0.274835	0.57
758	7	4028.030811	58	-0.274835	0.58
759	7	4028.030811	59	-0.274836	0.59
760	7	4028.030811	60	-0.274835	0.6
761	7	4028.030811	61	-0.274836	0.61
762	7	4028.030811	62	-0.274838	0.62
763	7	4028.030811	63	-0.274840	0.63
764	7	4028.030811	64	-0.274839	0.64
765	7	4028.030811	65	-0.274839	0.65
766	7	4028.030811	66	-0.274839	0.66
767	7	4028.030811	67	-0.274839	0.67
768	7	4028.030811	68	-0.274839	0.68
769	7	4028.030811	69	-0.274839	0.69
770	7	4028.030811	70	-0.274838	0.7
771	7	4028.030811	71	-0.275174	0.71
772	7	4028.030811	72	-0.275525	0.72
773	7	4028.030811	73	-0.275525	0.73
774	7	4028.030811	74	-0.275769	0.74
775	7	4028.030811	75	-0.275769	0.75
776	7	4028.030811	76	-0.276961	0.76
777	7	4028.030811	77	-0.277716	0.77
778	7	4028.030811	78	-0.278709	0.78
779	7	4028.030811	79	-0.278952	0.79
780	7	4028.030811	80	-0.279579	0.8
781	7	4028.030811	81	-0.280189	0.81
782	7	4028.030811	82	-0.281522	0.82
783	7	4028.030811	83	-0.282491	0.83
784	7	4028.030811	84	-0.282493	0.84
785	7	4028.030811	85	-0.282492	0.85
786	7	4028.030811	86	-0.283316	0.86
787	7	4028.030811	87	-0.283319	0.87
788	7	4028.030811	88	-0.284681	0.88
789	7	4028.030811	89	-0.284680	0.89
790	7	4028.030811	90	-0.286076	0.9
791	7	4028.030811	91	-0.286991	0.91
792	7	4028.030811	92	-0.287132	0.92
793	7	4028.030811	93	-0.287132	0.93
794	7	4028.030811	94	-0.287132	0.94
795	7	4028.030811	95	-0.288025	0.95
796	7	4028.030811	96	-0.288025	0.96
797	7	4028.030811	97	-0.289056	0.97
798	7	4028.030811	98	-0.289056	0.98
799	7	4028.030811	99	-0.289056	0.99
800	8	4430.833892	0	-0.289056	0.01
801	8	4430.833892	1	-0.289789	0.02
802	8	4430.833892	2	-0.290694	0.03
803	8	4430.833892	3	-0.291262	0.04
804	8	4430.833892	4	-0.291262	0.05
805	8	4430.833892	5	-0.291263	0.06
806	8	4430.833892	6	-0.291263	0.07
807	8	4430.833892	7	-0.291263	0.08
808	8	4430.833892	8	-0.291496	0.09
809	8	4430.833892	9	-0.291500	0.1
810	8	4430.833892	10	-0.291500	0.11
811	8	4430.833892	11	-0.291498	0.12
812	8	4430.833892	12	-0.292389	0.13
813	8	4430.833892	13	-0.293470	0.14
814	8	4430.833892	14	-0.294385	0.15
815	8	4430.833892	15	-0.294385	0.16
816	8	4430.833892	16	-0.294386	0.17
817	8	4430.833892	17	-0.294386	0.18
818	8	4430.833892	18	-0.294386	0.19
819	8	4430.833892	19	-0.294386	0.19
820	8	4430.833892	20	-0.294386	0.2
821	8	4430.833892	21	-0.294386	0.21
822	8	4430.833892	22	-0.295674	0.22
823	8	4430.833892	23	-0.295674	0.23
824	8	4430.833892	24	-0.296804	0.24
825	8	4430.833892	25	-0.297555	0.25
826	8	4430.833892	26	-0.298260	0.26
827	8	4430.833892	27	-0.298260	0.27
828	8	4430.833892	28	-0.298260	0.28
829	8	4430.833892	29	-0.298259	0.29
830	8	4430.833892	30	-0.298259	0.3
831	8	4430.833892	31	-0.298259	0.31
832	8	4430.833892	32	-0.298258	0.32
833	8	4430.833892	33	-0.299442	0.33
834	8	4430.833892	34	-0.299442	0.34
835	8	4430.833892	35	-0.300118	0.35
836	8	4430.833892	36	-0.300933	0.36
837	8	4430.833892	37	-0.300933	0.36
838	8	4430.833892	38	-0.300933	0.37
839	8	4430.833892	39	-0.300933	0.38
840	8	4430.833892	40	-0.301653	0.39
841	8	4430.833892	41	-0.302700	0.4
842	8	4430.833892	42	-0.303259	0.41
843	8	4430.833892	43	-0.303259	0.42
844	8	4430.833892	44	-0.303894	0.43
845	8	4430.833892	45	-0.303894	0.44
846	8	4430.833892	46	-0.303896	0.45
847	8	4430.833892	47	-0.304051	0.46
848	8	4430.833892	48	-0.304700	0.47
849	8	4430.833892	49	-0.304700	0.48
850	8	4430.833892	50	-0.304700	0.49
851	8	4430.833892	51	-0.305219	0.5
852	8	4430.833892	52	-0.305219	0.51
853	8	4430.833892	53	-0.306013	0.52
854	8	4430.833892	54	-0.306012	0.53
855	8	4430.833892	55	-0.306014	0.54
856	8	4430.833892	56	-0.306015	0.55
857	8	4430.833892	57	-0.306015	0.56
858	8	4430.833892	58	-0.306525	0.57
859	8	4430.833892	59	-0.306524	0.58
860	8	4430.833892	60	-0.307132	0.59
861	8	4430.833892	61	-0.307603	0.6
862	8	4430.833892	62	-0.308855	0.61
863	8	4430.833892	63	-0.309226	0.62
864	8	4430.833892	64	-0.309226	0.63
865	8	4430.833892	65	-0.310431	0.64
866	8	4430.833892	66	-0.310731	0.65
867	8	4430.833892	67	-0.310732	0.66
868	8	4430.833892	68	-0.310731	0.67
869	8	4430.833892	69	-0.310731	0.68
870	8	4430.833892	70	-0.311264	0.69
871	8	4430.833892	71	-0.311264	0.7
872	8	4430.833892	72	-0.311263	0.71
873	8	4430.833892	73	-0.312268	0.72
874	8	4430.833892	74	-0.312267	0.73
875	8	4430.833892	75	-0.312267	0.74
876	8	4430.833892	76	-0.312267	0.75
877	8	4430.833892	77	-0.312267	0.76
878	8	4430.833892	78	-0.312267	0.76
879	8	4430.833892	79	-0.312267	0.77
880	8	4430.833892	80	-0.312267	0.78
881	8	4430.833892	81	-0.313171	0.79
882	8	4430.833892	82	-0.313480	0.8
883	8	4430.833892	83	-0.314908	0.81
884	8	4430.833892	84	-0.316071	0.82
885	8	4430.833892	85	-0.316071	0.83
886	8	4430.833892	86	-0.316071	0.84
887	8	4430.833892	87	-0.316069	0.85
888	8	4430.833892	88	-0.316069	0.86
889	8	4430.833892	89	-0.316111	0.87
890	8	4430.833892	90	-0.316113	0.88
891	8	4430.833892	91	-0.316112	0.89
892	8	4430.833892	92	-0.316112	0.9
893	8	4430.833892	93	-0.317558	0.91
894	8	4430.833892	94	-0.318768	0.92
895	8	4430.833892	95	-0.319688	0.93
896	8	4430.833892	96	-0.320498	0.94
897	8	4430.833892	97	-0.320498	0.95
898	8	4430.833892	98	-0.321619	0.96
899	8	4430.833892	99	-0.321619	0.97
900	9	4873.917282	0	-0.321619	0.01
901	9	4873.917282	1	-0.321619	0.02
902	9	4873.917282	2	-0.321619	0.03
903	9	4873.917282	3	-0.321618	0.04
904	9	4873.917282	4	-0.322197	0.05
905	9	4873.917282	5	-0.322197	0.06
906	9	4873.917282	6	-0.322197	0.07
907	9	4873.917282	7	-0.322197	0.08
908	9	4873.917282	8	-0.322197	0.09
909	9	4873.917282	9	-0.323267	0.1
910	9	4873.917282	10	-0.324248	0.11
911	9	4873.917282	11	-0.324249	0.12
912	9	4873.917282	12	-0.324249	0.12
913	9	4873.917282	13	-0.324250	0.13
914	9	4873.917282	14	-0.324250	0.14
915	9	4873.917282	15	-0.324246	0.15
916	9	4873.917282	16	-0.324246	0.16
917	9	4873.917282	17	-0.324246	0.17
918	9	4873.917282	18	-0.324820	0.18
919	9	4873.917282	19	-0.324820	0.18
920	9	4873.917282	20	-0.324820	0.19
921	9	4873.917282	21	-0.324820	0.2
922	9	4873.917282	22	-0.324821	0.21
923	9	4873.917282	23	-0.324821	0.22
924	9	4873.917282	24	-0.324819	0.23
925	9	4873.917282	25	-0.324818	0.24
926	9	4873.917282	26	-0.324818	0.25
927	9	4873.917282	27	-0.324817	0.26
928	9	4873.917282	28	-0.324818	0.27
929	9	4873.917282	29	-0.324818	0.28
930	9	4873.917282	30	-0.324818	0.29
931	9	4873.917282	31	-0.324820	0.3
932	9	4873.917282	32	-0.325046	0.31
933	9	4873.917282	33	-0.325046	0.32
934	9	4873.917282	34	-0.325437	0.33
935	9	4873.917282	35	-0.326495	0.34
936	9	4873.917282	36	-0.326495	0.35
937	9	4873.917282	37	-0.326497	0.36
938	9	4873.917282	38	-0.328011	0.37
939	9	4873.917282	39	-0.328912	0.38
940	9	4873.917282	40	-0.329238	0.39
941	9	4873.917282	41	-0.330283	0.4
942	9	4873.917282	42	-0.330283	0.41
943	9	4873.917282	43	-0.330283	0.42
944	9	4873.917282	44	-0.330283	0.43
945	9	4873.917282	45	-0.330283	0.44
946	9	4873.917282	46	-0.330409	0.45
947	9	4873.917282	47	-0.330409	0.46
948	9	4873.917282	48	-0.330408	0.47
949	9	4873.917282	49	-0.331421	0.48
950	9	4873.917282	50	-0.331419	0.49
951	9	4873.917282	51	-0.331418	0.5
952	9	4873.917282	52	-0.331418	0.51
953	9	4873.917282	53	-0.331417	0.52
954	9	4873.917282	54	-0.331417	0.53
955	9	4873.917282	55	-0.332401	0.54
956	9	4873.917282	56	-0.332401	0.55
957	9	4873.917282	57	-0.333549	0.56
958	9	4873.917282	58	-0.333549	0.57
959	9	4873.917282	59	-0.333549	0.58
960	9	4873.917282	60	-0.334357	0.59
961	9	4873.917282	61	-0.335628	0.6
962	9	4873.917282	62	-0.337009	0.61
963	9	4873.917282	63	-0.337009	0.62
964	9	4873.917282	64	-0.337009	0.63
965	9	4873.917282	65	-0.337009	0.64
966	9	4873.917282	66	-0.337010	0.65
967	9	4873.917282	67	-0.337409	0.66
968	9	4873.917282	68	-0.338309	0.67
969	9	4873.917282	69	-0.338311	0.68
970	9	4873.917282	70	-0.338312	0.69
971	9	4873.917282	71	-0.338312	0.7
972	9	4873.917282	72	-0.338312	0.71
973	9	4873.917282	73	-0.338313	0.72
974	9	4873.917282	74	-0.338312	0.73
975	9	4873.917282	75	-0.338312	0.74
976	9	4873.917282	76	-0.338312	0.75
977	9	4873.917282	77	-0.338319	0.76
978	9	4873.917282	78	-0.338320	0.77
979	9	4873.917282	79	-0.338320	0.78
980	9	4873.917282	80	-0.338320	0.79
981	9	4873.917282	81	-0.338320	0.8
982	9	4873.917282	82	-0.338320	0.81
983	9	4873.917282	83	-0.338320	0.82
984	9	4873.917282	84	-0.338240	0.83
985	9	4873.917282	85	-0.339585	0.84
986	9	4873.917282	86	-0.340802	0.85
987	9	4873.917282	87	-0.341171	0.86
988	9	4873.917282	88	-0.341170	0.87
989	9	4873.917282	89	-0.341170	0.88
990	9	4873.917282	90	-0.341172	0.89
991	9	4873.917282	91	-0.341173	0.9
992	9	4873.917282	92	-0.341940	0.91
993	9	4873.917282	93	-0.343321	0.92
994	9	4873.917282	94	-0.343321	0.93
995	9	4873.917282	95	-0.343321	0.94
996	9	4873.917282	96	-0.343320	0.95
997	9	4873.917282	97	-0.344033	0.96
998	9	4873.917282	98	-0.344033	0.97
999	9	4873.917282	99	-0.344033	0.98
1000	10	5361.309010	0	-0.344481	0.01
1001	10	5361.309010	1	-0.344586	0.02
1002	10	5361.309010	2	-0.345313	0.03
1003	10	5361.309010	3	-0.345702	0.04
1004	10	5361.309010	4	-0.345817	0.05
1005	10	5361.309010	5	-0.345817	0.06
1006	10	5361.309010	6	-0.345817	0.07
1007	10	5361.309010	7	-0.345818	0.08
1008	10	5361.309010	8	-0.345816	0.09
1009	10	5361.309010	9	-0.346800	0.1
1010	10	5361.309010	10	-0.347962	0.11
1011	10	5361.309010	11	-0.347962	0.12
1012	10	5361.309010	12	-0.347962	0.13
1013	10	5361.309010	13	-0.347962	0.14
1014	10	5361.309010	14	-0.348957	0.15
1015	10	5361.309010	15	-0.349865	0.16
1016	10	5361.309010	16	-0.349986	0.17
1017	10	5361.309010	17	-0.349986	0.18
1018	10	5361.309010	18	-0.349975	0.19
1019	10	5361.309010	19	-0.349974	0.2
1020	10	5361.309010	20	-0.351118	0.21
1021	10	5361.309010	21	-0.351194	0.22
1022	10	5361.309010	22	-0.351195	0.23
1023	10	5361.309010	23	-0.351195	0.24
1024	10	5361.309010	24	-0.351187	0.25
1025	10	5361.309010	25	-0.351916	0.26
1026	10	5361.309010	26	-0.351913	0.27
1027	10	5361.309010	27	-0.351913	0.28
1028	10	5361.309010	28	-0.353097	0.29
1029	10	5361.309010	29	-0.353097	0.3
1030	10	5361.309010	30	-0.353393	0.31
1031	10	5361.309010	31	-0.354018	0.32
1032	10	5361.309010	32	-0.354018	0.33
1033	10	5361.309010	33	-0.354018	0.34
1034	10	5361.309010	34	-0.355047	0.35
1035	10	5361.309010	35	-0.355049	0.36
1036	10	5361.309010	36	-0.355568	0.37
1037	10	5361.309010	37	-0.355956	0.38
1038	10	5361.309010	38	-0.355956	0.39
1039	10	5361.309010	39	-0.357407	0.4
1040	10	5361.309010	40	-0.357588	0.41
1041	10	5361.309010	41	-0.357588	0.42
1042	10	5361.309010	42	-0.358600	0.43
1043	10	5361.309010	43	-0.358600	0.44
1044	10	5361.309010	44	-0.358600	0.45
1045	10	5361.309010	45	-0.358599	0.46
1046	10	5361.309010	46	-0.358599	0.47
1047	10	5361.309010	47	-0.358882	0.48
1048	10	5361.309010	48	-0.358881	0.49
1049	10	5361.309010	49	-0.360133	0.5
1050	10	5361.309010	50	-0.361451	0.51
1051	10	5361.309010	51	-0.362186	0.52
1052	10	5361.309010	52	-0.362189	0.53
1053	10	5361.309010	53	-0.362187	0.54
1054	10	5361.309010	54	-0.362187	0.55
1055	10	5361.309010	55	-0.362265	0.56
1056	10	5361.309010	56	-0.363856	0.57
1057	10	5361.309010	57	-0.365151	0.58
1058	10	5361.309010	58	-0.365153	0.59
1059	10	5361.309010	59	-0.366180	0.6
1060	10	5361.309010	60	-0.366180	0.61
1061	10	5361.309010	61	-0.366180	0.61
1062	10	5361.309010	62	-0.366414	0.62
1063	10	5361.309010	63	-0.366414	0.63
1064	10	5361.309010	64	-0.366728	0.64
1065	10	5361.309010	65	-0.367252	0.65
1066	10	5361.309010	66	-0.367252	0.66
1067	10	5361.309010	67	-0.367252	0.67
1068	10	5361.309010	68	-0.367251	0.68
1069	10	5361.309010	69	-0.367252	0.69
1070	10	5361.309010	70	-0.367250	0.7
1071	10	5361.309010	71	-0.367250	0.71
1072	10	5361.309010	72	-0.367249	0.72
1073	10	5361.309010	73	-0.367249	0.73
1074	10	5361.309010	74	-0.367249	0.74
1075	10	5361.309010	75	-0.367248	0.75
1076	10	5361.309010	76	-0.367248	0.76
1077	10	5361.309010	77	-0.367248	0.77
1078	10	5361.309010	78	-0.368213	0.78
1079	10	5361.309010	79	-0.368213	0.79
1080	10	5361.309010	80	-0.368213	0.8
1081	10	5361.309010	81	-0.369667	0.81
1082	10	5361.309010	82	-0.371028	0.82
1083	10	5361.309010	83	-0.371744	0.83
1084	10	5361.309010	84	-0.371744	0.84
1085	10	5361.309010	85	-0.372976	0.85
1086	10	5361.309010	86	-0.372976	0.86
1087	10	5361.309010	87	-0.374292	0.87
1088	10	5361.309010	88	-0.374945	0.88
1089	10	5361.309010	89	-0.376025	0.89
1090	10	5361.309010	90	-0.376256	0.9
1091	10	5361.309010	91	-0.376256	0.91
1092	10	5361.309010	92	-0.377312	0.92
1093	10	5361.309010	93	-0.377312	0.93
1094	10	5361.309010	94	-0.377315	0.94
1095	10	5361.309010	95	-0.378882	0.95
1096	10	5361.309010	96	-0.378883	0.96
1097	10	5361.309010	97	-0.379966	0.97
1098	10	5361.309010	98	-0.379966	0.98
1099	10	5361.309010	99	-0.379966	0.99
1100	11	5897.439911	0	-0.381285	0.01
1101	11	5897.439911	1	-0.381285	0.02
1102	11	5897.439911	2	-0.381286	0.03
1103	11	5897.439911	3	-0.382845	0.04
1104	11	5897.439911	4	-0.382848	0.05
1105	11	5897.439911	5	-0.382848	0.06
1106	11	5897.439911	6	-0.382848	0.07
1107	11	5897.439911	7	-0.382849	0.08
1108	11	5897.439911	8	-0.382851	0.09
1109	11	5897.439911	9	-0.382851	0.1
1110	11	5897.439911	10	-0.384376	0.11
1111	11	5897.439911	11	-0.384376	0.12
1112	11	5897.439911	12	-0.385388	0.13
1113	11	5897.439911	13	-0.385736	0.14
1114	11	5897.439911	14	-0.386082	0.15
1115	11	5897.439911	15	-0.386082	0.16
1116	11	5897.439911	16	-0.386082	0.17
1117	11	5897.439911	17	-0.386082	0.18
1118	11	5897.439911	18	-0.386082	0.19
1119	11	5897.439911	19	-0.386082	0.2
1120	11	5897.439911	20	-0.386082	0.21
1121	11	5897.439911	21	-0.386204	0.22
1122	11	5897.439911	22	-0.386204	0.23
1123	11	5897.439911	23	-0.387476	0.24
1124	11	5897.439911	24	-0.387472	0.25
1125	11	5897.439911	25	-0.387470	0.26
1126	11	5897.439911	26	-0.387470	0.27
1127	11	5897.439911	27	-0.388660	0.28
1128	11	5897.439911	28	-0.388659	0.29
1129	11	5897.439911	29	-0.388659	0.29
1130	11	5897.439911	30	-0.388656	0.3
1131	11	5897.439911	31	-0.388656	0.31
1132	11	5897.439911	32	-0.388657	0.32
1133	11	5897.439911	33	-0.388657	0.33
1134	11	5897.439911	34	-0.389972	0.34
1135	11	5897.439911	35	-0.390537	0.35
1136	11	5897.439911	36	-0.390537	0.36
1137	11	5897.439911	37	-0.390799	0.37
1138	11	5897.439911	38	-0.390797	0.38
1139	11	5897.439911	39	-0.391990	0.39
1140	11	5897.439911	40	-0.393031	0.4
1141	11	5897.439911	41	-0.393032	0.41
1142	11	5897.439911	42	-0.393037	0.42
1143	11	5897.439911	43	-0.394628	0.43
1144	11	5897.439911	44	-0.396174	0.44
1145	11	5897.439911	45	-0.396174	0.45
1146	11	5897.439911	46	-0.396174	0.46
1147	11	5897.439911	47	-0.396174	0.47
1148	11	5897.439911	48	-0.396174	0.48
1149	11	5897.439911	49	-0.397291	0.49
1150	11	5897.439911	50	-0.397290	0.5
1151	11	5897.439911	51	-0.397291	0.51
1152	11	5897.439911	52	-0.397291	0.52
1153	11	5897.439911	53	-0.397289	0.53
1154	11	5897.439911	54	-0.397291	0.54
1155	11	5897.439911	55	-0.398401	0.55
1156	11	5897.439911	56	-0.398776	0.56
1157	11	5897.439911	57	-0.398778	0.57
1158	11	5897.439911	58	-0.399532	0.58
1159	11	5897.439911	59	-0.399533	0.59
1160	11	5897.439911	60	-0.400314	0.6
1161	11	5897.439911	61	-0.400313	0.61
1162	11	5897.439911	62	-0.400761	0.62
1163	11	5897.439911	63	-0.400762	0.63
1164	11	5897.439911	64	-0.401783	0.64
1165	11	5897.439911	65	-0.401783	0.65
1166	11	5897.439911	66	-0.401782	0.66
1167	11	5897.439911	67	-0.402615	0.67
1168	11	5897.439911	68	-0.404087	0.68
1169	11	5897.439911	69	-0.404246	0.69
1170	11	5897.439911	70	-0.404245	0.7
1171	11	5897.439911	71	-0.405020	0.71
1172	11	5897.439911	72	-0.405342	0.72
1173	11	5897.439911	73	-0.405342	0.72
1174	11	5897.439911	74	-0.406456	0.73
1175	11	5897.439911	75	-0.406455	0.74
1176	11	5897.439911	76	-0.406456	0.75
1177	11	5897.439911	77	-0.407406	0.76
1178	11	5897.439911	78	-0.408025	0.77
1179	11	5897.439911	79	-0.408024	0.78
1180	11	5897.439911	80	-0.408840	0.79
1181	11	5897.439911	81	-0.408840	0.8
1182	11	5897.439911	82	-0.408838	0.81
1183	11	5897.439911	83	-0.408837	0.82
1184	11	5897.439911	84	-0.408794	0.83
1185	11	5897.439911	85	-0.408794	0.84
1186	11	5897.439911	86	-0.410006	0.85
1187	11	5897.439911	87	-0.410517	0.86
1188	11	5897.439911	88	-0.410517	0.87
1189	11	5897.439911	89	-0.410517	0.88
1190	11	5897.439911	90	-0.410519	0.89
1191	11	5897.439911	91	-0.412140	0.9
1192	11	5897.439911	92	-0.412587	0.91
1193	11	5897.439911	93	-0.413308	0.92
1194	11	5897.439911	94	-0.413313	0.93
1195	11	5897.439911	95	-0.414859	0.94
1196	11	5897.439911	96	-0.414859	0.95
1197	11	5897.439911	97	-0.414859	0.96
1198	11	5897.439911	98	-0.414859	0.97
1199	11	5897.439911	99	-0.414858	0.98
1200	12	6487.183902	0	-0.414858	0.01
1201	12	6487.183902	1	-0.414858	0.02
1202	12	6487.183902	2	-0.414860	0.03
1203	12	6487.183902	3	-0.414859	0.04
1204	12	6487.183902	4	-0.416361	0.05
1205	12	6487.183902	5	-0.416358	0.06
1206	12	6487.183902	6	-0.416357	0.07
1207	12	6487.183902	7	-0.416357	0.08
1208	12	6487.183902	8	-0.416356	0.09
1209	12	6487.183902	9	-0.416356	0.1
1210	12	6487.183902	10	-0.416357	0.11
1211	12	6487.183902	11	-0.417334	0.12
1212	12	6487.183902	12	-0.417366	0.13
1213	12	6487.183902	13	-0.417684	0.14
1214	12	6487.183902	14	-0.417775	0.15
1215	12	6487.183902	15	-0.417775	0.16
1216	12	6487.183902	16	-0.418732	0.17
1217	12	6487.183902	17	-0.418802	0.18
1218	12	6487.183902	18	-0.418857	0.19
1219	12	6487.183902	19	-0.419034	0.2
1220	12	6487.183902	20	-0.420216	0.21
1221	12	6487.183902	21	-0.420216	0.22
1222	12	6487.183902	22	-0.420216	0.22
1223	12	6487.183902	23	-0.420216	0.23
1224	12	6487.183902	24	-0.420216	0.24
1225	12	6487.183902	25	-0.420216	0.25
1226	12	6487.183902	26	-0.420217	0.26
1227	12	6487.183902	27	-0.420517	0.27
1228	12	6487.183902	28	-0.420521	0.28
1229	12	6487.183902	29	-0.420521	0.28
1230	12	6487.183902	30	-0.420522	0.29
1231	12	6487.183902	31	-0.420522	0.3
1232	12	6487.183902	32	-0.420522	0.31
1233	12	6487.183902	33	-0.420522	0.32
1234	12	6487.183902	34	-0.420521	0.33
1235	12	6487.183902	35	-0.420518	0.34
1236	12	6487.183902	36	-0.420524	0.35
1237	12	6487.183902	37	-0.421341	0.36
1238	12	6487.183902	38	-0.421342	0.37
1239	12	6487.183902	39	-0.421342	0.38
1240	12	6487.183902	40	-0.421342	0.39
1241	12	6487.183902	41	-0.421342	0.4
1242	12	6487.183902	42	-0.421611	0.41
1243	12	6487.183902	43	-0.421610	0.42
1244	12	6487.183902	44	-0.421610	0.43
1245	12	6487.183902	45	-0.421610	0.44
1246	12	6487.183902	46	-0.423356	0.45
1247	12	6487.183902	47	-0.423355	0.46
1248	12	6487.183902	48	-0.423356	0.47
1249	12	6487.183902	49	-0.423356	0.48
1250	12	6487.183902	50	-0.423356	0.49
1251	12	6487.183902	51	-0.423357	0.5
1252	12	6487.183902	52	-0.424885	0.51
1253	12	6487.183902	53	-0.425977	0.52
1254	12	6487.183902	54	-0.427744	0.53
1255	12	6487.183902	55	-0.429476	0.54
1256	12	6487.183902	56	-0.429474	0.55
1257	12	6487.183902	57	-0.430721	0.56
1258	12	6487.183902	58	-0.431546	0.57
1259	12	6487.183902	59	-0.431547	0.58
1260	12	6487.183902	60	-0.431547	0.59
1261	12	6487.183902	61	-0.431547	0.6
1262	12	6487.183902	62	-0.431546	0.61
1263	12	6487.183902	63	-0.431546	0.62
1264	12	6487.183902	64	-0.431548	0.63
1265	12	6487.183902	65	-0.431548	0.64
1266	12	6487.183902	66	-0.431545	0.65
1267	12	6487.183902	67	-0.431541	0.66
1268	12	6487.183902	68	-0.431544	0.67
1269	12	6487.183902	69	-0.432467	0.68
1270	12	6487.183902	70	-0.434231	0.69
1271	12	6487.183902	71	-0.435745	0.7
1272	12	6487.183902	72	-0.436380	0.71
1273	12	6487.183902	73	-0.436378	0.72
1274	12	6487.183902	74	-0.437880	0.73
1275	12	6487.183902	75	-0.437880	0.74
1276	12	6487.183902	76	-0.437880	0.75
1277	12	6487.183902	77	-0.437880	0.76
1278	12	6487.183902	78	-0.437880	0.77
1279	12	6487.183902	79	-0.438875	0.78
1280	12	6487.183902	80	-0.438874	0.79
1281	12	6487.183902	81	-0.438874	0.8
1282	12	6487.183902	82	-0.438875	0.81
1283	12	6487.183902	83	-0.440504	0.82
1284	12	6487.183902	84	-0.441313	0.83
1285	12	6487.183902	85	-0.441313	0.84
1286	12	6487.183902	86	-0.441464	0.85
1287	12	6487.183902	87	-0.441463	0.86
1288	12	6487.183902	88	-0.442254	0.87
1289	12	6487.183902	89	-0.442253	0.88
1290	12	6487.183902	90	-0.442253	0.89
1291	12	6487.183902	91	-0.442566	0.9
1292	12	6487.183902	92	-0.442566	0.91
1293	12	6487.183902	93	-0.442567	0.92
1294	12	6487.183902	94	-0.443493	0.93
1295	12	6487.183902	95	-0.443493	0.94
1296	12	6487.183902	96	-0.443493	0.95
1297	12	6487.183902	97	-0.443495	0.96
1298	12	6487.183902	98	-0.443496	0.97
1299	12	6487.183902	99	-0.443497	0.98
1300	13	7135.902292	0	-0.443497	0.01
1301	13	7135.902292	1	-0.443497	0.02
1302	13	7135.902292	2	-0.443651	0.03
1303	13	7135.902292	3	-0.443652	0.04
1304	13	7135.902292	4	-0.444142	0.05
1305	13	7135.902292	5	-0.445475	0.06
1306	13	7135.902292	6	-0.445898	0.07
1307	13	7135.902292	7	-0.445898	0.08
1308	13	7135.902292	8	-0.445894	0.09
1309	13	7135.902292	9	-0.445895	0.1
1310	13	7135.902292	10	-0.447246	0.11
1311	13	7135.902292	11	-0.447136	0.12
1312	13	7135.902292	12	-0.448589	0.13
1313	13	7135.902292	13	-0.448591	0.14
1314	13	7135.902292	14	-0.449837	0.15
1315	13	7135.902292	15	-0.449837	0.16
1316	13	7135.902292	16	-0.449835	0.17
1317	13	7135.902292	17	-0.449839	0.18
1318	13	7135.902292	18	-0.450807	0.19
1319	13	7135.902292	19	-0.450806	0.2
1320	13	7135.902292	20	-0.450806	0.21
1321	13	7135.902292	21	-0.450805	0.22
1322	13	7135.902292	22	-0.450806	0.23
1323	13	7135.902292	23	-0.450806	0.24
1324	13	7135.902292	24	-0.451246	0.25
1325	13	7135.902292	25	-0.451247	0.26
1326	13	7135.902292	26	-0.451247	0.27
1327	13	7135.902292	27	-0.451248	0.28
1328	13	7135.902292	28	-0.451248	0.29
1329	13	7135.902292	29	-0.451248	0.3
1330	13	7135.902292	30	-0.451248	0.31
1331	13	7135.902292	31	-0.451248	0.32
1332	13	7135.902292	32	-0.451251	0.33
1333	13	7135.902292	33	-0.451074	0.34
1334	13	7135.902292	34	-0.451074	0.35
1335	13	7135.902292	35	-0.451074	0.36
1336	13	7135.902292	36	-0.451073	0.37
1337	13	7135.902292	37	-0.451975	0.38
1338	13	7135.902292	38	-0.451975	0.39
1339	13	7135.902292	39	-0.451974	0.4
1340	13	7135.902292	40	-0.452124	0.41
1341	13	7135.902292	41	-0.452124	0.42
1342	13	7135.902292	42	-0.452125	0.43
1343	13	7135.902292	43	-0.452125	0.44
1344	13	7135.902292	44	-0.452126	0.45
1345	13	7135.902292	45	-0.452124	0.46
1346	13	7135.902292	46	-0.452124	0.47
1347	13	7135.902292	47	-0.452512	0.48
1348	13	7135.902292	48	-0.453962	0.49
1349	13	7135.902292	49	-0.453962	0.5
1350	13	7135.902292	50	-0.453961	0.51
1351	13	7135.902292	51	-0.454824	0.52
1352	13	7135.902292	52	-0.454824	0.53
1353	13	7135.902292	53	-0.456631	0.54
1354	13	7135.902292	54	-0.456631	0.55
1355	13	7135.902292	55	-0.457220	0.56
1356	13	7135.902292	56	-0.457220	0.57
1357	13	7135.902292	57	-0.458845	0.58
1358	13	7135.902292	58	-0.458845	0.59
1359	13	7135.902292	59	-0.460498	0.6
1360	13	7135.902292	60	-0.460498	0.61
1361	13	7135.902292	61	-0.460499	0.62
1362	13	7135.902292	62	-0.462095	0.63
1363	13	7135.902292	63	-0.462667	0.64
1364	13	7135.902292	64	-0.462666	0.65
1365	13	7135.902292	65	-0.462666	0.65
1366	13	7135.902292	66	-0.462665	0.66
1367	13	7135.902292	67	-0.462666	0.67
1368	13	7135.902292	68	-0.462666	0.68
1369	13	7135.902292	69	-0.463833	0.69
1370	13	7135.902292	70	-0.463834	0.7
1371	13	7135.902292	71	-0.464536	0.71
1372	13	7135.902292	72	-0.464538	0.72
1373	13	7135.902292	73	-0.464533	0.73
1374	13	7135.902292	74	-0.464532	0.74
1375	13	7135.902292	75	-0.466042	0.75
1376	13	7135.902292	76	-0.466042	0.76
1377	13	7135.902292	77	-0.466504	0.77
1378	13	7135.902292	78	-0.466507	0.78
1379	13	7135.902292	79	-0.467162	0.79
1380	13	7135.902292	80	-0.467163	0.8
1381	13	7135.902292	81	-0.467163	0.81
1382	13	7135.902292	82	-0.467162	0.82
1383	13	7135.902292	83	-0.467162	0.83
1384	13	7135.902292	84	-0.467767	0.84
1385	13	7135.902292	85	-0.468019	0.85
1386	13	7135.902292	86	-0.469507	0.86
1387	13	7135.902292	87	-0.469507	0.87
1388	13	7135.902292	88	-0.469506	0.88
1389	13	7135.902292	89	-0.469789	0.89
1390	13	7135.902292	90	-0.469791	0.9
1391	13	7135.902292	91	-0.469791	0.91
1392	13	7135.902292	92	-0.469791	0.92
1393	13	7135.902292	93	-0.469791	0.92
1394	13	7135.902292	94	-0.470159	0.93
1395	13	7135.902292	95	-0.470792	0.94
1396	13	7135.902292	96	-0.470792	0.95
1397	13	7135.902292	97	-0.470792	0.96
1398	13	7135.902292	98	-0.470791	0.97
1399	13	7135.902292	99	-0.470791	0.98
1400	14	7849.492521	0	-0.470796	0.01
1401	14	7849.492521	1	-0.470793	0.02
1402	14	7849.492521	2	-0.471999	0.03
1403	14	7849.492521	3	-0.473211	0.04
1404	14	7849.492521	4	-0.474640	0.05
1405	14	7849.492521	5	-0.474640	0.06
1406	14	7849.492521	6	-0.474640	0.07
1407	14	7849.492521	7	-0.474959	0.08
1408	14	7849.492521	8	-0.476073	0.09
1409	14	7849.492521	9	-0.477434	0.1
1410	14	7849.492521	10	-0.477435	0.11
1411	14	7849.492521	11	-0.478452	0.12
1412	14	7849.492521	12	-0.478452	0.13
1413	14	7849.492521	13	-0.480193	0.14
1414	14	7849.492521	14	-0.480192	0.15
1415	14	7849.492521	15	-0.480192	0.16
1416	14	7849.492521	16	-0.481895	0.17
1417	14	7849.492521	17	-0.481895	0.17
1418	14	7849.492521	18	-0.482948	0.18
1419	14	7849.492521	19	-0.482948	0.19
1420	14	7849.492521	20	-0.483494	0.2
1421	14	7849.492521	21	-0.484208	0.21
1422	14	7849.492521	22	-0.484208	0.22
1423	14	7849.492521	23	-0.484207	0.23
1424	14	7849.492521	24	-0.484205	0.24
1425	14	7849.492521	25	-0.484205	0.25
1426	14	7849.492521	26	-0.484205	0.26
1427	14	7849.492521	27	-0.485467	0.27
1428	14	7849.492521	28	-0.485469	0.28
1429	14	7849.492521	29	-0.485467	0.29
1430	14	7849.492521	30	-0.485467	0.3
1431	14	7849.492521	31	-0.485467	0.3
1432	14	7849.492521	32	-0.486542	0.31
1433	14	7849.492521	33	-0.486542	0.32
1434	14	7849.492521	34	-0.486543	0.33
1435	14	7849.492521	35	-0.486543	0.34
1436	14	7849.492521	36	-0.486543	0.35
1437	14	7849.492521	37	-0.486606	0.36
1438	14	7849.492521	38	-0.486608	0.37
1439	14	7849.492521	39	-0.486609	0.38
1440	14	7849.492521	40	-0.487577	0.39
1441	14	7849.492521	41	-0.488581	0.4
1442	14	7849.492521	42	-0.488581	0.4
1443	14	7849.492521	43	-0.488581	0.41
1444	14	7849.492521	44	-0.488581	0.42
1445	14	7849.492521	45	-0.489378	0.43
1446	14	7849.492521	46	-0.489379	0.44
1447	14	7849.492521	47	-0.489376	0.45
1448	14	7849.492521	48	-0.489377	0.46
1449	14	7849.492521	49	-0.490803	0.47
1450	14	7849.492521	50	-0.490802	0.48
1451	14	7849.492521	51	-0.490802	0.49
1452	14	7849.492521	52	-0.492329	0.5
1453	14	7849.492521	53	-0.492998	0.51
1454	14	7849.492521	54	-0.492998	0.51
1455	14	7849.492521	55	-0.494150	0.52
1456	14	7849.492521	56	-0.494150	0.53
1457	14	7849.492521	57	-0.494150	0.54
1458	14	7849.492521	58	-0.494150	0.55
1459	14	7849.492521	59	-0.496005	0.56
1460	14	7849.492521	60	-0.497266	0.57
1461	14	7849.492521	61	-0.497266	0.58
1462	14	7849.492521	62	-0.497266	0.59
1463	14	7849.492521	63	-0.497262	0.6
1464	14	7849.492521	64	-0.497580	0.61
1465	14	7849.492521	65	-0.497580	0.62
1466	14	7849.492521	66	-0.498700	0.63
1467	14	7849.492521	67	-0.498701	0.64
1468	14	7849.492521	68	-0.498701	0.65
1469	14	7849.492521	69	-0.498701	0.66
1470	14	7849.492521	70	-0.498701	0.66
1471	14	7849.492521	71	-0.498705	0.67
1472	14	7849.492521	72	-0.499998	0.68
1473	14	7849.492521	73	-0.499998	0.69
1474	14	7849.492521	74	-0.499999	0.7
1475	14	7849.492521	75	-0.499999	0.71
1476	14	7849.492521	76	-0.499998	0.72
1477	14	7849.492521	77	-0.500003	0.73
1478	14	7849.492521	78	-0.500002	0.74
1479	14	7849.492521	79	-0.500003	0.75
1480	14	7849.492521	80	-0.500872	0.76
1481	14	7849.492521	81	-0.500872	0.77
1482	14	7849.492521	82	-0.500872	0.78
1483	14	7849.492521	83	-0.500872	0.78
1484	14	7849.492521	84	-0.502230	0.79
1485	14	7849.492521	85	-0.503189	0.8
1486	14	7849.492521	86	-0.503193	0.81
1487	14	7849.492521	87	-0.503195	0.82
1488	14	7849.492521	88	-0.503199	0.83
1489	14	7849.492521	89	-0.503199	0.84
1490	14	7849.492521	90	-0.503199	0.85
1491	14	7849.492521	91	-0.503200	0.86
1492	14	7849.492521	92	-0.503381	0.87
1493	14	7849.492521	93	-0.504131	0.88
1494	14	7849.492521	94	-0.505652	0.89
1495	14	7849.492521	95	-0.507317	0.9
1496	14	7849.492521	96	-0.507317	0.91
1497	14	7849.492521	97	-0.507317	0.92
1498	14	7849.492521	98	-0.507317	0.93
1499	14	7849.492521	99	-0.507676	0.94
1500	15	8634.441773	0	-0.508433	0.01
1501	15	8634.441773	1	-0.508427	0.02
1502	15	8634.441773	2	-0.508323	0.03
1503	15	8634.441773	3	-0.508322	0.04
1504	15	8634.441773	4	-0.508325	0.05
1505	15	8634.441773	5	-0.509228	0.06
1506	15	8634.441773	6	-0.509227	0.07
1507	15	8634.441773	7	-0.509226	0.08
1508	15	8634.441773	8	-0.509965	0.09
1509	15	8634.441773	9	-0.509966	0.1
1510	15	8634.441773	10	-0.509965	0.11
1511	15	8634.441773	11	-0.509965	0.12
1512	15	8634.441773	12	-0.509963	0.13
1513	15	8634.441773	13	-0.509963	0.14
1514	15	8634.441773	14	-0.509965	0.15
1515	15	8634.441773	15	-0.509965	0.16
1516	15	8634.441773	16	-0.509962	0.17
1517	15	8634.441773	17	-0.509962	0.18
1518	15	8634.441773	18	-0.509962	0.19
1519	15	8634.441773	19	-0.510473	0.2
1520	15	8634.441773	20	-0.510471	0.21
1521	15	8634.441773	21	-0.512129	0.22
1522	15	8634.441773	22	-0.513895	0.23
1523	15	8634.441773	23	-0.513895	0.24
1524	15	8634.441773	24	-0.513894	0.25
1525	15	8634.441773	25	-0.513895	0.26
1526	15	8634.441773	26	-0.515159	0.27
1527	15	8634.441773	27	-0.517157	0.28
1528	15	8634.441773	28	-0.517157	0.29
1529	15	8634.441773	29	-0.517157	0.3
1530	15	8634.441773	30	-0.518757	0.31
1531	15	8634.441773	31	-0.518753	0.32
1532	15	8634.441773	32	-0.518753	0.33
1533	15	8634.441773	33	-0.518753	0.34
1534	15	8634.441773	34	-0.518754	0.35
1535	15	8634.441773	35	-0.520657	0.36
1536	15	8634.441773	36	-0.520657	0.37
1537	15	8634.441773	37	-0.520661	0.38
1538	15	8634.441773	38	-0.520660	0.39
1539	15	8634.441773	39	-0.520658	0.4
1540	15	8634.441773	40	-0.522019	0.41
1541	15	8634.441773	41	-0.522263	0.42
1542	15	8634.441773	42	-0.522261	0.43
1543	15	8634.441773	43	-0.522260	0.44
1544	15	8634.441773	44	-0.522260	0.44
1545	15	8634.441773	45	-0.523094	0.45
1546	15	8634.441773	46	-0.524594	0.46
1547	15	8634.441773	47	-0.526115	0.47
1548	15	8634.441773	48	-0.526107	0.48
1549	15	8634.441773	49	-0.526258	0.49
1550	15	8634.441773	50	-0.526258	0.49
1551	15	8634.441773	51	-0.526880	0.5
1552	15	8634.441773	52	-0.526880	0.51
1553	15	8634.441773	53	-0.526880	0.52
1554	15	8634.441773	54	-0.527945	0.53
1555	15	8634.441773	55	-0.528277	0.54
1556	15	8634.441773	56	-0.528302	0.55
1557	15	8634.441773	57	-0.528300	0.56
1558	15	8634.441773	58	-0.530272	0.57
1559	15	8634.441773	59	-0.530272	0.58
1560	15	8634.441773	60	-0.531944	0.59
1561	15	8634.441773	61	-0.533584	0.6
1562	15	8634.441773	62	-0.533583	0.61
1563	15	8634.441773	63	-0.533583	0.62
1564	15	8634.441773	64	-0.533585	0.63
1565	15	8634.441773	65	-0.533585	0.64
1566	15	8634.441773	66	-0.533582	0.65
1567	15	8634.441773	67	-0.534527	0.66
1568	15	8634.441773	68	-0.534523	0.67
1569	15	8634.441773	69	-0.535050	0.68
1570	15	8634.441773	70	-0.535048	0.69
1571	15	8634.441773	71	-0.535050	0.7
1572	15	8634.441773	72	-0.535050	0.7
1573	15	8634.441773	73	-0.535049	0.71
1574	15	8634.441773	74	-0.536741	0.72
1575	15	8634.441773	75	-0.537099	0.73
1576	15	8634.441773	76	-0.537098	0.74
1577	15	8634.441773	77	-0.538054	0.75
1578	15	8634.441773	78	-0.538054	0.76
1579	15	8634.441773	79	-0.539355	0.77
1580	15	8634.441773	80	-0.539355	0.78
1581	15	8634.441773	81	-0.539356	0.79
1582	15	8634.441773	82	-0.539358	0.8
1583	15	8634.441773	83	-0.539359	0.81
1584	15	8634.441773	84	-0.539359	0.82
1585	15	8634.441773	85	-0.539359	0.82
1586	15	8634.441773	86	-0.539359	0.82
1587	15	8634.441773	87	-0.539359	0.83
1588	15	8634.441773	88	-0.539359	0.84
1589	15	8634.441773	89	-0.539359	0.85
1590	15	8634.441773	90	-0.539367	0.86
1591	15	8634.441773	91	-0.539366	0.87
1592	15	8634.441773	92	-0.539363	0.88
1593	15	8634.441773	93	-0.539360	0.89
1594	15	8634.441773	94	-0.541048	0.9
1595	15	8634.441773	95	-0.541049	0.91
1596	15	8634.441773	96	-0.541052	0.92
1597	15	8634.441773	97	-0.541052	0.92
1598	15	8634.441773	98	-0.541053	0.93
1599	15	8634.441773	99	-0.541053	0.94
1600	16	9497.885951	0	-0.542602	0.01
1601	16	9497.885951	1	-0.542602	0.02
1602	16	9497.885951	2	-0.543499	0.03
1603	16	9497.885951	3	-0.543499	0.04
1604	16	9497.885951	4	-0.543499	0.05
1605	16	9497.885951	5	-0.543500	0.06
1606	16	9497.885951	6	-0.543502	0.07
1607	16	9497.885951	7	-0.543504	0.08
1608	16	9497.885951	8	-0.543503	0.09
1609	16	9497.885951	9	-0.543866	0.1
1610	16	9497.885951	10	-0.545972	0.11
1611	16	9497.885951	11	-0.545972	0.12
1612	16	9497.885951	12	-0.545972	0.13
1613	16	9497.885951	13	-0.545975	0.14
1614	16	9497.885951	14	-0.545975	0.15
1615	16	9497.885951	15	-0.547594	0.16
1616	16	9497.885951	16	-0.548984	0.17
1617	16	9497.885951	17	-0.548982	0.18
1618	16	9497.885951	18	-0.550738	0.19
1619	16	9497.885951	19	-0.550741	0.2
1620	16	9497.885951	20	-0.550741	0.21
1621	16	9497.885951	21	-0.551179	0.22
1622	16	9497.885951	22	-0.551179	0.23
1623	16	9497.885951	23	-0.551180	0.24
1624	16	9497.885951	24	-0.553041	0.25
1625	16	9497.885951	25	-0.553042	0.26
1626	16	9497.885951	26	-0.553045	0.27
1627	16	9497.885951	27	-0.553048	0.28
1628	16	9497.885951	28	-0.553051	0.29
1629	16	9497.885951	29	-0.553051	0.3
1630	16	9497.885951	30	-0.553057	0.31
1631	16	9497.885951	31	-0.553056	0.32
1632	16	9497.885951	32	-0.553057	0.33
1633	16	9497.885951	33	-0.553056	0.34
1634	16	9497.885951	34	-0.553056	0.35
1635	16	9497.885951	35	-0.553056	0.36
1636	16	9497.885951	36	-0.553057	0.37
1637	16	9497.885951	37	-0.555181	0.38
1638	16	9497.885951	38	-0.555179	0.39
1639	16	9497.885951	39	-0.555179	0.39
1640	16	9497.885951	40	-0.555537	0.4
1641	16	9497.885951	41	-0.555537	0.41
1642	16	9497.885951	42	-0.555537	0.42
1643	16	9497.885951	43	-0.555537	0.43
1644	16	9497.885951	44	-0.555536	0.44
1645	16	9497.885951	45	-0.555536	0.45
1646	16	9497.885951	46	-0.555537	0.46
1647	16	9497.885951	47	-0.555539	0.47
1648	16	9497.885951	48	-0.556374	0.48
1649	16	9497.885951	49	-0.556375	0.49
1650	16	9497.885951	50	-0.556494	0.5
1651	16	9497.885951	51	-0.556845	0.51
1652	16	9497.885951	52	-0.556852	0.52
1653	16	9497.885951	53	-0.557853	0.53
1654	16	9497.885951	54	-0.557853	0.54
1655	16	9497.885951	55	-0.557853	0.55
1656	16	9497.885951	56	-0.557853	0.56
1657	16	9497.885951	57	-0.558003	0.57
1658	16	9497.885951	58	-0.557995	0.58
1659	16	9497.885951	59	-0.557995	0.58
1660	16	9497.885951	60	-0.557996	0.59
1661	16	9497.885951	61	-0.559770	0.6
1662	16	9497.885951	62	-0.559770	0.61
1663	16	9497.885951	63	-0.559770	0.62
1664	16	9497.885951	64	-0.561883	0.63
1665	16	9497.885951	65	-0.561884	0.64
1666	16	9497.885951	66	-0.561891	0.65
1667	16	9497.885951	67	-0.561891	0.66
1668	16	9497.885951	68	-0.561891	0.67
1669	16	9497.885951	69	-0.561891	0.68
1670	16	9497.885951	70	-0.561891	0.68
1671	16	9497.885951	71	-0.561892	0.69
1672	16	9497.885951	72	-0.561894	0.7
1673	16	9497.885951	73	-0.563281	0.71
1674	16	9497.885951	74	-0.563281	0.71
1675	16	9497.885951	75	-0.563283	0.72
1676	16	9497.885951	76	-0.563283	0.73
1677	16	9497.885951	77	-0.563283	0.74
1678	16	9497.885951	78	-0.563283	0.75
1679	16	9497.885951	79	-0.563848	0.76
1680	16	9497.885951	80	-0.563842	0.77
1681	16	9497.885951	81	-0.563883	0.78
1682	16	9497.885951	82	-0.563884	0.79
1683	16	9497.885951	83	-0.565659	0.8
1684	16	9497.885951	84	-0.565656	0.81
1685	16	9497.885951	85	-0.567079	0.82
1686	16	9497.885951	86	-0.568762	0.83
1687	16	9497.885951	87	-0.568975	0.84
1688	16	9497.885951	88	-0.568979	0.85
1689	16	9497.885951	89	-0.568979	0.86
1690	16	9497.885951	90	-0.568980	0.87
1691	16	9497.885951	91	-0.570474	0.88
1692	16	9497.885951	92	-0.572020	0.89
1693	16	9497.885951	93	-0.572020	0.9
1694	16	9497.885951	94	-0.572423	0.91
1695	16	9497.885951	95	-0.574179	0.92
1696	16	9497.885951	96	-0.574179	0.93
1697	16	9497.885951	97	-0.575798	0.94
1698	16	9497.885951	98	-0.575798	0.95
1699	16	9497.885951	99	-0.575797	0.96
1700	17	10447.674546	0	-0.575876	0.01
1701	17	10447.674546	1	-0.578026	0.02
1702	17	10447.674546	2	-0.579428	0.03
1703	17	10447.674546	3	-0.579428	0.03
1704	17	10447.674546	4	-0.579428	0.04
1705	17	10447.674546	5	-0.581378	0.05
1706	17	10447.674546	6	-0.581378	0.06
1707	17	10447.674546	7	-0.582301	0.07
1708	17	10447.674546	8	-0.582300	0.08
1709	17	10447.674546	9	-0.582300	0.09
1710	17	10447.674546	10	-0.582300	0.1
1711	17	10447.674546	11	-0.582301	0.11
1712	17	10447.674546	12	-0.582301	0.11
1713	17	10447.674546	13	-0.584213	0.12
1714	17	10447.674546	14	-0.584847	0.13
1715	17	10447.674546	15	-0.584847	0.14
1716	17	10447.674546	16	-0.584848	0.15
1717	17	10447.674546	17	-0.584848	0.16
1718	17	10447.674546	18	-0.584848	0.17
1719	17	10447.674546	19	-0.586639	0.18
1720	17	10447.674546	20	-0.586639	0.19
1721	17	10447.674546	21	-0.588588	0.2
1722	17	10447.674546	22	-0.588643	0.21
1723	17	10447.674546	23	-0.590005	0.22
1724	17	10447.674546	24	-0.590003	0.23
1725	17	10447.674546	25	-0.590004	0.24
1726	17	10447.674546	26	-0.590004	0.25
1727	17	10447.674546	27	-0.590004	0.26
1728	17	10447.674546	28	-0.590005	0.27
1729	17	10447.674546	29	-0.591896	0.28
1730	17	10447.674546	30	-0.591896	0.29
1731	17	10447.674546	31	-0.592234	0.3
1732	17	10447.674546	32	-0.592235	0.31
1733	17	10447.674546	33	-0.593882	0.32
1734	17	10447.674546	34	-0.593882	0.33
1735	17	10447.674546	35	-0.594977	0.34
1736	17	10447.674546	36	-0.594977	0.35
1737	17	10447.674546	37	-0.594983	0.36
1738	17	10447.674546	38	-0.594982	0.37
1739	17	10447.674546	39	-0.594983	0.38
1740	17	10447.674546	40	-0.594983	0.39
1741	17	10447.674546	41	-0.596972	0.4
1742	17	10447.674546	42	-0.596968	0.41
1743	17	10447.674546	43	-0.598320	0.42
1744	17	10447.674546	44	-0.598319	0.43
1745	17	10447.674546	45	-0.598320	0.44
1746	17	10447.674546	46	-0.598320	0.45
1747	17	10447.674546	47	-0.598742	0.46
1748	17	10447.674546	48	-0.598745	0.47
1749	17	10447.674546	49	-0.598746	0.48
1750	17	10447.674546	50	-0.599514	0.49
1751	17	10447.674546	51	-0.599515	0.5
1752	17	10447.674546	52	-0.599515	0.51
1753	17	10447.674546	53	-0.600147	0.52
1754	17	10447.674546	54	-0.601459	0.53
1755	17	10447.674546	55	-0.601459	0.54
1756	17	10447.674546	56	-0.601457	0.55
1757	17	10447.674546	57	-0.602556	0.56
1758	17	10447.674546	58	-0.602555	0.57
1759	17	10447.674546	59	-0.602556	0.58
1760	17	10447.674546	60	-0.602556	0.59
1761	17	10447.674546	61	-0.602556	0.6
1762	17	10447.674546	62	-0.602556	0.61
1763	17	10447.674546	63	-0.603651	0.62
1764	17	10447.674546	64	-0.603651	0.62
1765	17	10447.674546	65	-0.603653	0.63
1766	17	10447.674546	66	-0.603945	0.64
1767	17	10447.674546	67	-0.605722	0.65
1768	17	10447.674546	68	-0.605724	0.66
1769	17	10447.674546	69	-0.605724	0.67
1770	17	10447.674546	70	-0.605724	0.67
1771	17	10447.674546	71	-0.605723	0.68
1772	17	10447.674546	72	-0.605721	0.69
1773	17	10447.674546	73	-0.605721	0.7
1774	17	10447.674546	74	-0.605721	0.71
1775	17	10447.674546	75	-0.605720	0.72
1776	17	10447.674546	76	-0.605720	0.73
1777	17	10447.674546	77	-0.606542	0.74
1778	17	10447.674546	78	-0.606539	0.75
1779	17	10447.674546	79	-0.606539	0.75
1780	17	10447.674546	80	-0.606539	0.76
1781	17	10447.674546	81	-0.606880	0.77
1782	17	10447.674546	82	-0.607350	0.78
1783	17	10447.674546	83	-0.608334	0.79
1784	17	10447.674546	84	-0.609530	0.8
1785	17	10447.674546	85	-0.611630	0.81
1786	17	10447.674546	86	-0.611617	0.82
1787	17	10447.674546	87	-0.611616	0.83
1788	17	10447.674546	88	-0.611618	0.84
1789	17	10447.674546	89	-0.611620	0.85
1790	17	10447.674546	90	-0.611620	0.86
1791	17	10447.674546	91	-0.611731	0.87
1792	17	10447.674546	92	-0.611731	0.88
1793	17	10447.674546	93	-0.612911	0.89
1794	17	10447.674546	94	-0.612864	0.9
1795	17	10447.674546	95	-0.612864	0.91
1796	17	10447.674546	96	-0.614053	0.92
1797	17	10447.674546	97	-0.614054	0.93
1798	17	10447.674546	98	-0.614054	0.94
1799	17	10447.674546	99	-0.614055	0.95
1800	18	11492.442000	0	-0.614055	0.01
1801	18	11492.442000	1	-0.614055	0.02
1802	18	11492.442000	2	-0.615798	0.03
1803	18	11492.442000	3	-0.615798	0.04
1804	18	11492.442000	4	-0.615796	0.05
1805	18	11492.442000	5	-0.615796	0.05
1806	18	11492.442000	6	-0.615799	0.06
1807	18	11492.442000	7	-0.615802	0.07
1808	18	11492.442000	8	-0.616188	0.08
1809	18	11492.442000	9	-0.616185	0.09
1810	18	11492.442000	10	-0.616178	0.1
1811	18	11492.442000	11	-0.617270	0.11
1812	18	11492.442000	12	-0.617270	0.12
1813	18	11492.442000	13	-0.617268	0.13
1814	18	11492.442000	14	-0.617268	0.14
1815	18	11492.442000	15	-0.617266	0.15
1816	18	11492.442000	16	-0.617270	0.16
1817	18	11492.442000	17	-0.619372	0.17
1818	18	11492.442000	18	-0.619371	0.18
1819	18	11492.442000	19	-0.619371	0.18
1820	18	11492.442000	20	-0.619374	0.19
1821	18	11492.442000	21	-0.620996	0.2
1822	18	11492.442000	22	-0.620997	0.21
1823	18	11492.442000	23	-0.620936	0.22
1824	18	11492.442000	24	-0.620936	0.22
1825	18	11492.442000	25	-0.621045	0.23
1826	18	11492.442000	26	-0.621046	0.24
1827	18	11492.442000	27	-0.621047	0.25
1828	18	11492.442000	28	-0.621535	0.26
1829	18	11492.442000	29	-0.621535	0.27
1830	18	11492.442000	30	-0.621533	0.28
1831	18	11492.442000	31	-0.621534	0.29
1832	18	11492.442000	32	-0.621534	0.3
1833	18	11492.442000	33	-0.621609	0.31
1834	18	11492.442000	34	-0.621609	0.32
1835	18	11492.442000	35	-0.621609	0.32
1836	18	11492.442000	36	-0.621609	0.33
1837	18	11492.442000	37	-0.623354	0.34
1838	18	11492.442000	38	-0.625595	0.35
1839	18	11492.442000	39	-0.625670	0.36
1840	18	11492.442000	40	-0.625671	0.37
1841	18	11492.442000	41	-0.626631	0.38
1842	18	11492.442000	42	-0.626628	0.39
1843	18	11492.442000	43	-0.628801	0.4
1844	18	11492.442000	44	-0.629627	0.41
1845	18	11492.442000	45	-0.629626	0.42
1846	18	11492.442000	46	-0.629626	0.43
1847	18	11492.442000	47	-0.629629	0.44
1848	18	11492.442000	48	-0.629631	0.45
1849	18	11492.442000	49	-0.629629	0.46
1850	18	11492.442000	50	-0.629627	0.47
1851	18	11492.442000	51	-0.629625	0.48
1852	18	11492.442000	52	-0.629625	0.48
1853	18	11492.442000	53	-0.629625	0.49
1854	18	11492.442000	54	-0.630047	0.5
1855	18	11492.442000	55	-0.630045	0.51
1856	18	11492.442000	56	-0.630046	0.52
1857	18	11492.442000	57	-0.630046	0.53
1858	18	11492.442000	58	-0.630043	0.54
1859	18	11492.442000	59	-0.632133	0.55
1860	18	11492.442000	60	-0.633117	0.56
1861	18	11492.442000	61	-0.633412	0.57
1862	18	11492.442000	62	-0.633413	0.58
1863	18	11492.442000	63	-0.633413	0.59
1864	18	11492.442000	64	-0.633413	0.6
1865	18	11492.442000	65	-0.633421	0.61
1866	18	11492.442000	66	-0.633434	0.62
1867	18	11492.442000	67	-0.633434	0.63
1868	18	11492.442000	68	-0.633533	0.64
1869	18	11492.442000	69	-0.635806	0.65
1870	18	11492.442000	70	-0.635806	0.66
1871	18	11492.442000	71	-0.635792	0.67
1872	18	11492.442000	72	-0.635793	0.68
1873	18	11492.442000	73	-0.635794	0.69
1874	18	11492.442000	74	-0.637783	0.7
1875	18	11492.442000	75	-0.637784	0.71
1876	18	11492.442000	76	-0.637830	0.72
1877	18	11492.442000	77	-0.637834	0.73
1878	18	11492.442000	78	-0.637834	0.74
1879	18	11492.442000	79	-0.637839	0.75
1880	18	11492.442000	80	-0.639624	0.76
1881	18	11492.442000	81	-0.639624	0.77
1882	18	11492.442000	82	-0.639625	0.78
1883	18	11492.442000	83	-0.639626	0.79
1884	18	11492.442000	84	-0.639627	0.8
1885	18	11492.442000	85	-0.640989	0.81
1886	18	11492.442000	86	-0.640989	0.82
1887	18	11492.442000	87	-0.640989	0.83
1888	18	11492.442000	88	-0.640990	0.84
1889	18	11492.442000	89	-0.640991	0.85
1890	18	11492.442000	90	-0.642076	0.86
1891	18	11492.442000	91	-0.642078	0.87
1892	18	11492.442000	92	-0.642079	0.88
1893	18	11492.442000	93	-0.642079	0.89
1894	18	11492.442000	94	-0.643186	0.9
1895	18	11492.442000	95	-0.644239	0.91
1896	18	11492.442000	96	-0.644240	0.92
1897	18	11492.442000	97	-0.644237	0.93
1898	18	11492.442000	98	-0.644237	0.94
1899	18	11492.442000	99	-0.644237	0.95
1900	19	12641.686200	0	-0.644239	0.01
1901	19	12641.686200	1	-0.645979	0.02
1902	19	12641.686200	2	-0.645979	0.03
1903	19	12641.686200	3	-0.645979	0.04
1904	19	12641.686200	4	-0.645983	0.05
1905	19	12641.686200	5	-0.645986	0.06
1906	19	12641.686200	6	-0.645985	0.07
1907	19	12641.686200	7	-0.645986	0.08
1908	19	12641.686200	8	-0.645983	0.09
1909	19	12641.686200	9	-0.645983	0.1
1910	19	12641.686200	10	-0.645973	0.11
1911	19	12641.686200	11	-0.645971	0.12
1912	19	12641.686200	12	-0.647404	0.13
1913	19	12641.686200	13	-0.648729	0.14
1914	19	12641.686200	14	-0.648730	0.15
1915	19	12641.686200	15	-0.648730	0.16
1916	19	12641.686200	16	-0.648731	0.17
1917	19	12641.686200	17	-0.648731	0.18
1918	19	12641.686200	18	-0.648731	0.18
1919	19	12641.686200	19	-0.648730	0.19
1920	19	12641.686200	20	-0.648731	0.2
1921	19	12641.686200	21	-0.648730	0.21
1922	19	12641.686200	22	-0.648730	0.22
1923	19	12641.686200	23	-0.648730	0.23
1924	19	12641.686200	24	-0.648731	0.24
1925	19	12641.686200	25	-0.648732	0.25
1926	19	12641.686200	26	-0.650759	0.26
1927	19	12641.686200	27	-0.650759	0.27
1928	19	12641.686200	28	-0.650748	0.28
1929	19	12641.686200	29	-0.650750	0.29
1930	19	12641.686200	30	-0.650750	0.3
1931	19	12641.686200	31	-0.650751	0.31
1932	19	12641.686200	32	-0.650754	0.32
1933	19	12641.686200	33	-0.650758	0.33
1934	19	12641.686200	34	-0.650758	0.34
1935	19	12641.686200	35	-0.650758	0.35
1936	19	12641.686200	36	-0.650758	0.36
1937	19	12641.686200	37	-0.650759	0.37
1938	19	12641.686200	38	-0.650759	0.38
1939	19	12641.686200	39	-0.651697	0.39
1940	19	12641.686200	40	-0.653538	0.4
1941	19	12641.686200	41	-0.654540	0.41
1942	19	12641.686200	42	-0.654540	0.41
1943	19	12641.686200	43	-0.654540	0.42
1944	19	12641.686200	44	-0.656733	0.43
1945	19	12641.686200	45	-0.656730	0.44
1946	19	12641.686200	46	-0.656733	0.45
1947	19	12641.686200	47	-0.656733	0.46
1948	19	12641.686200	48	-0.656734	0.47
1949	19	12641.686200	49	-0.656733	0.48
1950	19	12641.686200	50	-0.656734	0.49
1951	19	12641.686200	51	-0.656735	0.5
1952	19	12641.686200	52	-0.656734	0.51
1953	19	12641.686200	53	-0.656734	0.51
1954	19	12641.686200	54	-0.657010	0.52
1955	19	12641.686200	55	-0.657010	0.53
1956	19	12641.686200	56	-0.657009	0.54
1957	19	12641.686200	57	-0.657005	0.55
1958	19	12641.686200	58	-0.659404	0.56
1959	19	12641.686200	59	-0.660628	0.57
1960	19	12641.686200	60	-0.660625	0.58
1961	19	12641.686200	61	-0.660630	0.59
1962	19	12641.686200	62	-0.661377	0.6
1963	19	12641.686200	63	-0.661376	0.61
1964	19	12641.686200	64	-0.661377	0.62
1965	19	12641.686200	65	-0.661376	0.63
1966	19	12641.686200	66	-0.663833	0.64
1967	19	12641.686200	67	-0.663832	0.65
1968	19	12641.686200	68	-0.663940	0.66
1969	19	12641.686200	69	-0.663945	0.67
1970	19	12641.686200	70	-0.665840	0.68
1971	19	12641.686200	71	-0.666573	0.69
1972	19	12641.686200	72	-0.666574	0.7
1973	19	12641.686200	73	-0.666572	0.71
1974	19	12641.686200	74	-0.668732	0.72
1975	19	12641.686200	75	-0.668732	0.73
1976	19	12641.686200	76	-0.668732	0.74
1977	19	12641.686200	77	-0.670992	0.75
1978	19	12641.686200	78	-0.673121	0.76
1979	19	12641.686200	79	-0.673121	0.77
1980	19	12641.686200	80	-0.675406	0.78
1981	19	12641.686200	81	-0.675408	0.79
1982	19	12641.686200	82	-0.675408	0.8
1983	19	12641.686200	83	-0.676682	0.81
1984	19	12641.686200	84	-0.676682	0.82
1985	19	12641.686200	85	-0.676794	0.83
1986	19	12641.686200	86	-0.677272	0.84
1987	19	12641.686200	87	-0.678736	0.85
1988	19	12641.686200	88	-0.678736	0.86
1989	19	12641.686200	89	-0.679609	0.87
1990	19	12641.686200	90	-0.681560	0.88
1991	19	12641.686200	91	-0.681560	0.89
1992	19	12641.686200	92	-0.681560	0.89
1993	19	12641.686200	93	-0.681559	0.9
1994	19	12641.686200	94	-0.681558	0.91
1995	19	12641.686200	95	-0.682277	0.92
1996	19	12641.686200	96	-0.683480	0.93
1997	19	12641.686200	97	-0.683480	0.94
1998	19	12641.686200	98	-0.683480	0.95
1999	19	12641.686200	99	-0.683482	0.96
2000	20	13905.854820	0	-0.683467	0.01
2001	20	13905.854820	1	-0.683467	0.02
2002	20	13905.854820	2	-0.684395	0.03
2003	20	13905.854820	3	-0.684393	0.04
2004	20	13905.854820	4	-0.685651	0.05
2005	20	13905.854820	5	-0.685652	0.06
2006	20	13905.854820	6	-0.685652	0.07
2007	20	13905.854820	7	-0.685653	0.08
2008	20	13905.854820	8	-0.686163	0.09
2009	20	13905.854820	9	-0.686161	0.1
2010	20	13905.854820	10	-0.687967	0.11
2011	20	13905.854820	11	-0.687960	0.12
2012	20	13905.854820	12	-0.688944	0.13
2013	20	13905.854820	13	-0.688944	0.14
2014	20	13905.854820	14	-0.688944	0.15
2015	20	13905.854820	15	-0.688945	0.16
2016	20	13905.854820	16	-0.688946	0.17
2017	20	13905.854820	17	-0.688946	0.18
2018	20	13905.854820	18	-0.690261	0.19
2019	20	13905.854820	19	-0.690240	0.2
2020	20	13905.854820	20	-0.691686	0.21
2021	20	13905.854820	21	-0.691687	0.22
2022	20	13905.854820	22	-0.691686	0.23
2023	20	13905.854820	23	-0.693464	0.24
2024	20	13905.854820	24	-0.693463	0.25
2025	20	13905.854820	25	-0.693463	0.25
2026	20	13905.854820	26	-0.693463	0.26
2027	20	13905.854820	27	-0.693460	0.27
2028	20	13905.854820	28	-0.693460	0.27
2029	20	13905.854820	29	-0.693460	0.28
2030	20	13905.854820	30	-0.693460	0.29
2031	20	13905.854820	31	-0.693460	0.3
2032	20	13905.854820	32	-0.693492	0.31
2033	20	13905.854820	33	-0.693493	0.32
2034	20	13905.854820	34	-0.693493	0.33
2035	20	13905.854820	35	-0.693484	0.34
2036	20	13905.854820	36	-0.693484	0.35
2037	20	13905.854820	37	-0.693483	0.36
2038	20	13905.854820	38	-0.693482	0.37
2039	20	13905.854820	39	-0.693482	0.38
2040	20	13905.854820	40	-0.693485	0.39
2041	20	13905.854820	41	-0.693486	0.4
2042	20	13905.854820	42	-0.695827	0.41
2043	20	13905.854820	43	-0.695895	0.42
2044	20	13905.854820	44	-0.697494	0.43
2045	20	13905.854820	45	-0.697503	0.44
2046	20	13905.854820	46	-0.697497	0.45
2047	20	13905.854820	47	-0.697497	0.46
2048	20	13905.854820	48	-0.697497	0.47
2049	20	13905.854820	49	-0.697497	0.48
2050	20	13905.854820	50	-0.699716	0.49
2051	20	13905.854820	51	-0.700920	0.5
2052	20	13905.854820	52	-0.700914	0.51
2053	20	13905.854820	53	-0.700914	0.52
2054	20	13905.854820	54	-0.701801	0.53
2055	20	13905.854820	55	-0.703841	0.54
2056	20	13905.854820	56	-0.706137	0.55
2057	20	13905.854820	57	-0.706137	0.56
2058	20	13905.854820	58	-0.706137	0.57
2059	20	13905.854820	59	-0.706137	0.58
2060	20	13905.854820	60	-0.706137	0.59
2061	20	13905.854820	61	-0.706133	0.6
2062	20	13905.854820	62	-0.706137	0.61
2063	20	13905.854820	63	-0.706144	0.62
2064	20	13905.854820	64	-0.707400	0.63
2065	20	13905.854820	65	-0.707401	0.64
2066	20	13905.854820	66	-0.707398	0.65
2067	20	13905.854820	67	-0.707402	0.66
2068	20	13905.854820	68	-0.709611	0.67
2069	20	13905.854820	69	-0.709601	0.68
2070	20	13905.854820	70	-0.709601	0.68
2071	20	13905.854820	71	-0.709601	0.69
2072	20	13905.854820	72	-0.709601	0.7
2073	20	13905.854820	73	-0.710682	0.71
2074	20	13905.854820	74	-0.710697	0.72
2075	20	13905.854820	75	-0.710697	0.73
2076	20	13905.854820	76	-0.710739	0.74
2077	20	13905.854820	77	-0.711220	0.75
2078	20	13905.854820	78	-0.711219	0.76
2079	20	13905.854820	79	-0.711219	0.77
2080	20	13905.854820	80	-0.713178	0.78
2081	20	13905.854820	81	-0.713179	0.79
2082	20	13905.854820	82	-0.713179	0.8
2083	20	13905.854820	83	-0.715191	0.81
2084	20	13905.854820	84	-0.717412	0.82
2085	20	13905.854820	85	-0.717775	0.83
2086	20	13905.854820	86	-0.717779	0.84
2087	20	13905.854820	87	-0.718197	0.85
2088	20	13905.854820	88	-0.718197	0.86
2089	20	13905.854820	89	-0.718193	0.87
2090	20	13905.854820	90	-0.718193	0.88
2091	20	13905.854820	91	-0.719789	0.89
2092	20	13905.854820	92	-0.719831	0.9
2093	20	13905.854820	93	-0.719831	0.91
2094	20	13905.854820	94	-0.719831	0.91
2095	20	13905.854820	95	-0.721486	0.92
2096	20	13905.854820	96	-0.721486	0.93
2097	20	13905.854820	97	-0.723365	0.94
2098	20	13905.854820	98	-0.723364	0.95
2099	20	13905.854820	99	-0.723715	0.96
2100	21	15296.440302	0	-0.723715	0.01
2101	21	15296.440302	1	-0.723716	0.02
2102	21	15296.440302	2	-0.723717	0.03
2103	21	15296.440302	3	-0.723718	0.04
2104	21	15296.440302	4	-0.724101	0.05
2105	21	15296.440302	5	-0.724101	0.06
2106	21	15296.440302	6	-0.724104	0.07
2107	21	15296.440302	7	-0.724106	0.08
2108	21	15296.440302	8	-0.724446	0.09
2109	21	15296.440302	9	-0.724443	0.1
2110	21	15296.440302	10	-0.724443	0.1
2111	21	15296.440302	11	-0.724525	0.11
2112	21	15296.440302	12	-0.724524	0.12
2113	21	15296.440302	13	-0.725960	0.13
2114	21	15296.440302	14	-0.725960	0.14
2115	21	15296.440302	15	-0.725957	0.15
2116	21	15296.440302	16	-0.725963	0.16
2117	21	15296.440302	17	-0.726749	0.17
2118	21	15296.440302	18	-0.726748	0.18
2119	21	15296.440302	19	-0.726748	0.19
2120	21	15296.440302	20	-0.726748	0.2
2121	21	15296.440302	21	-0.726748	0.21
2122	21	15296.440302	22	-0.726747	0.22
2123	21	15296.440302	23	-0.726746	0.23
2124	21	15296.440302	24	-0.728682	0.24
2125	21	15296.440302	25	-0.728682	0.25
2126	21	15296.440302	26	-0.728683	0.26
2127	21	15296.440302	27	-0.728562	0.27
2128	21	15296.440302	28	-0.728562	0.27
2129	21	15296.440302	29	-0.728565	0.28
2130	21	15296.440302	30	-0.728566	0.29
2131	21	15296.440302	31	-0.728688	0.3
2132	21	15296.440302	32	-0.728689	0.31
2133	21	15296.440302	33	-0.728689	0.32
2134	21	15296.440302	34	-0.730618	0.33
2135	21	15296.440302	35	-0.730615	0.34
2136	21	15296.440302	36	-0.730615	0.35
2137	21	15296.440302	37	-0.732553	0.36
2138	21	15296.440302	38	-0.732550	0.37
2139	21	15296.440302	39	-0.732551	0.38
2140	21	15296.440302	40	-0.732550	0.39
2141	21	15296.440302	41	-0.732550	0.39
2142	21	15296.440302	42	-0.735279	0.4
2143	21	15296.440302	43	-0.735278	0.41
2144	21	15296.440302	44	-0.735278	0.42
2145	21	15296.440302	45	-0.735279	0.43
2146	21	15296.440302	46	-0.736648	0.44
2147	21	15296.440302	47	-0.736646	0.45
2148	21	15296.440302	48	-0.736652	0.46
2149	21	15296.440302	49	-0.736652	0.46
2150	21	15296.440302	50	-0.738557	0.47
2151	21	15296.440302	51	-0.738558	0.48
2152	21	15296.440302	52	-0.738556	0.49
2153	21	15296.440302	53	-0.738574	0.5
2154	21	15296.440302	54	-0.738574	0.5
2155	21	15296.440302	55	-0.738573	0.51
2156	21	15296.440302	56	-0.739079	0.52
2157	21	15296.440302	57	-0.739076	0.53
2158	21	15296.440302	58	-0.739076	0.53
2159	21	15296.440302	59	-0.739077	0.54
2160	21	15296.440302	60	-0.739081	0.55
2161	21	15296.440302	61	-0.739081	0.56
2162	21	15296.440302	62	-0.739081	0.57
2163	21	15296.440302	63	-0.739081	0.57
2164	21	15296.440302	64	-0.741309	0.58
2165	21	15296.440302	65	-0.741309	0.59
2166	21	15296.440302	66	-0.741309	0.6
2167	21	15296.440302	67	-0.741309	0.61
2168	21	15296.440302	68	-0.741308	0.62
2169	21	15296.440302	69	-0.741308	0.63
2170	21	15296.440302	70	-0.741304	0.64
2171	21	15296.440302	71	-0.741304	0.65
2172	21	15296.440302	72	-0.743723	0.66
2173	21	15296.440302	73	-0.743724	0.67
2174	21	15296.440302	74	-0.743724	0.68
2175	21	15296.440302	75	-0.743724	0.69
2176	21	15296.440302	76	-0.746376	0.7
2177	21	15296.440302	77	-0.746364	0.71
2178	21	15296.440302	78	-0.746625	0.72
2179	21	15296.440302	79	-0.749062	0.73
2180	21	15296.440302	80	-0.749062	0.74
2181	21	15296.440302	81	-0.749059	0.75
2182	21	15296.440302	82	-0.749063	0.76
2183	21	15296.440302	83	-0.751199	0.77
2184	21	15296.440302	84	-0.751199	0.77
2185	21	15296.440302	85	-0.751200	0.78
2186	21	15296.440302	86	-0.751201	0.79
2187	21	15296.440302	87	-0.751201	0.8
2188	21	15296.440302	88	-0.751199	0.81
2189	21	15296.440302	89	-0.751284	0.82
2190	21	15296.440302	90	-0.752471	0.83
2191	21	15296.440302	91	-0.752470	0.84
2192	21	15296.440302	92	-0.752470	0.85
2193	21	15296.440302	93	-0.755031	0.86
2194	21	15296.440302	94	-0.755030	0.87
2195	21	15296.440302	95	-0.755030	0.88
2196	21	15296.440302	96	-0.755025	0.89
2197	21	15296.440302	97	-0.755024	0.9
2198	21	15296.440302	98	-0.755022	0.91
2199	21	15296.440302	99	-0.755022	0.92
2200	22	16826.084332	0	-0.755022	0.01
2201	22	16826.084332	1	-0.755025	0.02
2202	22	16826.084332	2	-0.755026	0.03
2203	22	16826.084332	3	-0.755026	0.04
2204	22	16826.084332	4	-0.755027	0.05
2205	22	16826.084332	5	-0.755026	0.06
2206	22	16826.084332	6	-0.755784	0.07
2207	22	16826.084332	7	-0.755784	0.07
2208	22	16826.084332	8	-0.755793	0.08
2209	22	16826.084332	9	-0.756230	0.09
2210	22	16826.084332	10	-0.756230	0.1
2211	22	16826.084332	11	-0.757486	0.11
2212	22	16826.084332	12	-0.758551	0.12
2213	22	16826.084332	13	-0.758552	0.13
2214	22	16826.084332	14	-0.758554	0.14
2215	22	16826.084332	15	-0.758554	0.15
2216	22	16826.084332	16	-0.758556	0.16
2217	22	16826.084332	17	-0.758556	0.17
2218	22	16826.084332	18	-0.760871	0.18
2219	22	16826.084332	19	-0.761847	0.19
2220	22	16826.084332	20	-0.761848	0.2
2221	22	16826.084332	21	-0.761848	0.21
2222	22	16826.084332	22	-0.761848	0.22
2223	22	16826.084332	23	-0.761851	0.23
2224	22	16826.084332	24	-0.762626	0.24
2225	22	16826.084332	25	-0.762626	0.25
2226	22	16826.084332	26	-0.762626	0.26
2227	22	16826.084332	27	-0.762627	0.27
2228	22	16826.084332	28	-0.762627	0.27
2229	22	16826.084332	29	-0.764334	0.28
2230	22	16826.084332	30	-0.764329	0.29
2231	22	16826.084332	31	-0.765312	0.3
2232	22	16826.084332	32	-0.765312	0.3
2233	22	16826.084332	33	-0.765033	0.31
2234	22	16826.084332	34	-0.766045	0.32
2235	22	16826.084332	35	-0.766043	0.33
2236	22	16826.084332	36	-0.766043	0.34
2237	22	16826.084332	37	-0.766042	0.35
2238	22	16826.084332	38	-0.766042	0.36
2239	22	16826.084332	39	-0.766043	0.37
2240	22	16826.084332	40	-0.766035	0.38
2241	22	16826.084332	41	-0.766035	0.39
2242	22	16826.084332	42	-0.766310	0.4
2243	22	16826.084332	43	-0.766310	0.41
2244	22	16826.084332	44	-0.766310	0.41
2245	22	16826.084332	45	-0.766310	0.42
2246	22	16826.084332	46	-0.766310	0.43
2247	22	16826.084332	47	-0.766308	0.44
2248	22	16826.084332	48	-0.766308	0.45
2249	22	16826.084332	49	-0.768352	0.46
2250	22	16826.084332	50	-0.768353	0.47
2251	22	16826.084332	51	-0.768661	0.48
2252	22	16826.084332	52	-0.771051	0.49
2253	22	16826.084332	53	-0.772364	0.5
2254	22	16826.084332	54	-0.774138	0.51
2255	22	16826.084332	55	-0.774139	0.52
2256	22	16826.084332	56	-0.774139	0.53
2257	22	16826.084332	57	-0.774141	0.54
2258	22	16826.084332	58	-0.774141	0.55
2259	22	16826.084332	59	-0.774141	0.55
2260	22	16826.084332	60	-0.774132	0.56
2261	22	16826.084332	61	-0.774132	0.56
2262	22	16826.084332	62	-0.774132	0.57
2263	22	16826.084332	63	-0.774132	0.58
2264	22	16826.084332	64	-0.776827	0.59
2265	22	16826.084332	65	-0.776827	0.6
2266	22	16826.084332	66	-0.776824	0.61
2267	22	16826.084332	67	-0.776829	0.62
2268	22	16826.084332	68	-0.776829	0.63
2269	22	16826.084332	69	-0.778511	0.64
2270	22	16826.084332	70	-0.780543	0.65
2271	22	16826.084332	71	-0.780550	0.66
2272	22	16826.084332	72	-0.783055	0.67
2273	22	16826.084332	73	-0.783056	0.68
2274	22	16826.084332	74	-0.783057	0.69
2275	22	16826.084332	75	-0.783056	0.7
2276	22	16826.084332	76	-0.783048	0.71
2277	22	16826.084332	77	-0.783049	0.72
2278	22	16826.084332	78	-0.783506	0.73
2279	22	16826.084332	79	-0.783665	0.74
2280	22	16826.084332	80	-0.784253	0.75
2281	22	16826.084332	81	-0.784253	0.76
2282	22	16826.084332	82	-0.786316	0.77
2283	22	16826.084332	83	-0.786316	0.78
2284	22	16826.084332	84	-0.786316	0.79
2285	22	16826.084332	85	-0.788704	0.8
2286	22	16826.084332	86	-0.788704	0.81
2287	22	16826.084332	87	-0.788704	0.82
2288	22	16826.084332	88	-0.789882	0.83
2289	22	16826.084332	89	-0.789879	0.84
2290	22	16826.084332	90	-0.789881	0.85
2291	22	16826.084332	91	-0.789881	0.85
2292	22	16826.084332	92	-0.789879	0.86
2293	22	16826.084332	93	-0.790739	0.87
2294	22	16826.084332	94	-0.790738	0.88
2295	22	16826.084332	95	-0.790737	0.89
2296	22	16826.084332	96	-0.792976	0.9
2297	22	16826.084332	97	-0.795386	0.91
2298	22	16826.084332	98	-0.795389	0.92
2299	22	16826.084332	99	-0.795381	0.93
2300	23	18508.692766	0	-0.795380	0.01
2301	23	18508.692766	1	-0.796688	0.02
2302	23	18508.692766	2	-0.796693	0.03
2303	23	18508.692766	3	-0.797172	0.04
2304	23	18508.692766	4	-0.797171	0.05
2305	23	18508.692766	5	-0.797171	0.06
2306	23	18508.692766	6	-0.797322	0.07
2307	23	18508.692766	7	-0.797319	0.08
2308	23	18508.692766	8	-0.797322	0.09
2309	23	18508.692766	9	-0.798097	0.1
2310	23	18508.692766	10	-0.800825	0.11
2311	23	18508.692766	11	-0.800826	0.12
2312	23	18508.692766	12	-0.800826	0.13
2313	23	18508.692766	13	-0.802451	0.14
2314	23	18508.692766	14	-0.802533	0.15
2315	23	18508.692766	15	-0.802534	0.16
2316	23	18508.692766	16	-0.803611	0.17
2317	23	18508.692766	17	-0.803611	0.18
2318	23	18508.692766	18	-0.803646	0.19
2319	23	18508.692766	19	-0.803646	0.19
2320	23	18508.692766	20	-0.806286	0.2
2321	23	18508.692766	21	-0.808125	0.21
2322	23	18508.692766	22	-0.808124	0.22
2323	23	18508.692766	23	-0.808119	0.23
2324	23	18508.692766	24	-0.808863	0.24
2325	23	18508.692766	25	-0.809172	0.25
2326	23	18508.692766	26	-0.811335	0.26
2327	23	18508.692766	27	-0.812602	0.27
2328	23	18508.692766	28	-0.812602	0.27
2329	23	18508.692766	29	-0.812609	0.28
2330	23	18508.692766	30	-0.814064	0.29
2331	23	18508.692766	31	-0.814064	0.3
2332	23	18508.692766	32	-0.814066	0.31
2333	23	18508.692766	33	-0.814660	0.32
2334	23	18508.692766	34	-0.814657	0.33
2335	23	18508.692766	35	-0.817209	0.34
2336	23	18508.692766	36	-0.817210	0.35
2337	23	18508.692766	37	-0.817713	0.36
2338	23	18508.692766	38	-0.817713	0.37
2339	23	18508.692766	39	-0.817714	0.38
2340	23	18508.692766	40	-0.819651	0.39
2341	23	18508.692766	41	-0.819659	0.4
2342	23	18508.692766	42	-0.819662	0.41
2343	23	18508.692766	43	-0.819923	0.42
2344	23	18508.692766	44	-0.819927	0.43
2345	23	18508.692766	45	-0.819927	0.43
2346	23	18508.692766	46	-0.820104	0.44
2347	23	18508.692766	47	-0.820105	0.45
2348	23	18508.692766	48	-0.821674	0.46
2349	23	18508.692766	49	-0.821673	0.47
2350	23	18508.692766	50	-0.821674	0.48
2351	23	18508.692766	51	-0.821676	0.49
2352	23	18508.692766	52	-0.821677	0.5
2353	23	18508.692766	53	-0.824299	0.51
2354	23	18508.692766	54	-0.825212	0.52
2355	23	18508.692766	55	-0.825210	0.53
2356	23	18508.692766	56	-0.825210	0.54
2357	23	18508.692766	57	-0.825210	0.55
2358	23	18508.692766	58	-0.825210	0.55
2359	23	18508.692766	59	-0.825211	0.56
2360	23	18508.692766	60	-0.825966	0.57
2361	23	18508.692766	61	-0.825966	0.58
2362	23	18508.692766	62	-0.825961	0.59
2363	23	18508.692766	63	-0.825961	0.6
2364	23	18508.692766	64	-0.825980	0.61
2365	23	18508.692766	65	-0.827153	0.62
2366	23	18508.692766	66	-0.829112	0.63
2367	23	18508.692766	67	-0.829456	0.64
2368	23	18508.692766	68	-0.829456	0.65
2369	23	18508.692766	69	-0.831233	0.66
2370	23	18508.692766	70	-0.831232	0.67
2371	23	18508.692766	71	-0.832736	0.68
2372	23	18508.692766	72	-0.832734	0.69
2373	23	18508.692766	73	-0.832777	0.7
2374	23	18508.692766	74	-0.832778	0.71
2375	23	18508.692766	75	-0.832780	0.72
2376	23	18508.692766	76	-0.835210	0.73
2377	23	18508.692766	77	-0.835212	0.74
2378	23	18508.692766	78	-0.836961	0.75
2379	23	18508.692766	79	-0.837844	0.76
2380	23	18508.692766	80	-0.837845	0.77
2381	23	18508.692766	81	-0.840453	0.78
2382	23	18508.692766	82	-0.840453	0.79
2383	23	18508.692766	83	-0.840453	0.8
2384	23	18508.692766	84	-0.840453	0.81
2385	23	18508.692766	85	-0.842965	0.82
2386	23	18508.692766	86	-0.844457	0.83
2387	23	18508.692766	87	-0.844463	0.84
2388	23	18508.692766	88	-0.844464	0.85
2389	23	18508.692766	89	-0.844462	0.86
2390	23	18508.692766	90	-0.844462	0.87
2391	23	18508.692766	91	-0.844456	0.88
2392	23	18508.692766	92	-0.847319	0.89
2393	23	18508.692766	93	-0.847318	0.9
2394	23	18508.692766	94	-0.847318	0.91
2395	23	18508.692766	95	-0.847702	0.92
2396	23	18508.692766	96	-0.847702	0.93
2397	23	18508.692766	97	-0.847709	0.94
2398	23	18508.692766	98	-0.847708	0.95
2399	23	18508.692766	99	-0.847708	0.96
2400	24	20359.562042	0	-0.848734	0.01
2401	24	20359.562042	1	-0.848730	0.02
2402	24	20359.562042	2	-0.848724	0.03
2403	24	20359.562042	3	-0.848724	0.04
2404	24	20359.562042	4	-0.848724	0.04
2405	24	20359.562042	5	-0.848725	0.05
2406	24	20359.562042	6	-0.848726	0.06
2407	24	20359.562042	7	-0.848726	0.07
2408	24	20359.562042	8	-0.848725	0.08
2409	24	20359.562042	9	-0.848727	0.09
2410	24	20359.562042	10	-0.848727	0.1
2411	24	20359.562042	11	-0.848722	0.11
2412	24	20359.562042	12	-0.848717	0.12
2413	24	20359.562042	13	-0.848719	0.13
2414	24	20359.562042	14	-0.848720	0.14
2415	24	20359.562042	15	-0.848765	0.15
2416	24	20359.562042	16	-0.848765	0.16
2417	24	20359.562042	17	-0.848765	0.16
2418	24	20359.562042	18	-0.848765	0.17
2419	24	20359.562042	19	-0.848765	0.18
2420	24	20359.562042	20	-0.848765	0.18
2421	24	20359.562042	21	-0.848765	0.19
2422	24	20359.562042	22	-0.848765	0.2
2423	24	20359.562042	23	-0.848765	0.21
2424	24	20359.562042	24	-0.849625	0.22
2425	24	20359.562042	25	-0.849624	0.23
2426	24	20359.562042	26	-0.849624	0.24
2427	24	20359.562042	27	-0.849624	0.25
2428	24	20359.562042	28	-0.852336	0.26
2429	24	20359.562042	29	-0.852338	0.27
2430	24	20359.562042	30	-0.854320	0.28
2431	24	20359.562042	31	-0.854320	0.29
2432	24	20359.562042	32	-0.854319	0.3
2433	24	20359.562042	33	-0.854320	0.31
2434	24	20359.562042	34	-0.854403	0.32
2435	24	20359.562042	35	-0.855817	0.33
2436	24	20359.562042	36	-0.855814	0.34
2437	24	20359.562042	37	-0.856027	0.35
2438	24	20359.562042	38	-0.857837	0.36
2439	24	20359.562042	39	-0.857836	0.37
2440	24	20359.562042	40	-0.857836	0.38
2441	24	20359.562042	41	-0.857837	0.39
2442	24	20359.562042	42	-0.858764	0.4
2443	24	20359.562042	43	-0.859943	0.41
2444	24	20359.562042	44	-0.859943	0.41
2445	24	20359.562042	45	-0.859940	0.42
2446	24	20359.562042	46	-0.862075	0.43
2447	24	20359.562042	47	-0.865146	0.44
2448	24	20359.562042	48	-0.868058	0.45
2449	24	20359.562042	49	-0.868052	0.46
2450	24	20359.562042	50	-0.870632	0.47
2451	24	20359.562042	51	-0.870632	0.48
2452	24	20359.562042	52	-0.870705	0.49
2453	24	20359.562042	53	-0.871638	0.5
2454	24	20359.562042	54	-0.871639	0.51
2455	24	20359.562042	55	-0.872202	0.52
2456	24	20359.562042	56	-0.872204	0.53
2457	24	20359.562042	57	-0.872204	0.54
2458	24	20359.562042	58	-0.872204	0.55
2459	24	20359.562042	59	-0.872995	0.56
2460	24	20359.562042	60	-0.872995	0.57
2461	24	20359.562042	61	-0.872995	0.57
2462	24	20359.562042	62	-0.872996	0.58
2463	24	20359.562042	63	-0.874961	0.59
2464	24	20359.562042	64	-0.875307	0.6
2465	24	20359.562042	65	-0.878155	0.61
2466	24	20359.562042	66	-0.878154	0.62
2467	24	20359.562042	67	-0.878154	0.63
2468	24	20359.562042	68	-0.878959	0.64
2469	24	20359.562042	69	-0.880864	0.65
2470	24	20359.562042	70	-0.880864	0.66
2471	24	20359.562042	71	-0.880865	0.67
2472	24	20359.562042	72	-0.880862	0.68
2473	24	20359.562042	73	-0.882473	0.69
2474	24	20359.562042	74	-0.882534	0.7
2475	24	20359.562042	75	-0.882532	0.71
2476	24	20359.562042	76	-0.882532	0.71
2477	24	20359.562042	77	-0.882532	0.72
2478	24	20359.562042	78	-0.882878	0.73
2479	24	20359.562042	79	-0.882878	0.74
2480	24	20359.562042	80	-0.882879	0.75
2481	24	20359.562042	81	-0.883019	0.76
2482	24	20359.562042	82	-0.885889	0.77
2483	24	20359.562042	83	-0.885887	0.78
2484	24	20359.562042	84	-0.885884	0.79
2485	24	20359.562042	85	-0.885884	0.8
2486	24	20359.562042	86	-0.888687	0.81
2487	24	20359.562042	87	-0.890495	0.82
2488	24	20359.562042	88	-0.890495	0.83
2489	24	20359.562042	89	-0.890493	0.84
2490	24	20359.562042	90	-0.890496	0.85
2491	24	20359.562042	91	-0.891927	0.86
2492	24	20359.562042	92	-0.891938	0.87
2493	24	20359.562042	93	-0.891940	0.88
2494	24	20359.562042	94	-0.891940	0.89
2495	24	20359.562042	95	-0.893343	0.9
2496	24	20359.562042	96	-0.893343	0.91
2497	24	20359.562042	97	-0.895083	0.92
2498	24	20359.562042	98	-0.897193	0.93
2499	24	20359.562042	99	-0.897193	0.94
2500	25	22395.518246	0	-0.897188	0.01
2501	25	22395.518246	1	-0.897187	0.02
2502	25	22395.518246	2	-0.899143	0.03
2503	25	22395.518246	3	-0.900129	0.04
2504	25	22395.518246	4	-0.900132	0.05
2505	25	22395.518246	5	-0.900132	0.06
2506	25	22395.518246	6	-0.900134	0.07
2507	25	22395.518246	7	-0.900405	0.08
2508	25	22395.518246	8	-0.900403	0.09
2509	25	22395.518246	9	-0.900406	0.1
2510	25	22395.518246	10	-0.903504	0.11
2511	25	22395.518246	11	-0.903500	0.12
2512	25	22395.518246	12	-0.903499	0.13
2513	25	22395.518246	13	-0.905893	0.14
2514	25	22395.518246	14	-0.908732	0.15
2515	25	22395.518246	15	-0.908734	0.16
2516	25	22395.518246	16	-0.908731	0.17
2517	25	22395.518246	17	-0.908731	0.18
2518	25	22395.518246	18	-0.908731	0.19
2519	25	22395.518246	19	-0.909359	0.2
2520	25	22395.518246	20	-0.911829	0.21
2521	25	22395.518246	21	-0.911842	0.22
2522	25	22395.518246	22	-0.911842	0.23
2523	25	22395.518246	23	-0.911842	0.24
2524	25	22395.518246	24	-0.911842	0.25
2525	25	22395.518246	25	-0.911931	0.26
2526	25	22395.518246	26	-0.911930	0.27
2527	25	22395.518246	27	-0.911926	0.28
2528	25	22395.518246	28	-0.911926	0.29
2529	25	22395.518246	29	-0.911927	0.3
2530	25	22395.518246	30	-0.911926	0.31
2531	25	22395.518246	31	-0.911922	0.32
2532	25	22395.518246	32	-0.911922	0.33
2533	25	22395.518246	33	-0.911926	0.34
2534	25	22395.518246	34	-0.911922	0.35
2535	25	22395.518246	35	-0.913322	0.36
2536	25	22395.518246	36	-0.913318	0.37
2537	25	22395.518246	37	-0.913316	0.38
2538	25	22395.518246	38	-0.914188	0.39
2539	25	22395.518246	39	-0.914192	0.4
2540	25	22395.518246	40	-0.914192	0.41
2541	25	22395.518246	41	-0.914195	0.42
2542	25	22395.518246	42	-0.914195	0.42
2543	25	22395.518246	43	-0.915024	0.43
2544	25	22395.518246	44	-0.915024	0.44
2545	25	22395.518246	45	-0.915030	0.45
2546	25	22395.518246	46	-0.915030	0.46
2547	25	22395.518246	47	-0.916061	0.47
2548	25	22395.518246	48	-0.916062	0.48
2549	25	22395.518246	49	-0.917933	0.49
2550	25	22395.518246	50	-0.918741	0.5
2551	25	22395.518246	51	-0.918745	0.51
2552	25	22395.518246	52	-0.918742	0.52
2553	25	22395.518246	53	-0.918742	0.53
2554	25	22395.518246	54	-0.918742	0.53
2555	25	22395.518246	55	-0.920718	0.54
2556	25	22395.518246	56	-0.920718	0.55
2557	25	22395.518246	57	-0.920725	0.56
2558	25	22395.518246	58	-0.920726	0.57
2559	25	22395.518246	59	-0.920724	0.58
2560	25	22395.518246	60	-0.920724	0.59
2561	25	22395.518246	61	-0.920724	0.6
2562	25	22395.518246	62	-0.920729	0.61
2563	25	22395.518246	63	-0.923688	0.62
2564	25	22395.518246	64	-0.926698	0.63
2565	25	22395.518246	65	-0.926698	0.63
2566	25	22395.518246	66	-0.926697	0.64
2567	25	22395.518246	67	-0.927986	0.65
2568	25	22395.518246	68	-0.927984	0.66
2569	25	22395.518246	69	-0.927986	0.67
2570	25	22395.518246	70	-0.927999	0.68
2571	25	22395.518246	71	-0.928000	0.69
2572	25	22395.518246	72	-0.930136	0.7
2573	25	22395.518246	73	-0.930139	0.71
2574	25	22395.518246	74	-0.930141	0.72
2575	25	22395.518246	75	-0.931238	0.73
2576	25	22395.518246	76	-0.932844	0.74
2577	25	22395.518246	77	-0.932843	0.75
2578	25	22395.518246	78	-0.933593	0.76
2579	25	22395.518246	79	-0.935258	0.77
2580	25	22395.518246	80	-0.935243	0.78
2581	25	22395.518246	81	-0.935245	0.79
2582	25	22395.518246	82	-0.935246	0.8
2583	25	22395.518246	83	-0.938551	0.81
2584	25	22395.518246	84	-0.938563	0.82
2585	25	22395.518246	85	-0.938563	0.83
2586	25	22395.518246	86	-0.941588	0.84
2587	25	22395.518246	87	-0.941586	0.85
2588	25	22395.518246	88	-0.941586	0.86
2589	25	22395.518246	89	-0.941589	0.87
2590	25	22395.518246	90	-0.941589	0.88
2591	25	22395.518246	91	-0.942414	0.89
2592	25	22395.518246	92	-0.942414	0.89
2593	25	22395.518246	93	-0.942414	0.9
2594	25	22395.518246	94	-0.942416	0.91
2595	25	22395.518246	95	-0.942400	0.92
2596	25	22395.518246	96	-0.942400	0.93
2597	25	22395.518246	97	-0.943730	0.94
2598	25	22395.518246	98	-0.945665	0.95
2599	25	22395.518246	99	-0.947466	0.96
2600	26	24635.070071	0	-0.948264	0.01
2601	26	24635.070071	1	-0.948269	0.02
2602	26	24635.070071	2	-0.948269	0.03
2603	26	24635.070071	3	-0.948269	0.04
2604	26	24635.070071	4	-0.948269	0.05
2605	26	24635.070071	5	-0.948269	0.06
2606	26	24635.070071	6	-0.948267	0.07
2607	26	24635.070071	7	-0.951613	0.08
2608	26	24635.070071	8	-0.951613	0.09
2609	26	24635.070071	9	-0.952590	0.1
2610	26	24635.070071	10	-0.953333	0.11
2611	26	24635.070071	11	-0.953334	0.12
2612	26	24635.070071	12	-0.953334	0.12
2613	26	24635.070071	13	-0.954538	0.13
2614	26	24635.070071	14	-0.954537	0.14
2615	26	24635.070071	15	-0.956578	0.15
2616	26	24635.070071	16	-0.956578	0.16
2617	26	24635.070071	17	-0.956578	0.17
2618	26	24635.070071	18	-0.956576	0.18
2619	26	24635.070071	19	-0.956576	0.19
2620	26	24635.070071	20	-0.956576	0.2
2621	26	24635.070071	21	-0.956576	0.21
2622	26	24635.070071	22	-0.959074	0.22
2623	26	24635.070071	23	-0.959069	0.23
2624	26	24635.070071	24	-0.959067	0.24
2625	26	24635.070071	25	-0.959067	0.25
2626	26	24635.070071	26	-0.959067	0.26
2627	26	24635.070071	27	-0.959067	0.27
2628	26	24635.070071	28	-0.959076	0.28
2629	26	24635.070071	29	-0.959076	0.29
2630	26	24635.070071	30	-0.959079	0.3
2631	26	24635.070071	31	-0.959078	0.31
2632	26	24635.070071	32	-0.959078	0.32
2633	26	24635.070071	33	-0.959079	0.33
2634	26	24635.070071	34	-0.959073	0.34
2635	26	24635.070071	35	-0.959074	0.35
2636	26	24635.070071	36	-0.959072	0.36
2637	26	24635.070071	37	-0.959071	0.37
2638	26	24635.070071	38	-0.959058	0.38
2639	26	24635.070071	39	-0.959058	0.39
2640	26	24635.070071	40	-0.959057	0.4
2641	26	24635.070071	41	-0.961129	0.41
2642	26	24635.070071	42	-0.961112	0.42
2643	26	24635.070071	43	-0.961115	0.43
2644	26	24635.070071	44	-0.961112	0.44
2645	26	24635.070071	45	-0.961110	0.45
2646	26	24635.070071	46	-0.961110	0.46
2647	26	24635.070071	47	-0.961116	0.47
2648	26	24635.070071	48	-0.961119	0.48
2649	26	24635.070071	49	-0.961114	0.49
2650	26	24635.070071	50	-0.961112	0.5
2651	26	24635.070071	51	-0.961107	0.51
2652	26	24635.070071	52	-0.964453	0.52
2653	26	24635.070071	53	-0.964455	0.53
2654	26	24635.070071	54	-0.966412	0.54
2655	26	24635.070071	55	-0.966413	0.55
2656	26	24635.070071	56	-0.967333	0.56
2657	26	24635.070071	57	-0.967334	0.57
2658	26	24635.070071	58	-0.967330	0.58
2659	26	24635.070071	59	-0.969163	0.59
2660	26	24635.070071	60	-0.969162	0.6
2661	26	24635.070071	61	-0.970002	0.61
2662	26	24635.070071	62	-0.971113	0.62
2663	26	24635.070071	63	-0.971416	0.63
2664	26	24635.070071	64	-0.971417	0.64
2665	26	24635.070071	65	-0.971417	0.64
2666	26	24635.070071	66	-0.971418	0.65
2667	26	24635.070071	67	-0.971418	0.66
2668	26	24635.070071	68	-0.974228	0.67
2669	26	24635.070071	69	-0.974231	0.68
2670	26	24635.070071	70	-0.974227	0.69
2671	26	24635.070071	71	-0.974218	0.7
2672	26	24635.070071	72	-0.974214	0.71
2673	26	24635.070071	73	-0.974214	0.71
2674	26	24635.070071	74	-0.975423	0.72
2675	26	24635.070071	75	-0.975423	0.73
2676	26	24635.070071	76	-0.975426	0.74
2677	26	24635.070071	77	-0.977148	0.75
2678	26	24635.070071	78	-0.977146	0.76
2679	26	24635.070071	79	-0.977142	0.77
2680	26	24635.070071	80	-0.977142	0.78
2681	26	24635.070071	81	-0.977144	0.79
2682	26	24635.070071	82	-0.977144	0.8
2683	26	24635.070071	83	-0.977144	0.81
2684	26	24635.070071	84	-0.979975	0.82
2685	26	24635.070071	85	-0.979973	0.83
2686	26	24635.070071	86	-0.979973	0.84
2687	26	24635.070071	87	-0.979976	0.85
2688	26	24635.070071	88	-0.979976	0.86
2689	26	24635.070071	89	-0.982824	0.87
2690	26	24635.070071	90	-0.982828	0.88
2691	26	24635.070071	91	-0.982827	0.89
2692	26	24635.070071	92	-0.982827	0.9
2693	26	24635.070071	93	-0.982827	0.91
2694	26	24635.070071	94	-0.985507	0.92
2695	26	24635.070071	95	-0.987374	0.93
2696	26	24635.070071	96	-0.990465	0.94
2697	26	24635.070071	97	-0.993534	0.95
2698	26	24635.070071	98	-0.993534	0.95
2699	26	24635.070071	99	-0.993532	0.96
2700	27	27098.577078	0	-0.993534	0.01
2701	27	27098.577078	1	-0.996925	0.02
2702	27	27098.577078	2	-0.996925	0.03
2703	27	27098.577078	3	-0.998078	0.04
2704	27	27098.577078	4	-0.998078	0.04
2705	27	27098.577078	5	-0.998071	0.05
2706	27	27098.577078	6	-0.998071	0.05
2707	27	27098.577078	7	-0.998074	0.06
2708	27	27098.577078	8	-0.998072	0.07
2709	27	27098.577078	9	-0.998074	0.08
2710	27	27098.577078	10	-0.998079	0.09
2711	27	27098.577078	11	-0.998081	0.1
2712	27	27098.577078	12	-0.998062	0.11
2713	27	27098.577078	13	-0.998063	0.12
2714	27	27098.577078	14	-1.000408	0.13
2715	27	27098.577078	15	-1.002291	0.14
2716	27	27098.577078	16	-1.002290	0.15
2717	27	27098.577078	17	-1.003238	0.16
2718	27	27098.577078	18	-1.003236	0.17
2719	27	27098.577078	19	-1.003236	0.17
2720	27	27098.577078	20	-1.003236	0.18
2721	27	27098.577078	21	-1.004785	0.19
2722	27	27098.577078	22	-1.004787	0.2
2723	27	27098.577078	23	-1.004784	0.21
2724	27	27098.577078	24	-1.004790	0.22
2725	27	27098.577078	25	-1.004791	0.23
2726	27	27098.577078	26	-1.004790	0.24
2727	27	27098.577078	27	-1.005241	0.25
2728	27	27098.577078	28	-1.005241	0.26
2729	27	27098.577078	29	-1.005242	0.27
2730	27	27098.577078	30	-1.005241	0.28
2731	27	27098.577078	31	-1.006606	0.29
2732	27	27098.577078	32	-1.006609	0.3
2733	27	27098.577078	33	-1.007606	0.31
2734	27	27098.577078	34	-1.007606	0.31
2735	27	27098.577078	35	-1.007935	0.32
2736	27	27098.577078	36	-1.007933	0.33
2737	27	27098.577078	37	-1.009766	0.34
2738	27	27098.577078	38	-1.010747	0.35
2739	27	27098.577078	39	-1.010747	0.35
2740	27	27098.577078	40	-1.010747	0.35
2741	27	27098.577078	41	-1.010747	0.36
2742	27	27098.577078	42	-1.014072	0.37
2743	27	27098.577078	43	-1.014070	0.38
2744	27	27098.577078	44	-1.014070	0.39
2745	27	27098.577078	45	-1.016278	0.4
2746	27	27098.577078	46	-1.016284	0.41
2747	27	27098.577078	47	-1.016287	0.42
2748	27	27098.577078	48	-1.016287	0.42
2749	27	27098.577078	49	-1.018916	0.43
2750	27	27098.577078	50	-1.018917	0.44
2751	27	27098.577078	51	-1.018918	0.45
2752	27	27098.577078	52	-1.018917	0.46
2753	27	27098.577078	53	-1.018918	0.47
2754	27	27098.577078	54	-1.018918	0.48
2755	27	27098.577078	55	-1.019312	0.49
2756	27	27098.577078	56	-1.019313	0.5
2757	27	27098.577078	57	-1.019316	0.51
2758	27	27098.577078	58	-1.019316	0.51
2759	27	27098.577078	59	-1.019316	0.51
2760	27	27098.577078	60	-1.019313	0.52
2761	27	27098.577078	61	-1.022041	0.53
2762	27	27098.577078	62	-1.022049	0.54
2763	27	27098.577078	63	-1.022050	0.55
2764	27	27098.577078	64	-1.022068	0.56
2765	27	27098.577078	65	-1.022058	0.57
2766	27	27098.577078	66	-1.022070	0.58
2767	27	27098.577078	67	-1.022076	0.59
2768	27	27098.577078	68	-1.022070	0.6
2769	27	27098.577078	69	-1.022070	0.61
2770	27	27098.577078	70	-1.025055	0.62
2771	27	27098.577078	71	-1.025058	0.63
2772	27	27098.577078	72	-1.025058	0.64
2773	27	27098.577078	73	-1.027189	0.65
2774	27	27098.577078	74	-1.030708	0.66
2775	27	27098.577078	75	-1.030709	0.67
2776	27	27098.577078	76	-1.030708	0.68
2777	27	27098.577078	77	-1.033748	0.69
2778	27	27098.577078	78	-1.033748	0.7
2779	27	27098.577078	79	-1.033721	0.71
2780	27	27098.577078	80	-1.033721	0.71
2781	27	27098.577078	81	-1.033714	0.72
2782	27	27098.577078	82	-1.033714	0.73
2783	27	27098.577078	83	-1.033714	0.74
2784	27	27098.577078	84	-1.033721	0.75
2785	27	27098.577078	85	-1.036495	0.76
2786	27	27098.577078	86	-1.036501	0.77
2787	27	27098.577078	87	-1.036502	0.78
2788	27	27098.577078	88	-1.036502	0.79
2789	27	27098.577078	89	-1.036502	0.79
2790	27	27098.577078	90	-1.036499	0.8
2791	27	27098.577078	91	-1.036501	0.81
2792	27	27098.577078	92	-1.036501	0.81
2793	27	27098.577078	93	-1.037936	0.82
2794	27	27098.577078	94	-1.037933	0.83
2795	27	27098.577078	95	-1.037933	0.84
2796	27	27098.577078	96	-1.037931	0.85
2797	27	27098.577078	97	-1.040806	0.86
2798	27	27098.577078	98	-1.040806	0.87
2799	27	27098.577078	99	-1.040805	0.88
2800	28	29808.434786	0	-1.044550	0.01
2801	28	29808.434786	1	-1.044561	0.02
2802	28	29808.434786	2	-1.044563	0.03
2803	28	29808.434786	3	-1.044561	0.04
2804	28	29808.434786	4	-1.044561	0.05
2805	28	29808.434786	5	-1.044556	0.06
2806	28	29808.434786	6	-1.045818	0.07
2807	28	29808.434786	7	-1.045820	0.08
2808	28	29808.434786	8	-1.045818	0.09
2809	28	29808.434786	9	-1.045818	0.1
2810	28	29808.434786	10	-1.047723	0.11
2811	28	29808.434786	11	-1.047723	0.12
2812	28	29808.434786	12	-1.047714	0.13
2813	28	29808.434786	13	-1.047715	0.14
2814	28	29808.434786	14	-1.047713	0.15
2815	28	29808.434786	15	-1.049323	0.16
2816	28	29808.434786	16	-1.051985	0.17
2817	28	29808.434786	17	-1.051985	0.17
2818	28	29808.434786	18	-1.051985	0.18
2819	28	29808.434786	19	-1.051989	0.19
2820	28	29808.434786	20	-1.051991	0.2
2821	28	29808.434786	21	-1.052516	0.21
2822	28	29808.434786	22	-1.055981	0.22
2823	28	29808.434786	23	-1.055981	0.22
2824	28	29808.434786	24	-1.059355	0.23
2825	28	29808.434786	25	-1.059351	0.24
2826	28	29808.434786	26	-1.062570	0.25
2827	28	29808.434786	27	-1.063891	0.26
2828	28	29808.434786	28	-1.063892	0.27
2829	28	29808.434786	29	-1.063891	0.28
2830	28	29808.434786	30	-1.064651	0.29
2831	28	29808.434786	31	-1.064652	0.3
2832	28	29808.434786	32	-1.064648	0.31
2833	28	29808.434786	33	-1.065650	0.32
2834	28	29808.434786	34	-1.065649	0.33
2835	28	29808.434786	35	-1.065652	0.34
2836	28	29808.434786	36	-1.065693	0.35
2837	28	29808.434786	37	-1.067928	0.36
2838	28	29808.434786	38	-1.070624	0.37
2839	28	29808.434786	39	-1.070625	0.38
2840	28	29808.434786	40	-1.070628	0.39
2841	28	29808.434786	41	-1.073021	0.4
2842	28	29808.434786	42	-1.073021	0.4
2843	28	29808.434786	43	-1.073022	0.41
2844	28	29808.434786	44	-1.073022	0.42
2845	28	29808.434786	45	-1.073021	0.43
2846	28	29808.434786	46	-1.073025	0.44
2847	28	29808.434786	47	-1.073025	0.45
2848	28	29808.434786	48	-1.073023	0.46
2849	28	29808.434786	49	-1.073024	0.47
2850	28	29808.434786	50	-1.076180	0.48
2851	28	29808.434786	51	-1.076180	0.48
2852	28	29808.434786	52	-1.076182	0.49
2853	28	29808.434786	53	-1.076183	0.5
2854	28	29808.434786	54	-1.076176	0.51
2855	28	29808.434786	55	-1.079604	0.52
2856	28	29808.434786	56	-1.083252	0.53
2857	28	29808.434786	57	-1.083251	0.54
2858	28	29808.434786	58	-1.083255	0.55
2859	28	29808.434786	59	-1.083254	0.56
2860	28	29808.434786	60	-1.083254	0.56
2861	28	29808.434786	61	-1.083254	0.57
2862	28	29808.434786	62	-1.083252	0.58
2863	28	29808.434786	63	-1.083256	0.59
2864	28	29808.434786	64	-1.083256	0.59
2865	28	29808.434786	65	-1.083250	0.6
2866	28	29808.434786	66	-1.083250	0.61
2867	28	29808.434786	67	-1.083247	0.62
2868	28	29808.434786	68	-1.085593	0.63
2869	28	29808.434786	69	-1.085588	0.64
2870	28	29808.434786	70	-1.085589	0.65
2871	28	29808.434786	71	-1.085589	0.65
2872	28	29808.434786	72	-1.085589	0.66
2873	28	29808.434786	73	-1.087743	0.67
2874	28	29808.434786	74	-1.087752	0.68
2875	28	29808.434786	75	-1.087757	0.69
2876	28	29808.434786	76	-1.087756	0.7
2877	28	29808.434786	77	-1.087766	0.71
2878	28	29808.434786	78	-1.087786	0.72
2879	28	29808.434786	79	-1.087788	0.73
2880	28	29808.434786	80	-1.087787	0.74
2881	28	29808.434786	81	-1.087921	0.75
2882	28	29808.434786	82	-1.090162	0.76
2883	28	29808.434786	83	-1.090163	0.77
2884	28	29808.434786	84	-1.090165	0.78
2885	28	29808.434786	85	-1.091168	0.79
2886	28	29808.434786	86	-1.091168	0.8
2887	28	29808.434786	87	-1.093923	0.81
2888	28	29808.434786	88	-1.093922	0.82
2889	28	29808.434786	89	-1.093913	0.83
2890	28	29808.434786	90	-1.094687	0.84
2891	28	29808.434786	91	-1.097187	0.85
2892	28	29808.434786	92	-1.097187	0.86
2893	28	29808.434786	93	-1.099611	0.87
2894	28	29808.434786	94	-1.099611	0.87
2895	28	29808.434786	95	-1.099611	0.88
2896	28	29808.434786	96	-1.099611	0.88
2897	28	29808.434786	97	-1.099611	0.88
2898	28	29808.434786	98	-1.099614	0.89
2899	28	29808.434786	99	-1.099614	0.89
2900	29	32789.278265	0	-1.099610	0.01
2901	29	32789.278265	1	-1.099610	0.01
2902	29	32789.278265	2	-1.099607	0.02
2903	29	32789.278265	3	-1.099607	0.02
2904	29	32789.278265	4	-1.099613	0.03
2905	29	32789.278265	5	-1.099617	0.04
2906	29	32789.278265	6	-1.099616	0.05
2907	29	32789.278265	7	-1.099615	0.06
2908	29	32789.278265	8	-1.099610	0.07
2909	29	32789.278265	9	-1.099611	0.08
2910	29	32789.278265	10	-1.099599	0.09
2911	29	32789.278265	11	-1.099606	0.1
2912	29	32789.278265	12	-1.099605	0.11
2913	29	32789.278265	13	-1.099606	0.12
2914	29	32789.278265	14	-1.100817	0.13
2915	29	32789.278265	15	-1.100829	0.14
2916	29	32789.278265	16	-1.100826	0.15
2917	29	32789.278265	17	-1.100830	0.16
2918	29	32789.278265	18	-1.100829	0.17
2919	29	32789.278265	19	-1.100839	0.18
2920	29	32789.278265	20	-1.100838	0.19
2921	29	32789.278265	21	-1.101291	0.2
2922	29	32789.278265	22	-1.101290	0.21
2923	29	32789.278265	23	-1.101290	0.21
2924	29	32789.278265	24	-1.101290	0.22
2925	29	32789.278265	25	-1.101296	0.23
2926	29	32789.278265	26	-1.102642	0.24
2927	29	32789.278265	27	-1.102644	0.25
2928	29	32789.278265	28	-1.102643	0.26
2929	29	32789.278265	29	-1.102643	0.27
2930	29	32789.278265	30	-1.102646	0.28
2931	29	32789.278265	31	-1.104118	0.29
2932	29	32789.278265	32	-1.104118	0.29
2933	29	32789.278265	33	-1.104118	0.3
2934	29	32789.278265	34	-1.107056	0.31
2935	29	32789.278265	35	-1.109260	0.32
2936	29	32789.278265	36	-1.109262	0.33
2937	29	32789.278265	37	-1.110794	0.34
2938	29	32789.278265	38	-1.110798	0.35
2939	29	32789.278265	39	-1.110796	0.36
2940	29	32789.278265	40	-1.110799	0.37
2941	29	32789.278265	41	-1.110799	0.38
2942	29	32789.278265	42	-1.110805	0.39
2943	29	32789.278265	43	-1.114441	0.4
2944	29	32789.278265	44	-1.117047	0.41
2945	29	32789.278265	45	-1.118340	0.42
2946	29	32789.278265	46	-1.121856	0.43
2947	29	32789.278265	47	-1.121864	0.44
2948	29	32789.278265	48	-1.121866	0.45
2949	29	32789.278265	49	-1.124936	0.46
2950	29	32789.278265	50	-1.124941	0.47
2951	29	32789.278265	51	-1.124938	0.48
2952	29	32789.278265	52	-1.124927	0.49
2953	29	32789.278265	53	-1.124915	0.5
2954	29	32789.278265	54	-1.126663	0.51
2955	29	32789.278265	55	-1.126664	0.52
2956	29	32789.278265	56	-1.127298	0.53
2957	29	32789.278265	57	-1.129585	0.54
2958	29	32789.278265	58	-1.131443	0.55
2959	29	32789.278265	59	-1.131443	0.56
2960	29	32789.278265	60	-1.133660	0.57
2961	29	32789.278265	61	-1.137122	0.58
2962	29	32789.278265	62	-1.137125	0.59
2963	29	32789.278265	63	-1.140621	0.6
2964	29	32789.278265	64	-1.140621	0.61
2965	29	32789.278265	65	-1.140621	0.62
2966	29	32789.278265	66	-1.143479	0.63
2967	29	32789.278265	67	-1.143483	0.64
2968	29	32789.278265	68	-1.143484	0.65
2969	29	32789.278265	69	-1.143480	0.66
2970	29	32789.278265	70	-1.143481	0.67
2971	29	32789.278265	71	-1.143481	0.67
2972	29	32789.278265	72	-1.143480	0.68
2973	29	32789.278265	73	-1.143490	0.69
2974	29	32789.278265	74	-1.143493	0.7
2975	29	32789.278265	75	-1.144050	0.71
2976	29	32789.278265	76	-1.144050	0.72
2977	29	32789.278265	77	-1.144037	0.73
2978	29	32789.278265	78	-1.144042	0.74
2979	29	32789.278265	79	-1.144042	0.75
2980	29	32789.278265	80	-1.147687	0.76
2981	29	32789.278265	81	-1.147689	0.77
2982	29	32789.278265	82	-1.147689	0.77
2983	29	32789.278265	83	-1.150682	0.78
2984	29	32789.278265	84	-1.150682	0.79
2985	29	32789.278265	85	-1.153664	0.8
2986	29	32789.278265	86	-1.153664	0.8
2987	29	32789.278265	87	-1.155187	0.81
2988	29	32789.278265	88	-1.156493	0.82
2989	29	32789.278265	89	-1.158921	0.83
2990	29	32789.278265	90	-1.158920	0.84
2991	29	32789.278265	91	-1.160840	0.85
2992	29	32789.278265	92	-1.160840	0.85
2993	29	32789.278265	93	-1.160840	0.85
2994	29	32789.278265	94	-1.163067	0.86
2995	29	32789.278265	95	-1.163729	0.87
2996	29	32789.278265	96	-1.163733	0.88
2997	29	32789.278265	97	-1.163779	0.89
2998	29	32789.278265	98	-1.163782	0.9
2999	29	32789.278265	99	-1.163782	0.91
3000	30	36068.206091	0	-1.163782	0.01
3001	30	36068.206091	1	-1.163782	0.01
3002	30	36068.206091	2	-1.163784	0.02
3003	30	36068.206091	3	-1.167165	0.03
3004	30	36068.206091	4	-1.167165	0.04
3005	30	36068.206091	5	-1.167164	0.05
3006	30	36068.206091	6	-1.167167	0.06
3007	30	36068.206091	7	-1.167167	0.07
3008	30	36068.206091	8	-1.167166	0.08
3009	30	36068.206091	9	-1.167158	0.09
3010	30	36068.206091	10	-1.167153	0.1
3011	30	36068.206091	11	-1.167160	0.11
3012	30	36068.206091	12	-1.168311	0.12
3013	30	36068.206091	13	-1.168324	0.13
3014	30	36068.206091	14	-1.168327	0.14
3015	30	36068.206091	15	-1.168329	0.15
3016	30	36068.206091	16	-1.168328	0.16
3017	30	36068.206091	17	-1.168334	0.17
3018	30	36068.206091	18	-1.168325	0.18
3019	30	36068.206091	19	-1.168329	0.19
3020	30	36068.206091	20	-1.168329	0.19
3021	30	36068.206091	21	-1.168331	0.2
3022	30	36068.206091	22	-1.168327	0.21
3023	30	36068.206091	23	-1.171918	0.22
3024	30	36068.206091	24	-1.174928	0.23
3025	30	36068.206091	25	-1.174928	0.24
3026	30	36068.206091	26	-1.174926	0.25
3027	30	36068.206091	27	-1.174926	0.26
3028	30	36068.206091	28	-1.178898	0.27
3029	30	36068.206091	29	-1.178898	0.27
3030	30	36068.206091	30	-1.178911	0.28
3031	30	36068.206091	31	-1.178915	0.29
3032	30	36068.206091	32	-1.178933	0.3
3033	30	36068.206091	33	-1.178933	0.3
3034	30	36068.206091	34	-1.178946	0.31
3035	30	36068.206091	35	-1.178945	0.32
3036	30	36068.206091	36	-1.179103	0.33
3037	30	36068.206091	37	-1.179117	0.34
3038	30	36068.206091	38	-1.179115	0.35
3039	30	36068.206091	39	-1.179123	0.36
3040	30	36068.206091	40	-1.182001	0.37
3041	30	36068.206091	41	-1.182001	0.37
3042	30	36068.206091	42	-1.181992	0.38
3043	30	36068.206091	43	-1.181992	0.39
3044	30	36068.206091	44	-1.181992	0.4
3045	30	36068.206091	45	-1.181995	0.41
3046	30	36068.206091	46	-1.181995	0.42
3047	30	36068.206091	47	-1.181995	0.43
3048	30	36068.206091	48	-1.182324	0.44
3049	30	36068.206091	49	-1.182328	0.45
3050	30	36068.206091	50	-1.185654	0.46
3051	30	36068.206091	51	-1.185664	0.47
3052	30	36068.206091	52	-1.189126	0.48
3053	30	36068.206091	53	-1.189129	0.49
3054	30	36068.206091	54	-1.189129	0.5
3055	30	36068.206091	55	-1.192836	0.51
3056	30	36068.206091	56	-1.192841	0.52
3057	30	36068.206091	57	-1.196523	0.53
3058	30	36068.206091	58	-1.196521	0.54
3059	30	36068.206091	59	-1.196520	0.55
3060	30	36068.206091	60	-1.196520	0.56
3061	30	36068.206091	61	-1.199057	0.57
3062	30	36068.206091	62	-1.199055	0.58
3063	30	36068.206091	63	-1.199055	0.58
3064	30	36068.206091	64	-1.199740	0.59
3065	30	36068.206091	65	-1.199738	0.6
3066	30	36068.206091	66	-1.199738	0.61
3067	30	36068.206091	67	-1.202222	0.62
3068	30	36068.206091	68	-1.205528	0.63
3069	30	36068.206091	69	-1.205567	0.64
3070	30	36068.206091	70	-1.205567	0.65
3071	30	36068.206091	71	-1.205568	0.66
3072	30	36068.206091	72	-1.205568	0.67
3073	30	36068.206091	73	-1.205567	0.68
3074	30	36068.206091	74	-1.205568	0.69
3075	30	36068.206091	75	-1.207632	0.7
3076	30	36068.206091	76	-1.210962	0.71
3077	30	36068.206091	77	-1.212201	0.72
3078	30	36068.206091	78	-1.212199	0.73
3079	30	36068.206091	79	-1.212439	0.74
3080	30	36068.206091	80	-1.212439	0.74
3081	30	36068.206091	81	-1.212439	0.74
3082	30	36068.206091	82	-1.212427	0.75
3083	30	36068.206091	83	-1.212427	0.76
3084	30	36068.206091	84	-1.212420	0.77
3085	30	36068.206091	85	-1.212706	0.78
3086	30	36068.206091	86	-1.216375	0.79
3087	30	36068.206091	87	-1.216375	0.8
3088	30	36068.206091	88	-1.216375	0.81
3089	30	36068.206091	89	-1.217160	0.82
3090	30	36068.206091	90	-1.219173	0.83
3091	30	36068.206091	91	-1.219165	0.84
3092	30	36068.206091	92	-1.219165	0.85
3093	30	36068.206091	93	-1.219166	0.86
3094	30	36068.206091	94	-1.219621	0.87
3095	30	36068.206091	95	-1.219621	0.87
3096	30	36068.206091	96	-1.219621	0.88
3097	30	36068.206091	97	-1.219632	0.89
3098	30	36068.206091	98	-1.219636	0.9
3099	30	36068.206091	99	-1.219636	0.91
3100	31	39675.026700	0	-1.219642	0.01
3101	31	39675.026700	1	-1.219641	0.02
3102	31	39675.026700	2	-1.219644	0.03
3103	31	39675.026700	3	-1.219823	0.04
3104	31	39675.026700	4	-1.219824	0.05
3105	31	39675.026700	5	-1.219852	0.06
3106	31	39675.026700	6	-1.219852	0.06
3107	31	39675.026700	7	-1.222683	0.07
3108	31	39675.026700	8	-1.222681	0.08
3109	31	39675.026700	9	-1.222680	0.09
3110	31	39675.026700	10	-1.222681	0.1
3111	31	39675.026700	11	-1.222703	0.11
3112	31	39675.026700	12	-1.222701	0.12
3113	31	39675.026700	13	-1.222695	0.13
3114	31	39675.026700	14	-1.224144	0.14
3115	31	39675.026700	15	-1.224140	0.15
3116	31	39675.026700	16	-1.224141	0.16
3117	31	39675.026700	17	-1.224144	0.17
3118	31	39675.026700	18	-1.226581	0.18
3119	31	39675.026700	19	-1.226599	0.19
3120	31	39675.026700	20	-1.226599	0.2
3121	31	39675.026700	21	-1.226599	0.2
3122	31	39675.026700	22	-1.226599	0.2
3123	31	39675.026700	23	-1.230905	0.21
3124	31	39675.026700	24	-1.235114	0.22
3125	31	39675.026700	25	-1.235115	0.23
3126	31	39675.026700	26	-1.235954	0.24
3127	31	39675.026700	27	-1.235954	0.25
3128	31	39675.026700	28	-1.235954	0.25
3129	31	39675.026700	29	-1.235954	0.26
3130	31	39675.026700	30	-1.239836	0.27
3131	31	39675.026700	31	-1.241528	0.28
3132	31	39675.026700	32	-1.241543	0.29
3133	31	39675.026700	33	-1.241543	0.3
3134	31	39675.026700	34	-1.243357	0.31
3135	31	39675.026700	35	-1.245581	0.32
3136	31	39675.026700	36	-1.245582	0.33
3137	31	39675.026700	37	-1.245582	0.33
3138	31	39675.026700	38	-1.245589	0.34
3139	31	39675.026700	39	-1.245589	0.35
3140	31	39675.026700	40	-1.245589	0.35
3141	31	39675.026700	41	-1.245591	0.36
3142	31	39675.026700	42	-1.246252	0.37
3143	31	39675.026700	43	-1.247488	0.38
3144	31	39675.026700	44	-1.247488	0.39
3145	31	39675.026700	45	-1.251239	0.4
3146	31	39675.026700	46	-1.251230	0.41
3147	31	39675.026700	47	-1.251230	0.41
3148	31	39675.026700	48	-1.251230	0.42
3149	31	39675.026700	49	-1.251230	0.42
3150	31	39675.026700	50	-1.251204	0.43
3151	31	39675.026700	51	-1.251204	0.43
3152	31	39675.026700	52	-1.255492	0.44
3153	31	39675.026700	53	-1.255492	0.45
3154	31	39675.026700	54	-1.255492	0.46
3155	31	39675.026700	55	-1.258764	0.47
3156	31	39675.026700	56	-1.258764	0.48
3157	31	39675.026700	57	-1.258758	0.49
3158	31	39675.026700	58	-1.261659	0.5
3159	31	39675.026700	59	-1.261653	0.51
3160	31	39675.026700	60	-1.261653	0.52
3161	31	39675.026700	61	-1.261654	0.53
3162	31	39675.026700	62	-1.261667	0.54
3163	31	39675.026700	63	-1.261665	0.55
3164	31	39675.026700	64	-1.262539	0.56
3165	31	39675.026700	65	-1.262539	0.57
3166	31	39675.026700	66	-1.262537	0.58
3167	31	39675.026700	67	-1.263433	0.59
3168	31	39675.026700	68	-1.263442	0.6
3169	31	39675.026700	69	-1.263444	0.61
3170	31	39675.026700	70	-1.263444	0.61
3171	31	39675.026700	71	-1.265572	0.62
3172	31	39675.026700	72	-1.269504	0.63
3173	31	39675.026700	73	-1.271493	0.64
3174	31	39675.026700	74	-1.271490	0.65
3175	31	39675.026700	75	-1.271492	0.66
3176	31	39675.026700	76	-1.271491	0.67
3177	31	39675.026700	77	-1.271488	0.68
3178	31	39675.026700	78	-1.271488	0.69
3179	31	39675.026700	79	-1.273813	0.7
3180	31	39675.026700	80	-1.277664	0.71
3181	31	39675.026700	81	-1.277666	0.72
3182	31	39675.026700	82	-1.277666	0.73
3183	31	39675.026700	83	-1.277666	0.73
3184	31	39675.026700	84	-1.280748	0.74
3185	31	39675.026700	85	-1.280749	0.75
3186	31	39675.026700	86	-1.283788	0.76
3187	31	39675.026700	87	-1.283788	0.76
3188	31	39675.026700	88	-1.283795	0.77
3189	31	39675.026700	89	-1.288206	0.78
3190	31	39675.026700	90	-1.288206	0.79
3191	31	39675.026700	91	-1.288206	0.79
3192	31	39675.026700	92	-1.288209	0.8
3193	31	39675.026700	93	-1.288207	0.81
3194	31	39675.026700	94	-1.288201	0.82
3195	31	39675.026700	95	-1.292022	0.83
3196	31	39675.026700	96	-1.292022	0.83
3197	31	39675.026700	97	-1.292018	0.84
3198	31	39675.026700	98	-1.292017	0.85
3199	31	39675.026700	99	-1.292019	0.86
3200	32	43642.529370	0	-1.296018	0.01
3201	32	43642.529370	1	-1.296014	0.02
3202	32	43642.529370	2	-1.296660	0.03
3203	32	43642.529370	3	-1.296654	0.04
3204	32	43642.529370	4	-1.296654	0.04
3205	32	43642.529370	5	-1.297180	0.05
3206	32	43642.529370	6	-1.297198	0.06
3207	32	43642.529370	7	-1.297198	0.07
3208	32	43642.529370	8	-1.299019	0.08
3209	32	43642.529370	9	-1.299021	0.09
3210	32	43642.529370	10	-1.299033	0.1
3211	32	43642.529370	11	-1.299057	0.11
3212	32	43642.529370	12	-1.299058	0.12
3213	32	43642.529370	13	-1.300628	0.13
3214	32	43642.529370	14	-1.300626	0.14
3215	32	43642.529370	15	-1.300624	0.15
3216	32	43642.529370	16	-1.300624	0.16
3217	32	43642.529370	17	-1.301724	0.17
3218	32	43642.529370	18	-1.306132	0.18
3219	32	43642.529370	19	-1.306132	0.19
3220	32	43642.529370	20	-1.310316	0.2
3221	32	43642.529370	21	-1.313137	0.21
3222	32	43642.529370	22	-1.313133	0.22
3223	32	43642.529370	23	-1.313134	0.23
3224	32	43642.529370	24	-1.316076	0.24
3225	32	43642.529370	25	-1.316076	0.25
3226	32	43642.529370	26	-1.319286	0.26
3227	32	43642.529370	27	-1.319271	0.27
3228	32	43642.529370	28	-1.319271	0.28
3229	32	43642.529370	29	-1.319266	0.29
3230	32	43642.529370	30	-1.322764	0.3
3231	32	43642.529370	31	-1.326076	0.31
3232	32	43642.529370	32	-1.326076	0.32
3233	32	43642.529370	33	-1.326082	0.33
3234	32	43642.529370	34	-1.326105	0.34
3235	32	43642.529370	35	-1.326105	0.35
3236	32	43642.529370	36	-1.326119	0.36
3237	32	43642.529370	37	-1.328897	0.37
3238	32	43642.529370	38	-1.328895	0.38
3239	32	43642.529370	39	-1.329302	0.39
3240	32	43642.529370	40	-1.329305	0.4
3241	32	43642.529370	41	-1.330568	0.41
3242	32	43642.529370	42	-1.330566	0.42
3243	32	43642.529370	43	-1.333500	0.43
3244	32	43642.529370	44	-1.333500	0.44
3245	32	43642.529370	45	-1.338033	0.45
3246	32	43642.529370	46	-1.341899	0.46
3247	32	43642.529370	47	-1.341894	0.47
3248	32	43642.529370	48	-1.346482	0.48
3249	32	43642.529370	49	-1.350907	0.49
3250	32	43642.529370	50	-1.350907	0.5
3251	32	43642.529370	51	-1.350907	0.5
3252	32	43642.529370	52	-1.350910	0.51
3253	32	43642.529370	53	-1.350910	0.51
3254	32	43642.529370	54	-1.350909	0.52
3255	32	43642.529370	55	-1.350914	0.53
3256	32	43642.529370	56	-1.350914	0.53
3257	32	43642.529370	57	-1.350980	0.54
3258	32	43642.529370	58	-1.350980	0.55
3259	32	43642.529370	59	-1.350981	0.56
3260	32	43642.529370	60	-1.350982	0.57
3261	32	43642.529370	61	-1.350981	0.58
3262	32	43642.529370	62	-1.350981	0.59
3263	32	43642.529370	63	-1.350981	0.59
3264	32	43642.529370	64	-1.354831	0.6
3265	32	43642.529370	65	-1.354832	0.61
3266	32	43642.529370	66	-1.357841	0.62
3267	32	43642.529370	67	-1.362198	0.63
3268	32	43642.529370	68	-1.362499	0.64
3269	32	43642.529370	69	-1.366586	0.65
3270	32	43642.529370	70	-1.366592	0.66
3271	32	43642.529370	71	-1.370282	0.67
3272	32	43642.529370	72	-1.371830	0.68
3273	32	43642.529370	73	-1.372689	0.69
3274	32	43642.529370	74	-1.372700	0.7
3275	32	43642.529370	75	-1.372700	0.71
3276	32	43642.529370	76	-1.372699	0.72
3277	32	43642.529370	77	-1.372699	0.72
3278	32	43642.529370	78	-1.373831	0.73
3279	32	43642.529370	79	-1.377684	0.74
3280	32	43642.529370	80	-1.377675	0.75
3281	32	43642.529370	81	-1.377676	0.76
3282	32	43642.529370	82	-1.379364	0.77
3283	32	43642.529370	83	-1.383842	0.78
3284	32	43642.529370	84	-1.383851	0.79
3285	32	43642.529370	85	-1.386226	0.8
3286	32	43642.529370	86	-1.389478	0.81
3287	32	43642.529370	87	-1.389478	0.82
3288	32	43642.529370	88	-1.392315	0.83
3289	32	43642.529370	89	-1.392314	0.84
3290	32	43642.529370	90	-1.392314	0.84
3291	32	43642.529370	91	-1.392344	0.85
3292	32	43642.529370	92	-1.392344	0.85
3293	32	43642.529370	93	-1.392344	0.86
3294	32	43642.529370	94	-1.392346	0.87
3295	32	43642.529370	95	-1.392319	0.88
3296	32	43642.529370	96	-1.392329	0.89
3297	32	43642.529370	97	-1.392337	0.9
3298	32	43642.529370	98	-1.392337	0.9
3299	32	43642.529370	99	-1.392337	0.91
3300	33	48006.782307	0	-1.392329	0.01
3301	33	48006.782307	1	-1.392439	0.02
3302	33	48006.782307	2	-1.392439	0.03
3303	33	48006.782307	3	-1.392452	0.04
3304	33	48006.782307	4	-1.393476	0.05
3305	33	48006.782307	5	-1.393475	0.06
3306	33	48006.782307	6	-1.398238	0.07
3307	33	48006.782307	7	-1.398460	0.08
3308	33	48006.782307	8	-1.402560	0.09
3309	33	48006.782307	9	-1.402581	0.1
3310	33	48006.782307	10	-1.402571	0.11
3311	33	48006.782307	11	-1.403094	0.12
3312	33	48006.782307	12	-1.406748	0.13
3313	33	48006.782307	13	-1.406748	0.13
3314	33	48006.782307	14	-1.406803	0.14
3315	33	48006.782307	15	-1.406793	0.15
3316	33	48006.782307	16	-1.406789	0.16
3317	33	48006.782307	17	-1.406799	0.17
3318	33	48006.782307	18	-1.406797	0.18
3319	33	48006.782307	19	-1.406797	0.19
3320	33	48006.782307	20	-1.406797	0.2
3321	33	48006.782307	21	-1.406797	0.2
3322	33	48006.782307	22	-1.406798	0.21
3323	33	48006.782307	23	-1.406799	0.22
3324	33	48006.782307	24	-1.408495	0.23
3325	33	48006.782307	25	-1.408495	0.23
3326	33	48006.782307	26	-1.408495	0.23
3327	33	48006.782307	27	-1.408506	0.24
3328	33	48006.782307	28	-1.411912	0.25
3329	33	48006.782307	29	-1.411912	0.26
3330	33	48006.782307	30	-1.411909	0.27
3331	33	48006.782307	31	-1.416436	0.28
3332	33	48006.782307	32	-1.416429	0.29
3333	33	48006.782307	33	-1.416430	0.3
3334	33	48006.782307	34	-1.416430	0.31
3335	33	48006.782307	35	-1.416424	0.32
3336	33	48006.782307	36	-1.416426	0.33
3337	33	48006.782307	37	-1.416435	0.34
3338	33	48006.782307	38	-1.416435	0.35
3339	33	48006.782307	39	-1.418343	0.36
3340	33	48006.782307	40	-1.418343	0.36
3341	33	48006.782307	41	-1.418345	0.37
3342	33	48006.782307	42	-1.422890	0.38
3343	33	48006.782307	43	-1.422892	0.39
3344	33	48006.782307	44	-1.425651	0.4
3345	33	48006.782307	45	-1.429716	0.41
3346	33	48006.782307	46	-1.432451	0.42
3347	33	48006.782307	47	-1.432450	0.43
3348	33	48006.782307	48	-1.432703	0.44
3349	33	48006.782307	49	-1.435943	0.45
3350	33	48006.782307	50	-1.435943	0.45
3351	33	48006.782307	51	-1.435943	0.45
3352	33	48006.782307	52	-1.435955	0.46
3353	33	48006.782307	53	-1.437569	0.47
3354	33	48006.782307	54	-1.437569	0.47
3355	33	48006.782307	55	-1.437592	0.48
3356	33	48006.782307	56	-1.437590	0.49
3357	33	48006.782307	57	-1.437590	0.5
3358	33	48006.782307	58	-1.437591	0.51
3359	33	48006.782307	59	-1.437591	0.51
3360	33	48006.782307	60	-1.437589	0.52
3361	33	48006.782307	61	-1.437589	0.52
3362	33	48006.782307	62	-1.437589	0.52
3363	33	48006.782307	63	-1.437598	0.53
3364	33	48006.782307	64	-1.437599	0.54
3365	33	48006.782307	65	-1.437599	0.54
3366	33	48006.782307	66	-1.441413	0.55
3367	33	48006.782307	67	-1.441412	0.56
3368	33	48006.782307	68	-1.442573	0.57
3369	33	48006.782307	69	-1.446997	0.58
3370	33	48006.782307	70	-1.448420	0.59
3371	33	48006.782307	71	-1.448414	0.6
3372	33	48006.782307	72	-1.448669	0.61
3373	33	48006.782307	73	-1.448669	0.61
3374	33	48006.782307	74	-1.448670	0.62
3375	33	48006.782307	75	-1.449040	0.63
3376	33	48006.782307	76	-1.449041	0.64
3377	33	48006.782307	77	-1.449023	0.65
3378	33	48006.782307	78	-1.449025	0.66
3379	33	48006.782307	79	-1.449258	0.67
3380	33	48006.782307	80	-1.449259	0.68
3381	33	48006.782307	81	-1.449259	0.69
3382	33	48006.782307	82	-1.449250	0.7
3383	33	48006.782307	83	-1.449244	0.71
3384	33	48006.782307	84	-1.452169	0.72
3385	33	48006.782307	85	-1.452552	0.73
3386	33	48006.782307	86	-1.455685	0.74
3387	33	48006.782307	87	-1.455684	0.75
3388	33	48006.782307	88	-1.455674	0.76
3389	33	48006.782307	89	-1.455670	0.77
3390	33	48006.782307	90	-1.455670	0.77
3391	33	48006.782307	91	-1.455680	0.78
3392	33	48006.782307	92	-1.455680	0.79
3393	33	48006.782307	93	-1.455680	0.8
3394	33	48006.782307	94	-1.455665	0.81
3395	33	48006.782307	95	-1.457926	0.82
3396	33	48006.782307	96	-1.457927	0.83
3397	33	48006.782307	97	-1.462481	0.84
3398	33	48006.782307	98	-1.462481	0.85
3399	33	48006.782307	99	-1.466887	0.86
3400	34	52807.460538	0	-1.466886	0.01
3401	34	52807.460538	1	-1.466886	0.02
3402	34	52807.460538	2	-1.466888	0.03
3403	34	52807.460538	3	-1.466891	0.04
3404	34	52807.460538	4	-1.466892	0.05
3405	34	52807.460538	5	-1.466899	0.06
3406	34	52807.460538	6	-1.466897	0.07
3407	34	52807.460538	7	-1.466897	0.08
3408	34	52807.460538	8	-1.466898	0.09
3409	34	52807.460538	9	-1.468633	0.1
3410	34	52807.460538	10	-1.468642	0.11
3411	34	52807.460538	11	-1.468639	0.12
3412	34	52807.460538	12	-1.468641	0.13
3413	34	52807.460538	13	-1.470006	0.14
3414	34	52807.460538	14	-1.469998	0.15
3415	34	52807.460538	15	-1.470389	0.16
3416	34	52807.460538	16	-1.470389	0.17
3417	34	52807.460538	17	-1.470460	0.18
3418	34	52807.460538	18	-1.470462	0.19
3419	34	52807.460538	19	-1.470462	0.19
3420	34	52807.460538	20	-1.472858	0.2
3421	34	52807.460538	21	-1.472857	0.21
3422	34	52807.460538	22	-1.472861	0.22
3423	34	52807.460538	23	-1.477601	0.23
3424	34	52807.460538	24	-1.481341	0.24
3425	34	52807.460538	25	-1.481340	0.25
3426	34	52807.460538	26	-1.481332	0.26
3427	34	52807.460538	27	-1.484467	0.27
3428	34	52807.460538	28	-1.484467	0.28
3429	34	52807.460538	29	-1.484508	0.29
3430	34	52807.460538	30	-1.484508	0.3
3431	34	52807.460538	31	-1.484506	0.31
3432	34	52807.460538	32	-1.487203	0.32
3433	34	52807.460538	33	-1.487203	0.32
3434	34	52807.460538	34	-1.488979	0.33
3435	34	52807.460538	35	-1.488974	0.34
3436	34	52807.460538	36	-1.488974	0.34
3437	34	52807.460538	37	-1.488971	0.35
3438	34	52807.460538	38	-1.492201	0.36
3439	34	52807.460538	39	-1.495823	0.37
3440	34	52807.460538	40	-1.495824	0.38
3441	34	52807.460538	41	-1.495824	0.38
3442	34	52807.460538	42	-1.497300	0.39
3443	34	52807.460538	43	-1.497308	0.4
3444	34	52807.460538	44	-1.497308	0.4
3445	34	52807.460538	45	-1.501492	0.41
3446	34	52807.460538	46	-1.505471	0.42
3447	34	52807.460538	47	-1.508101	0.43
3448	34	52807.460538	48	-1.508097	0.44
3449	34	52807.460538	49	-1.510982	0.45
3450	34	52807.460538	50	-1.510982	0.46
3451	34	52807.460538	51	-1.510982	0.46
3452	34	52807.460538	52	-1.510983	0.47
3453	34	52807.460538	53	-1.510983	0.47
3454	34	52807.460538	54	-1.510975	0.48
3455	34	52807.460538	55	-1.515433	0.49
3456	34	52807.460538	56	-1.515433	0.49
3457	34	52807.460538	57	-1.520239	0.5
3458	34	52807.460538	58	-1.522676	0.51
3459	34	52807.460538	59	-1.522678	0.52
3460	34	52807.460538	60	-1.525685	0.53
3461	34	52807.460538	61	-1.525685	0.53
3462	34	52807.460538	62	-1.525685	0.54
3463	34	52807.460538	63	-1.526455	0.55
3464	34	52807.460538	64	-1.526455	0.55
3465	34	52807.460538	65	-1.527943	0.56
3466	34	52807.460538	66	-1.527963	0.57
3467	34	52807.460538	67	-1.527979	0.58
3468	34	52807.460538	68	-1.532938	0.59
3469	34	52807.460538	69	-1.532949	0.6
3470	34	52807.460538	70	-1.532957	0.61
3471	34	52807.460538	71	-1.533512	0.62
3472	34	52807.460538	72	-1.534445	0.63
3473	34	52807.460538	73	-1.534441	0.64
3474	34	52807.460538	74	-1.534594	0.65
3475	34	52807.460538	75	-1.539516	0.66
3476	34	52807.460538	76	-1.539524	0.67
3477	34	52807.460538	77	-1.539535	0.68
3478	34	52807.460538	78	-1.539535	0.69
3479	34	52807.460538	79	-1.544421	0.7
3480	34	52807.460538	80	-1.548524	0.71
3481	34	52807.460538	81	-1.548543	0.72
3482	34	52807.460538	82	-1.548543	0.72
3483	34	52807.460538	83	-1.548540	0.73
3484	34	52807.460538	84	-1.548558	0.74
3485	34	52807.460538	85	-1.548580	0.75
3486	34	52807.460538	86	-1.548583	0.76
3487	34	52807.460538	87	-1.548586	0.77
3488	34	52807.460538	88	-1.548586	0.77
3489	34	52807.460538	89	-1.548586	0.78
3490	34	52807.460538	90	-1.548587	0.79
3491	34	52807.460538	91	-1.548576	0.8
3492	34	52807.460538	92	-1.548576	0.81
3493	34	52807.460538	93	-1.548571	0.82
3494	34	52807.460538	94	-1.548574	0.83
3495	34	52807.460538	95	-1.548590	0.84
3496	34	52807.460538	96	-1.550374	0.85
3497	34	52807.460538	97	-1.550374	0.86
3498	34	52807.460538	98	-1.550374	0.86
3499	34	52807.460538	99	-1.550374	0.87
3500	35	58088.206592	0	-1.550377	0.01
3501	35	58088.206592	1	-1.550377	0.02
3502	35	58088.206592	2	-1.552049	0.03
3503	35	58088.206592	3	-1.554475	0.04
3504	35	58088.206592	4	-1.554475	0.05
3505	35	58088.206592	5	-1.557400	0.06
3506	35	58088.206592	6	-1.557484	0.07
3507	35	58088.206592	7	-1.557483	0.08
3508	35	58088.206592	8	-1.557484	0.09
3509	35	58088.206592	9	-1.559619	0.1
3510	35	58088.206592	10	-1.559620	0.11
3511	35	58088.206592	11	-1.559610	0.12
3512	35	58088.206592	12	-1.559603	0.13
3513	35	58088.206592	13	-1.559604	0.14
3514	35	58088.206592	14	-1.563660	0.15
3515	35	58088.206592	15	-1.563655	0.16
3516	35	58088.206592	16	-1.563656	0.17
3517	35	58088.206592	17	-1.563686	0.18
3518	35	58088.206592	18	-1.563688	0.19
3519	35	58088.206592	19	-1.563697	0.2
3520	35	58088.206592	20	-1.568589	0.21
3521	35	58088.206592	21	-1.568587	0.22
3522	35	58088.206592	22	-1.568602	0.23
3523	35	58088.206592	23	-1.571051	0.24
3524	35	58088.206592	24	-1.571067	0.25
3525	35	58088.206592	25	-1.571067	0.25
3526	35	58088.206592	26	-1.573840	0.26
3527	35	58088.206592	27	-1.573841	0.27
3528	35	58088.206592	28	-1.573841	0.28
3529	35	58088.206592	29	-1.573855	0.29
3530	35	58088.206592	30	-1.577167	0.3
3531	35	58088.206592	31	-1.577168	0.31
3532	35	58088.206592	32	-1.577166	0.32
3533	35	58088.206592	33	-1.579195	0.33
3534	35	58088.206592	34	-1.579193	0.34
3535	35	58088.206592	35	-1.580632	0.35
3536	35	58088.206592	36	-1.581429	0.36
3537	35	58088.206592	37	-1.582065	0.37
3538	35	58088.206592	38	-1.586576	0.38
3539	35	58088.206592	39	-1.590200	0.39
3540	35	58088.206592	40	-1.590173	0.4
3541	35	58088.206592	41	-1.590172	0.41
3542	35	58088.206592	42	-1.590172	0.42
3543	35	58088.206592	43	-1.590159	0.43
3544	35	58088.206592	44	-1.594303	0.44
3545	35	58088.206592	45	-1.594301	0.45
3546	35	58088.206592	46	-1.595856	0.46
3547	35	58088.206592	47	-1.599572	0.47
3548	35	58088.206592	48	-1.599572	0.47
3549	35	58088.206592	49	-1.599572	0.48
3550	35	58088.206592	50	-1.599572	0.48
3551	35	58088.206592	51	-1.600672	0.49
3552	35	58088.206592	52	-1.600645	0.5
3553	35	58088.206592	53	-1.600655	0.51
3554	35	58088.206592	54	-1.600664	0.52
3555	35	58088.206592	55	-1.600664	0.53
3556	35	58088.206592	56	-1.600658	0.54
3557	35	58088.206592	57	-1.600658	0.55
3558	35	58088.206592	58	-1.602723	0.56
3559	35	58088.206592	59	-1.607305	0.57
3560	35	58088.206592	60	-1.607307	0.58
3561	35	58088.206592	61	-1.607311	0.59
3562	35	58088.206592	62	-1.607313	0.6
3563	35	58088.206592	63	-1.607310	0.61
3564	35	58088.206592	64	-1.607312	0.62
3565	35	58088.206592	65	-1.607320	0.63
3566	35	58088.206592	66	-1.607361	0.64
3567	35	58088.206592	67	-1.607361	0.64
3568	35	58088.206592	68	-1.607361	0.64
3569	35	58088.206592	69	-1.612532	0.65
3570	35	58088.206592	70	-1.612527	0.66
3571	35	58088.206592	71	-1.612518	0.67
3572	35	58088.206592	72	-1.612518	0.67
3573	35	58088.206592	73	-1.617796	0.68
3574	35	58088.206592	74	-1.619959	0.69
3575	35	58088.206592	75	-1.624940	0.7
3576	35	58088.206592	76	-1.624940	0.7
3577	35	58088.206592	77	-1.624946	0.71
3578	35	58088.206592	78	-1.628491	0.72
3579	35	58088.206592	79	-1.628491	0.72
3580	35	58088.206592	80	-1.629990	0.73
3581	35	58088.206592	81	-1.629993	0.74
3582	35	58088.206592	82	-1.629983	0.75
3583	35	58088.206592	83	-1.629983	0.76
3584	35	58088.206592	84	-1.635039	0.77
3585	35	58088.206592	85	-1.635040	0.78
3586	35	58088.206592	86	-1.637284	0.79
3587	35	58088.206592	87	-1.637284	0.79
3588	35	58088.206592	88	-1.637284	0.79
3589	35	58088.206592	89	-1.637290	0.8
3590	35	58088.206592	90	-1.637405	0.81
3591	35	58088.206592	91	-1.638527	0.82
3592	35	58088.206592	92	-1.638527	0.82
3593	35	58088.206592	93	-1.638527	0.82
3594	35	58088.206592	94	-1.638545	0.83
3595	35	58088.206592	95	-1.638545	0.84
3596	35	58088.206592	96	-1.638546	0.85
3597	35	58088.206592	97	-1.638545	0.86
3598	35	58088.206592	98	-1.638551	0.87
3599	35	58088.206592	99	-1.638636	0.88
3600	36	63897.027251	0	-1.640017	0.01
3601	36	63897.027251	1	-1.640017	0.01
3602	36	63897.027251	2	-1.645337	0.02
3603	36	63897.027251	3	-1.645337	0.03
3604	36	63897.027251	4	-1.650261	0.04
3605	36	63897.027251	5	-1.650261	0.04
3606	36	63897.027251	6	-1.653282	0.05
3607	36	63897.027251	7	-1.653281	0.06
3608	36	63897.027251	8	-1.653281	0.07
3609	36	63897.027251	9	-1.654040	0.08
3610	36	63897.027251	10	-1.654041	0.09
3611	36	63897.027251	11	-1.654038	0.1
3612	36	63897.027251	12	-1.654038	0.1
3613	36	63897.027251	13	-1.654038	0.1
3614	36	63897.027251	14	-1.654048	0.11
3615	36	63897.027251	15	-1.654048	0.11
3616	36	63897.027251	16	-1.654048	0.11
3617	36	63897.027251	17	-1.654055	0.12
3618	36	63897.027251	18	-1.654055	0.12
3619	36	63897.027251	19	-1.654055	0.12
3620	36	63897.027251	20	-1.657496	0.13
3621	36	63897.027251	21	-1.659971	0.14
3622	36	63897.027251	22	-1.659971	0.14
3623	36	63897.027251	23	-1.659980	0.15
3624	36	63897.027251	24	-1.659982	0.16
3625	36	63897.027251	25	-1.660030	0.17
3626	36	63897.027251	26	-1.660493	0.18
3627	36	63897.027251	27	-1.660493	0.18
3628	36	63897.027251	28	-1.660492	0.19
3629	36	63897.027251	29	-1.660497	0.2
3630	36	63897.027251	30	-1.662333	0.21
3631	36	63897.027251	31	-1.662310	0.22
3632	36	63897.027251	32	-1.662307	0.23
3633	36	63897.027251	33	-1.665437	0.24
3634	36	63897.027251	34	-1.665520	0.25
3635	36	63897.027251	35	-1.668793	0.26
3636	36	63897.027251	36	-1.668788	0.27
3637	36	63897.027251	37	-1.668788	0.27
3638	36	63897.027251	38	-1.668788	0.28
3639	36	63897.027251	39	-1.668788	0.28
3640	36	63897.027251	40	-1.671922	0.29
3641	36	63897.027251	41	-1.671922	0.29
3642	36	63897.027251	42	-1.671922	0.29
3643	36	63897.027251	43	-1.671924	0.3
3644	36	63897.027251	44	-1.671948	0.31
3645	36	63897.027251	45	-1.676990	0.32
3646	36	63897.027251	46	-1.676988	0.33
3647	36	63897.027251	47	-1.678030	0.34
3648	36	63897.027251	48	-1.678030	0.35
3649	36	63897.027251	49	-1.678030	0.36
3650	36	63897.027251	50	-1.678031	0.37
3651	36	63897.027251	51	-1.682895	0.38
3652	36	63897.027251	52	-1.682907	0.39
3653	36	63897.027251	53	-1.682911	0.4
3654	36	63897.027251	54	-1.682915	0.41
3655	36	63897.027251	55	-1.688124	0.42
3656	36	63897.027251	56	-1.688136	0.43
3657	36	63897.027251	57	-1.690850	0.44
3658	36	63897.027251	58	-1.690851	0.45
3659	36	63897.027251	59	-1.690852	0.46
3660	36	63897.027251	60	-1.690847	0.47
3661	36	63897.027251	61	-1.690847	0.47
3662	36	63897.027251	62	-1.694011	0.48
3663	36	63897.027251	63	-1.694025	0.49
3664	36	63897.027251	64	-1.697409	0.5
3665	36	63897.027251	65	-1.697410	0.51
3666	36	63897.027251	66	-1.697404	0.52
3667	36	63897.027251	67	-1.697429	0.53
3668	36	63897.027251	68	-1.697432	0.54
3669	36	63897.027251	69	-1.697432	0.54
3670	36	63897.027251	70	-1.697427	0.55
3671	36	63897.027251	71	-1.697454	0.56
3672	36	63897.027251	72	-1.700463	0.57
3673	36	63897.027251	73	-1.700465	0.58
3674	36	63897.027251	74	-1.700465	0.58
3675	36	63897.027251	75	-1.700497	0.59
3676	36	63897.027251	76	-1.700497	0.6
3677	36	63897.027251	77	-1.704552	0.61
3678	36	63897.027251	78	-1.704552	0.61
3679	36	63897.027251	79	-1.704552	0.61
3680	36	63897.027251	80	-1.707635	0.62
3681	36	63897.027251	81	-1.707638	0.63
3682	36	63897.027251	82	-1.707638	0.63
3683	36	63897.027251	83	-1.707638	0.64
3684	36	63897.027251	84	-1.707637	0.65
3685	36	63897.027251	85	-1.707637	0.66
3686	36	63897.027251	86	-1.707663	0.67
3687	36	63897.027251	87	-1.710781	0.68
3688	36	63897.027251	88	-1.712615	0.69
3689	36	63897.027251	89	-1.712615	0.69
3690	36	63897.027251	90	-1.714910	0.7
3691	36	63897.027251	91	-1.714907	0.71
3692	36	63897.027251	92	-1.719856	0.72
3693	36	63897.027251	93	-1.719862	0.73
3694	36	63897.027251	94	-1.721553	0.74
3695	36	63897.027251	95	-1.721587	0.75
3696	36	63897.027251	96	-1.726871	0.76
3697	36	63897.027251	97	-1.726871	0.77
3698	36	63897.027251	98	-1.726872	0.78
3699	36	63897.027251	99	-1.726872	0.78
3700	37	70286.729976	0	-1.726873	0.01
3701	37	70286.729976	1	-1.726873	0.01
3702	37	70286.729976	2	-1.726873	0.02
3703	37	70286.729976	3	-1.726873	0.03
3704	37	70286.729976	4	-1.726866	0.04
3705	37	70286.729976	5	-1.726866	0.05
3706	37	70286.729976	6	-1.726866	0.05
3707	37	70286.729976	7	-1.726867	0.06
3708	37	70286.729976	8	-1.728163	0.07
3709	37	70286.729976	9	-1.732911	0.08
3710	37	70286.729976	10	-1.736832	0.09
3711	37	70286.729976	11	-1.736823	0.1
3712	37	70286.729976	12	-1.736816	0.11
3713	37	70286.729976	13	-1.736788	0.12
3714	37	70286.729976	14	-1.736787	0.13
3715	37	70286.729976	15	-1.740025	0.14
3716	37	70286.729976	16	-1.740025	0.14
3717	37	70286.729976	17	-1.740026	0.15
3718	37	70286.729976	18	-1.743186	0.16
3719	37	70286.729976	19	-1.743192	0.17
3720	37	70286.729976	20	-1.744038	0.18
3721	37	70286.729976	21	-1.749374	0.19
3722	37	70286.729976	22	-1.749374	0.19
3723	37	70286.729976	23	-1.749584	0.2
3724	37	70286.729976	24	-1.749587	0.21
3725	37	70286.729976	25	-1.749613	0.22
3726	37	70286.729976	26	-1.750522	0.23
3727	37	70286.729976	27	-1.750522	0.23
3728	37	70286.729976	28	-1.750500	0.24
3729	37	70286.729976	29	-1.750500	0.24
3730	37	70286.729976	30	-1.750503	0.25
3731	37	70286.729976	31	-1.755430	0.26
3732	37	70286.729976	32	-1.755430	0.26
3733	37	70286.729976	33	-1.757777	0.27
3734	37	70286.729976	34	-1.757777	0.28
3735	37	70286.729976	35	-1.762629	0.29
3736	37	70286.729976	36	-1.762668	0.3
3737	37	70286.729976	37	-1.766290	0.31
3738	37	70286.729976	38	-1.766287	0.32
3739	37	70286.729976	39	-1.769528	0.33
3740	37	70286.729976	40	-1.769528	0.34
3741	37	70286.729976	41	-1.773189	0.35
3742	37	70286.729976	42	-1.773195	0.36
3743	37	70286.729976	43	-1.776466	0.37
3744	37	70286.729976	44	-1.776492	0.38
3745	37	70286.729976	45	-1.780692	0.39
3746	37	70286.729976	46	-1.780709	0.4
3747	37	70286.729976	47	-1.780707	0.41
3748	37	70286.729976	48	-1.780709	0.42
3749	37	70286.729976	49	-1.780712	0.43
3750	37	70286.729976	50	-1.780696	0.44
3751	37	70286.729976	51	-1.781562	0.45
3752	37	70286.729976	52	-1.781569	0.46
3753	37	70286.729976	53	-1.781565	0.47
3754	37	70286.729976	54	-1.781572	0.48
3755	37	70286.729976	55	-1.781571	0.49
3756	37	70286.729976	56	-1.781574	0.5
3757	37	70286.729976	57	-1.781575	0.51
3758	37	70286.729976	58	-1.781562	0.52
3759	37	70286.729976	59	-1.781589	0.53
3760	37	70286.729976	60	-1.781590	0.54
3761	37	70286.729976	61	-1.781577	0.55
3762	37	70286.729976	62	-1.781576	0.56
3763	37	70286.729976	63	-1.781576	0.56
3764	37	70286.729976	64	-1.783602	0.57
3765	37	70286.729976	65	-1.784588	0.58
3766	37	70286.729976	66	-1.790368	0.59
3767	37	70286.729976	67	-1.794461	0.6
3768	37	70286.729976	68	-1.794461	0.6
3769	37	70286.729976	69	-1.794461	0.61
3770	37	70286.729976	70	-1.794461	0.62
3771	37	70286.729976	71	-1.794460	0.63
3772	37	70286.729976	72	-1.794527	0.64
3773	37	70286.729976	73	-1.794986	0.65
3774	37	70286.729976	74	-1.798152	0.66
3775	37	70286.729976	75	-1.798160	0.67
3776	37	70286.729976	76	-1.798154	0.68
3777	37	70286.729976	77	-1.798756	0.69
3778	37	70286.729976	78	-1.798758	0.7
3779	37	70286.729976	79	-1.798758	0.71
3780	37	70286.729976	80	-1.798758	0.72
3781	37	70286.729976	81	-1.798757	0.73
3782	37	70286.729976	82	-1.801841	0.74
3783	37	70286.729976	83	-1.801834	0.75
3784	37	70286.729976	84	-1.801840	0.76
3785	37	70286.729976	85	-1.804943	0.77
3786	37	70286.729976	86	-1.804926	0.78
3787	37	70286.729976	87	-1.804926	0.78
3788	37	70286.729976	88	-1.804923	0.79
3789	37	70286.729976	89	-1.804923	0.79
3790	37	70286.729976	90	-1.804923	0.79
3791	37	70286.729976	91	-1.804923	0.8
3792	37	70286.729976	92	-1.804918	0.81
3793	37	70286.729976	93	-1.804918	0.81
3794	37	70286.729976	94	-1.804916	0.82
3795	37	70286.729976	95	-1.805484	0.83
3796	37	70286.729976	96	-1.805491	0.84
3797	37	70286.729976	97	-1.805528	0.85
3798	37	70286.729976	98	-1.805528	0.85
3799	37	70286.729976	99	-1.808049	0.86
3800	38	77315.402974	0	-1.808049	0
3801	38	77315.402974	1	-1.808055	0.01
3802	38	77315.402974	2	-1.811048	0.02
3803	38	77315.402974	3	-1.811043	0.03
3804	38	77315.402974	4	-1.811043	0.04
3805	38	77315.402974	5	-1.811043	0.04
3806	38	77315.402974	6	-1.811050	0.05
3807	38	77315.402974	7	-1.811051	0.06
3808	38	77315.402974	8	-1.811055	0.07
3809	38	77315.402974	9	-1.811061	0.08
3810	38	77315.402974	10	-1.811064	0.09
3811	38	77315.402974	11	-1.811064	0.09
3812	38	77315.402974	12	-1.811064	0.09
3813	38	77315.402974	13	-1.811064	0.1
3814	38	77315.402974	14	-1.811068	0.11
3815	38	77315.402974	15	-1.811078	0.12
3816	38	77315.402974	16	-1.811122	0.13
3817	38	77315.402974	17	-1.811144	0.14
3818	38	77315.402974	18	-1.811142	0.15
3819	38	77315.402974	19	-1.811190	0.16
3820	38	77315.402974	20	-1.811190	0.16
3821	38	77315.402974	21	-1.811190	0.17
3822	38	77315.402974	22	-1.811190	0.17
3823	38	77315.402974	23	-1.811190	0.18
3824	38	77315.402974	24	-1.814650	0.19
3825	38	77315.402974	25	-1.814684	0.2
3826	38	77315.402974	26	-1.814681	0.21
3827	38	77315.402974	27	-1.818268	0.22
3828	38	77315.402974	28	-1.818267	0.23
3829	38	77315.402974	29	-1.818427	0.24
3830	38	77315.402974	30	-1.818426	0.25
3831	38	77315.402974	31	-1.818435	0.26
3832	38	77315.402974	32	-1.818482	0.27
3833	38	77315.402974	33	-1.818482	0.28
3834	38	77315.402974	34	-1.818482	0.28
3835	38	77315.402974	35	-1.824104	0.29
3836	38	77315.402974	36	-1.824092	0.3
3837	38	77315.402974	37	-1.824089	0.31
3838	38	77315.402974	38	-1.825554	0.32
3839	38	77315.402974	39	-1.825554	0.32
3840	38	77315.402974	40	-1.826868	0.33
3841	38	77315.402974	41	-1.831025	0.34
3842	38	77315.402974	42	-1.831026	0.35
3843	38	77315.402974	43	-1.831025	0.36
3844	38	77315.402974	44	-1.831019	0.37
3845	38	77315.402974	45	-1.831019	0.38
3846	38	77315.402974	46	-1.831024	0.39
3847	38	77315.402974	47	-1.831127	0.4
3848	38	77315.402974	48	-1.831131	0.41
3849	38	77315.402974	49	-1.833214	0.42
3850	38	77315.402974	50	-1.835526	0.43
3851	38	77315.402974	51	-1.835526	0.43
3852	38	77315.402974	52	-1.841373	0.44
3853	38	77315.402974	53	-1.842512	0.45
3854	38	77315.402974	54	-1.842512	0.46
3855	38	77315.402974	55	-1.842508	0.47
3856	38	77315.402974	56	-1.842511	0.48
3857	38	77315.402974	57	-1.842566	0.49
3858	38	77315.402974	58	-1.842571	0.5
3859	38	77315.402974	59	-1.842571	0.5
3860	38	77315.402974	60	-1.842571	0.5
3861	38	77315.402974	61	-1.842578	0.51
3862	38	77315.402974	62	-1.842577	0.52
3863	38	77315.402974	63	-1.842577	0.52
3864	38	77315.402974	64	-1.842585	0.53
3865	38	77315.402974	65	-1.842585	0.53
3866	38	77315.402974	66	-1.842582	0.54
3867	38	77315.402974	67	-1.844676	0.55
3868	38	77315.402974	68	-1.848504	0.56
3869	38	77315.402974	69	-1.853321	0.57
3870	38	77315.402974	70	-1.853332	0.58
3871	38	77315.402974	71	-1.853333	0.59
3872	38	77315.402974	72	-1.858217	0.6
3873	38	77315.402974	73	-1.862371	0.61
3874	38	77315.402974	74	-1.862371	0.61
3875	38	77315.402974	75	-1.862383	0.62
3876	38	77315.402974	76	-1.862380	0.63
3877	38	77315.402974	77	-1.862788	0.64
3878	38	77315.402974	78	-1.862786	0.65
3879	38	77315.402974	79	-1.866804	0.66
3880	38	77315.402974	80	-1.866804	0.66
3881	38	77315.402974	81	-1.866804	0.67
3882	38	77315.402974	82	-1.866811	0.68
3883	38	77315.402974	83	-1.867355	0.69
3884	38	77315.402974	84	-1.867355	0.7
3885	38	77315.402974	85	-1.867360	0.71
3886	38	77315.402974	86	-1.867440	0.72
3887	38	77315.402974	87	-1.867440	0.73
3888	38	77315.402974	88	-1.867430	0.74
3889	38	77315.402974	89	-1.867423	0.75
3890	38	77315.402974	90	-1.867423	0.75
3891	38	77315.402974	91	-1.867423	0.75
3892	38	77315.402974	92	-1.867428	0.76
3893	38	77315.402974	93	-1.868231	0.77
3894	38	77315.402974	94	-1.873730	0.78
3895	38	77315.402974	95	-1.878457	0.79
3896	38	77315.402974	96	-1.878455	0.8
3897	38	77315.402974	97	-1.878449	0.81
3898	38	77315.402974	98	-1.881460	0.82
3899	38	77315.402974	99	-1.887298	0.83
3900	39	85046.943271	0	-1.887342	0.01
3901	39	85046.943271	1	-1.887395	0.02
3902	39	85046.943271	2	-1.887393	0.03
3903	39	85046.943271	3	-1.887409	0.04
3904	39	85046.943271	4	-1.887408	0.05
3905	39	85046.943271	5	-1.887408	0.06
3906	39	85046.943271	6	-1.887414	0.07
3907	39	85046.943271	7	-1.888353	0.08
3908	39	85046.943271	8	-1.888354	0.09
3909	39	85046.943271	9	-1.888354	0.1
3910	39	85046.943271	10	-1.889090	0.11
3911	39	85046.943271	11	-1.889085	0.12
3912	39	85046.943271	12	-1.893037	0.13
3913	39	85046.943271	13	-1.893037	0.14
3914	39	85046.943271	14	-1.893031	0.15
3915	39	85046.943271	15	-1.894199	0.16
3916	39	85046.943271	16	-1.894199	0.16
3917	39	85046.943271	17	-1.894197	0.17
3918	39	85046.943271	18	-1.899744	0.18
3919	39	85046.943271	19	-1.899744	0.18
3920	39	85046.943271	20	-1.904777	0.19
3921	39	85046.943271	21	-1.904777	0.2
3922	39	85046.943271	22	-1.904777	0.2
3923	39	85046.943271	23	-1.904777	0.21
3924	39	85046.943271	24	-1.904778	0.22
3925	39	85046.943271	25	-1.904777	0.23
3926	39	85046.943271	26	-1.906681	0.24
3927	39	85046.943271	27	-1.906681	0.25
3928	39	85046.943271	28	-1.906681	0.25
3929	39	85046.943271	29	-1.907106	0.26
3930	39	85046.943271	30	-1.911938	0.27
3931	39	85046.943271	31	-1.911930	0.28
3932	39	85046.943271	32	-1.911927	0.29
3933	39	85046.943271	33	-1.911926	0.3
3934	39	85046.943271	34	-1.911929	0.31
3935	39	85046.943271	35	-1.911935	0.32
3936	39	85046.943271	36	-1.917533	0.33
3937	39	85046.943271	37	-1.917534	0.34
3938	39	85046.943271	38	-1.920524	0.35
3939	39	85046.943271	39	-1.920524	0.35
3940	39	85046.943271	40	-1.925916	0.36
3941	39	85046.943271	41	-1.925916	0.36
3942	39	85046.943271	42	-1.929948	0.37
3943	39	85046.943271	43	-1.929948	0.38
3944	39	85046.943271	44	-1.933191	0.39
3945	39	85046.943271	45	-1.933210	0.4
3946	39	85046.943271	46	-1.933208	0.41
3947	39	85046.943271	47	-1.937282	0.42
3948	39	85046.943271	48	-1.942639	0.43
3949	39	85046.943271	49	-1.944032	0.44
3950	39	85046.943271	50	-1.944032	0.44
3951	39	85046.943271	51	-1.948701	0.45
3952	39	85046.943271	52	-1.948701	0.45
3953	39	85046.943271	53	-1.948701	0.46
3954	39	85046.943271	54	-1.948701	0.46
3955	39	85046.943271	55	-1.948712	0.47
3956	39	85046.943271	56	-1.954442	0.48
3957	39	85046.943271	57	-1.954442	0.48
3958	39	85046.943271	58	-1.954439	0.49
3959	39	85046.943271	59	-1.955493	0.5
3960	39	85046.943271	60	-1.956564	0.51
3961	39	85046.943271	61	-1.956561	0.52
3962	39	85046.943271	62	-1.956557	0.53
3963	39	85046.943271	63	-1.960698	0.54
3964	39	85046.943271	64	-1.960691	0.55
3965	39	85046.943271	65	-1.960690	0.56
3966	39	85046.943271	66	-1.966961	0.57
3967	39	85046.943271	67	-1.970543	0.58
3968	39	85046.943271	68	-1.970553	0.59
3969	39	85046.943271	69	-1.970553	0.59
3970	39	85046.943271	70	-1.970581	0.6
3971	39	85046.943271	71	-1.970580	0.61
3972	39	85046.943271	72	-1.970580	0.62
3973	39	85046.943271	73	-1.970635	0.63
3974	39	85046.943271	74	-1.970652	0.64
3975	39	85046.943271	75	-1.970709	0.65
3976	39	85046.943271	76	-1.970709	0.65
3977	39	85046.943271	77	-1.970706	0.66
3978	39	85046.943271	78	-1.975202	0.67
3979	39	85046.943271	79	-1.975202	0.67
3980	39	85046.943271	80	-1.980407	0.68
3981	39	85046.943271	81	-1.983704	0.69
3982	39	85046.943271	82	-1.983700	0.7
3983	39	85046.943271	83	-1.983700	0.7
3984	39	85046.943271	84	-1.983736	0.71
3985	39	85046.943271	85	-1.983736	0.71
3986	39	85046.943271	86	-1.985090	0.72
3987	39	85046.943271	87	-1.985090	0.72
3988	39	85046.943271	88	-1.985089	0.73
3989	39	85046.943271	89	-1.985126	0.74
3990	39	85046.943271	90	-1.985126	0.74
3991	39	85046.943271	91	-1.987981	0.75
3992	39	85046.943271	92	-1.987981	0.75
3993	39	85046.943271	93	-1.987981	0.75
3994	39	85046.943271	94	-1.987981	0.76
3995	39	85046.943271	95	-1.987980	0.77
3996	39	85046.943271	96	-1.987980	0.77
3997	39	85046.943271	97	-1.988671	0.78
3998	39	85046.943271	98	-1.988648	0.79
3999	39	85046.943271	99	-1.988655	0.8
4000	40	93551.637598	0	-1.988655	0.01
4001	40	93551.637598	1	-1.988647	0.02
4002	40	93551.637598	2	-1.988647	0.02
4003	40	93551.637598	3	-1.988647	0.03
4004	40	93551.637598	4	-1.988647	0.04
4005	40	93551.637598	5	-1.988662	0.05
4006	40	93551.637598	6	-1.989155	0.06
4007	40	93551.637598	7	-1.989151	0.07
4008	40	93551.637598	8	-1.993408	0.08
4009	40	93551.637598	9	-1.993624	0.09
4010	40	93551.637598	10	-1.993622	0.1
4011	40	93551.637598	11	-1.999318	0.11
4012	40	93551.637598	12	-1.999314	0.12
4013	40	93551.637598	13	-1.999326	0.13
4014	40	93551.637598	14	-2.000982	0.14
4015	40	93551.637598	15	-2.001611	0.15
4016	40	93551.637598	16	-2.001641	0.16
4017	40	93551.637598	17	-2.001641	0.16
4018	40	93551.637598	18	-2.001641	0.17
4019	40	93551.637598	19	-2.001643	0.18
4020	40	93551.637598	20	-2.001638	0.19
4021	40	93551.637598	21	-2.001638	0.2
4022	40	93551.637598	22	-2.001657	0.21
4023	40	93551.637598	23	-2.007782	0.22
4024	40	93551.637598	24	-2.007782	0.23
4025	40	93551.637598	25	-2.007782	0.24
4026	40	93551.637598	26	-2.007782	0.25
4027	40	93551.637598	27	-2.007786	0.26
4028	40	93551.637598	28	-2.007762	0.27
4029	40	93551.637598	29	-2.007764	0.28
4030	40	93551.637598	30	-2.009451	0.29
4031	40	93551.637598	31	-2.009450	0.3
4032	40	93551.637598	32	-2.009450	0.3
4033	40	93551.637598	33	-2.009450	0.3
4034	40	93551.637598	34	-2.009450	0.3
4035	40	93551.637598	35	-2.009454	0.31
4036	40	93551.637598	36	-2.015830	0.32
4037	40	93551.637598	37	-2.015830	0.32
4038	40	93551.637598	38	-2.015948	0.33
4039	40	93551.637598	39	-2.015945	0.34
4040	40	93551.637598	40	-2.020100	0.35
4041	40	93551.637598	41	-2.020100	0.35
4042	40	93551.637598	42	-2.020100	0.35
4043	40	93551.637598	43	-2.024952	0.36
4044	40	93551.637598	44	-2.024952	0.36
4045	40	93551.637598	45	-2.025035	0.37
4046	40	93551.637598	46	-2.025035	0.38
4047	40	93551.637598	47	-2.025130	0.39
4048	40	93551.637598	48	-2.025130	0.39
4049	40	93551.637598	49	-2.028535	0.4
4050	40	93551.637598	50	-2.034300	0.41
4051	40	93551.637598	51	-2.034299	0.42
4052	40	93551.637598	52	-2.034300	0.43
4053	40	93551.637598	53	-2.034297	0.44
4054	40	93551.637598	54	-2.034297	0.45
4055	40	93551.637598	55	-2.034334	0.46
4056	40	93551.637598	56	-2.034335	0.47
4057	40	93551.637598	57	-2.034376	0.48
4058	40	93551.637598	58	-2.034373	0.49
4059	40	93551.637598	59	-2.034376	0.5
4060	40	93551.637598	60	-2.038332	0.51
4061	40	93551.637598	61	-2.038333	0.52
4062	40	93551.637598	62	-2.038333	0.52
4063	40	93551.637598	63	-2.038332	0.53
4064	40	93551.637598	64	-2.038333	0.54
4065	40	93551.637598	65	-2.038332	0.55
4066	40	93551.637598	66	-2.038332	0.55
4067	40	93551.637598	67	-2.042497	0.56
4068	40	93551.637598	68	-2.042497	0.56
4069	40	93551.637598	69	-2.042490	0.57
4070	40	93551.637598	70	-2.042497	0.58
4071	40	93551.637598	71	-2.042500	0.59
4072	40	93551.637598	72	-2.042530	0.6
4073	40	93551.637598	73	-2.042530	0.61
4074	40	93551.637598	74	-2.042530	0.62
4075	40	93551.637598	75	-2.042530	0.62
4076	40	93551.637598	76	-2.042530	0.63
4077	40	93551.637598	77	-2.042528	0.64
4078	40	93551.637598	78	-2.045431	0.65
4079	40	93551.637598	79	-2.050753	0.66
4080	40	93551.637598	80	-2.050753	0.66
4081	40	93551.637598	81	-2.050753	0.66
4082	40	93551.637598	82	-2.051819	0.67
4083	40	93551.637598	83	-2.055893	0.68
4084	40	93551.637598	84	-2.055902	0.69
4085	40	93551.637598	85	-2.062292	0.7
4086	40	93551.637598	86	-2.062292	0.7
4087	40	93551.637598	87	-2.062292	0.71
4088	40	93551.637598	88	-2.066311	0.72
4089	40	93551.637598	89	-2.066311	0.72
4090	40	93551.637598	90	-2.066418	0.73
4091	40	93551.637598	91	-2.066433	0.74
4092	40	93551.637598	92	-2.066626	0.75
4093	40	93551.637598	93	-2.067732	0.76
4094	40	93551.637598	94	-2.067729	0.77
4095	40	93551.637598	95	-2.067729	0.77
4096	40	93551.637598	96	-2.067729	0.77
4097	40	93551.637598	97	-2.070930	0.78
4098	40	93551.637598	98	-2.070930	0.78
4099	40	93551.637598	99	-2.074262	0.79
4100	41	102906.801358	0	-2.081028	0.01
4101	41	102906.801358	1	-2.081003	0.02
4102	41	102906.801358	2	-2.081003	0.02
4103	41	102906.801358	3	-2.081003	0.02
4104	41	102906.801358	4	-2.081003	0.02
4105	41	102906.801358	5	-2.081043	0.03
4106	41	102906.801358	6	-2.081046	0.04
4107	41	102906.801358	7	-2.081060	0.05
4108	41	102906.801358	8	-2.081060	0.06
4109	41	102906.801358	9	-2.081060	0.07
4110	41	102906.801358	10	-2.081060	0.07
4111	41	102906.801358	11	-2.086102	0.08
4112	41	102906.801358	12	-2.089265	0.09
4113	41	102906.801358	13	-2.089268	0.1
4114	41	102906.801358	14	-2.089268	0.11
4115	41	102906.801358	15	-2.089268	0.12
4116	41	102906.801358	16	-2.089291	0.13
4117	41	102906.801358	17	-2.093429	0.14
4118	41	102906.801358	18	-2.099859	0.15
4119	41	102906.801358	19	-2.105502	0.16
4120	41	102906.801358	20	-2.110640	0.17
4121	41	102906.801358	21	-2.110627	0.18
4122	41	102906.801358	22	-2.110627	0.18
4123	41	102906.801358	23	-2.110628	0.19
4124	41	102906.801358	24	-2.110627	0.2
4125	41	102906.801358	25	-2.110629	0.21
4126	41	102906.801358	26	-2.110637	0.22
4127	41	102906.801358	27	-2.112347	0.23
4128	41	102906.801358	28	-2.112347	0.23
4129	41	102906.801358	29	-2.117772	0.24
4130	41	102906.801358	30	-2.123649	0.25
4131	41	102906.801358	31	-2.123649	0.26
4132	41	102906.801358	32	-2.128147	0.27
4133	41	102906.801358	33	-2.128147	0.28
4134	41	102906.801358	34	-2.128138	0.29
4135	41	102906.801358	35	-2.128138	0.3
4136	41	102906.801358	36	-2.128138	0.31
4137	41	102906.801358	37	-2.128143	0.32
4138	41	102906.801358	38	-2.128971	0.33
4139	41	102906.801358	39	-2.128972	0.34
4140	41	102906.801358	40	-2.133901	0.35
4141	41	102906.801358	41	-2.133901	0.36
4142	41	102906.801358	42	-2.139031	0.37
4143	41	102906.801358	43	-2.140300	0.38
4144	41	102906.801358	44	-2.140299	0.39
4145	41	102906.801358	45	-2.143043	0.4
4146	41	102906.801358	46	-2.146748	0.41
4147	41	102906.801358	47	-2.146754	0.42
4148	41	102906.801358	48	-2.149274	0.43
4149	41	102906.801358	49	-2.149274	0.43
4150	41	102906.801358	50	-2.149270	0.44
4151	41	102906.801358	51	-2.149270	0.44
4152	41	102906.801358	52	-2.149273	0.45
4153	41	102906.801358	53	-2.149464	0.46
4154	41	102906.801358	54	-2.149464	0.47
4155	41	102906.801358	55	-2.149465	0.48
4156	41	102906.801358	56	-2.149465	0.48
4157	41	102906.801358	57	-2.149488	0.49
4158	41	102906.801358	58	-2.149488	0.5
4159	41	102906.801358	59	-2.154251	0.51
4160	41	102906.801358	60	-2.154576	0.52
4161	41	102906.801358	61	-2.154576	0.53
4162	41	102906.801358	62	-2.161433	0.54
4163	41	102906.801358	63	-2.161436	0.55
4164	41	102906.801358	64	-2.161434	0.56
4165	41	102906.801358	65	-2.167970	0.57
4166	41	102906.801358	66	-2.167969	0.58
4167	41	102906.801358	67	-2.167969	0.58
4168	41	102906.801358	68	-2.167969	0.58
4169	41	102906.801358	69	-2.173212	0.59
4170	41	102906.801358	70	-2.173213	0.6
4171	41	102906.801358	71	-2.173261	0.61
4172	41	102906.801358	72	-2.173267	0.62
4173	41	102906.801358	73	-2.173269	0.63
4174	41	102906.801358	74	-2.173263	0.64
4175	41	102906.801358	75	-2.173701	0.65
4176	41	102906.801358	76	-2.173701	0.65
4177	41	102906.801358	77	-2.176666	0.66
4178	41	102906.801358	78	-2.176666	0.66
4179	41	102906.801358	79	-2.179172	0.67
4180	41	102906.801358	80	-2.179174	0.68
4181	41	102906.801358	81	-2.184035	0.69
4182	41	102906.801358	82	-2.184035	0.69
4183	41	102906.801358	83	-2.184035	0.69
4184	41	102906.801358	84	-2.184032	0.7
4185	41	102906.801358	85	-2.186707	0.71
4186	41	102906.801358	86	-2.193113	0.72
4187	41	102906.801358	87	-2.193107	0.73
4188	41	102906.801358	88	-2.193106	0.74
4189	41	102906.801358	89	-2.193141	0.75
4190	41	102906.801358	90	-2.193254	0.76
4191	41	102906.801358	91	-2.194047	0.77
4192	41	102906.801358	92	-2.194046	0.78
4193	41	102906.801358	93	-2.194048	0.79
4194	41	102906.801358	94	-2.194049	0.8
4195	41	102906.801358	95	-2.194049	0.8
4196	41	102906.801358	96	-2.195067	0.81
4197	41	102906.801358	97	-2.195071	0.82
4198	41	102906.801358	98	-2.195071	0.83
4199	41	102906.801358	99	-2.195071	0.83
4200	42	113197.481494	0	-2.195071	0.01
4201	42	113197.481494	1	-2.195071	0.02
4202	42	113197.481494	2	-2.195079	0.03
4203	42	113197.481494	3	-2.198287	0.04
4204	42	113197.481494	4	-2.198287	0.04
4205	42	113197.481494	5	-2.198306	0.05
4206	42	113197.481494	6	-2.201560	0.06
4207	42	113197.481494	7	-2.205148	0.07
4208	42	113197.481494	8	-2.205140	0.08
4209	42	113197.481494	9	-2.205183	0.09
4210	42	113197.481494	10	-2.205184	0.1
4211	42	113197.481494	11	-2.205184	0.1
4212	42	113197.481494	12	-2.205206	0.11
4213	42	113197.481494	13	-2.210746	0.12
4214	42	113197.481494	14	-2.213753	0.13
4215	42	113197.481494	15	-2.218096	0.14
4216	42	113197.481494	16	-2.218096	0.14
4217	42	113197.481494	17	-2.218096	0.14
4218	42	113197.481494	18	-2.222437	0.15
4219	42	113197.481494	19	-2.222437	0.15
4220	42	113197.481494	20	-2.222424	0.16
4221	42	113197.481494	21	-2.222457	0.17
4222	42	113197.481494	22	-2.222457	0.17
4223	42	113197.481494	23	-2.222454	0.18
4224	42	113197.481494	24	-2.222446	0.19
4225	42	113197.481494	25	-2.227765	0.2
4226	42	113197.481494	26	-2.227814	0.21
4227	42	113197.481494	27	-2.227809	0.22
4228	42	113197.481494	28	-2.232076	0.23
4229	42	113197.481494	29	-2.232078	0.24
4230	42	113197.481494	30	-2.232090	0.25
4231	42	113197.481494	31	-2.232090	0.25
4232	42	113197.481494	32	-2.239244	0.26
4233	42	113197.481494	33	-2.239242	0.27
4234	42	113197.481494	34	-2.239238	0.28
4235	42	113197.481494	35	-2.239242	0.29
4236	42	113197.481494	36	-2.245548	0.3
4237	42	113197.481494	37	-2.245538	0.31
4238	42	113197.481494	38	-2.251896	0.32
4239	42	113197.481494	39	-2.251891	0.33
4240	42	113197.481494	40	-2.252401	0.34
4241	42	113197.481494	41	-2.253635	0.35
4242	42	113197.481494	42	-2.253661	0.36
4243	42	113197.481494	43	-2.253663	0.37
4244	42	113197.481494	44	-2.253663	0.37
4245	42	113197.481494	45	-2.253691	0.38
4246	42	113197.481494	46	-2.253691	0.38
4247	42	113197.481494	47	-2.253715	0.39
4248	42	113197.481494	48	-2.253724	0.4
4249	42	113197.481494	49	-2.253721	0.41
4250	42	113197.481494	50	-2.253715	0.42
4251	42	113197.481494	51	-2.253718	0.43
4252	42	113197.481494	52	-2.253711	0.44
4253	42	113197.481494	53	-2.253715	0.45
4254	42	113197.481494	54	-2.253730	0.46
4255	42	113197.481494	55	-2.253890	0.47
4256	42	113197.481494	56	-2.253890	0.47
4257	42	113197.481494	57	-2.253887	0.48
4258	42	113197.481494	58	-2.253887	0.48
4259	42	113197.481494	59	-2.253969	0.49
4260	42	113197.481494	60	-2.255586	0.5
4261	42	113197.481494	61	-2.255715	0.51
4262	42	113197.481494	62	-2.259320	0.52
4263	42	113197.481494	63	-2.259334	0.53
4264	42	113197.481494	64	-2.259341	0.54
4265	42	113197.481494	65	-2.259341	0.54
4266	42	113197.481494	66	-2.261199	0.55
4267	42	113197.481494	67	-2.261198	0.56
4268	42	113197.481494	68	-2.261198	0.57
4269	42	113197.481494	69	-2.261198	0.57
4270	42	113197.481494	70	-2.261198	0.57
4271	42	113197.481494	71	-2.267072	0.58
4272	42	113197.481494	72	-2.267072	0.58
4273	42	113197.481494	73	-2.267072	0.58
4274	42	113197.481494	74	-2.267252	0.59
4275	42	113197.481494	75	-2.267253	0.6
4276	42	113197.481494	76	-2.267253	0.6
4277	42	113197.481494	77	-2.267253	0.6
4278	42	113197.481494	78	-2.271333	0.61
4279	42	113197.481494	79	-2.274759	0.62
4280	42	113197.481494	80	-2.275043	0.63
4281	42	113197.481494	81	-2.281926	0.64
4282	42	113197.481494	82	-2.281926	0.65
4283	42	113197.481494	83	-2.281926	0.65
4284	42	113197.481494	84	-2.281929	0.66
4285	42	113197.481494	85	-2.286653	0.67
4286	42	113197.481494	86	-2.287959	0.68
4287	42	113197.481494	87	-2.287962	0.69
4288	42	113197.481494	88	-2.290657	0.7
4289	42	113197.481494	89	-2.290650	0.71
4290	42	113197.481494	90	-2.290650	0.71
4291	42	113197.481494	91	-2.290650	0.71
4292	42	113197.481494	92	-2.290651	0.72
4293	42	113197.481494	93	-2.292422	0.73
4294	42	113197.481494	94	-2.292450	0.74
4295	42	113197.481494	95	-2.292457	0.75
4296	42	113197.481494	96	-2.299197	0.76
4297	42	113197.481494	97	-2.305480	0.77
4298	42	113197.481494	98	-2.305490	0.78
4299	42	113197.481494	99	-2.312915	0.79
4300	43	124517.229643	0	-2.312910	0.01
4301	43	124517.229643	1	-2.312910	0.01
4302	43	124517.229643	2	-2.312912	0.02
4303	43	124517.229643	3	-2.312928	0.03
4304	43	124517.229643	4	-2.314332	0.04
4305	43	124517.229643	5	-2.315855	0.05
4306	43	124517.229643	6	-2.315855	0.05
4307	43	124517.229643	7	-2.315854	0.06
4308	43	124517.229643	8	-2.315844	0.07
4309	43	124517.229643	9	-2.315858	0.08
4310	43	124517.229643	10	-2.317131	0.09
4311	43	124517.229643	11	-2.317131	0.1
4312	43	124517.229643	12	-2.317137	0.11
4313	43	124517.229643	13	-2.317137	0.11
4314	43	124517.229643	14	-2.317134	0.12
4315	43	124517.229643	15	-2.317137	0.13
4316	43	124517.229643	16	-2.317139	0.14
4317	43	124517.229643	17	-2.323602	0.15
4318	43	124517.229643	18	-2.327051	0.16
4319	43	124517.229643	19	-2.327640	0.17
4320	43	124517.229643	20	-2.330878	0.18
4321	43	124517.229643	21	-2.330921	0.19
4322	43	124517.229643	22	-2.330921	0.19
4323	43	124517.229643	23	-2.330921	0.19
4324	43	124517.229643	24	-2.332589	0.2
4325	43	124517.229643	25	-2.333803	0.21
4326	43	124517.229643	26	-2.336891	0.22
4327	43	124517.229643	27	-2.336891	0.22
4328	43	124517.229643	28	-2.336891	0.22
4329	43	124517.229643	29	-2.336901	0.23
4330	43	124517.229643	30	-2.336901	0.23
4331	43	124517.229643	31	-2.339748	0.24
4332	43	124517.229643	32	-2.339753	0.25
4333	43	124517.229643	33	-2.339753	0.25
4334	43	124517.229643	34	-2.339753	0.26
4335	43	124517.229643	35	-2.346113	0.27
4336	43	124517.229643	36	-2.346120	0.28
4337	43	124517.229643	37	-2.346121	0.29
4338	43	124517.229643	38	-2.346121	0.3
4339	43	124517.229643	39	-2.346121	0.3
4340	43	124517.229643	40	-2.346121	0.3
4341	43	124517.229643	41	-2.350649	0.31
4342	43	124517.229643	42	-2.350649	0.31
4343	43	124517.229643	43	-2.350660	0.32
4344	43	124517.229643	44	-2.357191	0.33
4345	43	124517.229643	45	-2.361474	0.34
4346	43	124517.229643	46	-2.363735	0.35
4347	43	124517.229643	47	-2.363756	0.36
4348	43	124517.229643	48	-2.370212	0.37
4349	43	124517.229643	49	-2.370279	0.38
4350	43	124517.229643	50	-2.370279	0.38
4351	43	124517.229643	51	-2.370277	0.39
4352	43	124517.229643	52	-2.370276	0.4
4353	43	124517.229643	53	-2.370276	0.41
4354	43	124517.229643	54	-2.370276	0.42
4355	43	124517.229643	55	-2.370276	0.42
4356	43	124517.229643	56	-2.370276	0.42
4357	43	124517.229643	57	-2.370276	0.43
4358	43	124517.229643	58	-2.370276	0.43
4359	43	124517.229643	59	-2.370320	0.44
4360	43	124517.229643	60	-2.371022	0.45
4361	43	124517.229643	61	-2.371022	0.45
4362	43	124517.229643	62	-2.371022	0.46
4363	43	124517.229643	63	-2.371022	0.46
4364	43	124517.229643	64	-2.371022	0.46
4365	43	124517.229643	65	-2.375813	0.47
4366	43	124517.229643	66	-2.375813	0.47
4367	43	124517.229643	67	-2.382322	0.48
4368	43	124517.229643	68	-2.384866	0.49
4369	43	124517.229643	69	-2.384866	0.49
4370	43	124517.229643	70	-2.384859	0.5
4371	43	124517.229643	71	-2.384859	0.51
4372	43	124517.229643	72	-2.384865	0.52
4373	43	124517.229643	73	-2.384870	0.53
4374	43	124517.229643	74	-2.384870	0.53
4375	43	124517.229643	75	-2.384870	0.53
4376	43	124517.229643	76	-2.390200	0.54
4377	43	124517.229643	77	-2.395986	0.55
4378	43	124517.229643	78	-2.395986	0.55
4379	43	124517.229643	79	-2.395997	0.56
4380	43	124517.229643	80	-2.395994	0.57
4381	43	124517.229643	81	-2.401581	0.58
4382	43	124517.229643	82	-2.401581	0.58
4383	43	124517.229643	83	-2.401581	0.59
4384	43	124517.229643	84	-2.401581	0.59
4385	43	124517.229643	85	-2.401582	0.6
4386	43	124517.229643	86	-2.408618	0.61
4387	43	124517.229643	87	-2.416021	0.62
4388	43	124517.229643	88	-2.416031	0.63
4389	43	124517.229643	89	-2.416031	0.63
4390	43	124517.229643	90	-2.420355	0.64
4391	43	124517.229643	91	-2.420354	0.65
4392	43	124517.229643	92	-2.420356	0.66
4393	43	124517.229643	93	-2.420356	0.67
4394	43	124517.229643	94	-2.420363	0.68
4395	43	124517.229643	95	-2.420372	0.69
4396	43	124517.229643	96	-2.425174	0.7
4397	43	124517.229643	97	-2.426825	0.71
4398	43	124517.229643	98	-2.426825	0.71
4399	43	124517.229643	99	-2.426824	0.72
4400	44	136968.952608	0	-2.429996	0.01
4401	44	136968.952608	1	-2.429996	0.01
4402	44	136968.952608	2	-2.429995	0.02
4403	44	136968.952608	3	-2.429995	0.02
4404	44	136968.952608	4	-2.433917	0.03
4405	44	136968.952608	5	-2.433918	0.04
4406	44	136968.952608	6	-2.433919	0.05
4407	44	136968.952608	7	-2.433919	0.05
4408	44	136968.952608	8	-2.437893	0.06
4409	44	136968.952608	9	-2.437893	0.06
4410	44	136968.952608	10	-2.437893	0.06
4411	44	136968.952608	11	-2.440026	0.07
4412	44	136968.952608	12	-2.440026	0.07
4413	44	136968.952608	13	-2.440026	0.07
4414	44	136968.952608	14	-2.440026	0.07
4415	44	136968.952608	15	-2.440026	0.07
4416	44	136968.952608	16	-2.440036	0.08
4417	44	136968.952608	17	-2.444707	0.09
4418	44	136968.952608	18	-2.451716	0.1
4419	44	136968.952608	19	-2.451716	0.1
4420	44	136968.952608	20	-2.454159	0.11
4421	44	136968.952608	21	-2.454285	0.12
4422	44	136968.952608	22	-2.454285	0.12
4423	44	136968.952608	23	-2.458791	0.13
4424	44	136968.952608	24	-2.458795	0.14
4425	44	136968.952608	25	-2.458815	0.15
4426	44	136968.952608	26	-2.458815	0.15
4427	44	136968.952608	27	-2.465485	0.16
4428	44	136968.952608	28	-2.465485	0.16
4429	44	136968.952608	29	-2.465483	0.17
4430	44	136968.952608	30	-2.465485	0.18
4431	44	136968.952608	31	-2.465475	0.19
4432	44	136968.952608	32	-2.465475	0.19
4433	44	136968.952608	33	-2.471511	0.2
4434	44	136968.952608	34	-2.471536	0.21
4435	44	136968.952608	35	-2.471536	0.22
4436	44	136968.952608	36	-2.471559	0.23
4437	44	136968.952608	37	-2.471612	0.24
4438	44	136968.952608	38	-2.471638	0.25
4439	44	136968.952608	39	-2.471643	0.26
4440	44	136968.952608	40	-2.474098	0.27
4441	44	136968.952608	41	-2.474174	0.28
4442	44	136968.952608	42	-2.478296	0.29
4443	44	136968.952608	43	-2.479997	0.3
4444	44	136968.952608	44	-2.486102	0.31
4445	44	136968.952608	45	-2.486106	0.32
4446	44	136968.952608	46	-2.486133	0.33
4447	44	136968.952608	47	-2.489831	0.34
4448	44	136968.952608	48	-2.489831	0.34
4449	44	136968.952608	49	-2.489848	0.35
4450	44	136968.952608	50	-2.489848	0.35
4451	44	136968.952608	51	-2.489848	0.35
4452	44	136968.952608	52	-2.489858	0.36
4453	44	136968.952608	53	-2.497094	0.37
4454	44	136968.952608	54	-2.497089	0.38
4455	44	136968.952608	55	-2.497093	0.39
4456	44	136968.952608	56	-2.497100	0.4
4457	44	136968.952608	57	-2.497100	0.4
4458	44	136968.952608	58	-2.497100	0.4
4459	44	136968.952608	59	-2.497099	0.41
4460	44	136968.952608	60	-2.501222	0.42
4461	44	136968.952608	61	-2.501229	0.43
4462	44	136968.952608	62	-2.501229	0.43
4463	44	136968.952608	63	-2.501229	0.43
4464	44	136968.952608	64	-2.501230	0.44
4465	44	136968.952608	65	-2.501237	0.45
4466	44	136968.952608	66	-2.502870	0.46
4467	44	136968.952608	67	-2.502870	0.47
4468	44	136968.952608	68	-2.502909	0.48
4469	44	136968.952608	69	-2.502896	0.49
4470	44	136968.952608	70	-2.502965	0.5
4471	44	136968.952608	71	-2.505380	0.51
4472	44	136968.952608	72	-2.505373	0.52
4473	44	136968.952608	73	-2.505376	0.53
4474	44	136968.952608	74	-2.505820	0.54
4475	44	136968.952608	75	-2.505820	0.54
4476	44	136968.952608	76	-2.505831	0.55
4477	44	136968.952608	77	-2.505829	0.56
4478	44	136968.952608	78	-2.507203	0.57
4479	44	136968.952608	79	-2.510371	0.58
4480	44	136968.952608	80	-2.518494	0.59
4481	44	136968.952608	81	-2.518497	0.6
4482	44	136968.952608	82	-2.518497	0.6
4483	44	136968.952608	83	-2.518497	0.6
4484	44	136968.952608	84	-2.521544	0.61
4485	44	136968.952608	85	-2.521576	0.62
4486	44	136968.952608	86	-2.521576	0.63
4487	44	136968.952608	87	-2.521576	0.64
4488	44	136968.952608	88	-2.523266	0.65
4489	44	136968.952608	89	-2.523266	0.66
4490	44	136968.952608	90	-2.523277	0.67
4491	44	136968.952608	91	-2.523815	0.68
4492	44	136968.952608	92	-2.523815	0.68
4493	44	136968.952608	93	-2.524422	0.69
4494	44	136968.952608	94	-2.524509	0.7
4495	44	136968.952608	95	-2.530262	0.71
4496	44	136968.952608	96	-2.530262	0.71
4497	44	136968.952608	97	-2.531617	0.72
4498	44	136968.952608	98	-2.531617	0.72
4499	44	136968.952608	99	-2.533682	0.73
4500	45	150665.847868	0	-2.533684	0.01
4501	45	150665.847868	1	-2.536345	0.02
4502	45	150665.847868	2	-2.536833	0.03
4503	45	150665.847868	3	-2.536856	0.04
4504	45	150665.847868	4	-2.536856	0.04
4505	45	150665.847868	5	-2.536856	0.04
4506	45	150665.847868	6	-2.544169	0.05
4507	45	150665.847868	7	-2.549669	0.06
4508	45	150665.847868	8	-2.549672	0.07
4509	45	150665.847868	9	-2.550656	0.08
4510	45	150665.847868	10	-2.550656	0.08
4511	45	150665.847868	11	-2.555075	0.09
4512	45	150665.847868	12	-2.555075	0.09
4513	45	150665.847868	13	-2.555076	0.1
4514	45	150665.847868	14	-2.558687	0.11
4515	45	150665.847868	15	-2.558687	0.11
4516	45	150665.847868	16	-2.558688	0.12
4517	45	150665.847868	17	-2.558689	0.13
4518	45	150665.847868	18	-2.564093	0.14
4519	45	150665.847868	19	-2.564094	0.15
4520	45	150665.847868	20	-2.564094	0.15
4521	45	150665.847868	21	-2.569581	0.16
4522	45	150665.847868	22	-2.571138	0.17
4523	45	150665.847868	23	-2.576854	0.18
4524	45	150665.847868	24	-2.576854	0.18
4525	45	150665.847868	25	-2.576857	0.19
4526	45	150665.847868	26	-2.576865	0.2
4527	45	150665.847868	27	-2.580956	0.21
4528	45	150665.847868	28	-2.581783	0.22
4529	45	150665.847868	29	-2.581783	0.22
4530	45	150665.847868	30	-2.581783	0.22
4531	45	150665.847868	31	-2.581783	0.22
4532	45	150665.847868	32	-2.581780	0.23
4533	45	150665.847868	33	-2.581922	0.24
4534	45	150665.847868	34	-2.581918	0.25
4535	45	150665.847868	35	-2.581945	0.26
4536	45	150665.847868	36	-2.586158	0.27
4537	45	150665.847868	37	-2.587753	0.28
4538	45	150665.847868	38	-2.591518	0.29
4539	45	150665.847868	39	-2.591532	0.3
4540	45	150665.847868	40	-2.596732	0.31
4541	45	150665.847868	41	-2.596771	0.32
4542	45	150665.847868	42	-2.596771	0.33
4543	45	150665.847868	43	-2.596772	0.34
4544	45	150665.847868	44	-2.596830	0.35
4545	45	150665.847868	45	-2.596830	0.35
4546	45	150665.847868	46	-2.603422	0.36
4547	45	150665.847868	47	-2.603415	0.37
4548	45	150665.847868	48	-2.603417	0.38
4549	45	150665.847868	49	-2.603417	0.38
4550	45	150665.847868	50	-2.603424	0.39
4551	45	150665.847868	51	-2.603445	0.4
4552	45	150665.847868	52	-2.603439	0.41
4553	45	150665.847868	53	-2.603439	0.41
4554	45	150665.847868	54	-2.603443	0.42
4555	45	150665.847868	55	-2.605067	0.43
4556	45	150665.847868	56	-2.611908	0.44
4557	45	150665.847868	57	-2.611920	0.45
4558	45	150665.847868	58	-2.617781	0.46
4559	45	150665.847868	59	-2.624729	0.47
4560	45	150665.847868	60	-2.624729	0.47
4561	45	150665.847868	61	-2.624727	0.48
4562	45	150665.847868	62	-2.632185	0.49
4563	45	150665.847868	63	-2.632223	0.5
4564	45	150665.847868	64	-2.632235	0.51
4565	45	150665.847868	65	-2.632244	0.52
4566	45	150665.847868	66	-2.632244	0.52
4567	45	150665.847868	67	-2.632291	0.53
4568	45	150665.847868	68	-2.632292	0.54
4569	45	150665.847868	69	-2.632292	0.54
4570	45	150665.847868	70	-2.632292	0.54
4571	45	150665.847868	71	-2.632293	0.55
4572	45	150665.847868	72	-2.632349	0.56
4573	45	150665.847868	73	-2.632349	0.56
4574	45	150665.847868	74	-2.632349	0.57
4575	45	150665.847868	75	-2.634405	0.58
4576	45	150665.847868	76	-2.634405	0.58
4577	45	150665.847868	77	-2.634586	0.59
4578	45	150665.847868	78	-2.636136	0.6
4579	45	150665.847868	79	-2.636137	0.61
4580	45	150665.847868	80	-2.640652	0.62
4581	45	150665.847868	81	-2.640652	0.62
4582	45	150665.847868	82	-2.640651	0.63
4583	45	150665.847868	83	-2.640651	0.63
4584	45	150665.847868	84	-2.640651	0.63
4585	45	150665.847868	85	-2.643892	0.64
4586	45	150665.847868	86	-2.643892	0.64
4587	45	150665.847868	87	-2.643892	0.64
4588	45	150665.847868	88	-2.643922	0.65
4589	45	150665.847868	89	-2.643926	0.66
4590	45	150665.847868	90	-2.643927	0.67
4591	45	150665.847868	91	-2.643927	0.68
4592	45	150665.847868	92	-2.643927	0.68
4593	45	150665.847868	93	-2.643937	0.69
4594	45	150665.847868	94	-2.646614	0.7
4595	45	150665.847868	95	-2.646608	0.71
4596	45	150665.847868	96	-2.646608	0.71
4597	45	150665.847868	97	-2.646608	0.71
4598	45	150665.847868	98	-2.652770	0.72
4599	45	150665.847868	99	-2.652770	0.72
4600	46	165732.432655	0	-2.655721	0.01
4601	46	165732.432655	1	-2.655721	0.02
4602	46	165732.432655	2	-2.655726	0.03
4603	46	165732.432655	3	-2.662781	0.04
4604	46	165732.432655	4	-2.662787	0.05
4605	46	165732.432655	5	-2.662787	0.05
4606	46	165732.432655	6	-2.664944	0.06
4607	46	165732.432655	7	-2.664951	0.07
4608	46	165732.432655	8	-2.666028	0.08
4609	46	165732.432655	9	-2.666034	0.09
4610	46	165732.432655	10	-2.666041	0.1
4611	46	165732.432655	11	-2.666041	0.1
4612	46	165732.432655	12	-2.666041	0.1
4613	46	165732.432655	13	-2.666091	0.11
4614	46	165732.432655	14	-2.666091	0.11
4615	46	165732.432655	15	-2.666100	0.12
4616	46	165732.432655	16	-2.667385	0.13
4617	46	165732.432655	17	-2.667423	0.14
4618	46	165732.432655	18	-2.668889	0.15
4619	46	165732.432655	19	-2.669030	0.16
4620	46	165732.432655	20	-2.669046	0.17
4621	46	165732.432655	21	-2.669042	0.18
4622	46	165732.432655	22	-2.669074	0.19
4623	46	165732.432655	23	-2.673419	0.2
4624	46	165732.432655	24	-2.673419	0.2
4625	46	165732.432655	25	-2.676052	0.21
4626	46	165732.432655	26	-2.676061	0.22
4627	46	165732.432655	27	-2.682618	0.23
4628	46	165732.432655	28	-2.682618	0.23
4629	46	165732.432655	29	-2.682616	0.24
4630	46	165732.432655	30	-2.684052	0.25
4631	46	165732.432655	31	-2.690682	0.26
4632	46	165732.432655	32	-2.690673	0.27
4633	46	165732.432655	33	-2.690672	0.28
4634	46	165732.432655	34	-2.696139	0.29
4635	46	165732.432655	35	-2.696139	0.29
4636	46	165732.432655	36	-2.700882	0.3
4637	46	165732.432655	37	-2.705114	0.31
4638	46	165732.432655	38	-2.707534	0.32
4639	46	165732.432655	39	-2.716025	0.33
4640	46	165732.432655	40	-2.716025	0.33
4641	46	165732.432655	41	-2.724211	0.34
4642	46	165732.432655	42	-2.728065	0.35
4643	46	165732.432655	43	-2.728082	0.36
4644	46	165732.432655	44	-2.728097	0.37
4645	46	165732.432655	45	-2.728160	0.38
4646	46	165732.432655	46	-2.728160	0.38
4647	46	165732.432655	47	-2.728163	0.39
4648	46	165732.432655	48	-2.729168	0.4
4649	46	165732.432655	49	-2.729168	0.4
4650	46	165732.432655	50	-2.732025	0.41
4651	46	165732.432655	51	-2.732025	0.41
4652	46	165732.432655	52	-2.732030	0.42
4653	46	165732.432655	53	-2.732031	0.43
4654	46	165732.432655	54	-2.733913	0.44
4655	46	165732.432655	55	-2.733913	0.44
4656	46	165732.432655	56	-2.733913	0.44
4657	46	165732.432655	57	-2.738403	0.45
4658	46	165732.432655	58	-2.738513	0.46
4659	46	165732.432655	59	-2.738516	0.47
4660	46	165732.432655	60	-2.738516	0.47
4661	46	165732.432655	61	-2.744639	0.48
4662	46	165732.432655	62	-2.749461	0.49
4663	46	165732.432655	63	-2.751023	0.5
4664	46	165732.432655	64	-2.751030	0.51
4665	46	165732.432655	65	-2.751030	0.51
4666	46	165732.432655	66	-2.757410	0.52
4667	46	165732.432655	67	-2.761349	0.53
4668	46	165732.432655	68	-2.761348	0.54
4669	46	165732.432655	69	-2.766832	0.55
4670	46	165732.432655	70	-2.774047	0.56
4671	46	165732.432655	71	-2.774073	0.57
4672	46	165732.432655	72	-2.776459	0.58
4673	46	165732.432655	73	-2.776489	0.59
4674	46	165732.432655	74	-2.776582	0.6
4675	46	165732.432655	75	-2.776792	0.61
4676	46	165732.432655	76	-2.777287	0.62
4677	46	165732.432655	77	-2.782056	0.63
4678	46	165732.432655	78	-2.786143	0.64
4679	46	165732.432655	79	-2.786143	0.64
4680	46	165732.432655	80	-2.788774	0.65
4681	46	165732.432655	81	-2.788830	0.66
4682	46	165732.432655	82	-2.788817	0.67
4683	46	165732.432655	83	-2.793836	0.68
4684	46	165732.432655	84	-2.793841	0.69
4685	46	165732.432655	85	-2.793857	0.7
4686	46	165732.432655	86	-2.793855	0.71
4687	46	165732.432655	87	-2.793855	0.71
4688	46	165732.432655	88	-2.793855	0.71
4689	46	165732.432655	89	-2.797305	0.72
4690	46	165732.432655	90	-2.797305	0.72
4691	46	165732.432655	91	-2.797305	0.72
4692	46	165732.432655	92	-2.799947	0.73
4693	46	165732.432655	93	-2.802002	0.74
4694	46	165732.432655	94	-2.802004	0.75
4695	46	165732.432655	95	-2.802004	0.75
4696	46	165732.432655	96	-2.802004	0.76
4697	46	165732.432655	97	-2.802004	0.76
4698	46	165732.432655	98	-2.802004	0.76
4699	46	165732.432655	99	-2.802003	0.77
4700	47	182305.675921	0	-2.810415	0.01
4701	47	182305.675921	1	-2.810415	0.01
4702	47	182305.675921	2	-2.811165	0.02
4703	47	182305.675921	3	-2.811164	0.03
4704	47	182305.675921	4	-2.811173	0.04
4705	47	182305.675921	5	-2.816267	0.05
4706	47	182305.675921	6	-2.816267	0.05
4707	47	182305.675921	7	-2.816268	0.06
4708	47	182305.675921	8	-2.818188	0.07
4709	47	182305.675921	9	-2.824442	0.08
4710	47	182305.675921	10	-2.824442	0.08
4711	47	182305.675921	11	-2.824442	0.08
4712	47	182305.675921	12	-2.824517	0.09
4713	47	182305.675921	13	-2.824959	0.1
4714	47	182305.675921	14	-2.831452	0.11
4715	47	182305.675921	15	-2.831452	0.11
4716	47	182305.675921	16	-2.831452	0.11
4717	47	182305.675921	17	-2.831452	0.11
4718	47	182305.675921	18	-2.839583	0.12
4719	47	182305.675921	19	-2.839584	0.13
4720	47	182305.675921	20	-2.839584	0.13
4721	47	182305.675921	21	-2.839596	0.14
4722	47	182305.675921	22	-2.845108	0.15
4723	47	182305.675921	23	-2.845110	0.16
4724	47	182305.675921	24	-2.853121	0.17
4725	47	182305.675921	25	-2.858342	0.18
4726	47	182305.675921	26	-2.858342	0.18
4727	47	182305.675921	27	-2.859411	0.19
4728	47	182305.675921	28	-2.859416	0.2
4729	47	182305.675921	29	-2.859416	0.2
4730	47	182305.675921	30	-2.859416	0.2
4731	47	182305.675921	31	-2.859418	0.21
4732	47	182305.675921	32	-2.859433	0.22
4733	47	182305.675921	33	-2.861184	0.23
4734	47	182305.675921	34	-2.861179	0.24
4735	47	182305.675921	35	-2.861218	0.25
4736	47	182305.675921	36	-2.867553	0.26
4737	47	182305.675921	37	-2.867553	0.26
4738	47	182305.675921	38	-2.867553	0.26
4739	47	182305.675921	39	-2.867553	0.26
4740	47	182305.675921	40	-2.876574	0.27
4741	47	182305.675921	41	-2.876620	0.28
4742	47	182305.675921	42	-2.884044	0.29
4743	47	182305.675921	43	-2.884046	0.3
4744	47	182305.675921	44	-2.892012	0.31
4745	47	182305.675921	45	-2.896248	0.32
4746	47	182305.675921	46	-2.896266	0.33
4747	47	182305.675921	47	-2.896285	0.34
4748	47	182305.675921	48	-2.896288	0.35
4749	47	182305.675921	49	-2.896288	0.35
4750	47	182305.675921	50	-2.896288	0.35
4751	47	182305.675921	51	-2.905423	0.36
4752	47	182305.675921	52	-2.910666	0.37
4753	47	182305.675921	53	-2.916660	0.38
4754	47	182305.675921	54	-2.924428	0.39
4755	47	182305.675921	55	-2.924428	0.39
4756	47	182305.675921	56	-2.924429	0.4
4757	47	182305.675921	57	-2.924430	0.41
4758	47	182305.675921	58	-2.925398	0.42
4759	47	182305.675921	59	-2.926224	0.43
4760	47	182305.675921	60	-2.932971	0.44
4761	47	182305.675921	61	-2.932971	0.44
4762	47	182305.675921	62	-2.932971	0.44
4763	47	182305.675921	63	-2.932976	0.45
4764	47	182305.675921	64	-2.932959	0.46
4765	47	182305.675921	65	-2.938746	0.47
4766	47	182305.675921	66	-2.943672	0.48
4767	47	182305.675921	67	-2.943672	0.48
4768	47	182305.675921	68	-2.943672	0.49
4769	47	182305.675921	69	-2.943680	0.5
4770	47	182305.675921	70	-2.950606	0.51
4771	47	182305.675921	71	-2.950606	0.52
4772	47	182305.675921	72	-2.950606	0.53
4773	47	182305.675921	73	-2.950821	0.54
4774	47	182305.675921	74	-2.950821	0.54
4775	47	182305.675921	75	-2.951819	0.55
4776	47	182305.675921	76	-2.951819	0.55
4777	47	182305.675921	77	-2.953958	0.56
4778	47	182305.675921	78	-2.954024	0.57
4779	47	182305.675921	79	-2.961913	0.58
4780	47	182305.675921	80	-2.961936	0.59
4781	47	182305.675921	81	-2.962053	0.6
4782	47	182305.675921	82	-2.962053	0.6
4783	47	182305.675921	83	-2.962053	0.6
4784	47	182305.675921	84	-2.967993	0.61
4785	47	182305.675921	85	-2.968025	0.62
4786	47	182305.675921	86	-2.968025	0.62
4787	47	182305.675921	87	-2.968026	0.63
4788	47	182305.675921	88	-2.968026	0.63
4789	47	182305.675921	89	-2.968065	0.64
4790	47	182305.675921	90	-2.968055	0.65
4791	47	182305.675921	91	-2.968056	0.66
4792	47	182305.675921	92	-2.969783	0.67
4793	47	182305.675921	93	-2.969786	0.68
4794	47	182305.675921	94	-2.971224	0.69
4795	47	182305.675921	95	-2.971224	0.69
4796	47	182305.675921	96	-2.971395	0.7
4797	47	182305.675921	97	-2.979359	0.71
4798	47	182305.675921	98	-2.979359	0.72
4799	47	182305.675921	99	-2.979359	0.72
4800	48	200536.243513	0	-2.983822	0.01
4801	48	200536.243513	1	-2.983822	0.01
4802	48	200536.243513	2	-2.983822	0.01
4803	48	200536.243513	3	-2.983833	0.02
4804	48	200536.243513	4	-2.990599	0.03
4805	48	200536.243513	5	-2.990606	0.04
4806	48	200536.243513	6	-2.990606	0.05
4807	48	200536.243513	7	-2.990623	0.06
4808	48	200536.243513	8	-2.994223	0.07
4809	48	200536.243513	9	-2.994300	0.08
4810	48	200536.243513	10	-2.994300	0.08
4811	48	200536.243513	11	-2.994647	0.09
4812	48	200536.243513	12	-2.994647	0.09
4813	48	200536.243513	13	-2.994664	0.1
4814	48	200536.243513	14	-2.996143	0.11
4815	48	200536.243513	15	-2.996143	0.11
4816	48	200536.243513	16	-2.999901	0.12
4817	48	200536.243513	17	-2.999905	0.13
4818	48	200536.243513	18	-2.999918	0.14
4819	48	200536.243513	19	-2.999918	0.15
4820	48	200536.243513	20	-3.001225	0.16
4821	48	200536.243513	21	-3.001321	0.17
4822	48	200536.243513	22	-3.001332	0.18
4823	48	200536.243513	23	-3.008075	0.19
4824	48	200536.243513	24	-3.008084	0.2
4825	48	200536.243513	25	-3.008113	0.21
4826	48	200536.243513	26	-3.008111	0.22
4827	48	200536.243513	27	-3.014118	0.23
4828	48	200536.243513	28	-3.022630	0.24
4829	48	200536.243513	29	-3.022629	0.25
4830	48	200536.243513	30	-3.031041	0.26
4831	48	200536.243513	31	-3.031041	0.26
4832	48	200536.243513	32	-3.031041	0.26
4833	48	200536.243513	33	-3.039191	0.27
4834	48	200536.243513	34	-3.039191	0.27
4835	48	200536.243513	35	-3.039191	0.28
4836	48	200536.243513	36	-3.047183	0.29
4837	48	200536.243513	37	-3.047183	0.29
4838	48	200536.243513	38	-3.047184	0.3
4839	48	200536.243513	39	-3.047181	0.31
4840	48	200536.243513	40	-3.047180	0.32
4841	48	200536.243513	41	-3.047180	0.32
4842	48	200536.243513	42	-3.047180	0.32
4843	48	200536.243513	43	-3.047180	0.32
4844	48	200536.243513	44	-3.047180	0.32
4845	48	200536.243513	45	-3.047182	0.33
4846	48	200536.243513	46	-3.050575	0.34
4847	48	200536.243513	47	-3.050575	0.34
4848	48	200536.243513	48	-3.050575	0.34
4849	48	200536.243513	49	-3.053241	0.35
4850	48	200536.243513	50	-3.053241	0.35
4851	48	200536.243513	51	-3.053236	0.36
4852	48	200536.243513	52	-3.053236	0.36
4853	48	200536.243513	53	-3.053236	0.36
4854	48	200536.243513	54	-3.053251	0.37
4855	48	200536.243513	55	-3.053258	0.38
4856	48	200536.243513	56	-3.053259	0.39
4857	48	200536.243513	57	-3.053259	0.39
4858	48	200536.243513	58	-3.055203	0.4
4859	48	200536.243513	59	-3.060446	0.41
4860	48	200536.243513	60	-3.065953	0.42
4861	48	200536.243513	61	-3.067190	0.43
4862	48	200536.243513	62	-3.067190	0.43
4863	48	200536.243513	63	-3.067226	0.44
4864	48	200536.243513	64	-3.067239	0.45
4865	48	200536.243513	65	-3.067239	0.45
4866	48	200536.243513	66	-3.067239	0.45
4867	48	200536.243513	67	-3.068089	0.46
4868	48	200536.243513	68	-3.070797	0.47
4869	48	200536.243513	69	-3.070794	0.48
4870	48	200536.243513	70	-3.070803	0.49
4871	48	200536.243513	71	-3.070798	0.5
4872	48	200536.243513	72	-3.070798	0.5
4873	48	200536.243513	73	-3.070825	0.51
4874	48	200536.243513	74	-3.070946	0.52
4875	48	200536.243513	75	-3.070946	0.52
4876	48	200536.243513	76	-3.070947	0.53
4877	48	200536.243513	77	-3.074382	0.54
4878	48	200536.243513	78	-3.074377	0.55
4879	48	200536.243513	79	-3.079931	0.56
4880	48	200536.243513	80	-3.079927	0.57
4881	48	200536.243513	81	-3.079927	0.57
4882	48	200536.243513	82	-3.079927	0.58
4883	48	200536.243513	83	-3.087959	0.59
4884	48	200536.243513	84	-3.088007	0.6
4885	48	200536.243513	85	-3.091651	0.61
4886	48	200536.243513	86	-3.091666	0.62
4887	48	200536.243513	87	-3.091698	0.63
4888	48	200536.243513	88	-3.091696	0.64
4889	48	200536.243513	89	-3.094105	0.65
4890	48	200536.243513	90	-3.094105	0.65
4891	48	200536.243513	91	-3.094192	0.66
4892	48	200536.243513	92	-3.096210	0.67
4893	48	200536.243513	93	-3.103739	0.68
4894	48	200536.243513	94	-3.103739	0.68
4895	48	200536.243513	95	-3.103753	0.69
4896	48	200536.243513	96	-3.105215	0.7
4897	48	200536.243513	97	-3.105215	0.7
4898	48	200536.243513	98	-3.105217	0.71
4899	48	200536.243513	99	-3.105217	0.72
4900	49	220589.867864	0	-3.105274	0.01
4901	49	220589.867864	1	-3.105277	0.02
4902	49	220589.867864	2	-3.111317	0.03
4903	49	220589.867864	3	-3.112208	0.04
4904	49	220589.867864	4	-3.112209	0.05
4905	49	220589.867864	5	-3.120488	0.06
4906	49	220589.867864	6	-3.126963	0.07
4907	49	220589.867864	7	-3.128791	0.08
4908	49	220589.867864	8	-3.138948	0.09
4909	49	220589.867864	9	-3.138958	0.1
4910	49	220589.867864	10	-3.138966	0.11
4911	49	220589.867864	11	-3.141276	0.12
4912	49	220589.867864	12	-3.141690	0.13
4913	49	220589.867864	13	-3.142012	0.14
4914	49	220589.867864	14	-3.142012	0.14
4915	49	220589.867864	15	-3.143441	0.15
4916	49	220589.867864	16	-3.143441	0.15
4917	49	220589.867864	17	-3.143441	0.15
4918	49	220589.867864	18	-3.143441	0.15
4919	49	220589.867864	19	-3.145094	0.16
4920	49	220589.867864	20	-3.145209	0.17
4921	49	220589.867864	21	-3.145209	0.17
4922	49	220589.867864	22	-3.145225	0.18
4923	49	220589.867864	23	-3.145227	0.19
4924	49	220589.867864	24	-3.145227	0.19
4925	49	220589.867864	25	-3.145227	0.19
4926	49	220589.867864	26	-3.145228	0.2
4927	49	220589.867864	27	-3.145255	0.21
4928	49	220589.867864	28	-3.150938	0.22
4929	49	220589.867864	29	-3.150938	0.22
4930	49	220589.867864	30	-3.150954	0.23
4931	49	220589.867864	31	-3.150962	0.24
4932	49	220589.867864	32	-3.150963	0.25
4933	49	220589.867864	33	-3.150966	0.26
4934	49	220589.867864	34	-3.150966	0.26
4935	49	220589.867864	35	-3.150966	0.26
4936	49	220589.867864	36	-3.150963	0.27
4937	49	220589.867864	37	-3.158258	0.28
4938	49	220589.867864	38	-3.158270	0.29
4939	49	220589.867864	39	-3.158270	0.29
4940	49	220589.867864	40	-3.159276	0.3
4941	49	220589.867864	41	-3.159285	0.31
4942	49	220589.867864	42	-3.159295	0.32
4943	49	220589.867864	43	-3.161325	0.33
4944	49	220589.867864	44	-3.162492	0.34
4945	49	220589.867864	45	-3.167748	0.35
4946	49	220589.867864	46	-3.169591	0.36
4947	49	220589.867864	47	-3.169680	0.37
4948	49	220589.867864	48	-3.170828	0.38
4949	49	220589.867864	49	-3.170828	0.38
4950	49	220589.867864	50	-3.170828	0.38
4951	49	220589.867864	51	-3.170828	0.38
4952	49	220589.867864	52	-3.170828	0.38
4953	49	220589.867864	53	-3.170858	0.39
4954	49	220589.867864	54	-3.170858	0.39
4955	49	220589.867864	55	-3.170869	0.4
4956	49	220589.867864	56	-3.170869	0.4
4957	49	220589.867864	57	-3.170868	0.41
4958	49	220589.867864	58	-3.177094	0.42
4959	49	220589.867864	59	-3.177354	0.43
4960	49	220589.867864	60	-3.179173	0.44
4961	49	220589.867864	61	-3.179176	0.45
4962	49	220589.867864	62	-3.179173	0.46
4963	49	220589.867864	63	-3.179173	0.46
4964	49	220589.867864	64	-3.179834	0.47
4965	49	220589.867864	65	-3.184810	0.48
4966	49	220589.867864	66	-3.192173	0.49
4967	49	220589.867864	67	-3.192173	0.49
4968	49	220589.867864	68	-3.193624	0.5
4969	49	220589.867864	69	-3.193741	0.51
4970	49	220589.867864	70	-3.202936	0.52
4971	49	220589.867864	71	-3.202936	0.52
4972	49	220589.867864	72	-3.202936	0.52
4973	49	220589.867864	73	-3.202937	0.53
4974	49	220589.867864	74	-3.202946	0.54
4975	49	220589.867864	75	-3.202962	0.55
4976	49	220589.867864	76	-3.202962	0.56
4977	49	220589.867864	77	-3.211219	0.57
4978	49	220589.867864	78	-3.211260	0.58
4979	49	220589.867864	79	-3.212294	0.59
4980	49	220589.867864	80	-3.212327	0.6
4981	49	220589.867864	81	-3.212333	0.61
4982	49	220589.867864	82	-3.212504	0.62
4983	49	220589.867864	83	-3.212504	0.62
4984	49	220589.867864	84	-3.222561	0.63
4985	49	220589.867864	85	-3.222566	0.64
4986	49	220589.867864	86	-3.227239	0.65
4987	49	220589.867864	87	-3.227239	0.65
4988	49	220589.867864	88	-3.232531	0.66
4989	49	220589.867864	89	-3.232531	0.66
4990	49	220589.867864	90	-3.232541	0.67
4991	49	220589.867864	91	-3.232552	0.68
4992	49	220589.867864	92	-3.232554	0.69
4993	49	220589.867864	93	-3.238263	0.7
4994	49	220589.867864	94	-3.238507	0.71
4995	49	220589.867864	95	-3.242853	0.72
4996	49	220589.867864	96	-3.242853	0.72
4997	49	220589.867864	97	-3.242864	0.73
4998	49	220589.867864	98	-3.242864	0.73
4999	49	220589.867864	99	-3.243419	0.74
5000	50	242648.854651	0	-3.243419	0
5001	50	242648.854651	1	-3.243419	0
5002	50	242648.854651	2	-3.243425	0.01
5003	50	242648.854651	3	-3.253525	0.02
5004	50	242648.854651	4	-3.253525	0.02
5005	50	242648.854651	5	-3.253525	0.02
5006	50	242648.854651	6	-3.253528	0.03
5007	50	242648.854651	7	-3.253530	0.04
5008	50	242648.854651	8	-3.253543	0.05
5009	50	242648.854651	9	-3.253747	0.06
5010	50	242648.854651	10	-3.255588	0.07
5011	50	242648.854651	11	-3.255588	0.07
5012	50	242648.854651	12	-3.255592	0.08
5013	50	242648.854651	13	-3.255592	0.08
5014	50	242648.854651	14	-3.261488	0.09
5015	50	242648.854651	15	-3.261488	0.09
5016	50	242648.854651	16	-3.261494	0.1
5017	50	242648.854651	17	-3.261495	0.11
5018	50	242648.854651	18	-3.261495	0.11
5019	50	242648.854651	19	-3.261476	0.12
5020	50	242648.854651	20	-3.266997	0.13
5021	50	242648.854651	21	-3.267003	0.14
5022	50	242648.854651	22	-3.270039	0.15
5023	50	242648.854651	23	-3.274801	0.16
5024	50	242648.854651	24	-3.277003	0.17
5025	50	242648.854651	25	-3.277003	0.17
5026	50	242648.854651	26	-3.277017	0.18
5027	50	242648.854651	27	-3.277020	0.19
5028	50	242648.854651	28	-3.279796	0.2
5029	50	242648.854651	29	-3.279796	0.2
5030	50	242648.854651	30	-3.279814	0.21
5031	50	242648.854651	31	-3.279815	0.22
5032	50	242648.854651	32	-3.279815	0.22
5033	50	242648.854651	33	-3.279836	0.23
5034	50	242648.854651	34	-3.284746	0.24
5035	50	242648.854651	35	-3.288638	0.25
5036	50	242648.854651	36	-3.288637	0.26
5037	50	242648.854651	37	-3.290571	0.27
5038	50	242648.854651	38	-3.290571	0.27
5039	50	242648.854651	39	-3.297213	0.28
5040	50	242648.854651	40	-3.297207	0.29
5041	50	242648.854651	41	-3.297363	0.3
5042	50	242648.854651	42	-3.297362	0.31
5043	50	242648.854651	43	-3.297362	0.31
5044	50	242648.854651	44	-3.297362	0.31
5045	50	242648.854651	45	-3.297514	0.32
5046	50	242648.854651	46	-3.297514	0.32
5047	50	242648.854651	47	-3.303594	0.33
5048	50	242648.854651	48	-3.303594	0.33
5049	50	242648.854651	49	-3.303614	0.34
5050	50	242648.854651	50	-3.306536	0.35
5051	50	242648.854651	51	-3.306544	0.36
5052	50	242648.854651	52	-3.311360	0.37
5053	50	242648.854651	53	-3.311366	0.38
5054	50	242648.854651	54	-3.311366	0.38
5055	50	242648.854651	55	-3.311371	0.39
5056	50	242648.854651	56	-3.311369	0.4
5057	50	242648.854651	57	-3.311369	0.4
5058	50	242648.854651	58	-3.311369	0.4
5059	50	242648.854651	59	-3.311369	0.4
5060	50	242648.854651	60	-3.318809	0.41
5061	50	242648.854651	61	-3.318816	0.42
5062	50	242648.854651	62	-3.318817	0.43
5063	50	242648.854651	63	-3.321738	0.44
5064	50	242648.854651	64	-3.321739	0.45
5065	50	242648.854651	65	-3.321744	0.46
5066	50	242648.854651	66	-3.321744	0.46
5067	50	242648.854651	67	-3.321744	0.46
5068	50	242648.854651	68	-3.321824	0.47
5069	50	242648.854651	69	-3.321819	0.48
5070	50	242648.854651	70	-3.321887	0.49
5071	50	242648.854651	71	-3.326536	0.5
5072	50	242648.854651	72	-3.326536	0.5
5073	50	242648.854651	73	-3.335628	0.51
5074	50	242648.854651	74	-3.337857	0.52
5075	50	242648.854651	75	-3.337857	0.53
5076	50	242648.854651	76	-3.338037	0.54
5077	50	242648.854651	77	-3.338037	0.54
5078	50	242648.854651	78	-3.343537	0.55
5079	50	242648.854651	79	-3.343580	0.56
5080	50	242648.854651	80	-3.343580	0.56
5081	50	242648.854651	81	-3.349326	0.57
5082	50	242648.854651	82	-3.359707	0.58
5083	50	242648.854651	83	-3.359707	0.58
5084	50	242648.854651	84	-3.359735	0.59
5085	50	242648.854651	85	-3.368549	0.6
5086	50	242648.854651	86	-3.368559	0.61
5087	50	242648.854651	87	-3.368559	0.61
5088	50	242648.854651	88	-3.373849	0.62
5089	50	242648.854651	89	-3.373849	0.63
5090	50	242648.854651	90	-3.373849	0.63
5091	50	242648.854651	91	-3.373849	0.64
5092	50	242648.854651	92	-3.373847	0.65
5093	50	242648.854651	93	-3.373851	0.66
5094	50	242648.854651	94	-3.373938	0.67
5095	50	242648.854651	95	-3.373937	0.68
5096	50	242648.854651	96	-3.373937	0.68
5097	50	242648.854651	97	-3.373937	0.68
5098	50	242648.854651	98	-3.373936	0.69
5099	50	242648.854651	99	-3.374002	0.7
5100	51	266913.740116	0	-3.384656	0.01
5101	51	266913.740116	1	-3.384656	0.01
5102	51	266913.740116	2	-3.384656	0.02
5103	51	266913.740116	3	-3.384656	0.02
5104	51	266913.740116	4	-3.384656	0.02
5105	51	266913.740116	5	-3.384656	0.02
5106	51	266913.740116	6	-3.389347	0.03
5107	51	266913.740116	7	-3.389346	0.04
5108	51	266913.740116	8	-3.389346	0.04
5109	51	266913.740116	9	-3.389398	0.05
5110	51	266913.740116	10	-3.389423	0.06
5111	51	266913.740116	11	-3.389438	0.07
5112	51	266913.740116	12	-3.389594	0.08
5113	51	266913.740116	13	-3.399286	0.09
5114	51	266913.740116	14	-3.399287	0.1
5115	51	266913.740116	15	-3.399290	0.11
5116	51	266913.740116	16	-3.405395	0.12
5117	51	266913.740116	17	-3.405395	0.12
5118	51	266913.740116	18	-3.405395	0.12
5119	51	266913.740116	19	-3.407962	0.13
5120	51	266913.740116	20	-3.407972	0.14
5121	51	266913.740116	21	-3.407972	0.15
5122	51	266913.740116	22	-3.407972	0.15
5123	51	266913.740116	23	-3.418005	0.16
5124	51	266913.740116	24	-3.418702	0.17
5125	51	266913.740116	25	-3.420816	0.18
5126	51	266913.740116	26	-3.420816	0.19
5127	51	266913.740116	27	-3.420816	0.19
5128	51	266913.740116	28	-3.420818	0.2
5129	51	266913.740116	29	-3.422113	0.21
5130	51	266913.740116	30	-3.422118	0.22
5131	51	266913.740116	31	-3.429979	0.23
5132	51	266913.740116	32	-3.435863	0.24
5133	51	266913.740116	33	-3.435862	0.25
5134	51	266913.740116	34	-3.435862	0.25
5135	51	266913.740116	35	-3.435917	0.26
5136	51	266913.740116	36	-3.435917	0.26
5137	51	266913.740116	37	-3.443981	0.27
5138	51	266913.740116	38	-3.444032	0.28
5139	51	266913.740116	39	-3.444090	0.29
5140	51	266913.740116	40	-3.444090	0.29
5141	51	266913.740116	41	-3.453036	0.3
5142	51	266913.740116	42	-3.454320	0.31
5143	51	266913.740116	43	-3.454374	0.32
5144	51	266913.740116	44	-3.454374	0.32
5145	51	266913.740116	45	-3.455034	0.33
5146	51	266913.740116	46	-3.458608	0.34
5147	51	266913.740116	47	-3.458874	0.35
5148	51	266913.740116	48	-3.458874	0.35
5149	51	266913.740116	49	-3.467119	0.36
5150	51	266913.740116	50	-3.467141	0.37
5151	51	266913.740116	51	-3.470517	0.38
5152	51	266913.740116	52	-3.472298	0.39
5153	51	266913.740116	53	-3.472298	0.39
5154	51	266913.740116	54	-3.483469	0.4
5155	51	266913.740116	55	-3.486813	0.41
5156	51	266913.740116	56	-3.486851	0.42
5157	51	266913.740116	57	-3.497361	0.43
5158	51	266913.740116	58	-3.504253	0.44
5159	51	266913.740116	59	-3.504253	0.45
5160	51	266913.740116	60	-3.504253	0.45
5161	51	266913.740116	61	-3.512035	0.46
5162	51	266913.740116	62	-3.513247	0.47
5163	51	266913.740116	63	-3.513246	0.48
5164	51	266913.740116	64	-3.513517	0.49
5165	51	266913.740116	65	-3.513517	0.49
5166	51	266913.740116	66	-3.518312	0.5
5167	51	266913.740116	67	-3.518306	0.51
5168	51	266913.740116	68	-3.518309	0.52
5169	51	266913.740116	69	-3.518309	0.53
5170	51	266913.740116	70	-3.518310	0.54
5171	51	266913.740116	71	-3.518310	0.54
5172	51	266913.740116	72	-3.518326	0.55
5173	51	266913.740116	73	-3.518326	0.56
5174	51	266913.740116	74	-3.518356	0.57
5175	51	266913.740116	75	-3.518370	0.58
5176	51	266913.740116	76	-3.527005	0.59
5177	51	266913.740116	77	-3.527005	0.6
5178	51	266913.740116	78	-3.527054	0.61
5179	51	266913.740116	79	-3.527054	0.61
5180	51	266913.740116	80	-3.527078	0.62
5181	51	266913.740116	81	-3.527321	0.63
5182	51	266913.740116	82	-3.527321	0.63
5183	51	266913.740116	83	-3.527321	0.63
5184	51	266913.740116	84	-3.527334	0.64
5185	51	266913.740116	85	-3.538441	0.65
5186	51	266913.740116	86	-3.538524	0.66
5187	51	266913.740116	87	-3.547627	0.67
5188	51	266913.740116	88	-3.547627	0.67
5189	51	266913.740116	89	-3.555586	0.68
5190	51	266913.740116	90	-3.557875	0.69
5191	51	266913.740116	91	-3.557875	0.69
5192	51	266913.740116	92	-3.564616	0.7
5193	51	266913.740116	93	-3.564616	0.7
5194	51	266913.740116	94	-3.564616	0.7
5195	51	266913.740116	95	-3.568089	0.71
5196	51	266913.740116	96	-3.576974	0.72
5197	51	266913.740116	97	-3.588168	0.73
5198	51	266913.740116	98	-3.588743	0.74
5199	51	266913.740116	99	-3.594151	0.75
5200	52	293605.114127	0	-3.594148	0.01
5201	52	293605.114127	1	-3.605200	0.02
5202	52	293605.114127	2	-3.605219	0.03
5203	52	293605.114127	3	-3.605231	0.04
5204	52	293605.114127	4	-3.615913	0.05
5205	52	293605.114127	5	-3.622797	0.06
5206	52	293605.114127	6	-3.622797	0.06
5207	52	293605.114127	7	-3.622810	0.07
5208	52	293605.114127	8	-3.622812	0.08
5209	52	293605.114127	9	-3.622821	0.09
5210	52	293605.114127	10	-3.627314	0.1
5211	52	293605.114127	11	-3.636572	0.11
5212	52	293605.114127	12	-3.636572	0.11
5213	52	293605.114127	13	-3.636572	0.12
5214	52	293605.114127	14	-3.641622	0.13
5215	52	293605.114127	15	-3.641622	0.13
5216	52	293605.114127	16	-3.642579	0.14
5217	52	293605.114127	17	-3.642577	0.15
5218	52	293605.114127	18	-3.642577	0.15
5219	52	293605.114127	19	-3.642577	0.15
5220	52	293605.114127	20	-3.644808	0.16
5221	52	293605.114127	21	-3.644815	0.17
5222	52	293605.114127	22	-3.644816	0.18
5223	52	293605.114127	23	-3.650842	0.19
5224	52	293605.114127	24	-3.650840	0.2
5225	52	293605.114127	25	-3.650870	0.21
5226	52	293605.114127	26	-3.655122	0.22
5227	52	293605.114127	27	-3.666469	0.23
5228	52	293605.114127	28	-3.666469	0.23
5229	52	293605.114127	29	-3.666539	0.24
5230	52	293605.114127	30	-3.666539	0.24
5231	52	293605.114127	31	-3.666555	0.25
5232	52	293605.114127	32	-3.666557	0.26
5233	52	293605.114127	33	-3.666720	0.27
5234	52	293605.114127	34	-3.666720	0.28
5235	52	293605.114127	35	-3.666720	0.28
5236	52	293605.114127	36	-3.666720	0.28
5237	52	293605.114127	37	-3.666720	0.28
5238	52	293605.114127	38	-3.666720	0.28
5239	52	293605.114127	39	-3.666720	0.28
5240	52	293605.114127	40	-3.666721	0.29
5241	52	293605.114127	41	-3.668136	0.3
5242	52	293605.114127	42	-3.668135	0.31
5243	52	293605.114127	43	-3.668137	0.32
5244	52	293605.114127	44	-3.668137	0.32
5245	52	293605.114127	45	-3.678053	0.33
5246	52	293605.114127	46	-3.678048	0.34
5247	52	293605.114127	47	-3.678048	0.34
5248	52	293605.114127	48	-3.678048	0.35
5249	52	293605.114127	49	-3.678044	0.36
5250	52	293605.114127	50	-3.678769	0.37
5251	52	293605.114127	51	-3.678769	0.38
5252	52	293605.114127	52	-3.678769	0.38
5253	52	293605.114127	53	-3.678769	0.38
5254	52	293605.114127	54	-3.688270	0.39
5255	52	293605.114127	55	-3.688271	0.4
5256	52	293605.114127	56	-3.688273	0.41
5257	52	293605.114127	57	-3.695560	0.42
5258	52	293605.114127	58	-3.701928	0.43
5259	52	293605.114127	59	-3.701945	0.44
5260	52	293605.114127	60	-3.712124	0.45
5261	52	293605.114127	61	-3.713865	0.46
5262	52	293605.114127	62	-3.713865	0.46
5263	52	293605.114127	63	-3.713867	0.47
5264	52	293605.114127	64	-3.713980	0.48
5265	52	293605.114127	65	-3.713995	0.49
5266	52	293605.114127	66	-3.713995	0.49
5267	52	293605.114127	67	-3.713995	0.49
5268	52	293605.114127	68	-3.714052	0.5
5269	52	293605.114127	69	-3.714052	0.5
5270	52	293605.114127	70	-3.722667	0.51
5271	52	293605.114127	71	-3.722809	0.52
5272	52	293605.114127	72	-3.734003	0.53
5273	52	293605.114127	73	-3.742124	0.54
5274	52	293605.114127	74	-3.742131	0.55
5275	52	293605.114127	75	-3.748447	0.56
5276	52	293605.114127	76	-3.748447	0.56
5277	52	293605.114127	77	-3.749054	0.57
5278	52	293605.114127	78	-3.749142	0.58
5279	52	293605.114127	79	-3.749142	0.58
5280	52	293605.114127	80	-3.750210	0.59
5281	52	293605.114127	81	-3.750225	0.6
5282	52	293605.114127	82	-3.750225	0.6
5283	52	293605.114127	83	-3.750225	0.6
5284	52	293605.114127	84	-3.754151	0.61
5285	52	293605.114127	85	-3.754151	0.61
5286	52	293605.114127	86	-3.763373	0.62
5287	52	293605.114127	87	-3.763372	0.63
5288	52	293605.114127	88	-3.774794	0.64
5289	52	293605.114127	89	-3.774802	0.65
5290	52	293605.114127	90	-3.774802	0.65
5291	52	293605.114127	91	-3.774802	0.65
5292	52	293605.114127	92	-3.774802	0.65
5293	52	293605.114127	93	-3.774907	0.66
5294	52	293605.114127	94	-3.775032	0.67
5295	52	293605.114127	95	-3.780593	0.68
5296	52	293605.114127	96	-3.788738	0.69
5297	52	293605.114127	97	-3.788738	0.69
5298	52	293605.114127	98	-3.788738	0.69
5299	52	293605.114127	99	-3.788738	0.69
5300	53	322965.625540	0	-3.788882	0.01
5301	53	322965.625540	1	-3.788882	0.01
5302	53	322965.625540	2	-3.791698	0.02
5303	53	322965.625540	3	-3.791698	0.02
5304	53	322965.625540	4	-3.791698	0.02
5305	53	322965.625540	5	-3.791698	0.02
5306	53	322965.625540	6	-3.791698	0.02
5307	53	322965.625540	7	-3.791698	0.03
5308	53	322965.625540	8	-3.791721	0.04
5309	53	322965.625540	9	-3.791721	0.04
5310	53	322965.625540	10	-3.791721	0.04
5311	53	322965.625540	11	-3.791721	0.04
5312	53	322965.625540	12	-3.802630	0.05
5313	53	322965.625540	13	-3.802630	0.05
5314	53	322965.625540	14	-3.810138	0.06
5315	53	322965.625540	15	-3.810138	0.06
5316	53	322965.625540	16	-3.819794	0.07
5317	53	322965.625540	17	-3.826975	0.08
5318	53	322965.625540	18	-3.831395	0.09
5319	53	322965.625540	19	-3.831395	0.1
5320	53	322965.625540	20	-3.840644	0.11
5321	53	322965.625540	21	-3.847166	0.12
5322	53	322965.625540	22	-3.847166	0.12
5323	53	322965.625540	23	-3.847173	0.13
5324	53	322965.625540	24	-3.847173	0.13
5325	53	322965.625540	25	-3.847173	0.13
5326	53	322965.625540	26	-3.855666	0.14
5327	53	322965.625540	27	-3.856191	0.15
5328	53	322965.625540	28	-3.856191	0.15
5329	53	322965.625540	29	-3.862549	0.16
5330	53	322965.625540	30	-3.862549	0.16
5331	53	322965.625540	31	-3.862549	0.16
5332	53	322965.625540	32	-3.862646	0.17
5333	53	322965.625540	33	-3.862646	0.17
5334	53	322965.625540	34	-3.862731	0.18
5335	53	322965.625540	35	-3.862730	0.19
5336	53	322965.625540	36	-3.862782	0.2
5337	53	322965.625540	37	-3.864164	0.21
5338	53	322965.625540	38	-3.864164	0.21
5339	53	322965.625540	39	-3.864233	0.22
5340	53	322965.625540	40	-3.864251	0.23
5341	53	322965.625540	41	-3.864316	0.24
5342	53	322965.625540	42	-3.871966	0.25
5343	53	322965.625540	43	-3.873509	0.26
5344	53	322965.625540	44	-3.882878	0.27
5345	53	322965.625540	45	-3.883075	0.28
5346	53	322965.625540	46	-3.883075	0.28
5347	53	322965.625540	47	-3.894837	0.29
5348	53	322965.625540	48	-3.894853	0.3
5349	53	322965.625540	49	-3.894875	0.31
5350	53	322965.625540	50	-3.894891	0.32
5351	53	322965.625540	51	-3.902967	0.33
5352	53	322965.625540	52	-3.902969	0.34
5353	53	322965.625540	53	-3.902969	0.34
5354	53	322965.625540	54	-3.902968	0.35
5355	53	322965.625540	55	-3.902968	0.35
5356	53	322965.625540	56	-3.911032	0.36
5357	53	322965.625540	57	-3.912883	0.37
5358	53	322965.625540	58	-3.913208	0.38
5359	53	322965.625540	59	-3.919926	0.39
5360	53	322965.625540	60	-3.919926	0.39
5361	53	322965.625540	61	-3.919926	0.39
5362	53	322965.625540	62	-3.920090	0.4
5363	53	322965.625540	63	-3.920090	0.4
5364	53	322965.625540	64	-3.920090	0.4
5365	53	322965.625540	65	-3.923277	0.41
5366	53	322965.625540	66	-3.923277	0.41
5367	53	322965.625540	67	-3.923277	0.41
5368	53	322965.625540	68	-3.923277	0.41
5369	53	322965.625540	69	-3.923326	0.42
5370	53	322965.625540	70	-3.923326	0.42
5371	53	322965.625540	71	-3.923330	0.43
5372	53	322965.625540	72	-3.923368	0.44
5373	53	322965.625540	73	-3.927491	0.45
5374	53	322965.625540	74	-3.929014	0.46
5375	53	322965.625540	75	-3.931781	0.47
5376	53	322965.625540	76	-3.931814	0.48
5377	53	322965.625540	77	-3.931817	0.49
5378	53	322965.625540	78	-3.931817	0.49
5379	53	322965.625540	79	-3.936277	0.5
5380	53	322965.625540	80	-3.936500	0.51
5381	53	322965.625540	81	-3.936500	0.51
5382	53	322965.625540	82	-3.936547	0.52
5383	53	322965.625540	83	-3.936603	0.53
5384	53	322965.625540	84	-3.936603	0.53
5385	53	322965.625540	85	-3.936603	0.53
5386	53	322965.625540	86	-3.936603	0.53
5387	53	322965.625540	87	-3.944654	0.54
5388	53	322965.625540	88	-3.944658	0.55
5389	53	322965.625540	89	-3.950663	0.56
5390	53	322965.625540	90	-3.950663	0.56
5391	53	322965.625540	91	-3.950707	0.57
5392	53	322965.625540	92	-3.950707	0.58
5393	53	322965.625540	93	-3.950707	0.58
5394	53	322965.625540	94	-3.950707	0.58
5395	53	322965.625540	95	-3.950707	0.58
5396	53	322965.625540	96	-3.950762	0.59
5397	53	322965.625540	97	-3.950762	0.59
5398	53	322965.625540	98	-3.950762	0.59
5399	53	322965.625540	99	-3.951231	0.6
5400	54	355262.188094	0	-3.951485	0.01
5401	54	355262.188094	1	-3.963521	0.02
5402	54	355262.188094	2	-3.963534	0.03
5403	54	355262.188094	3	-3.974619	0.04
5404	54	355262.188094	4	-3.974619	0.04
5405	54	355262.188094	5	-3.981321	0.05
5406	54	355262.188094	6	-3.989090	0.06
5407	54	355262.188094	7	-3.995035	0.07
5408	54	355262.188094	8	-3.995035	0.07
5409	54	355262.188094	9	-3.995035	0.07
5410	54	355262.188094	10	-3.997913	0.08
5411	54	355262.188094	11	-3.997957	0.09
5412	54	355262.188094	12	-3.997957	0.09
5413	54	355262.188094	13	-4.001867	0.1
5414	54	355262.188094	14	-4.009046	0.11
5415	54	355262.188094	15	-4.009046	0.11
5416	54	355262.188094	16	-4.009148	0.12
5417	54	355262.188094	17	-4.021372	0.13
5418	54	355262.188094	18	-4.021375	0.14
5419	54	355262.188094	19	-4.031857	0.15
5420	54	355262.188094	20	-4.031864	0.16
5421	54	355262.188094	21	-4.031887	0.17
5422	54	355262.188094	22	-4.031922	0.18
5423	54	355262.188094	23	-4.031922	0.18
5424	54	355262.188094	24	-4.031922	0.18
5425	54	355262.188094	25	-4.033748	0.19
5426	54	355262.188094	26	-4.045710	0.2
5427	54	355262.188094	27	-4.057388	0.21
5428	54	355262.188094	28	-4.057388	0.21
5429	54	355262.188094	29	-4.063732	0.22
5430	54	355262.188094	30	-4.063732	0.22
5431	54	355262.188094	31	-4.074492	0.23
5432	54	355262.188094	32	-4.074492	0.24
5433	54	355262.188094	33	-4.084279	0.25
5434	54	355262.188094	34	-4.084279	0.25
5435	54	355262.188094	35	-4.084278	0.26
5436	54	355262.188094	36	-4.084278	0.26
5437	54	355262.188094	37	-4.084278	0.26
5438	54	355262.188094	38	-4.084278	0.26
5439	54	355262.188094	39	-4.084278	0.26
5440	54	355262.188094	40	-4.084278	0.26
5441	54	355262.188094	41	-4.095183	0.27
5442	54	355262.188094	42	-4.102394	0.28
5443	54	355262.188094	43	-4.102394	0.28
5444	54	355262.188094	44	-4.115021	0.29
5445	54	355262.188094	45	-4.115059	0.3
5446	54	355262.188094	46	-4.115056	0.31
5447	54	355262.188094	47	-4.115059	0.32
5448	54	355262.188094	48	-4.115059	0.32
5449	54	355262.188094	49	-4.115151	0.33
5450	54	355262.188094	50	-4.115151	0.33
5451	54	355262.188094	51	-4.115151	0.33
5452	54	355262.188094	52	-4.115158	0.34
5453	54	355262.188094	53	-4.115160	0.35
5454	54	355262.188094	54	-4.128026	0.36
5455	54	355262.188094	55	-4.128026	0.36
5456	54	355262.188094	56	-4.128033	0.37
5457	54	355262.188094	57	-4.128033	0.37
5458	54	355262.188094	58	-4.129331	0.38
5459	54	355262.188094	59	-4.129332	0.39
5460	54	355262.188094	60	-4.129332	0.4
5461	54	355262.188094	61	-4.129385	0.41
5462	54	355262.188094	62	-4.129386	0.42
5463	54	355262.188094	63	-4.129386	0.43
5464	54	355262.188094	64	-4.129386	0.43
5465	54	355262.188094	65	-4.129394	0.44
5466	54	355262.188094	66	-4.129421	0.45
5467	54	355262.188094	67	-4.129421	0.45
5468	54	355262.188094	68	-4.138339	0.46
5469	54	355262.188094	69	-4.138340	0.47
5470	54	355262.188094	70	-4.138340	0.47
5471	54	355262.188094	71	-4.138344	0.48
5472	54	355262.188094	72	-4.151031	0.49
5473	54	355262.188094	73	-4.151029	0.5
5474	54	355262.188094	74	-4.151029	0.51
5475	54	355262.188094	75	-4.155236	0.52
5476	54	355262.188094	76	-4.155236	0.52
5477	54	355262.188094	77	-4.155236	0.52
5478	54	355262.188094	78	-4.155284	0.53
5479	54	355262.188094	79	-4.155332	0.54
5480	54	355262.188094	80	-4.155356	0.55
5481	54	355262.188094	81	-4.155357	0.56
5482	54	355262.188094	82	-4.157999	0.57
5483	54	355262.188094	83	-4.158007	0.58
5484	54	355262.188094	84	-4.158007	0.58
5485	54	355262.188094	85	-4.158046	0.59
5486	54	355262.188094	86	-4.158046	0.59
5487	54	355262.188094	87	-4.158046	0.59
5488	54	355262.188094	88	-4.162354	0.6
5489	54	355262.188094	89	-4.175163	0.61
5490	54	355262.188094	90	-4.186952	0.62
5491	54	355262.188094	91	-4.186952	0.63
5492	54	355262.188094	92	-4.196014	0.64
5493	54	355262.188094	93	-4.196019	0.65
5494	54	355262.188094	94	-4.196020	0.66
5495	54	355262.188094	95	-4.198502	0.67
5496	54	355262.188094	96	-4.198502	0.67
5497	54	355262.188094	97	-4.198502	0.67
5498	54	355262.188094	98	-4.198502	0.67
5499	54	355262.188094	99	-4.198503	0.68
5500	55	390788.406903	0	-4.204584	0.01
5501	55	390788.406903	1	-4.204621	0.02
5502	55	390788.406903	2	-4.214468	0.03
5503	55	390788.406903	3	-4.218531	0.04
5504	55	390788.406903	4	-4.218531	0.04
5505	55	390788.406903	5	-4.218533	0.05
5506	55	390788.406903	6	-4.231389	0.06
5507	55	390788.406903	7	-4.231389	0.06
5508	55	390788.406903	8	-4.231389	0.06
5509	55	390788.406903	9	-4.231389	0.06
5510	55	390788.406903	10	-4.231389	0.06
5511	55	390788.406903	11	-4.231395	0.07
5512	55	390788.406903	12	-4.231409	0.08
5513	55	390788.406903	13	-4.231409	0.08
5514	55	390788.406903	14	-4.231409	0.08
5515	55	390788.406903	15	-4.231409	0.09
5516	55	390788.406903	16	-4.231429	0.1
5517	55	390788.406903	17	-4.231429	0.1
5518	55	390788.406903	18	-4.231429	0.1
5519	55	390788.406903	19	-4.236875	0.11
5520	55	390788.406903	20	-4.236876	0.12
5521	55	390788.406903	21	-4.241193	0.13
5522	55	390788.406903	22	-4.241193	0.13
5523	55	390788.406903	23	-4.249971	0.14
5524	55	390788.406903	24	-4.256439	0.15
5525	55	390788.406903	25	-4.266028	0.16
5526	55	390788.406903	26	-4.266028	0.16
5527	55	390788.406903	27	-4.266283	0.17
5528	55	390788.406903	28	-4.266303	0.18
5529	55	390788.406903	29	-4.266303	0.18
5530	55	390788.406903	30	-4.276011	0.19
5531	55	390788.406903	31	-4.276013	0.2
5532	55	390788.406903	32	-4.276026	0.21
5533	55	390788.406903	33	-4.281051	0.22
5534	55	390788.406903	34	-4.281051	0.22
5535	55	390788.406903	35	-4.281051	0.22
5536	55	390788.406903	36	-4.293987	0.23
5537	55	390788.406903	37	-4.293987	0.23
5538	55	390788.406903	38	-4.300925	0.24
5539	55	390788.406903	39	-4.300925	0.24
5540	55	390788.406903	40	-4.302113	0.25
5541	55	390788.406903	41	-4.302113	0.25
5542	55	390788.406903	42	-4.302128	0.26
5543	55	390788.406903	43	-4.302128	0.26
5544	55	390788.406903	44	-4.304718	0.27
5545	55	390788.406903	45	-4.304718	0.27
5546	55	390788.406903	46	-4.316312	0.28
5547	55	390788.406903	47	-4.316313	0.29
5548	55	390788.406903	48	-4.316313	0.29
5549	55	390788.406903	49	-4.316313	0.29
5550	55	390788.406903	50	-4.316337	0.3
5551	55	390788.406903	51	-4.316337	0.3
5552	55	390788.406903	52	-4.316337	0.3
5553	55	390788.406903	53	-4.316337	0.3
5554	55	390788.406903	54	-4.316877	0.31
5555	55	390788.406903	55	-4.316890	0.32
5556	55	390788.406903	56	-4.316890	0.32
5557	55	390788.406903	57	-4.316898	0.33
5558	55	390788.406903	58	-4.316898	0.33
5559	55	390788.406903	59	-4.321983	0.34
5560	55	390788.406903	60	-4.322016	0.35
5561	55	390788.406903	61	-4.325250	0.36
5562	55	390788.406903	62	-4.325250	0.36
5563	55	390788.406903	63	-4.325250	0.36
5564	55	390788.406903	64	-4.325275	0.37
5565	55	390788.406903	65	-4.331175	0.38
5566	55	390788.406903	66	-4.331182	0.39
5567	55	390788.406903	67	-4.338747	0.4
5568	55	390788.406903	68	-4.338807	0.41
5569	55	390788.406903	69	-4.338807	0.41
5570	55	390788.406903	70	-4.339019	0.42
5571	55	390788.406903	71	-4.339019	0.42
5572	55	390788.406903	72	-4.339034	0.43
5573	55	390788.406903	73	-4.339034	0.43
5574	55	390788.406903	74	-4.339037	0.44
5575	55	390788.406903	75	-4.349645	0.45
5576	55	390788.406903	76	-4.361535	0.46
5577	55	390788.406903	77	-4.361535	0.46
5578	55	390788.406903	78	-4.361611	0.47
5579	55	390788.406903	79	-4.361611	0.47
5580	55	390788.406903	80	-4.365935	0.48
5581	55	390788.406903	81	-4.366128	0.49
5582	55	390788.406903	82	-4.366128	0.49
5583	55	390788.406903	83	-4.366128	0.49
5584	55	390788.406903	84	-4.366128	0.49
5585	55	390788.406903	85	-4.372029	0.5
5586	55	390788.406903	86	-4.372029	0.5
5587	55	390788.406903	87	-4.372215	0.51
5588	55	390788.406903	88	-4.372839	0.52
5589	55	390788.406903	89	-4.372864	0.53
5590	55	390788.406903	90	-4.372864	0.53
5591	55	390788.406903	91	-4.372864	0.53
5592	55	390788.406903	92	-4.372864	0.54
5593	55	390788.406903	93	-4.372874	0.55
5594	55	390788.406903	94	-4.380166	0.56
5595	55	390788.406903	95	-4.389447	0.57
5596	55	390788.406903	96	-4.389449	0.58
5597	55	390788.406903	97	-4.389449	0.58
5598	55	390788.406903	98	-4.391186	0.59
5599	55	390788.406903	99	-4.391220	0.6
5600	56	429867.247594	0	-4.391216	0.01
5601	56	429867.247594	1	-4.391216	0.01
5602	56	429867.247594	2	-4.397175	0.02
5603	56	429867.247594	3	-4.406529	0.03
5604	56	429867.247594	4	-4.406533	0.04
5605	56	429867.247594	5	-4.406533	0.04
5606	56	429867.247594	6	-4.413777	0.05
5607	56	429867.247594	7	-4.413777	0.05
5608	56	429867.247594	8	-4.415604	0.06
5609	56	429867.247594	9	-4.415604	0.06
5610	56	429867.247594	10	-4.415679	0.07
5611	56	429867.247594	11	-4.415679	0.07
5612	56	429867.247594	12	-4.415679	0.07
5613	56	429867.247594	13	-4.424050	0.08
5614	56	429867.247594	14	-4.435879	0.09
5615	56	429867.247594	15	-4.435879	0.09
5616	56	429867.247594	16	-4.435879	0.09
5617	56	429867.247594	17	-4.435878	0.1
5618	56	429867.247594	18	-4.435912	0.11
5619	56	429867.247594	19	-4.435912	0.11
5620	56	429867.247594	20	-4.436401	0.12
5621	56	429867.247594	21	-4.449071	0.13
5622	56	429867.247594	22	-4.449113	0.14
5623	56	429867.247594	23	-4.459198	0.15
5624	56	429867.247594	24	-4.459198	0.15
5625	56	429867.247594	25	-4.462711	0.16
5626	56	429867.247594	26	-4.462711	0.16
5627	56	429867.247594	27	-4.462713	0.17
5628	56	429867.247594	28	-4.462713	0.17
5629	56	429867.247594	29	-4.462740	0.18
5630	56	429867.247594	30	-4.472912	0.19
5631	56	429867.247594	31	-4.472912	0.19
5632	56	429867.247594	32	-4.472938	0.2
5633	56	429867.247594	33	-4.472938	0.2
5634	56	429867.247594	34	-4.482632	0.21
5635	56	429867.247594	35	-4.482632	0.21
5636	56	429867.247594	36	-4.482632	0.21
5637	56	429867.247594	37	-4.482633	0.22
5638	56	429867.247594	38	-4.482633	0.22
5639	56	429867.247594	39	-4.496015	0.23
5640	56	429867.247594	40	-4.496015	0.23
5641	56	429867.247594	41	-4.496015	0.23
5642	56	429867.247594	42	-4.496103	0.24
5643	56	429867.247594	43	-4.496103	0.24
5644	56	429867.247594	44	-4.496116	0.25
5645	56	429867.247594	45	-4.499899	0.26
5646	56	429867.247594	46	-4.499899	0.26
5647	56	429867.247594	47	-4.509918	0.27
5648	56	429867.247594	48	-4.509918	0.27
5649	56	429867.247594	49	-4.518833	0.28
5650	56	429867.247594	50	-4.529997	0.29
5651	56	429867.247594	51	-4.530002	0.3
5652	56	429867.247594	52	-4.531101	0.31
5653	56	429867.247594	53	-4.531101	0.31
5654	56	429867.247594	54	-4.531147	0.32
5655	56	429867.247594	55	-4.534019	0.33
5656	56	429867.247594	56	-4.534019	0.33
5657	56	429867.247594	57	-4.544968	0.34
5658	56	429867.247594	58	-4.544969	0.35
5659	56	429867.247594	59	-4.544967	0.36
5660	56	429867.247594	60	-4.544967	0.36
5661	56	429867.247594	61	-4.545921	0.37
5662	56	429867.247594	62	-4.545921	0.37
5663	56	429867.247594	63	-4.545921	0.37
5664	56	429867.247594	64	-4.545927	0.38
5665	56	429867.247594	65	-4.545927	0.38
5666	56	429867.247594	66	-4.545927	0.38
5667	56	429867.247594	67	-4.545927	0.38
5668	56	429867.247594	68	-4.545927	0.38
5669	56	429867.247594	69	-4.545927	0.38
5670	56	429867.247594	70	-4.545926	0.39
5671	56	429867.247594	71	-4.557539	0.4
5672	56	429867.247594	72	-4.557539	0.4
5673	56	429867.247594	73	-4.564494	0.41
5674	56	429867.247594	74	-4.564494	0.41
5675	56	429867.247594	75	-4.564535	0.42
5676	56	429867.247594	76	-4.564535	0.42
5677	56	429867.247594	77	-4.564551	0.43
5678	56	429867.247594	78	-4.564641	0.44
5679	56	429867.247594	79	-4.564654	0.45
5680	56	429867.247594	80	-4.564654	0.45
5681	56	429867.247594	81	-4.564654	0.45
5682	56	429867.247594	82	-4.564658	0.46
5683	56	429867.247594	83	-4.564658	0.46
5684	56	429867.247594	84	-4.564661	0.47
5685	56	429867.247594	85	-4.564661	0.47
5686	56	429867.247594	86	-4.564661	0.47
5687	56	429867.247594	87	-4.564665	0.48
5688	56	429867.247594	88	-4.564666	0.49
5689	56	429867.247594	89	-4.564666	0.49
5690	56	429867.247594	90	-4.564666	0.49
5691	56	429867.247594	91	-4.564666	0.49
5692	56	429867.247594	92	-4.564666	0.49
5693	56	429867.247594	93	-4.564666	0.49
5694	56	429867.247594	94	-4.564666	0.49
5695	56	429867.247594	95	-4.564666	0.49
5696	56	429867.247594	96	-4.565789	0.5
5697	56	429867.247594	97	-4.565841	0.51
5698	56	429867.247594	98	-4.567702	0.52
5699	56	429867.247594	99	-4.567702	0.52
5700	57	472853.972353	0	-4.567702	0
5701	57	472853.972353	1	-4.572425	0.01
5702	57	472853.972353	2	-4.572958	0.02
5703	57	472853.972353	3	-4.573388	0.03
5704	57	472853.972353	4	-4.573425	0.04
5705	57	472853.972353	5	-4.573425	0.04
5706	57	472853.972353	6	-4.573434	0.05
5707	57	472853.972353	7	-4.573434	0.05
5708	57	472853.972353	8	-4.573439	0.06
5709	57	472853.972353	9	-4.573439	0.06
5710	57	472853.972353	10	-4.573439	0.06
5711	57	472853.972353	11	-4.573439	0.06
5712	57	472853.972353	12	-4.573481	0.07
5713	57	472853.972353	13	-4.586455	0.08
5714	57	472853.972353	14	-4.586455	0.08
5715	57	472853.972353	15	-4.586455	0.09
5716	57	472853.972353	16	-4.597966	0.1
5717	57	472853.972353	17	-4.597966	0.1
5718	57	472853.972353	18	-4.597966	0.1
5719	57	472853.972353	19	-4.597966	0.1
5720	57	472853.972353	20	-4.600488	0.11
5721	57	472853.972353	21	-4.600488	0.11
5722	57	472853.972353	22	-4.600536	0.12
5723	57	472853.972353	23	-4.600536	0.12
5724	57	472853.972353	24	-4.600536	0.12
5725	57	472853.972353	25	-4.600539	0.13
5726	57	472853.972353	26	-4.600539	0.13
5727	57	472853.972353	27	-4.600541	0.14
5728	57	472853.972353	28	-4.610792	0.15
5729	57	472853.972353	29	-4.615359	0.16
5730	57	472853.972353	30	-4.618048	0.17
5731	57	472853.972353	31	-4.618071	0.18
5732	57	472853.972353	32	-4.618080	0.19
5733	57	472853.972353	33	-4.623818	0.2
5734	57	472853.972353	34	-4.636886	0.21
5735	57	472853.972353	35	-4.636886	0.21
5736	57	472853.972353	36	-4.636886	0.21
5737	57	472853.972353	37	-4.636886	0.21
5738	57	472853.972353	38	-4.636893	0.22
5739	57	472853.972353	39	-4.646739	0.23
5740	57	472853.972353	40	-4.646746	0.24
5741	57	472853.972353	41	-4.646807	0.25
5742	57	472853.972353	42	-4.646911	0.26
5743	57	472853.972353	43	-4.646934	0.27
5744	57	472853.972353	44	-4.646934	0.27
5745	57	472853.972353	45	-4.646938	0.28
5746	57	472853.972353	46	-4.646938	0.28
5747	57	472853.972353	47	-4.646938	0.28
5748	57	472853.972353	48	-4.658173	0.29
5749	57	472853.972353	49	-4.658173	0.29
5750	57	472853.972353	50	-4.658173	0.29
5751	57	472853.972353	51	-4.658173	0.29
5752	57	472853.972353	52	-4.658197	0.3
5753	57	472853.972353	53	-4.666899	0.31
5754	57	472853.972353	54	-4.666905	0.32
5755	57	472853.972353	55	-4.672763	0.33
5756	57	472853.972353	56	-4.672763	0.33
5757	57	472853.972353	57	-4.672789	0.34
5758	57	472853.972353	58	-4.672792	0.35
5759	57	472853.972353	59	-4.678510	0.36
5760	57	472853.972353	60	-4.678521	0.37
5761	57	472853.972353	61	-4.678521	0.37
5762	57	472853.972353	62	-4.678521	0.37
5763	57	472853.972353	63	-4.678536	0.38
5764	57	472853.972353	64	-4.678536	0.38
5765	57	472853.972353	65	-4.688913	0.39
5766	57	472853.972353	66	-4.691234	0.4
5767	57	472853.972353	67	-4.691245	0.41
5768	57	472853.972353	68	-4.691252	0.42
5769	57	472853.972353	69	-4.691252	0.42
5770	57	472853.972353	70	-4.691251	0.43
5771	57	472853.972353	71	-4.691251	0.43
5772	57	472853.972353	72	-4.692516	0.44
5773	57	472853.972353	73	-4.692615	0.45
5774	57	472853.972353	74	-4.692615	0.45
5775	57	472853.972353	75	-4.699238	0.46
5776	57	472853.972353	76	-4.699292	0.47
5777	57	472853.972353	77	-4.699292	0.47
5778	57	472853.972353	78	-4.699292	0.47
5779	57	472853.972353	79	-4.699315	0.48
5780	57	472853.972353	80	-4.699315	0.48
5781	57	472853.972353	81	-4.699315	0.48
5782	57	472853.972353	82	-4.699347	0.49
5783	57	472853.972353	83	-4.708495	0.5
5784	57	472853.972353	84	-4.712321	0.51
5785	57	472853.972353	85	-4.712321	0.51
5786	57	472853.972353	86	-4.717349	0.52
5787	57	472853.972353	87	-4.717348	0.53
5788	57	472853.972353	88	-4.722477	0.54
5789	57	472853.972353	89	-4.722517	0.55
5790	57	472853.972353	90	-4.722566	0.56
5791	57	472853.972353	91	-4.736139	0.57
5792	57	472853.972353	92	-4.736171	0.58
5793	57	472853.972353	93	-4.736181	0.59
5794	57	472853.972353	94	-4.736178	0.6
5795	57	472853.972353	95	-4.736181	0.61
5796	57	472853.972353	96	-4.745460	0.62
5797	57	472853.972353	97	-4.745558	0.63
5798	57	472853.972353	98	-4.752663	0.64
5799	57	472853.972353	99	-4.752678	0.65
5800	58	520139.369588	0	-4.752690	0.01
5801	58	520139.369588	1	-4.752690	0.01
5802	58	520139.369588	2	-4.752799	0.02
5803	58	520139.369588	3	-4.752799	0.02
5804	58	520139.369588	4	-4.752796	0.03
5805	58	520139.369588	5	-4.761278	0.04
5806	58	520139.369588	6	-4.761278	0.04
5807	58	520139.369588	7	-4.761278	0.04
5808	58	520139.369588	8	-4.765764	0.05
5809	58	520139.369588	9	-4.765764	0.05
5810	58	520139.369588	10	-4.765764	0.05
5811	58	520139.369588	11	-4.773643	0.06
5812	58	520139.369588	12	-4.773643	0.06
5813	58	520139.369588	13	-4.774728	0.07
5814	58	520139.369588	14	-4.774773	0.08
5815	58	520139.369588	15	-4.774773	0.08
5816	58	520139.369588	16	-4.787640	0.09
5817	58	520139.369588	17	-4.787640	0.09
5818	58	520139.369588	18	-4.789041	0.1
5819	58	520139.369588	19	-4.789558	0.11
5820	58	520139.369588	20	-4.789558	0.11
5821	58	520139.369588	21	-4.789558	0.11
5822	58	520139.369588	22	-4.789558	0.11
5823	58	520139.369588	23	-4.790602	0.12
5824	58	520139.369588	24	-4.790606	0.13
5825	58	520139.369588	25	-4.804582	0.14
5826	58	520139.369588	26	-4.804582	0.15
5827	58	520139.369588	27	-4.814846	0.16
5828	58	520139.369588	28	-4.814968	0.17
5829	58	520139.369588	29	-4.814968	0.17
5830	58	520139.369588	30	-4.814997	0.18
5831	58	520139.369588	31	-4.824996	0.19
5832	58	520139.369588	32	-4.826918	0.2
5833	58	520139.369588	33	-4.826918	0.2
5834	58	520139.369588	34	-4.826918	0.2
5835	58	520139.369588	35	-4.833075	0.21
5836	58	520139.369588	36	-4.833328	0.22
5837	58	520139.369588	37	-4.840382	0.23
5838	58	520139.369588	38	-4.842669	0.24
5839	58	520139.369588	39	-4.842673	0.25
5840	58	520139.369588	40	-4.842685	0.26
5841	58	520139.369588	41	-4.842802	0.27
5842	58	520139.369588	42	-4.845877	0.28
5843	58	520139.369588	43	-4.845888	0.29
5844	58	520139.369588	44	-4.845888	0.29
5845	58	520139.369588	45	-4.845946	0.3
5846	58	520139.369588	46	-4.845946	0.3
5847	58	520139.369588	47	-4.857818	0.31
5848	58	520139.369588	48	-4.870649	0.32
5849	58	520139.369588	49	-4.877520	0.33
5850	58	520139.369588	50	-4.877524	0.34
5851	58	520139.369588	51	-4.877608	0.35
5852	58	520139.369588	52	-4.881864	0.36
5853	58	520139.369588	53	-4.881903	0.37
5854	58	520139.369588	54	-4.885691	0.38
5855	58	520139.369588	55	-4.885691	0.38
5856	58	520139.369588	56	-4.885748	0.39
5857	58	520139.369588	57	-4.892153	0.4
5858	58	520139.369588	58	-4.892153	0.4
5859	58	520139.369588	59	-4.904107	0.41
5860	58	520139.369588	60	-4.904107	0.42
5861	58	520139.369588	61	-4.904107	0.42
5862	58	520139.369588	62	-4.904129	0.43
5863	58	520139.369588	63	-4.904129	0.43
5864	58	520139.369588	64	-4.904134	0.44
5865	58	520139.369588	65	-4.904136	0.45
5866	58	520139.369588	66	-4.904136	0.45
5867	58	520139.369588	67	-4.904136	0.45
5868	58	520139.369588	68	-4.916693	0.46
5869	58	520139.369588	69	-4.916759	0.47
5870	58	520139.369588	70	-4.916906	0.48
5871	58	520139.369588	71	-4.916906	0.48
5872	58	520139.369588	72	-4.917237	0.49
5873	58	520139.369588	73	-4.917240	0.5
5874	58	520139.369588	74	-4.919125	0.51
5875	58	520139.369588	75	-4.919117	0.52
5876	58	520139.369588	76	-4.925001	0.53
5877	58	520139.369588	77	-4.925001	0.53
5878	58	520139.369588	78	-4.925001	0.53
5879	58	520139.369588	79	-4.928270	0.54
5880	58	520139.369588	80	-4.928270	0.54
5881	58	520139.369588	81	-4.928270	0.54
5882	58	520139.369588	82	-4.938920	0.55
5883	58	520139.369588	83	-4.938953	0.56
5884	58	520139.369588	84	-4.938953	0.56
5885	58	520139.369588	85	-4.938953	0.56
5886	58	520139.369588	86	-4.938969	0.57
5887	58	520139.369588	87	-4.938969	0.57
5888	58	520139.369588	88	-4.946083	0.58
5889	58	520139.369588	89	-4.946937	0.59
5890	58	520139.369588	90	-4.947031	0.6
5891	58	520139.369588	91	-4.956999	0.61
5892	58	520139.369588	92	-4.963947	0.62
5893	58	520139.369588	93	-4.976609	0.63
5894	58	520139.369588	94	-4.976987	0.64
5895	58	520139.369588	95	-4.982188	0.65
5896	58	520139.369588	96	-4.982188	0.65
5897	58	520139.369588	97	-4.982227	0.66
5898	58	520139.369588	98	-4.982227	0.66
5899	58	520139.369588	99	-4.982266	0.67
5900	59	572153.306547	0	-4.989166	0.01
5901	59	572153.306547	1	-4.989166	0.01
5902	59	572153.306547	2	-4.989166	0.01
5903	59	572153.306547	3	-4.992925	0.02
5904	59	572153.306547	4	-4.992933	0.03
5905	59	572153.306547	5	-4.992934	0.04
5906	59	572153.306547	6	-4.992934	0.04
5907	59	572153.306547	7	-4.992934	0.05
5908	59	572153.306547	8	-4.992933	0.06
5909	59	572153.306547	9	-4.998821	0.07
5910	59	572153.306547	10	-4.999880	0.08
5911	59	572153.306547	11	-4.999880	0.08
5912	59	572153.306547	12	-5.002445	0.09
5913	59	572153.306547	13	-5.002447	0.1
5914	59	572153.306547	14	-5.002668	0.11
5915	59	572153.306547	15	-5.002697	0.12
5916	59	572153.306547	16	-5.002697	0.12
5917	59	572153.306547	17	-5.013363	0.13
5918	59	572153.306547	18	-5.013363	0.13
5919	59	572153.306547	19	-5.013375	0.14
5920	59	572153.306547	20	-5.016500	0.15
5921	59	572153.306547	21	-5.016500	0.15
5922	59	572153.306547	22	-5.016500	0.15
5923	59	572153.306547	23	-5.016500	0.15
5924	59	572153.306547	24	-5.016500	0.15
5925	59	572153.306547	25	-5.016525	0.16
5926	59	572153.306547	26	-5.016525	0.16
5927	59	572153.306547	27	-5.016541	0.17
5928	59	572153.306547	28	-5.016798	0.18
5929	59	572153.306547	29	-5.016828	0.19
5930	59	572153.306547	30	-5.016828	0.19
5931	59	572153.306547	31	-5.016927	0.2
5932	59	572153.306547	32	-5.016932	0.21
5933	59	572153.306547	33	-5.016961	0.22
5934	59	572153.306547	34	-5.016961	0.22
5935	59	572153.306547	35	-5.016965	0.23
5936	59	572153.306547	36	-5.016965	0.23
5937	59	572153.306547	37	-5.016973	0.24
5938	59	572153.306547	38	-5.016976	0.25
5939	59	572153.306547	39	-5.021409	0.26
5940	59	572153.306547	40	-5.021409	0.26
5941	59	572153.306547	41	-5.025787	0.27
5942	59	572153.306547	42	-5.025799	0.28
5943	59	572153.306547	43	-5.040508	0.29
5944	59	572153.306547	44	-5.040515	0.3
5945	59	572153.306547	45	-5.040515	0.3
5946	59	572153.306547	46	-5.040515	0.3
5947	59	572153.306547	47	-5.047774	0.31
5948	59	572153.306547	48	-5.047774	0.31
5949	59	572153.306547	49	-5.047798	0.32
5950	59	572153.306547	50	-5.047798	0.32
5951	59	572153.306547	51	-5.047798	0.32
5952	59	572153.306547	52	-5.061973	0.33
5953	59	572153.306547	53	-5.061973	0.33
5954	59	572153.306547	54	-5.061973	0.33
5955	59	572153.306547	55	-5.061973	0.33
5956	59	572153.306547	56	-5.061973	0.33
5957	59	572153.306547	57	-5.061973	0.33
5958	59	572153.306547	58	-5.062607	0.34
5959	59	572153.306547	59	-5.062632	0.35
5960	59	572153.306547	60	-5.062632	0.35
5961	59	572153.306547	61	-5.070285	0.36
5962	59	572153.306547	62	-5.070328	0.37
5963	59	572153.306547	63	-5.084225	0.38
5964	59	572153.306547	64	-5.084229	0.39
5965	59	572153.306547	65	-5.084229	0.39
5966	59	572153.306547	66	-5.094453	0.4
5967	59	572153.306547	67	-5.103017	0.41
5968	59	572153.306547	68	-5.103017	0.41
5969	59	572153.306547	69	-5.103017	0.41
5970	59	572153.306547	70	-5.103033	0.42
5971	59	572153.306547	71	-5.107796	0.43
5972	59	572153.306547	72	-5.113144	0.44
5973	59	572153.306547	73	-5.113161	0.45
5974	59	572153.306547	74	-5.113188	0.46
5975	59	572153.306547	75	-5.113188	0.46
5976	59	572153.306547	76	-5.113188	0.46
5977	59	572153.306547	77	-5.113188	0.46
5978	59	572153.306547	78	-5.113218	0.47
5979	59	572153.306547	79	-5.113218	0.47
5980	59	572153.306547	80	-5.113234	0.48
5981	59	572153.306547	81	-5.113487	0.49
5982	59	572153.306547	82	-5.113598	0.5
5983	59	572153.306547	83	-5.113598	0.5
5984	59	572153.306547	84	-5.113598	0.5
5985	59	572153.306547	85	-5.117974	0.51
5986	59	572153.306547	86	-5.118012	0.52
5987	59	572153.306547	87	-5.119155	0.53
5988	59	572153.306547	88	-5.119155	0.53
5989	59	572153.306547	89	-5.119162	0.54
5990	59	572153.306547	90	-5.119550	0.55
5991	59	572153.306547	91	-5.119987	0.56
5992	59	572153.306547	92	-5.119987	0.56
5993	59	572153.306547	93	-5.120028	0.57
5994	59	572153.306547	94	-5.120028	0.58
5995	59	572153.306547	95	-5.120045	0.59
5996	59	572153.306547	96	-5.133738	0.6
5997	59	572153.306547	97	-5.133834	0.61
5998	59	572153.306547	98	-5.133839	0.62
5999	59	572153.306547	99	-5.133839	0.62
6000	60	629368.637202	0	-5.133839	0
6001	60	629368.637202	1	-5.133840	0.01
6002	60	629368.637202	2	-5.133842	0.02
6003	60	629368.637202	3	-5.133945	0.03
6004	60	629368.637202	4	-5.133945	0.03
6005	60	629368.637202	5	-5.135941	0.04
6006	60	629368.637202	6	-5.135947	0.05
6007	60	629368.637202	7	-5.135947	0.05
6008	60	629368.637202	8	-5.135947	0.05
6009	60	629368.637202	9	-5.135998	0.06
6010	60	629368.637202	10	-5.136158	0.07
6011	60	629368.637202	11	-5.136186	0.08
6012	60	629368.637202	12	-5.136186	0.08
6013	60	629368.637202	13	-5.136186	0.08
6014	60	629368.637202	14	-5.137575	0.09
6015	60	629368.637202	15	-5.152326	0.1
6016	60	629368.637202	16	-5.152443	0.11
6017	60	629368.637202	17	-5.156755	0.12
6018	60	629368.637202	18	-5.156775	0.13
6019	60	629368.637202	19	-5.156775	0.13
6020	60	629368.637202	20	-5.170074	0.14
6021	60	629368.637202	21	-5.170074	0.14
6022	60	629368.637202	22	-5.170074	0.14
6023	60	629368.637202	23	-5.174519	0.15
6024	60	629368.637202	24	-5.174520	0.16
6025	60	629368.637202	25	-5.174520	0.16
6026	60	629368.637202	26	-5.184327	0.17
6027	60	629368.637202	27	-5.184327	0.17
6028	60	629368.637202	28	-5.184327	0.17
6029	60	629368.637202	29	-5.184327	0.17
6030	60	629368.637202	30	-5.184327	0.17
6031	60	629368.637202	31	-5.195092	0.18
6032	60	629368.637202	32	-5.197477	0.19
6033	60	629368.637202	33	-5.204297	0.2
6034	60	629368.637202	34	-5.204346	0.21
6035	60	629368.637202	35	-5.204535	0.22
6036	60	629368.637202	36	-5.220676	0.23
6037	60	629368.637202	37	-5.220676	0.23
6038	60	629368.637202	38	-5.225123	0.24
6039	60	629368.637202	39	-5.225310	0.25
6040	60	629368.637202	40	-5.225437	0.26
6041	60	629368.637202	41	-5.225437	0.26
6042	60	629368.637202	42	-5.225442	0.27
6043	60	629368.637202	43	-5.234001	0.28
6044	60	629368.637202	44	-5.234001	0.28
6045	60	629368.637202	45	-5.234001	0.28
6046	60	629368.637202	46	-5.237349	0.29
6047	60	629368.637202	47	-5.237349	0.29
6048	60	629368.637202	48	-5.241727	0.3
6049	60	629368.637202	49	-5.242567	0.31
6050	60	629368.637202	50	-5.242623	0.32
6051	60	629368.637202	51	-5.242706	0.33
6052	60	629368.637202	52	-5.243980	0.34
6053	60	629368.637202	53	-5.243998	0.35
6054	60	629368.637202	54	-5.243997	0.36
6055	60	629368.637202	55	-5.243997	0.36
6056	60	629368.637202	56	-5.243997	0.36
6057	60	629368.637202	57	-5.243997	0.36
6058	60	629368.637202	58	-5.244013	0.37
6059	60	629368.637202	59	-5.256589	0.38
6060	60	629368.637202	60	-5.257130	0.39
6061	60	629368.637202	61	-5.257214	0.4
6062	60	629368.637202	62	-5.257365	0.41
6063	60	629368.637202	63	-5.257368	0.42
6064	60	629368.637202	64	-5.257368	0.42
6065	60	629368.637202	65	-5.257386	0.43
6066	60	629368.637202	66	-5.257386	0.43
6067	60	629368.637202	67	-5.257399	0.44
6068	60	629368.637202	68	-5.257399	0.44
6069	60	629368.637202	69	-5.257400	0.45
6070	60	629368.637202	70	-5.257405	0.46
6071	60	629368.637202	71	-5.270083	0.47
6072	60	629368.637202	72	-5.281214	0.48
6073	60	629368.637202	73	-5.281258	0.49
6074	60	629368.637202	74	-5.281258	0.49
6075	60	629368.637202	75	-5.281259	0.5
6076	60	629368.637202	76	-5.281259	0.5
6077	60	629368.637202	77	-5.293276	0.51
6078	60	629368.637202	78	-5.293276	0.51
6079	60	629368.637202	79	-5.293276	0.51
6080	60	629368.637202	80	-5.297481	0.52
6081	60	629368.637202	81	-5.297480	0.53
6082	60	629368.637202	82	-5.297480	0.53
6083	60	629368.637202	83	-5.297991	0.54
6084	60	629368.637202	84	-5.297993	0.55
6085	60	629368.637202	85	-5.297993	0.55
6086	60	629368.637202	86	-5.297993	0.55
6087	60	629368.637202	87	-5.298013	0.56
6088	60	629368.637202	88	-5.298077	0.57
6089	60	629368.637202	89	-5.298283	0.58
6090	60	629368.637202	90	-5.298283	0.59
6091	60	629368.637202	91	-5.298420	0.6
6092	60	629368.637202	92	-5.310710	0.61
6093	60	629368.637202	93	-5.310710	0.61
6094	60	629368.637202	94	-5.316440	0.62
6095	60	629368.637202	95	-5.316443	0.63
6096	60	629368.637202	96	-5.316447	0.64
6097	60	629368.637202	97	-5.323752	0.65
6098	60	629368.637202	98	-5.334268	0.66
6099	60	629368.637202	99	-5.334270	0.67
6100	61	692305.500922	0	-5.334269	0.01
6101	61	692305.500922	1	-5.337129	0.02
6102	61	692305.500922	2	-5.337129	0.02
6103	61	692305.500922	3	-5.337258	0.03
6104	61	692305.500922	4	-5.337258	0.03
6105	61	692305.500922	5	-5.337304	0.04
6106	61	692305.500922	6	-5.344546	0.05
6107	61	692305.500922	7	-5.344563	0.06
6108	61	692305.500922	8	-5.360361	0.07
6109	61	692305.500922	9	-5.360361	0.07
6110	61	692305.500922	10	-5.360361	0.07
6111	61	692305.500922	11	-5.360361	0.07
6112	61	692305.500922	12	-5.360361	0.07
6113	61	692305.500922	13	-5.366090	0.08
6114	61	692305.500922	14	-5.366090	0.08
6115	61	692305.500922	15	-5.366093	0.09
6116	61	692305.500922	16	-5.366098	0.1
6117	61	692305.500922	17	-5.366098	0.1
6118	61	692305.500922	18	-5.366153	0.11
6119	61	692305.500922	19	-5.375294	0.12
6120	61	692305.500922	20	-5.375362	0.13
6121	61	692305.500922	21	-5.375362	0.13
6122	61	692305.500922	22	-5.375362	0.13
6123	61	692305.500922	23	-5.375362	0.13
6124	61	692305.500922	24	-5.375405	0.14
6125	61	692305.500922	25	-5.375405	0.14
6126	61	692305.500922	26	-5.375405	0.14
6127	61	692305.500922	27	-5.375405	0.14
6128	61	692305.500922	28	-5.375419	0.15
6129	61	692305.500922	29	-5.375419	0.15
6130	61	692305.500922	30	-5.375508	0.16
6131	61	692305.500922	31	-5.375508	0.16
6132	61	692305.500922	32	-5.375643	0.17
6133	61	692305.500922	33	-5.391478	0.18
6134	61	692305.500922	34	-5.407059	0.19
6135	61	692305.500922	35	-5.407059	0.19
6136	61	692305.500922	36	-5.407059	0.19
6137	61	692305.500922	37	-5.407319	0.2
6138	61	692305.500922	38	-5.407390	0.21
6139	61	692305.500922	39	-5.407396	0.22
6140	61	692305.500922	40	-5.407396	0.22
6141	61	692305.500922	41	-5.407396	0.22
6142	61	692305.500922	42	-5.407396	0.22
6143	61	692305.500922	43	-5.416462	0.23
6144	61	692305.500922	44	-5.430983	0.24
6145	61	692305.500922	45	-5.430983	0.24
6146	61	692305.500922	46	-5.430983	0.24
6147	61	692305.500922	47	-5.431023	0.25
6148	61	692305.500922	48	-5.438609	0.26
6149	61	692305.500922	49	-5.453235	0.27
6150	61	692305.500922	50	-5.453416	0.28
6151	61	692305.500922	51	-5.453416	0.28
6152	61	692305.500922	52	-5.453463	0.29
6153	61	692305.500922	53	-5.466908	0.3
6154	61	692305.500922	54	-5.466908	0.3
6155	61	692305.500922	55	-5.466908	0.3
6156	61	692305.500922	56	-5.469946	0.31
6157	61	692305.500922	57	-5.469945	0.32
6158	61	692305.500922	58	-5.469945	0.32
6159	61	692305.500922	59	-5.469950	0.33
6160	61	692305.500922	60	-5.469950	0.33
6161	61	692305.500922	61	-5.469950	0.33
6162	61	692305.500922	62	-5.470172	0.34
6163	61	692305.500922	63	-5.470180	0.35
6164	61	692305.500922	64	-5.470180	0.35
6165	61	692305.500922	65	-5.473006	0.36
6166	61	692305.500922	66	-5.482522	0.37
6167	61	692305.500922	67	-5.482522	0.37
6168	61	692305.500922	68	-5.482522	0.37
6169	61	692305.500922	69	-5.482536	0.38
6170	61	692305.500922	70	-5.482536	0.38
6171	61	692305.500922	71	-5.494266	0.39
6172	61	692305.500922	72	-5.505586	0.4
6173	61	692305.500922	73	-5.517172	0.41
6174	61	692305.500922	74	-5.531283	0.42
6175	61	692305.500922	75	-5.531364	0.43
6176	61	692305.500922	76	-5.531364	0.43
6177	61	692305.500922	77	-5.531364	0.43
6178	61	692305.500922	78	-5.531443	0.44
6179	61	692305.500922	79	-5.531651	0.45
6180	61	692305.500922	80	-5.531651	0.45
6181	61	692305.500922	81	-5.531651	0.45
6182	61	692305.500922	82	-5.531651	0.45
6183	61	692305.500922	83	-5.547913	0.46
6184	61	692305.500922	84	-5.552084	0.47
6185	61	692305.500922	85	-5.560550	0.48
6186	61	692305.500922	86	-5.560629	0.49
6187	61	692305.500922	87	-5.560666	0.5
6188	61	692305.500922	88	-5.571668	0.51
6189	61	692305.500922	89	-5.571668	0.51
6190	61	692305.500922	90	-5.571668	0.51
6191	61	692305.500922	91	-5.582017	0.52
6192	61	692305.500922	92	-5.582580	0.53
6193	61	692305.500922	93	-5.592457	0.54
6194	61	692305.500922	94	-5.592457	0.54
6195	61	692305.500922	95	-5.592457	0.54
6196	61	692305.500922	96	-5.606824	0.55
6197	61	692305.500922	97	-5.613670	0.56
6198	61	692305.500922	98	-5.628476	0.57
6199	61	692305.500922	99	-5.629067	0.58
6200	62	761536.051014	0	-5.629067	0
6201	62	761536.051014	1	-5.637519	0.01
6202	62	761536.051014	2	-5.637519	0.01
6203	62	761536.051014	3	-5.637517	0.02
6204	62	761536.051014	4	-5.637535	0.03
6205	62	761536.051014	5	-5.646597	0.04
6206	62	761536.051014	6	-5.646596	0.05
6207	62	761536.051014	7	-5.646618	0.06
6208	62	761536.051014	8	-5.646787	0.07
6209	62	761536.051014	9	-5.646787	0.07
6210	62	761536.051014	10	-5.647038	0.08
6211	62	761536.051014	11	-5.647038	0.08
6212	62	761536.051014	12	-5.647038	0.08
6213	62	761536.051014	13	-5.648363	0.09
6214	62	761536.051014	14	-5.648363	0.09
6215	62	761536.051014	15	-5.648372	0.1
6216	62	761536.051014	16	-5.662862	0.11
6217	62	761536.051014	17	-5.662862	0.11
6218	62	761536.051014	18	-5.662861	0.12
6219	62	761536.051014	19	-5.673746	0.13
6220	62	761536.051014	20	-5.673746	0.13
6221	62	761536.051014	21	-5.673914	0.14
6222	62	761536.051014	22	-5.673914	0.14
6223	62	761536.051014	23	-5.673914	0.14
6224	62	761536.051014	24	-5.673914	0.14
6225	62	761536.051014	25	-5.673932	0.15
6226	62	761536.051014	26	-5.673932	0.15
6227	62	761536.051014	27	-5.678896	0.16
6228	62	761536.051014	28	-5.678896	0.16
6229	62	761536.051014	29	-5.678896	0.16
6230	62	761536.051014	30	-5.678896	0.16
6231	62	761536.051014	31	-5.678896	0.16
6232	62	761536.051014	32	-5.678896	0.16
6233	62	761536.051014	33	-5.678896	0.16
6234	62	761536.051014	34	-5.679735	0.17
6235	62	761536.051014	35	-5.679735	0.17
6236	62	761536.051014	36	-5.679773	0.18
6237	62	761536.051014	37	-5.679774	0.19
6238	62	761536.051014	38	-5.697889	0.2
6239	62	761536.051014	39	-5.713822	0.21
6240	62	761536.051014	40	-5.713822	0.21
6241	62	761536.051014	41	-5.713822	0.21
6242	62	761536.051014	42	-5.713822	0.21
6243	62	761536.051014	43	-5.725090	0.22
6244	62	761536.051014	44	-5.725089	0.23
6245	62	761536.051014	45	-5.738588	0.24
6246	62	761536.051014	46	-5.741192	0.25
6247	62	761536.051014	47	-5.741192	0.25
6248	62	761536.051014	48	-5.741195	0.26
6249	62	761536.051014	49	-5.753815	0.27
6250	62	761536.051014	50	-5.763656	0.28
6251	62	761536.051014	51	-5.781984	0.29
6252	62	761536.051014	52	-5.781992	0.3
6253	62	761536.051014	53	-5.795384	0.31
6254	62	761536.051014	54	-5.795384	0.31
6255	62	761536.051014	55	-5.795384	0.31
6256	62	761536.051014	56	-5.810182	0.32
6257	62	761536.051014	57	-5.820232	0.33
6258	62	761536.051014	58	-5.820232	0.33
6259	62	761536.051014	59	-5.834741	0.34
6260	62	761536.051014	60	-5.834741	0.34
6261	62	761536.051014	61	-5.835595	0.35
6262	62	761536.051014	62	-5.835595	0.36
6263	62	761536.051014	63	-5.851935	0.37
6264	62	761536.051014	64	-5.851935	0.37
6265	62	761536.051014	65	-5.851978	0.38
6266	62	761536.051014	66	-5.853235	0.39
6267	62	761536.051014	67	-5.860793	0.4
6268	62	761536.051014	68	-5.874815	0.41
6269	62	761536.051014	69	-5.874813	0.42
6270	62	761536.051014	70	-5.874813	0.42
6271	62	761536.051014	71	-5.874813	0.42
6272	62	761536.051014	72	-5.874935	0.43
6273	62	761536.051014	73	-5.875099	0.44
6274	62	761536.051014	74	-5.875099	0.44
6275	62	761536.051014	75	-5.888036	0.45
6276	62	761536.051014	76	-5.888036	0.45
6277	62	761536.051014	77	-5.904175	0.46
6278	62	761536.051014	78	-5.904175	0.46
6279	62	761536.051014	79	-5.904192	0.47
6280	62	761536.051014	80	-5.915159	0.48
6281	62	761536.051014	81	-5.929382	0.49
6282	62	761536.051014	82	-5.929382	0.49
6283	62	761536.051014	83	-5.939812	0.5
6284	62	761536.051014	84	-5.939812	0.5
6285	62	761536.051014	85	-5.939812	0.5
6286	62	761536.051014	86	-5.952714	0.51
6287	62	761536.051014	87	-5.952714	0.51
6288	62	761536.051014	88	-5.952714	0.51
6289	62	761536.051014	89	-5.967670	0.52
6290	62	761536.051014	90	-5.967670	0.52
6291	62	761536.051014	91	-5.970891	0.53
6292	62	761536.051014	92	-5.978464	0.54
6293	62	761536.051014	93	-5.978464	0.54
6294	62	761536.051014	94	-5.978464	0.54
6295	62	761536.051014	95	-5.993600	0.55
6296	62	761536.051014	96	-5.993600	0.55
6297	62	761536.051014	97	-5.993600	0.55
6298	62	761536.051014	98	-5.993600	0.55
6299	62	761536.051014	99	-5.993705	0.56
6300	63	837689.656116	0	-5.999647	0.01
6301	63	837689.656116	1	-6.002200	0.02
6302	63	837689.656116	2	-6.010639	0.03
6303	63	837689.656116	3	-6.010658	0.04
6304	63	837689.656116	4	-6.021390	0.05
6305	63	837689.656116	5	-6.021981	0.06
6306	63	837689.656116	6	-6.030936	0.07
6307	63	837689.656116	7	-6.030936	0.07
6308	63	837689.656116	8	-6.030936	0.07
6309	63	837689.656116	9	-6.050013	0.08
6310	63	837689.656116	10	-6.050013	0.08
6311	63	837689.656116	11	-6.050013	0.08
6312	63	837689.656116	12	-6.065717	0.09
6313	63	837689.656116	13	-6.065717	0.09
6314	63	837689.656116	14	-6.066002	0.1
6315	63	837689.656116	15	-6.066002	0.1
6316	63	837689.656116	16	-6.082024	0.11
6317	63	837689.656116	17	-6.082735	0.12
6318	63	837689.656116	18	-6.082779	0.13
6319	63	837689.656116	19	-6.083055	0.14
6320	63	837689.656116	20	-6.083055	0.14
6321	63	837689.656116	21	-6.083080	0.15
6322	63	837689.656116	22	-6.092580	0.16
6323	63	837689.656116	23	-6.092580	0.16
6324	63	837689.656116	24	-6.092580	0.16
6325	63	837689.656116	25	-6.092580	0.16
6326	63	837689.656116	26	-6.092583	0.17
6327	63	837689.656116	27	-6.092756	0.18
6328	63	837689.656116	28	-6.092772	0.19
6329	63	837689.656116	29	-6.109715	0.2
6330	63	837689.656116	30	-6.109727	0.21
6331	63	837689.656116	31	-6.112698	0.22
6332	63	837689.656116	32	-6.112698	0.22
6333	63	837689.656116	33	-6.129977	0.23
6334	63	837689.656116	34	-6.130033	0.24
6335	63	837689.656116	35	-6.130033	0.24
6336	63	837689.656116	36	-6.130036	0.25
6337	63	837689.656116	37	-6.130791	0.26
6338	63	837689.656116	38	-6.130791	0.26
6339	63	837689.656116	39	-6.130791	0.26
6340	63	837689.656116	40	-6.130791	0.26
6341	63	837689.656116	41	-6.130791	0.26
6342	63	837689.656116	42	-6.130791	0.26
6343	63	837689.656116	43	-6.130921	0.27
6344	63	837689.656116	44	-6.130921	0.27
6345	63	837689.656116	45	-6.142733	0.28
6346	63	837689.656116	46	-6.158933	0.29
6347	63	837689.656116	47	-6.168965	0.3
6348	63	837689.656116	48	-6.168965	0.3
6349	63	837689.656116	49	-6.168969	0.31
6350	63	837689.656116	50	-6.168969	0.31
6351	63	837689.656116	51	-6.169038	0.32
6352	63	837689.656116	52	-6.169038	0.32
6353	63	837689.656116	53	-6.172440	0.33
6354	63	837689.656116	54	-6.172440	0.33
6355	63	837689.656116	55	-6.172461	0.34
6356	63	837689.656116	56	-6.174648	0.35
6357	63	837689.656116	57	-6.192125	0.36
6358	63	837689.656116	58	-6.192148	0.37
6359	63	837689.656116	59	-6.192148	0.37
6360	63	837689.656116	60	-6.209474	0.38
6361	63	837689.656116	61	-6.209474	0.38
6362	63	837689.656116	62	-6.219826	0.39
6363	63	837689.656116	63	-6.219826	0.39
6364	63	837689.656116	64	-6.219826	0.39
6365	63	837689.656116	65	-6.219826	0.39
6366	63	837689.656116	66	-6.220334	0.4
6367	63	837689.656116	67	-6.220334	0.4
6368	63	837689.656116	68	-6.220692	0.41
6369	63	837689.656116	69	-6.220861	0.42
6370	63	837689.656116	70	-6.220861	0.42
6371	63	837689.656116	71	-6.225917	0.43
6372	63	837689.656116	72	-6.230536	0.44
6373	63	837689.656116	73	-6.230536	0.44
6374	63	837689.656116	74	-6.231680	0.45
6375	63	837689.656116	75	-6.240503	0.46
6376	63	837689.656116	76	-6.240503	0.46
6377	63	837689.656116	77	-6.240503	0.46
6378	63	837689.656116	78	-6.243107	0.47
6379	63	837689.656116	79	-6.243107	0.47
6380	63	837689.656116	80	-6.243399	0.48
6381	63	837689.656116	81	-6.258317	0.49
6382	63	837689.656116	82	-6.258320	0.5
6383	63	837689.656116	83	-6.258320	0.5
6384	63	837689.656116	84	-6.267820	0.51
6385	63	837689.656116	85	-6.267820	0.51
6386	63	837689.656116	86	-6.276868	0.52
6387	63	837689.656116	87	-6.276868	0.52
6388	63	837689.656116	88	-6.276868	0.52
6389	63	837689.656116	89	-6.276932	0.53
6390	63	837689.656116	90	-6.287830	0.54
6391	63	837689.656116	91	-6.287830	0.54
6392	63	837689.656116	92	-6.298844	0.55
6393	63	837689.656116	93	-6.298844	0.55
6394	63	837689.656116	94	-6.298844	0.55
6395	63	837689.656116	95	-6.298849	0.56
6396	63	837689.656116	96	-6.298866	0.57
6397	63	837689.656116	97	-6.298903	0.58
6398	63	837689.656116	98	-6.299010	0.59
6399	63	837689.656116	99	-6.299185	0.6
6400	64	921458.621727	0	-6.299225	0.01
6401	64	921458.621727	1	-6.299272	0.02
6402	64	921458.621727	2	-6.307942	0.03
6403	64	921458.621727	3	-6.308359	0.04
6404	64	921458.621727	4	-6.308359	0.04
6405	64	921458.621727	5	-6.323576	0.05
6406	64	921458.621727	6	-6.327937	0.06
6407	64	921458.621727	7	-6.327937	0.06
6408	64	921458.621727	8	-6.327946	0.07
6409	64	921458.621727	9	-6.327946	0.07
6410	64	921458.621727	10	-6.327947	0.08
6411	64	921458.621727	11	-6.348817	0.09
6412	64	921458.621727	12	-6.348822	0.1
6413	64	921458.621727	13	-6.349987	0.11
6414	64	921458.621727	14	-6.350021	0.12
6415	64	921458.621727	15	-6.350021	0.12
6416	64	921458.621727	16	-6.363639	0.13
6417	64	921458.621727	17	-6.373749	0.14
6418	64	921458.621727	18	-6.373750	0.15
6419	64	921458.621727	19	-6.391285	0.16
6420	64	921458.621727	20	-6.391285	0.16
6421	64	921458.621727	21	-6.391285	0.16
6422	64	921458.621727	22	-6.391285	0.16
6423	64	921458.621727	23	-6.403562	0.17
6424	64	921458.621727	24	-6.403562	0.17
6425	64	921458.621727	25	-6.403562	0.17
6426	64	921458.621727	26	-6.403562	0.17
6427	64	921458.621727	27	-6.403615	0.18
6428	64	921458.621727	28	-6.419122	0.19
6429	64	921458.621727	29	-6.419122	0.19
6430	64	921458.621727	30	-6.419676	0.2
6431	64	921458.621727	31	-6.435760	0.21
6432	64	921458.621727	32	-6.435855	0.22
6433	64	921458.621727	33	-6.435855	0.22
6434	64	921458.621727	34	-6.435855	0.22
6435	64	921458.621727	35	-6.435924	0.23
6436	64	921458.621727	36	-6.435924	0.23
6437	64	921458.621727	37	-6.446944	0.24
6438	64	921458.621727	38	-6.446961	0.25
6439	64	921458.621727	39	-6.447017	0.26
6440	64	921458.621727	40	-6.450864	0.27
6441	64	921458.621727	41	-6.450922	0.28
6442	64	921458.621727	42	-6.450922	0.28
6443	64	921458.621727	43	-6.450922	0.28
6444	64	921458.621727	44	-6.451011	0.29
6445	64	921458.621727	45	-6.451007	0.3
6446	64	921458.621727	46	-6.467483	0.31
6447	64	921458.621727	47	-6.469942	0.32
6448	64	921458.621727	48	-6.469964	0.33
6449	64	921458.621727	49	-6.469970	0.34
6450	64	921458.621727	50	-6.469970	0.34
6451	64	921458.621727	51	-6.469970	0.34
6452	64	921458.621727	52	-6.479253	0.35
6453	64	921458.621727	53	-6.486799	0.36
6454	64	921458.621727	54	-6.486799	0.36
6455	64	921458.621727	55	-6.505248	0.37
6456	64	921458.621727	56	-6.505516	0.38
6457	64	921458.621727	57	-6.510866	0.39
6458	64	921458.621727	58	-6.511389	0.4
6459	64	921458.621727	59	-6.528540	0.41
6460	64	921458.621727	60	-6.528678	0.42
6461	64	921458.621727	61	-6.528682	0.43
6462	64	921458.621727	62	-6.528682	0.43
6463	64	921458.621727	63	-6.528701	0.44
6464	64	921458.621727	64	-6.535109	0.45
6465	64	921458.621727	65	-6.535122	0.46
6466	64	921458.621727	66	-6.535122	0.46
6467	64	921458.621727	67	-6.535135	0.47
6468	64	921458.621727	68	-6.535135	0.47
6469	64	921458.621727	69	-6.535429	0.48
6470	64	921458.621727	70	-6.535429	0.49
6471	64	921458.621727	71	-6.535618	0.5
6472	64	921458.621727	72	-6.535763	0.51
6473	64	921458.621727	73	-6.535763	0.51
6474	64	921458.621727	74	-6.535941	0.52
6475	64	921458.621727	75	-6.543213	0.53
6476	64	921458.621727	76	-6.543213	0.53
6477	64	921458.621727	77	-6.543212	0.54
6478	64	921458.621727	78	-6.548472	0.55
6479	64	921458.621727	79	-6.565422	0.56
6480	64	921458.621727	80	-6.573002	0.57
6481	64	921458.621727	81	-6.573002	0.57
6482	64	921458.621727	82	-6.587205	0.58
6483	64	921458.621727	83	-6.587480	0.59
6484	64	921458.621727	84	-6.604994	0.6
6485	64	921458.621727	85	-6.614069	0.61
6486	64	921458.621727	86	-6.623741	0.62
6487	64	921458.621727	87	-6.631626	0.63
6488	64	921458.621727	88	-6.639302	0.64
6489	64	921458.621727	89	-6.639302	0.64
6490	64	921458.621727	90	-6.639302	0.64
6491	64	921458.621727	91	-6.639302	0.64
6492	64	921458.621727	92	-6.639302	0.64
6493	64	921458.621727	93	-6.641934	0.65
6494	64	921458.621727	94	-6.641932	0.66
6495	64	921458.621727	95	-6.641933	0.67
6496	64	921458.621727	96	-6.641934	0.68
6497	64	921458.621727	97	-6.642002	0.69
6498	64	921458.621727	98	-6.642012	0.7
6499	64	921458.621727	99	-6.642015	0.71
6500	65	1013604.483900	0	-6.642015	0
6501	65	1013604.483900	1	-6.642056	0.01
6502	65	1013604.483900	2	-6.642056	0.01
6503	65	1013604.483900	3	-6.643447	0.02
6504	65	1013604.483900	4	-6.643515	0.03
6505	65	1013604.483900	5	-6.643517	0.04
6506	65	1013604.483900	6	-6.658763	0.05
6507	65	1013604.483900	7	-6.658763	0.05
6508	65	1013604.483900	8	-6.658763	0.05
6509	65	1013604.483900	9	-6.659236	0.06
6510	65	1013604.483900	10	-6.659236	0.06
6511	65	1013604.483900	11	-6.659236	0.06
6512	65	1013604.483900	12	-6.666417	0.07
6513	65	1013604.483900	13	-6.668244	0.08
6514	65	1013604.483900	14	-6.668244	0.08
6515	65	1013604.483900	15	-6.668259	0.09
6516	65	1013604.483900	16	-6.678459	0.1
6517	65	1013604.483900	17	-6.678506	0.11
6518	65	1013604.483900	18	-6.680280	0.12
6519	65	1013604.483900	19	-6.680280	0.12
6520	65	1013604.483900	20	-6.680290	0.13
6521	65	1013604.483900	21	-6.680322	0.14
6522	65	1013604.483900	22	-6.680352	0.15
6523	65	1013604.483900	23	-6.685685	0.16
6524	65	1013604.483900	24	-6.696011	0.17
6525	65	1013604.483900	25	-6.696043	0.18
6526	65	1013604.483900	26	-6.696043	0.18
6527	65	1013604.483900	27	-6.696363	0.19
6528	65	1013604.483900	28	-6.696392	0.2
6529	65	1013604.483900	29	-6.702829	0.21
6530	65	1013604.483900	30	-6.702829	0.21
6531	65	1013604.483900	31	-6.721499	0.22
6532	65	1013604.483900	32	-6.737151	0.23
6533	65	1013604.483900	33	-6.742777	0.24
6534	65	1013604.483900	34	-6.742820	0.25
6535	65	1013604.483900	35	-6.742820	0.25
6536	65	1013604.483900	36	-6.743057	0.26
6537	65	1013604.483900	37	-6.743099	0.27
6538	65	1013604.483900	38	-6.750733	0.28
6539	65	1013604.483900	39	-6.750791	0.29
6540	65	1013604.483900	40	-6.751391	0.3
6541	65	1013604.483900	41	-6.751391	0.3
6542	65	1013604.483900	42	-6.751391	0.31
6543	65	1013604.483900	43	-6.751390	0.32
6544	65	1013604.483900	44	-6.751409	0.33
6545	65	1013604.483900	45	-6.751411	0.34
6546	65	1013604.483900	46	-6.751411	0.34
6547	65	1013604.483900	47	-6.752791	0.35
6548	65	1013604.483900	48	-6.769842	0.36
6549	65	1013604.483900	49	-6.769842	0.36
6550	65	1013604.483900	50	-6.769842	0.36
6551	65	1013604.483900	51	-6.790226	0.37
6552	65	1013604.483900	52	-6.800250	0.38
6553	65	1013604.483900	53	-6.804471	0.39
6554	65	1013604.483900	54	-6.817226	0.4
6555	65	1013604.483900	55	-6.817230	0.41
6556	65	1013604.483900	56	-6.831998	0.42
6557	65	1013604.483900	57	-6.832009	0.43
6558	65	1013604.483900	58	-6.832009	0.43
6559	65	1013604.483900	59	-6.847330	0.44
6560	65	1013604.483900	60	-6.856773	0.45
6561	65	1013604.483900	61	-6.856773	0.45
6562	65	1013604.483900	62	-6.858500	0.46
6563	65	1013604.483900	63	-6.858527	0.47
6564	65	1013604.483900	64	-6.862206	0.48
6565	65	1013604.483900	65	-6.875129	0.49
6566	65	1013604.483900	66	-6.875129	0.49
6567	65	1013604.483900	67	-6.875129	0.49
6568	65	1013604.483900	68	-6.875129	0.49
6569	65	1013604.483900	69	-6.875129	0.49
6570	65	1013604.483900	70	-6.875129	0.49
6571	65	1013604.483900	71	-6.875389	0.5
6572	65	1013604.483900	72	-6.887421	0.51
6573	65	1013604.483900	73	-6.887421	0.51
6574	65	1013604.483900	74	-6.887421	0.51
6575	65	1013604.483900	75	-6.887419	0.52
6576	65	1013604.483900	76	-6.887724	0.53
6577	65	1013604.483900	77	-6.887724	0.53
6578	65	1013604.483900	78	-6.901128	0.54
6579	65	1013604.483900	79	-6.901128	0.54
6580	65	1013604.483900	80	-6.901136	0.55
6581	65	1013604.483900	81	-6.912796	0.56
6582	65	1013604.483900	82	-6.913166	0.57
6583	65	1013604.483900	83	-6.928348	0.58
6584	65	1013604.483900	84	-6.940069	0.59
6585	65	1013604.483900	85	-6.940069	0.59
6586	65	1013604.483900	86	-6.940110	0.6
6587	65	1013604.483900	87	-6.954461	0.61
6588	65	1013604.483900	88	-6.954461	0.61
6589	65	1013604.483900	89	-6.975304	0.62
6590	65	1013604.483900	90	-6.975304	0.62
6591	65	1013604.483900	91	-6.975337	0.63
6592	65	1013604.483900	92	-6.976207	0.64
6593	65	1013604.483900	93	-6.976207	0.64
6594	65	1013604.483900	94	-6.976207	0.64
6595	65	1013604.483900	95	-6.976260	0.65
6596	65	1013604.483900	96	-6.976260	0.65
6597	65	1013604.483900	97	-6.976260	0.65
6598	65	1013604.483900	98	-6.988013	0.66
6599	65	1013604.483900	99	-6.988013	0.66
6600	66	1114964.932290	0	-6.988013	0
6601	66	1114964.932290	1	-6.988209	0.01
6602	66	1114964.932290	2	-6.988358	0.02
6603	66	1114964.932290	3	-6.992469	0.03
6604	66	1114964.932290	4	-6.992708	0.04
6605	66	1114964.932290	5	-6.992708	0.04
6606	66	1114964.932290	6	-6.992708	0.04
6607	66	1114964.932290	7	-6.992708	0.04
6608	66	1114964.932290	8	-7.013545	0.05
6609	66	1114964.932290	9	-7.013707	0.06
6610	66	1114964.932290	10	-7.029839	0.07
6611	66	1114964.932290	11	-7.029860	0.08
6612	66	1114964.932290	12	-7.045427	0.09
6613	66	1114964.932290	13	-7.045431	0.1
6614	66	1114964.932290	14	-7.062072	0.11
6615	66	1114964.932290	15	-7.062076	0.12
6616	66	1114964.932290	16	-7.062076	0.12
6617	66	1114964.932290	17	-7.062076	0.12
6618	66	1114964.932290	18	-7.062076	0.12
6619	66	1114964.932290	19	-7.070520	0.13
6620	66	1114964.932290	20	-7.079682	0.14
6621	66	1114964.932290	21	-7.079682	0.14
6622	66	1114964.932290	22	-7.093767	0.15
6623	66	1114964.932290	23	-7.093767	0.15
6624	66	1114964.932290	24	-7.093767	0.15
6625	66	1114964.932290	25	-7.103560	0.16
6626	66	1114964.932290	26	-7.103560	0.16
6627	66	1114964.932290	27	-7.103560	0.16
6628	66	1114964.932290	28	-7.103560	0.16
6629	66	1114964.932290	29	-7.103560	0.17
6630	66	1114964.932290	30	-7.114426	0.18
6631	66	1114964.932290	31	-7.114426	0.18
6632	66	1114964.932290	32	-7.114426	0.18
6633	66	1114964.932290	33	-7.126948	0.19
6634	66	1114964.932290	34	-7.126948	0.19
6635	66	1114964.932290	35	-7.146744	0.2
6636	66	1114964.932290	36	-7.146812	0.21
6637	66	1114964.932290	37	-7.146812	0.21
6638	66	1114964.932290	38	-7.146831	0.22
6639	66	1114964.932290	39	-7.148699	0.23
6640	66	1114964.932290	40	-7.156091	0.24
6641	66	1114964.932290	41	-7.156091	0.24
6642	66	1114964.932290	42	-7.159286	0.25
6643	66	1114964.932290	43	-7.159286	0.25
6644	66	1114964.932290	44	-7.159286	0.25
6645	66	1114964.932290	45	-7.159286	0.25
6646	66	1114964.932290	46	-7.159286	0.25
6647	66	1114964.932290	47	-7.171198	0.26
6648	66	1114964.932290	48	-7.184210	0.27
6649	66	1114964.932290	49	-7.184313	0.28
6650	66	1114964.932290	50	-7.184333	0.29
6651	66	1114964.932290	51	-7.184333	0.29
6652	66	1114964.932290	52	-7.184333	0.29
6653	66	1114964.932290	53	-7.184474	0.3
6654	66	1114964.932290	54	-7.194287	0.31
6655	66	1114964.932290	55	-7.207213	0.32
6656	66	1114964.932290	56	-7.207218	0.33
6657	66	1114964.932290	57	-7.224846	0.34
6658	66	1114964.932290	58	-7.242642	0.35
6659	66	1114964.932290	59	-7.242642	0.35
6660	66	1114964.932290	60	-7.242753	0.36
6661	66	1114964.932290	61	-7.242765	0.37
6662	66	1114964.932290	62	-7.242803	0.38
6663	66	1114964.932290	63	-7.258171	0.39
6664	66	1114964.932290	64	-7.278008	0.4
6665	66	1114964.932290	65	-7.286290	0.41
6666	66	1114964.932290	66	-7.299281	0.42
6667	66	1114964.932290	67	-7.299281	0.42
6668	66	1114964.932290	68	-7.299296	0.43
6669	66	1114964.932290	69	-7.299430	0.44
6670	66	1114964.932290	70	-7.299446	0.45
6671	66	1114964.932290	71	-7.299449	0.46
6672	66	1114964.932290	72	-7.299449	0.46
6673	66	1114964.932290	73	-7.299449	0.47
6674	66	1114964.932290	74	-7.299449	0.47
6675	66	1114964.932290	75	-7.299449	0.47
6676	66	1114964.932290	76	-7.299956	0.48
6677	66	1114964.932290	77	-7.299956	0.48
6678	66	1114964.932290	78	-7.299956	0.48
6679	66	1114964.932290	79	-7.305556	0.49
6680	66	1114964.932290	80	-7.305556	0.49
6681	66	1114964.932290	81	-7.310391	0.5
6682	66	1114964.932290	82	-7.310391	0.5
6683	66	1114964.932290	83	-7.310392	0.51
6684	66	1114964.932290	84	-7.332172	0.52
6685	66	1114964.932290	85	-7.345086	0.53
6686	66	1114964.932290	86	-7.345086	0.53
6687	66	1114964.932290	87	-7.345086	0.53
6688	66	1114964.932290	88	-7.345086	0.53
6689	66	1114964.932290	89	-7.345105	0.54
6690	66	1114964.932290	90	-7.345105	0.54
6691	66	1114964.932290	91	-7.345105	0.54
6692	66	1114964.932290	92	-7.345145	0.55
6693	66	1114964.932290	93	-7.345156	0.56
6694	66	1114964.932290	94	-7.345156	0.56
6695	66	1114964.932290	95	-7.345256	0.57
6696	66	1114964.932290	96	-7.345271	0.58
6697	66	1114964.932290	97	-7.345285	0.59
6698	66	1114964.932290	98	-7.345285	0.59
6699	66	1114964.932290	99	-7.345285	0.59
6700	67	1226461.425519	0	-7.345285	0
6701	67	1226461.425519	1	-7.345285	0
6702	67	1226461.425519	2	-7.345285	0
6703	67	1226461.425519	3	-7.345285	0
6704	67	1226461.425519	4	-7.345298	0.01
6705	67	1226461.425519	5	-7.350468	0.02
6706	67	1226461.425519	6	-7.350468	0.02
6707	67	1226461.425519	7	-7.371256	0.03
6708	67	1226461.425519	8	-7.371256	0.03
6709	67	1226461.425519	9	-7.371316	0.04
6710	67	1226461.425519	10	-7.371567	0.05
6711	67	1226461.425519	11	-7.371587	0.06
6712	67	1226461.425519	12	-7.371626	0.07
6713	67	1226461.425519	13	-7.371626	0.07
6714	67	1226461.425519	14	-7.371839	0.08
6715	67	1226461.425519	15	-7.371878	0.09
6716	67	1226461.425519	16	-7.375449	0.1
6717	67	1226461.425519	17	-7.375470	0.11
6718	67	1226461.425519	18	-7.375586	0.12
6719	67	1226461.425519	19	-7.375586	0.12
6720	67	1226461.425519	20	-7.375615	0.13
6721	67	1226461.425519	21	-7.375615	0.13
6722	67	1226461.425519	22	-7.375961	0.14
6723	67	1226461.425519	23	-7.375961	0.14
6724	67	1226461.425519	24	-7.375963	0.15
6725	67	1226461.425519	25	-7.394246	0.16
6726	67	1226461.425519	26	-7.394246	0.16
6727	67	1226461.425519	27	-7.394246	0.16
6728	67	1226461.425519	28	-7.394274	0.17
6729	67	1226461.425519	29	-7.394274	0.17
6730	67	1226461.425519	30	-7.397559	0.18
6731	67	1226461.425519	31	-7.405659	0.19
6732	67	1226461.425519	32	-7.405659	0.19
6733	67	1226461.425519	33	-7.405659	0.19
6734	67	1226461.425519	34	-7.405659	0.19
6735	67	1226461.425519	35	-7.411679	0.2
6736	67	1226461.425519	36	-7.429982	0.21
6737	67	1226461.425519	37	-7.429982	0.21
6738	67	1226461.425519	38	-7.429982	0.21
6739	67	1226461.425519	39	-7.429982	0.21
6740	67	1226461.425519	40	-7.429982	0.21
6741	67	1226461.425519	41	-7.429982	0.21
6742	67	1226461.425519	42	-7.438217	0.22
6743	67	1226461.425519	43	-7.438603	0.23
6744	67	1226461.425519	44	-7.438603	0.23
6745	67	1226461.425519	45	-7.438689	0.24
6746	67	1226461.425519	46	-7.438690	0.25
6747	67	1226461.425519	47	-7.438690	0.25
6748	67	1226461.425519	48	-7.447242	0.26
6749	67	1226461.425519	49	-7.468480	0.27
6750	67	1226461.425519	50	-7.468808	0.28
6751	67	1226461.425519	51	-7.468808	0.28
6752	67	1226461.425519	52	-7.468808	0.28
6753	67	1226461.425519	53	-7.468808	0.28
6754	67	1226461.425519	54	-7.468864	0.29
6755	67	1226461.425519	55	-7.468864	0.29
6756	67	1226461.425519	56	-7.474431	0.3
6757	67	1226461.425519	57	-7.483827	0.31
6758	67	1226461.425519	58	-7.498113	0.32
6759	67	1226461.425519	59	-7.498113	0.32
6760	67	1226461.425519	60	-7.498177	0.33
6761	67	1226461.425519	61	-7.498177	0.33
6762	67	1226461.425519	62	-7.498177	0.33
6763	67	1226461.425519	63	-7.498634	0.34
6764	67	1226461.425519	64	-7.502448	0.35
6765	67	1226461.425519	65	-7.519590	0.36
6766	67	1226461.425519	66	-7.520958	0.37
6767	67	1226461.425519	67	-7.522356	0.38
6768	67	1226461.425519	68	-7.522356	0.38
6769	67	1226461.425519	69	-7.522356	0.38
6770	67	1226461.425519	70	-7.522356	0.38
6771	67	1226461.425519	71	-7.522356	0.38
6772	67	1226461.425519	72	-7.522356	0.38
6773	67	1226461.425519	73	-7.522356	0.38
6774	67	1226461.425519	74	-7.522356	0.38
6775	67	1226461.425519	75	-7.531285	0.39
6776	67	1226461.425519	76	-7.531285	0.39
6777	67	1226461.425519	77	-7.531419	0.4
6778	67	1226461.425519	78	-7.531419	0.4
6779	67	1226461.425519	79	-7.531419	0.4
6780	67	1226461.425519	80	-7.532410	0.41
6781	67	1226461.425519	81	-7.532432	0.42
6782	67	1226461.425519	82	-7.533254	0.43
6783	67	1226461.425519	83	-7.543853	0.44
6784	67	1226461.425519	84	-7.543854	0.45
6785	67	1226461.425519	85	-7.543854	0.45
6786	67	1226461.425519	86	-7.543866	0.46
6787	67	1226461.425519	87	-7.543887	0.47
6788	67	1226461.425519	88	-7.543898	0.48
6789	67	1226461.425519	89	-7.545487	0.49
6790	67	1226461.425519	90	-7.545487	0.49
6791	67	1226461.425519	91	-7.545521	0.5
6792	67	1226461.425519	92	-7.545521	0.5
6793	67	1226461.425519	93	-7.545524	0.51
6794	67	1226461.425519	94	-7.561917	0.52
6795	67	1226461.425519	95	-7.561924	0.53
6796	67	1226461.425519	96	-7.561924	0.53
6797	67	1226461.425519	97	-7.561924	0.53
6798	67	1226461.425519	98	-7.572938	0.54
6799	67	1226461.425519	99	-7.572938	0.54
6800	68	1349107.568071	0	-7.572938	0
6801	68	1349107.568071	1	-7.572941	0.01
6802	68	1349107.568071	2	-7.572941	0.01
6803	68	1349107.568071	3	-7.572941	0.01
6804	68	1349107.568071	4	-7.573039	0.02
6805	68	1349107.568071	5	-7.573039	0.02
6806	68	1349107.568071	6	-7.573039	0.02
6807	68	1349107.568071	7	-7.573039	0.02
6808	68	1349107.568071	8	-7.573086	0.03
6809	68	1349107.568071	9	-7.573141	0.04
6810	68	1349107.568071	10	-7.573141	0.04
6811	68	1349107.568071	11	-7.573141	0.04
6812	68	1349107.568071	12	-7.573141	0.04
6813	68	1349107.568071	13	-7.573141	0.04
6814	68	1349107.568071	14	-7.573141	0.04
6815	68	1349107.568071	15	-7.573190	0.05
6816	68	1349107.568071	16	-7.574754	0.06
6817	68	1349107.568071	17	-7.574754	0.06
6818	68	1349107.568071	18	-7.574754	0.06
6819	68	1349107.568071	19	-7.586614	0.07
6820	68	1349107.568071	20	-7.591552	0.08
6821	68	1349107.568071	21	-7.591552	0.08
6822	68	1349107.568071	22	-7.591552	0.08
6823	68	1349107.568071	23	-7.591571	0.09
6824	68	1349107.568071	24	-7.592319	0.1
6825	68	1349107.568071	25	-7.600309	0.11
6826	68	1349107.568071	26	-7.614456	0.12
6827	68	1349107.568071	27	-7.621242	0.13
6828	68	1349107.568071	28	-7.646918	0.14
6829	68	1349107.568071	29	-7.646918	0.14
6830	68	1349107.568071	30	-7.646939	0.15
6831	68	1349107.568071	31	-7.646940	0.16
6832	68	1349107.568071	32	-7.646940	0.16
6833	68	1349107.568071	33	-7.649504	0.17
6834	68	1349107.568071	34	-7.669507	0.18
6835	68	1349107.568071	35	-7.669507	0.18
6836	68	1349107.568071	36	-7.669507	0.18
6837	68	1349107.568071	37	-7.684482	0.19
6838	68	1349107.568071	38	-7.684601	0.2
6839	68	1349107.568071	39	-7.684828	0.21
6840	68	1349107.568071	40	-7.684828	0.21
6841	68	1349107.568071	41	-7.684828	0.21
6842	68	1349107.568071	42	-7.704437	0.22
6843	68	1349107.568071	43	-7.704437	0.22
6844	68	1349107.568071	44	-7.704437	0.22
6845	68	1349107.568071	45	-7.704494	0.23
6846	68	1349107.568071	46	-7.704494	0.23
6847	68	1349107.568071	47	-7.704554	0.24
6848	68	1349107.568071	48	-7.705153	0.25
6849	68	1349107.568071	49	-7.705153	0.25
6850	68	1349107.568071	50	-7.713947	0.26
6851	68	1349107.568071	51	-7.720472	0.27
6852	68	1349107.568071	52	-7.720472	0.27
6853	68	1349107.568071	53	-7.726335	0.28
6854	68	1349107.568071	54	-7.726335	0.28
6855	68	1349107.568071	55	-7.726335	0.28
6856	68	1349107.568071	56	-7.726416	0.29
6857	68	1349107.568071	57	-7.726466	0.3
6858	68	1349107.568071	58	-7.726569	0.31
6859	68	1349107.568071	59	-7.728206	0.32
6860	68	1349107.568071	60	-7.728206	0.32
6861	68	1349107.568071	61	-7.745767	0.33
6862	68	1349107.568071	62	-7.745767	0.33
6863	68	1349107.568071	63	-7.745799	0.34
6864	68	1349107.568071	64	-7.746400	0.35
6865	68	1349107.568071	65	-7.746400	0.35
6866	68	1349107.568071	66	-7.746400	0.35
6867	68	1349107.568071	67	-7.746415	0.36
6868	68	1349107.568071	68	-7.746415	0.36
6869	68	1349107.568071	69	-7.746415	0.36
6870	68	1349107.568071	70	-7.746415	0.36
6871	68	1349107.568071	71	-7.746605	0.37
6872	68	1349107.568071	72	-7.747623	0.38
6873	68	1349107.568071	73	-7.755423	0.39
6874	68	1349107.568071	74	-7.756117	0.4
6875	68	1349107.568071	75	-7.756117	0.4
6876	68	1349107.568071	76	-7.757176	0.41
6877	68	1349107.568071	77	-7.757176	0.41
6878	68	1349107.568071	78	-7.757176	0.41
6879	68	1349107.568071	79	-7.778316	0.42
6880	68	1349107.568071	80	-7.781621	0.43
6881	68	1349107.568071	81	-7.785186	0.44
6882	68	1349107.568071	82	-7.785231	0.45
6883	68	1349107.568071	83	-7.785236	0.46
6884	68	1349107.568071	84	-7.787860	0.47
6885	68	1349107.568071	85	-7.787869	0.48
6886	68	1349107.568071	86	-7.787899	0.49
6887	68	1349107.568071	87	-7.788326	0.5
6888	68	1349107.568071	88	-7.788326	0.5
6889	68	1349107.568071	89	-7.788326	0.5
6890	68	1349107.568071	90	-7.788525	0.51
6891	68	1349107.568071	91	-7.788525	0.51
6892	68	1349107.568071	92	-7.788581	0.52
6893	68	1349107.568071	93	-7.788581	0.52
6894	68	1349107.568071	94	-7.788637	0.53
6895	68	1349107.568071	95	-7.803509	0.54
6896	68	1349107.568071	96	-7.822390	0.55
6897	68	1349107.568071	97	-7.822391	0.56
6898	68	1349107.568071	98	-7.842902	0.57
6899	68	1349107.568071	99	-7.843232	0.58
6900	69	1484018.324878	0	-7.859990	0.01
6901	69	1484018.324878	1	-7.879292	0.02
6902	69	1484018.324878	2	-7.879292	0.02
6903	69	1484018.324878	3	-7.879302	0.03
6904	69	1484018.324878	4	-7.879305	0.04
6905	69	1484018.324878	5	-7.879305	0.04
6906	69	1484018.324878	6	-7.879305	0.04
6907	69	1484018.324878	7	-7.879332	0.05
6908	69	1484018.324878	8	-7.879332	0.05
6909	69	1484018.324878	9	-7.879332	0.05
6910	69	1484018.324878	10	-7.879332	0.05
6911	69	1484018.324878	11	-7.879395	0.06
6912	69	1484018.324878	12	-7.879418	0.07
6913	69	1484018.324878	13	-7.879516	0.08
6914	69	1484018.324878	14	-7.879684	0.09
6915	69	1484018.324878	15	-7.879684	0.09
6916	69	1484018.324878	16	-7.888195	0.1
6917	69	1484018.324878	17	-7.888213	0.11
6918	69	1484018.324878	18	-7.901469	0.12
6919	69	1484018.324878	19	-7.901494	0.13
6920	69	1484018.324878	20	-7.901494	0.13
6921	69	1484018.324878	21	-7.918682	0.14
6922	69	1484018.324878	22	-7.918682	0.14
6923	69	1484018.324878	23	-7.918682	0.14
6924	69	1484018.324878	24	-7.931061	0.15
6925	69	1484018.324878	25	-7.931065	0.16
6926	69	1484018.324878	26	-7.936697	0.17
6927	69	1484018.324878	27	-7.936702	0.18
6928	69	1484018.324878	28	-7.936702	0.18
6929	69	1484018.324878	29	-7.945300	0.19
6930	69	1484018.324878	30	-7.945300	0.19
6931	69	1484018.324878	31	-7.945307	0.2
6932	69	1484018.324878	32	-7.945307	0.2
6933	69	1484018.324878	33	-7.945307	0.2
6934	69	1484018.324878	34	-7.963206	0.21
6935	69	1484018.324878	35	-7.963206	0.21
6936	69	1484018.324878	36	-7.963206	0.21
6937	69	1484018.324878	37	-7.967432	0.22
6938	69	1484018.324878	38	-7.967432	0.22
6939	69	1484018.324878	39	-7.967726	0.23
6940	69	1484018.324878	40	-7.968622	0.24
6941	69	1484018.324878	41	-7.968637	0.25
6942	69	1484018.324878	42	-7.974774	0.26
6943	69	1484018.324878	43	-7.977580	0.27
6944	69	1484018.324878	44	-7.977658	0.28
6945	69	1484018.324878	45	-7.977658	0.28
6946	69	1484018.324878	46	-7.977658	0.28
6947	69	1484018.324878	47	-7.977658	0.28
6948	69	1484018.324878	48	-7.977658	0.28
6949	69	1484018.324878	49	-7.977856	0.29
6950	69	1484018.324878	50	-7.977856	0.29
6951	69	1484018.324878	51	-7.977856	0.29
6952	69	1484018.324878	52	-7.977856	0.29
6953	69	1484018.324878	53	-7.978730	0.3
6954	69	1484018.324878	54	-7.978733	0.31
6955	69	1484018.324878	55	-7.978733	0.31
6956	69	1484018.324878	56	-7.996232	0.32
6957	69	1484018.324878	57	-7.996233	0.33
6958	69	1484018.324878	58	-7.996233	0.33
6959	69	1484018.324878	59	-7.997139	0.34
6960	69	1484018.324878	60	-8.011330	0.35
6961	69	1484018.324878	61	-8.012079	0.36
6962	69	1484018.324878	62	-8.030340	0.37
6963	69	1484018.324878	63	-8.030340	0.37
6964	69	1484018.324878	64	-8.030345	0.38
6965	69	1484018.324878	65	-8.030345	0.38
6966	69	1484018.324878	66	-8.030345	0.38
6967	69	1484018.324878	67	-8.030345	0.38
6968	69	1484018.324878	68	-8.030392	0.39
6969	69	1484018.324878	69	-8.049466	0.4
6970	69	1484018.324878	70	-8.070284	0.41
6971	69	1484018.324878	71	-8.071429	0.42
6972	69	1484018.324878	72	-8.071429	0.42
6973	69	1484018.324878	73	-8.071844	0.43
6974	69	1484018.324878	74	-8.071917	0.44
6975	69	1484018.324878	75	-8.077822	0.45
6976	69	1484018.324878	76	-8.077909	0.46
6977	69	1484018.324878	77	-8.077909	0.46
6978	69	1484018.324878	78	-8.077943	0.47
6979	69	1484018.324878	79	-8.094713	0.48
6980	69	1484018.324878	80	-8.094713	0.48
6981	69	1484018.324878	81	-8.094713	0.48
6982	69	1484018.324878	82	-8.101227	0.49
6983	69	1484018.324878	83	-8.120542	0.5
6984	69	1484018.324878	84	-8.120591	0.51
6985	69	1484018.324878	85	-8.120591	0.51
6986	69	1484018.324878	86	-8.125486	0.52
6987	69	1484018.324878	87	-8.132080	0.53
6988	69	1484018.324878	88	-8.132080	0.53
6989	69	1484018.324878	89	-8.132939	0.54
6990	69	1484018.324878	90	-8.142208	0.55
6991	69	1484018.324878	91	-8.162783	0.56
6992	69	1484018.324878	92	-8.162783	0.56
6993	69	1484018.324878	93	-8.162784	0.57
6994	69	1484018.324878	94	-8.162784	0.57
6995	69	1484018.324878	95	-8.162784	0.57
6996	69	1484018.324878	96	-8.162852	0.58
6997	69	1484018.324878	97	-8.167587	0.59
6998	69	1484018.324878	98	-8.167587	0.59
6999	69	1484018.324878	99	-8.167587	0.59
7000	70	1632420.157366	0	-8.167687	0.01
7001	70	1632420.157366	1	-8.167687	0.01
7002	70	1632420.157366	2	-8.167687	0.01
7003	70	1632420.157366	3	-8.167759	0.02
7004	70	1632420.157366	4	-8.167759	0.02
7005	70	1632420.157366	5	-8.176438	0.03
7006	70	1632420.157366	6	-8.176552	0.04
7007	70	1632420.157366	7	-8.192585	0.05
7008	70	1632420.157366	8	-8.215144	0.06
7009	70	1632420.157366	9	-8.215144	0.06
7010	70	1632420.157366	10	-8.215781	0.07
7011	70	1632420.157366	11	-8.215781	0.07
7012	70	1632420.157366	12	-8.234119	0.08
7013	70	1632420.157366	13	-8.241439	0.09
7014	70	1632420.157366	14	-8.241439	0.09
7015	70	1632420.157366	15	-8.241510	0.1
7016	70	1632420.157366	16	-8.241510	0.1
7017	70	1632420.157366	17	-8.242688	0.11
7018	70	1632420.157366	18	-8.244445	0.12
7019	70	1632420.157366	19	-8.244758	0.13
7020	70	1632420.157366	20	-8.252636	0.14
7021	70	1632420.157366	21	-8.252636	0.14
7022	70	1632420.157366	22	-8.252639	0.15
7023	70	1632420.157366	23	-8.252943	0.16
7024	70	1632420.157366	24	-8.252965	0.17
7025	70	1632420.157366	25	-8.258053	0.18
7026	70	1632420.157366	26	-8.282050	0.19
7027	70	1632420.157366	27	-8.282050	0.2
7028	70	1632420.157366	28	-8.282308	0.21
7029	70	1632420.157366	29	-8.282413	0.22
7030	70	1632420.157366	30	-8.290809	0.23
7031	70	1632420.157366	31	-8.292135	0.24
7032	70	1632420.157366	32	-8.292135	0.24
7033	70	1632420.157366	33	-8.292135	0.24
7034	70	1632420.157366	34	-8.292536	0.25
7035	70	1632420.157366	35	-8.292536	0.25
7036	70	1632420.157366	36	-8.292536	0.25
7037	70	1632420.157366	37	-8.315118	0.26
7038	70	1632420.157366	38	-8.317495	0.27
7039	70	1632420.157366	39	-8.318638	0.28
7040	70	1632420.157366	40	-8.318733	0.29
7041	70	1632420.157366	41	-8.318733	0.29
7042	70	1632420.157366	42	-8.318733	0.29
7043	70	1632420.157366	43	-8.325299	0.3
7044	70	1632420.157366	44	-8.325299	0.3
7045	70	1632420.157366	45	-8.347831	0.31
7046	70	1632420.157366	46	-8.347831	0.31
7047	70	1632420.157366	47	-8.347835	0.32
7048	70	1632420.157366	48	-8.347835	0.32
7049	70	1632420.157366	49	-8.347888	0.33
7050	70	1632420.157366	50	-8.351268	0.34
7051	70	1632420.157366	51	-8.360592	0.35
7052	70	1632420.157366	52	-8.360592	0.35
7053	70	1632420.157366	53	-8.360607	0.36
7054	70	1632420.157366	54	-8.360689	0.37
7055	70	1632420.157366	55	-8.360689	0.37
7056	70	1632420.157366	56	-8.360689	0.37
7057	70	1632420.157366	57	-8.379768	0.38
7058	70	1632420.157366	58	-8.379768	0.38
7059	70	1632420.157366	59	-8.379768	0.38
7060	70	1632420.157366	60	-8.390529	0.39
7061	70	1632420.157366	61	-8.390537	0.4
7062	70	1632420.157366	62	-8.390573	0.41
7063	70	1632420.157366	63	-8.393922	0.42
7064	70	1632420.157366	64	-8.393922	0.42
7065	70	1632420.157366	65	-8.393922	0.42
7066	70	1632420.157366	66	-8.393922	0.42
7067	70	1632420.157366	67	-8.407126	0.43
7068	70	1632420.157366	68	-8.407126	0.43
7069	70	1632420.157366	69	-8.419498	0.44
7070	70	1632420.157366	70	-8.424303	0.45
7071	70	1632420.157366	71	-8.424870	0.46
7072	70	1632420.157366	72	-8.424875	0.47
7073	70	1632420.157366	73	-8.424875	0.47
7074	70	1632420.157366	74	-8.439422	0.48
7075	70	1632420.157366	75	-8.439422	0.48
7076	70	1632420.157366	76	-8.462221	0.49
7077	70	1632420.157366	77	-8.463776	0.5
7078	70	1632420.157366	78	-8.463858	0.51
7079	70	1632420.157366	79	-8.475268	0.52
7080	70	1632420.157366	80	-8.475268	0.52
7081	70	1632420.157366	81	-8.477105	0.53
7082	70	1632420.157366	82	-8.477105	0.53
7083	70	1632420.157366	83	-8.477105	0.53
7084	70	1632420.157366	84	-8.477105	0.53
7085	70	1632420.157366	85	-8.498441	0.54
7086	70	1632420.157366	86	-8.499348	0.55
7087	70	1632420.157366	87	-8.499855	0.56
7088	70	1632420.157366	88	-8.499855	0.56
7089	70	1632420.157366	89	-8.517002	0.57
7090	70	1632420.157366	90	-8.517002	0.57
7091	70	1632420.157366	91	-8.517002	0.57
7092	70	1632420.157366	92	-8.517002	0.57
7093	70	1632420.157366	93	-8.537541	0.58
7094	70	1632420.157366	94	-8.537544	0.59
7095	70	1632420.157366	95	-8.537544	0.59
7096	70	1632420.157366	96	-8.537577	0.6
7097	70	1632420.157366	97	-8.537577	0.6
7098	70	1632420.157366	98	-8.546645	0.61
7099	70	1632420.157366	99	-8.546645	0.61
7100	71	1795662.173102	0	-8.546645	0
7101	71	1795662.173102	1	-8.546678	0.01
7102	71	1795662.173102	2	-8.547295	0.02
7103	71	1795662.173102	3	-8.547297	0.03
7104	71	1795662.173102	4	-8.561706	0.04
7105	71	1795662.173102	5	-8.561706	0.04
7106	71	1795662.173102	6	-8.579025	0.05
7107	71	1795662.173102	7	-8.591711	0.06
7108	71	1795662.173102	8	-8.615679	0.07
7109	71	1795662.173102	9	-8.615679	0.07
7110	71	1795662.173102	10	-8.633079	0.08
7111	71	1795662.173102	11	-8.633124	0.09
7112	71	1795662.173102	12	-8.641676	0.1
7113	71	1795662.173102	13	-8.641676	0.1
7114	71	1795662.173102	14	-8.664837	0.11
7115	71	1795662.173102	15	-8.677576	0.12
7116	71	1795662.173102	16	-8.678041	0.13
7117	71	1795662.173102	17	-8.698779	0.14
7118	71	1795662.173102	18	-8.724795	0.15
7119	71	1795662.173102	19	-8.724795	0.15
7120	71	1795662.173102	20	-8.724795	0.15
7121	71	1795662.173102	21	-8.738969	0.16
7122	71	1795662.173102	22	-8.738969	0.16
7123	71	1795662.173102	23	-8.738969	0.16
7124	71	1795662.173102	24	-8.738969	0.16
7125	71	1795662.173102	25	-8.738969	0.16
7126	71	1795662.173102	26	-8.738969	0.16
7127	71	1795662.173102	27	-8.738969	0.16
7128	71	1795662.173102	28	-8.739009	0.17
7129	71	1795662.173102	29	-8.739009	0.17
7130	71	1795662.173102	30	-8.739082	0.18
7131	71	1795662.173102	31	-8.739082	0.18
7132	71	1795662.173102	32	-8.739082	0.18
7133	71	1795662.173102	33	-8.739156	0.19
7134	71	1795662.173102	34	-8.747771	0.2
7135	71	1795662.173102	35	-8.748176	0.21
7136	71	1795662.173102	36	-8.748303	0.22
7137	71	1795662.173102	37	-8.754119	0.23
7138	71	1795662.173102	38	-8.754119	0.23
7139	71	1795662.173102	39	-8.754285	0.24
7140	71	1795662.173102	40	-8.754296	0.25
7141	71	1795662.173102	41	-8.754569	0.26
7142	71	1795662.173102	42	-8.754569	0.26
7143	71	1795662.173102	43	-8.754576	0.27
7144	71	1795662.173102	44	-8.764574	0.28
7145	71	1795662.173102	45	-8.764579	0.29
7146	71	1795662.173102	46	-8.764579	0.29
7147	71	1795662.173102	47	-8.764579	0.29
7148	71	1795662.173102	48	-8.790924	0.3
7149	71	1795662.173102	49	-8.790924	0.3
7150	71	1795662.173102	50	-8.790924	0.3
7151	71	1795662.173102	51	-8.791138	0.31
7152	71	1795662.173102	52	-8.800340	0.32
7153	71	1795662.173102	53	-8.816960	0.33
7154	71	1795662.173102	54	-8.816960	0.33
7155	71	1795662.173102	55	-8.817138	0.34
7156	71	1795662.173102	56	-8.835221	0.35
7157	71	1795662.173102	57	-8.835221	0.35
7158	71	1795662.173102	58	-8.855858	0.36
7159	71	1795662.173102	59	-8.855858	0.36
7160	71	1795662.173102	60	-8.855858	0.36
7161	71	1795662.173102	61	-8.857126	0.37
7162	71	1795662.173102	62	-8.857126	0.37
7163	71	1795662.173102	63	-8.857236	0.38
7164	71	1795662.173102	64	-8.857240	0.39
7165	71	1795662.173102	65	-8.857274	0.4
7166	71	1795662.173102	66	-8.857274	0.4
7167	71	1795662.173102	67	-8.859310	0.41
7168	71	1795662.173102	68	-8.859324	0.42
7169	71	1795662.173102	69	-8.859324	0.42
7170	71	1795662.173102	70	-8.859325	0.43
7171	71	1795662.173102	71	-8.882877	0.44
7172	71	1795662.173102	72	-8.889807	0.45
7173	71	1795662.173102	73	-8.889807	0.45
7174	71	1795662.173102	74	-8.889807	0.45
7175	71	1795662.173102	75	-8.889807	0.45
7176	71	1795662.173102	76	-8.889807	0.46
7177	71	1795662.173102	77	-8.889806	0.47
7178	71	1795662.173102	78	-8.890013	0.48
7179	71	1795662.173102	79	-8.901323	0.49
7180	71	1795662.173102	80	-8.901323	0.49
7181	71	1795662.173102	81	-8.901323	0.49
7182	71	1795662.173102	82	-8.901323	0.49
7183	71	1795662.173102	83	-8.901323	0.49
7184	71	1795662.173102	84	-8.901323	0.49
7185	71	1795662.173102	85	-8.901323	0.49
7186	71	1795662.173102	86	-8.901323	0.49
7187	71	1795662.173102	87	-8.909347	0.5
7188	71	1795662.173102	88	-8.909347	0.5
7189	71	1795662.173102	89	-8.910893	0.51
7190	71	1795662.173102	90	-8.910893	0.51
7191	71	1795662.173102	91	-8.911549	0.52
7192	71	1795662.173102	92	-8.911549	0.52
7193	71	1795662.173102	93	-8.911556	0.53
7194	71	1795662.173102	94	-8.911556	0.53
7195	71	1795662.173102	95	-8.911556	0.53
7196	71	1795662.173102	96	-8.911556	0.53
7197	71	1795662.173102	97	-8.911556	0.53
7198	71	1795662.173102	98	-8.911680	0.54
7199	71	1795662.173102	99	-8.932715	0.55
7200	72	1975228.390412	0	-8.932732	0.01
7201	72	1975228.390412	1	-8.933472	0.02
7202	72	1975228.390412	2	-8.933472	0.02
7203	72	1975228.390412	3	-8.933473	0.03
7204	72	1975228.390412	4	-8.957070	0.04
7205	72	1975228.390412	5	-8.957349	0.05
7206	72	1975228.390412	6	-8.960082	0.06
7207	72	1975228.390412	7	-8.978773	0.07
7208	72	1975228.390412	8	-8.978773	0.07
7209	72	1975228.390412	9	-8.986841	0.08
7210	72	1975228.390412	10	-8.986841	0.08
7211	72	1975228.390412	11	-8.987045	0.09
7212	72	1975228.390412	12	-8.987045	0.09
7213	72	1975228.390412	13	-8.987045	0.09
7214	72	1975228.390412	14	-8.987045	0.09
7215	72	1975228.390412	15	-8.987045	0.09
7216	72	1975228.390412	16	-8.987669	0.1
7217	72	1975228.390412	17	-8.994140	0.11
7218	72	1975228.390412	18	-8.994140	0.11
7219	72	1975228.390412	19	-8.994140	0.11
7220	72	1975228.390412	20	-8.995669	0.12
7221	72	1975228.390412	21	-8.999253	0.13
7222	72	1975228.390412	22	-8.999253	0.13
7223	72	1975228.390412	23	-8.999253	0.13
7224	72	1975228.390412	24	-9.010469	0.14
7225	72	1975228.390412	25	-9.010514	0.15
7226	72	1975228.390412	26	-9.010524	0.16
7227	72	1975228.390412	27	-9.010524	0.16
7228	72	1975228.390412	28	-9.010587	0.17
7229	72	1975228.390412	29	-9.010888	0.18
7230	72	1975228.390412	30	-9.030010	0.19
7231	72	1975228.390412	31	-9.048862	0.2
7232	72	1975228.390412	32	-9.063346	0.21
7233	72	1975228.390412	33	-9.063699	0.22
7234	72	1975228.390412	34	-9.063711	0.23
7235	72	1975228.390412	35	-9.063831	0.24
7236	72	1975228.390412	36	-9.071920	0.25
7237	72	1975228.390412	37	-9.071920	0.25
7238	72	1975228.390412	38	-9.071939	0.26
7239	72	1975228.390412	39	-9.071939	0.27
7240	72	1975228.390412	40	-9.075198	0.28
7241	72	1975228.390412	41	-9.088097	0.29
7242	72	1975228.390412	42	-9.092912	0.3
7243	72	1975228.390412	43	-9.093065	0.31
7244	72	1975228.390412	44	-9.093065	0.31
7245	72	1975228.390412	45	-9.093065	0.31
7246	72	1975228.390412	46	-9.112673	0.32
7247	72	1975228.390412	47	-9.112673	0.32
7248	72	1975228.390412	48	-9.112673	0.32
7249	72	1975228.390412	49	-9.135356	0.33
7250	72	1975228.390412	50	-9.135356	0.33
7251	72	1975228.390412	51	-9.135397	0.34
7252	72	1975228.390412	52	-9.151441	0.35
7253	72	1975228.390412	53	-9.151546	0.36
7254	72	1975228.390412	54	-9.174760	0.37
7255	72	1975228.390412	55	-9.190632	0.38
7256	72	1975228.390412	56	-9.190632	0.38
7257	72	1975228.390412	57	-9.190654	0.39
7258	72	1975228.390412	58	-9.190654	0.39
7259	72	1975228.390412	59	-9.191198	0.4
7260	72	1975228.390412	60	-9.191492	0.41
7261	72	1975228.390412	61	-9.191760	0.42
7262	72	1975228.390412	62	-9.192517	0.43
7263	72	1975228.390412	63	-9.192607	0.44
7264	72	1975228.390412	64	-9.192607	0.44
7265	72	1975228.390412	65	-9.193094	0.45
7266	72	1975228.390412	66	-9.193631	0.46
7267	72	1975228.390412	67	-9.193634	0.47
7268	72	1975228.390412	68	-9.193643	0.48
7269	72	1975228.390412	69	-9.193643	0.48
7270	72	1975228.390412	70	-9.206568	0.49
7271	72	1975228.390412	71	-9.206581	0.5
7272	72	1975228.390412	72	-9.209997	0.51
7273	72	1975228.390412	73	-9.209997	0.51
7274	72	1975228.390412	74	-9.209997	0.51
7275	72	1975228.390412	75	-9.230869	0.52
7276	72	1975228.390412	76	-9.230869	0.52
7277	72	1975228.390412	77	-9.230869	0.52
7278	72	1975228.390412	78	-9.230869	0.52
7279	72	1975228.390412	79	-9.237094	0.53
7280	72	1975228.390412	80	-9.258563	0.54
7281	72	1975228.390412	81	-9.258563	0.54
7282	72	1975228.390412	82	-9.258569	0.55
7283	72	1975228.390412	83	-9.258663	0.56
7284	72	1975228.390412	84	-9.263317	0.57
7285	72	1975228.390412	85	-9.263317	0.57
7286	72	1975228.390412	86	-9.285702	0.58
7287	72	1975228.390412	87	-9.295662	0.59
7288	72	1975228.390412	88	-9.295662	0.59
7289	72	1975228.390412	89	-9.318459	0.6
7290	72	1975228.390412	90	-9.318477	0.61
7291	72	1975228.390412	91	-9.318477	0.61
7292	72	1975228.390412	92	-9.326563	0.62
7293	72	1975228.390412	93	-9.326563	0.62
7294	72	1975228.390412	94	-9.326563	0.62
7295	72	1975228.390412	95	-9.326563	0.62
7296	72	1975228.390412	96	-9.347594	0.63
7297	72	1975228.390412	97	-9.347921	0.64
7298	72	1975228.390412	98	-9.348349	0.65
7299	72	1975228.390412	99	-9.348348	0.66
7300	73	2172751.229454	0	-9.348348	0
7301	73	2172751.229454	1	-9.359841	0.01
7302	73	2172751.229454	2	-9.359841	0.01
7303	73	2172751.229454	3	-9.376206	0.02
7304	73	2172751.229454	4	-9.400662	0.03
7305	73	2172751.229454	5	-9.420714	0.04
7306	73	2172751.229454	6	-9.443975	0.05
7307	73	2172751.229454	7	-9.444491	0.06
7308	73	2172751.229454	8	-9.444491	0.06
7309	73	2172751.229454	9	-9.444516	0.07
7310	73	2172751.229454	10	-9.444516	0.07
7311	73	2172751.229454	11	-9.444516	0.07
7312	73	2172751.229454	12	-9.444711	0.08
7313	73	2172751.229454	13	-9.444711	0.08
7314	73	2172751.229454	14	-9.444711	0.08
7315	73	2172751.229454	15	-9.444711	0.08
7316	73	2172751.229454	16	-9.444711	0.09
7317	73	2172751.229454	17	-9.444791	0.1
7318	73	2172751.229454	18	-9.471618	0.11
7319	73	2172751.229454	19	-9.471618	0.11
7320	73	2172751.229454	20	-9.471625	0.12
7321	73	2172751.229454	21	-9.494139	0.13
7322	73	2172751.229454	22	-9.494642	0.14
7323	73	2172751.229454	23	-9.494659	0.15
7324	73	2172751.229454	24	-9.503935	0.16
7325	73	2172751.229454	25	-9.505918	0.17
7326	73	2172751.229454	26	-9.509558	0.18
7327	73	2172751.229454	27	-9.509558	0.18
7328	73	2172751.229454	28	-9.515040	0.19
7329	73	2172751.229454	29	-9.515040	0.19
7330	73	2172751.229454	30	-9.515040	0.19
7331	73	2172751.229454	31	-9.515040	0.19
7332	73	2172751.229454	32	-9.515040	0.19
7333	73	2172751.229454	33	-9.515142	0.2
7334	73	2172751.229454	34	-9.515142	0.2
7335	73	2172751.229454	35	-9.516387	0.21
7336	73	2172751.229454	36	-9.516387	0.21
7337	73	2172751.229454	37	-9.517695	0.22
7338	73	2172751.229454	38	-9.517695	0.22
7339	73	2172751.229454	39	-9.517726	0.23
7340	73	2172751.229454	40	-9.517726	0.23
7341	73	2172751.229454	41	-9.517726	0.23
7342	73	2172751.229454	42	-9.517727	0.24
7343	73	2172751.229454	43	-9.518031	0.25
7344	73	2172751.229454	44	-9.521370	0.26
7345	73	2172751.229454	45	-9.521370	0.26
7346	73	2172751.229454	46	-9.521370	0.26
7347	73	2172751.229454	47	-9.531932	0.27
7348	73	2172751.229454	48	-9.531968	0.28
7349	73	2172751.229454	49	-9.532137	0.29
7350	73	2172751.229454	50	-9.532739	0.3
7351	73	2172751.229454	51	-9.532742	0.31
7352	73	2172751.229454	52	-9.532742	0.31
7353	73	2172751.229454	53	-9.532742	0.31
7354	73	2172751.229454	54	-9.557064	0.32
7355	73	2172751.229454	55	-9.575088	0.33
7356	73	2172751.229454	56	-9.575161	0.34
7357	73	2172751.229454	57	-9.575161	0.34
7358	73	2172751.229454	58	-9.575161	0.34
7359	73	2172751.229454	59	-9.575161	0.34
7360	73	2172751.229454	60	-9.575179	0.35
7361	73	2172751.229454	61	-9.575179	0.35
7362	73	2172751.229454	62	-9.575179	0.35
7363	73	2172751.229454	63	-9.593305	0.36
7364	73	2172751.229454	64	-9.594190	0.37
7365	73	2172751.229454	65	-9.594190	0.37
7366	73	2172751.229454	66	-9.594282	0.38
7367	73	2172751.229454	67	-9.594293	0.39
7368	73	2172751.229454	68	-9.594293	0.39
7369	73	2172751.229454	69	-9.608954	0.4
7370	73	2172751.229454	70	-9.608954	0.4
7371	73	2172751.229454	71	-9.608954	0.4
7372	73	2172751.229454	72	-9.609089	0.41
7373	73	2172751.229454	73	-9.609089	0.41
7374	73	2172751.229454	74	-9.609089	0.41
7375	73	2172751.229454	75	-9.609089	0.41
7376	73	2172751.229454	76	-9.609089	0.41
7377	73	2172751.229454	77	-9.609103	0.42
7378	73	2172751.229454	78	-9.609103	0.42
7379	73	2172751.229454	79	-9.609103	0.42
7380	73	2172751.229454	80	-9.609103	0.42
7381	73	2172751.229454	81	-9.609103	0.42
7382	73	2172751.229454	82	-9.625470	0.43
7383	73	2172751.229454	83	-9.628260	0.44
7384	73	2172751.229454	84	-9.628260	0.44
7385	73	2172751.229454	85	-9.630540	0.45
7386	73	2172751.229454	86	-9.654530	0.46
7387	73	2172751.229454	87	-9.654745	0.47
7388	73	2172751.229454	88	-9.670687	0.48
7389	73	2172751.229454	89	-9.670688	0.49
7390	73	2172751.229454	90	-9.684569	0.5
7391	73	2172751.229454	91	-9.684569	0.5
7392	73	2172751.229454	92	-9.684569	0.5
7393	73	2172751.229454	93	-9.701986	0.51
7394	73	2172751.229454	94	-9.702201	0.52
7395	73	2172751.229454	95	-9.721291	0.53
7396	73	2172751.229454	96	-9.741141	0.54
7397	73	2172751.229454	97	-9.763023	0.55
7398	73	2172751.229454	98	-9.763023	0.55
7399	73	2172751.229454	99	-9.763611	0.56
7400	74	2390026.352399	0	-9.763611	0
7401	74	2390026.352399	1	-9.763955	0.01
7402	74	2390026.352399	2	-9.763955	0.01
7403	74	2390026.352399	3	-9.764523	0.02
7404	74	2390026.352399	4	-9.765122	0.03
7405	74	2390026.352399	5	-9.765122	0.03
7406	74	2390026.352399	6	-9.765122	0.03
7407	74	2390026.352399	7	-9.765170	0.04
7408	74	2390026.352399	8	-9.765170	0.04
7409	74	2390026.352399	9	-9.765170	0.04
7410	74	2390026.352399	10	-9.765170	0.04
7411	74	2390026.352399	11	-9.775923	0.05
7412	74	2390026.352399	12	-9.777994	0.06
7413	74	2390026.352399	13	-9.777994	0.06
7414	74	2390026.352399	14	-9.798766	0.07
7415	74	2390026.352399	15	-9.798766	0.07
7416	74	2390026.352399	16	-9.807112	0.08
7417	74	2390026.352399	17	-9.807112	0.08
7418	74	2390026.352399	18	-9.807154	0.09
7419	74	2390026.352399	19	-9.807154	0.09
7420	74	2390026.352399	20	-9.807154	0.09
7421	74	2390026.352399	21	-9.807155	0.1
7422	74	2390026.352399	22	-9.810503	0.11
7423	74	2390026.352399	23	-9.826035	0.12
7424	74	2390026.352399	24	-9.846496	0.13
7425	74	2390026.352399	25	-9.871403	0.14
7426	74	2390026.352399	26	-9.871403	0.14
7427	74	2390026.352399	27	-9.871487	0.15
7428	74	2390026.352399	28	-9.871487	0.15
7429	74	2390026.352399	29	-9.880272	0.16
7430	74	2390026.352399	30	-9.880303	0.17
7431	74	2390026.352399	31	-9.882798	0.18
7432	74	2390026.352399	32	-9.882798	0.18
7433	74	2390026.352399	33	-9.905201	0.19
7434	74	2390026.352399	34	-9.905201	0.19
7435	74	2390026.352399	35	-9.917518	0.2
7436	74	2390026.352399	36	-9.917918	0.21
7437	74	2390026.352399	37	-9.918814	0.22
7438	74	2390026.352399	38	-9.918814	0.22
7439	74	2390026.352399	39	-9.937446	0.23
7440	74	2390026.352399	40	-9.937446	0.23
7441	74	2390026.352399	41	-9.937446	0.23
7442	74	2390026.352399	42	-9.955880	0.24
7443	74	2390026.352399	43	-9.955880	0.24
7444	74	2390026.352399	44	-9.955927	0.25
7445	74	2390026.352399	45	-9.955932	0.26
7446	74	2390026.352399	46	-9.955932	0.26
7447	74	2390026.352399	47	-9.976056	0.27
7448	74	2390026.352399	48	-9.997245	0.28
7449	74	2390026.352399	49	-9.997968	0.29
7450	74	2390026.352399	50	-10.010477	0.3
7451	74	2390026.352399	51	-10.011175	0.31
7452	74	2390026.352399	52	-10.011212	0.32
7453	74	2390026.352399	53	-10.011531	0.33
7454	74	2390026.352399	54	-10.011531	0.33
7455	74	2390026.352399	55	-10.011531	0.33
7456	74	2390026.352399	56	-10.012188	0.34
7457	74	2390026.352399	57	-10.012374	0.35
7458	74	2390026.352399	58	-10.012374	0.35
7459	74	2390026.352399	59	-10.012374	0.35
7460	74	2390026.352399	60	-10.012374	0.35
7461	74	2390026.352399	61	-10.012374	0.35
7462	74	2390026.352399	62	-10.012374	0.35
7463	74	2390026.352399	63	-10.012618	0.36
7464	74	2390026.352399	64	-10.014407	0.37
7465	74	2390026.352399	65	-10.014407	0.37
7466	74	2390026.352399	66	-10.018328	0.38
7467	74	2390026.352399	67	-10.018438	0.39
7468	74	2390026.352399	68	-10.018438	0.39
7469	74	2390026.352399	69	-10.018459	0.4
7470	74	2390026.352399	70	-10.018459	0.4
7471	74	2390026.352399	71	-10.043079	0.41
7472	74	2390026.352399	72	-10.063720	0.42
7473	74	2390026.352399	73	-10.063720	0.42
7474	74	2390026.352399	74	-10.063720	0.42
7475	74	2390026.352399	75	-10.063720	0.42
7476	74	2390026.352399	76	-10.063720	0.42
7477	74	2390026.352399	77	-10.090627	0.43
7478	74	2390026.352399	78	-10.102772	0.44
7479	74	2390026.352399	79	-10.102772	0.44
7480	74	2390026.352399	80	-10.102772	0.44
7481	74	2390026.352399	81	-10.117568	0.45
7482	74	2390026.352399	82	-10.132382	0.46
7483	74	2390026.352399	83	-10.134910	0.47
7484	74	2390026.352399	84	-10.134910	0.47
7485	74	2390026.352399	85	-10.134916	0.48
7486	74	2390026.352399	86	-10.153396	0.49
7487	74	2390026.352399	87	-10.153396	0.49
7488	74	2390026.352399	88	-10.153396	0.49
7489	74	2390026.352399	89	-10.153396	0.49
7490	74	2390026.352399	90	-10.153396	0.49
7491	74	2390026.352399	91	-10.178670	0.5
7492	74	2390026.352399	92	-10.186479	0.51
7493	74	2390026.352399	93	-10.186585	0.52
7494	74	2390026.352399	94	-10.186585	0.52
7495	74	2390026.352399	95	-10.190670	0.53
7496	74	2390026.352399	96	-10.190802	0.54
7497	74	2390026.352399	97	-10.190802	0.54
7498	74	2390026.352399	98	-10.190802	0.54
7499	74	2390026.352399	99	-10.190802	0.54
7500	75	2629028.987639	0	-10.190871	0.01
7501	75	2629028.987639	1	-10.191362	0.02
7502	75	2629028.987639	2	-10.191362	0.02
7503	75	2629028.987639	3	-10.191362	0.02
7504	75	2629028.987639	4	-10.198736	0.03
7505	75	2629028.987639	5	-10.198736	0.03
7506	75	2629028.987639	6	-10.198736	0.03
7507	75	2629028.987639	7	-10.204872	0.04
7508	75	2629028.987639	8	-10.233155	0.05
7509	75	2629028.987639	9	-10.233623	0.06
7510	75	2629028.987639	10	-10.234211	0.07
7511	75	2629028.987639	11	-10.234211	0.07
7512	75	2629028.987639	12	-10.234211	0.07
7513	75	2629028.987639	13	-10.234211	0.07
7514	75	2629028.987639	14	-10.234317	0.08
7515	75	2629028.987639	15	-10.234720	0.09
7516	75	2629028.987639	16	-10.256361	0.1
7517	75	2629028.987639	17	-10.256361	0.1
7518	75	2629028.987639	18	-10.256361	0.1
7519	75	2629028.987639	19	-10.256361	0.1
7520	75	2629028.987639	20	-10.271045	0.11
7521	75	2629028.987639	21	-10.271113	0.12
7522	75	2629028.987639	22	-10.300086	0.13
7523	75	2629028.987639	23	-10.300086	0.13
7524	75	2629028.987639	24	-10.300111	0.14
7525	75	2629028.987639	25	-10.300122	0.15
7526	75	2629028.987639	26	-10.300122	0.15
7527	75	2629028.987639	27	-10.318065	0.16
7528	75	2629028.987639	28	-10.344524	0.17
7529	75	2629028.987639	29	-10.351601	0.18
7530	75	2629028.987639	30	-10.351601	0.18
7531	75	2629028.987639	31	-10.352386	0.19
7532	75	2629028.987639	32	-10.352392	0.2
7533	75	2629028.987639	33	-10.352434	0.21
7534	75	2629028.987639	34	-10.352434	0.21
7535	75	2629028.987639	35	-10.352434	0.21
7536	75	2629028.987639	36	-10.376156	0.22
7537	75	2629028.987639	37	-10.380240	0.23
7538	75	2629028.987639	38	-10.380302	0.24
7539	75	2629028.987639	39	-10.394457	0.25
7540	75	2629028.987639	40	-10.394457	0.25
7541	75	2629028.987639	41	-10.394457	0.25
7542	75	2629028.987639	42	-10.394483	0.26
7543	75	2629028.987639	43	-10.394881	0.27
7544	75	2629028.987639	44	-10.419194	0.28
7545	75	2629028.987639	45	-10.419194	0.29
7546	75	2629028.987639	46	-10.419194	0.29
7547	75	2629028.987639	47	-10.419340	0.3
7548	75	2629028.987639	48	-10.419340	0.3
7549	75	2629028.987639	49	-10.419703	0.31
7550	75	2629028.987639	50	-10.419854	0.32
7551	75	2629028.987639	51	-10.419887	0.33
7552	75	2629028.987639	52	-10.442528	0.34
7553	75	2629028.987639	53	-10.442528	0.34
7554	75	2629028.987639	54	-10.446278	0.35
7555	75	2629028.987639	55	-10.451552	0.36
7556	75	2629028.987639	56	-10.453379	0.37
7557	75	2629028.987639	57	-10.469951	0.38
7558	75	2629028.987639	58	-10.470212	0.39
7559	75	2629028.987639	59	-10.480914	0.4
7560	75	2629028.987639	60	-10.480914	0.4
7561	75	2629028.987639	61	-10.480914	0.4
7562	75	2629028.987639	62	-10.480914	0.4
7563	75	2629028.987639	63	-10.482782	0.41
7564	75	2629028.987639	64	-10.482782	0.41
7565	75	2629028.987639	65	-10.482915	0.42
7566	75	2629028.987639	66	-10.504554	0.43
7567	75	2629028.987639	67	-10.504554	0.43
7568	75	2629028.987639	68	-10.504554	0.43
7569	75	2629028.987639	69	-10.523032	0.44
7570	75	2629028.987639	70	-10.523032	0.44
7571	75	2629028.987639	71	-10.523060	0.45
7572	75	2629028.987639	72	-10.523070	0.46
7573	75	2629028.987639	73	-10.546419	0.47
7574	75	2629028.987639	74	-10.554579	0.48
7575	75	2629028.987639	75	-10.554579	0.48
7576	75	2629028.987639	76	-10.569909	0.49
7577	75	2629028.987639	77	-10.569909	0.49
7578	75	2629028.987639	78	-10.570371	0.5
7579	75	2629028.987639	79	-10.570371	0.5
7580	75	2629028.987639	80	-10.570371	0.5
7581	75	2629028.987639	81	-10.570371	0.51
7582	75	2629028.987639	82	-10.574755	0.52
7583	75	2629028.987639	83	-10.574755	0.52
7584	75	2629028.987639	84	-10.574755	0.52
7585	75	2629028.987639	85	-10.575404	0.53
7586	75	2629028.987639	86	-10.575404	0.53
7587	75	2629028.987639	87	-10.590819	0.54
7588	75	2629028.987639	88	-10.590819	0.54
7589	75	2629028.987639	89	-10.597461	0.55
7590	75	2629028.987639	90	-10.597471	0.56
7591	75	2629028.987639	91	-10.597471	0.56
7592	75	2629028.987639	92	-10.622052	0.57
7593	75	2629028.987639	93	-10.640728	0.58
7594	75	2629028.987639	94	-10.641188	0.59
7595	75	2629028.987639	95	-10.655649	0.6
7596	75	2629028.987639	96	-10.655649	0.6
7597	75	2629028.987639	97	-10.655834	0.61
7598	75	2629028.987639	98	-10.655834	0.61
7599	75	2629028.987639	99	-10.668544	0.62
7600	76	2891931.886403	0	-10.689429	0.01
7601	76	2891931.886403	1	-10.689684	0.02
7602	76	2891931.886403	2	-10.689684	0.02
7603	76	2891931.886403	3	-10.689684	0.02
7604	76	2891931.886403	4	-10.689684	0.02
7605	76	2891931.886403	5	-10.700409	0.03
7606	76	2891931.886403	6	-10.700409	0.03
7607	76	2891931.886403	7	-10.700409	0.03
7608	76	2891931.886403	8	-10.704180	0.04
7609	76	2891931.886403	9	-10.711658	0.05
7610	76	2891931.886403	10	-10.711658	0.05
7611	76	2891931.886403	11	-10.711871	0.06
7612	76	2891931.886403	12	-10.711984	0.07
7613	76	2891931.886403	13	-10.712005	0.08
7614	76	2891931.886403	14	-10.732585	0.09
7615	76	2891931.886403	15	-10.732585	0.09
7616	76	2891931.886403	16	-10.732585	0.09
7617	76	2891931.886403	17	-10.732659	0.1
7618	76	2891931.886403	18	-10.732803	0.11
7619	76	2891931.886403	19	-10.732826	0.12
7620	76	2891931.886403	20	-10.742450	0.13
7621	76	2891931.886403	21	-10.742450	0.13
7622	76	2891931.886403	22	-10.752180	0.14
7623	76	2891931.886403	23	-10.753303	0.15
7624	76	2891931.886403	24	-10.756652	0.16
7625	76	2891931.886403	25	-10.756652	0.16
7626	76	2891931.886403	26	-10.756652	0.16
7627	76	2891931.886403	27	-10.756984	0.17
7628	76	2891931.886403	28	-10.756984	0.17
7629	76	2891931.886403	29	-10.756984	0.17
7630	76	2891931.886403	30	-10.779880	0.18
7631	76	2891931.886403	31	-10.779880	0.18
7632	76	2891931.886403	32	-10.791137	0.19
7633	76	2891931.886403	33	-10.791137	0.19
7634	76	2891931.886403	34	-10.791137	0.19
7635	76	2891931.886403	35	-10.791137	0.19
7636	76	2891931.886403	36	-10.791137	0.19
7637	76	2891931.886403	37	-10.791273	0.2
7638	76	2891931.886403	38	-10.791273	0.2
7639	76	2891931.886403	39	-10.804721	0.21
7640	76	2891931.886403	40	-10.821876	0.22
7641	76	2891931.886403	41	-10.821876	0.22
7642	76	2891931.886403	42	-10.823588	0.23
7643	76	2891931.886403	43	-10.848001	0.24
7644	76	2891931.886403	44	-10.848001	0.24
7645	76	2891931.886403	45	-10.848001	0.24
7646	76	2891931.886403	46	-10.848139	0.25
7647	76	2891931.886403	47	-10.848189	0.26
7648	76	2891931.886403	48	-10.875505	0.27
7649	76	2891931.886403	49	-10.877983	0.28
7650	76	2891931.886403	50	-10.890875	0.29
7651	76	2891931.886403	51	-10.890875	0.29
7652	76	2891931.886403	52	-10.890884	0.3
7653	76	2891931.886403	53	-10.890884	0.3
7654	76	2891931.886403	54	-10.890884	0.3
7655	76	2891931.886403	55	-10.890884	0.3
7656	76	2891931.886403	56	-10.890884	0.3
7657	76	2891931.886403	57	-10.892387	0.31
7658	76	2891931.886403	58	-10.901588	0.32
7659	76	2891931.886403	59	-10.901588	0.32
7660	76	2891931.886403	60	-10.905627	0.33
7661	76	2891931.886403	61	-10.906769	0.34
7662	76	2891931.886403	62	-10.929736	0.35
7663	76	2891931.886403	63	-10.929736	0.35
7664	76	2891931.886403	64	-10.929736	0.35
7665	76	2891931.886403	65	-10.943942	0.36
7666	76	2891931.886403	66	-10.943942	0.36
7667	76	2891931.886403	67	-10.944698	0.37
7668	76	2891931.886403	68	-10.944711	0.38
7669	76	2891931.886403	69	-10.945159	0.39
7670	76	2891931.886403	70	-10.945159	0.39
7671	76	2891931.886403	71	-10.945159	0.39
7672	76	2891931.886403	72	-10.945266	0.4
7673	76	2891931.886403	73	-10.945266	0.4
7674	76	2891931.886403	74	-10.945266	0.4
7675	76	2891931.886403	75	-10.945266	0.4
7676	76	2891931.886403	76	-10.967250	0.41
7677	76	2891931.886403	77	-10.976724	0.42
7678	76	2891931.886403	78	-10.976724	0.42
7679	76	2891931.886403	79	-10.977015	0.43
7680	76	2891931.886403	80	-10.988137	0.44
7681	76	2891931.886403	81	-10.988147	0.45
7682	76	2891931.886403	82	-10.988147	0.45
7683	76	2891931.886403	83	-10.993666	0.46
7684	76	2891931.886403	84	-10.993666	0.46
7685	76	2891931.886403	85	-10.993977	0.47
7686	76	2891931.886403	86	-10.993977	0.47
7687	76	2891931.886403	87	-10.993977	0.47
7688	76	2891931.886403	88	-10.994896	0.48
7689	76	2891931.886403	89	-11.018233	0.49
7690	76	2891931.886403	90	-11.019038	0.5
7691	76	2891931.886403	91	-11.019050	0.51
7692	76	2891931.886403	92	-11.020240	0.52
7693	76	2891931.886403	93	-11.020332	0.53
7694	76	2891931.886403	94	-11.020452	0.54
7695	76	2891931.886403	95	-11.020452	0.54
7696	76	2891931.886403	96	-11.020452	0.54
7697	76	2891931.886403	97	-11.040344	0.55
7698	76	2891931.886403	98	-11.040344	0.55
7699	76	2891931.886403	99	-11.040344	0.55
7700	77	3181125.075043	0	-11.048929	0.01
7701	77	3181125.075043	1	-11.048929	0.01
7702	77	3181125.075043	2	-11.056679	0.02
7703	77	3181125.075043	3	-11.087067	0.03
7704	77	3181125.075043	4	-11.101646	0.04
7705	77	3181125.075043	5	-11.102280	0.05
7706	77	3181125.075043	6	-11.102280	0.05
7707	77	3181125.075043	7	-11.102280	0.05
7708	77	3181125.075043	8	-11.129544	0.06
7709	77	3181125.075043	9	-11.142946	0.07
7710	77	3181125.075043	10	-11.151909	0.08
7711	77	3181125.075043	11	-11.151916	0.09
7712	77	3181125.075043	12	-11.151916	0.09
7713	77	3181125.075043	13	-11.153724	0.1
7714	77	3181125.075043	14	-11.154670	0.11
7715	77	3181125.075043	15	-11.176234	0.12
7716	77	3181125.075043	16	-11.176234	0.12
7717	77	3181125.075043	17	-11.177232	0.13
7718	77	3181125.075043	18	-11.187915	0.14
7719	77	3181125.075043	19	-11.187915	0.14
7720	77	3181125.075043	20	-11.188178	0.15
7721	77	3181125.075043	21	-11.188591	0.16
7722	77	3181125.075043	22	-11.209918	0.17
7723	77	3181125.075043	23	-11.209918	0.17
7724	77	3181125.075043	24	-11.209949	0.18
7725	77	3181125.075043	25	-11.209949	0.18
7726	77	3181125.075043	26	-11.209953	0.19
7727	77	3181125.075043	27	-11.211279	0.2
7728	77	3181125.075043	28	-11.211354	0.21
7729	77	3181125.075043	29	-11.231715	0.22
7730	77	3181125.075043	30	-11.246283	0.23
7731	77	3181125.075043	31	-11.271595	0.24
7732	77	3181125.075043	32	-11.271595	0.24
7733	77	3181125.075043	33	-11.271595	0.25
7734	77	3181125.075043	34	-11.271597	0.26
7735	77	3181125.075043	35	-11.290696	0.27
7736	77	3181125.075043	36	-11.290696	0.27
7737	77	3181125.075043	37	-11.290696	0.27
7738	77	3181125.075043	38	-11.297271	0.28
7739	77	3181125.075043	39	-11.297271	0.28
7740	77	3181125.075043	40	-11.297271	0.28
7741	77	3181125.075043	41	-11.297275	0.29
7742	77	3181125.075043	42	-11.297396	0.3
7743	77	3181125.075043	43	-11.297396	0.3
7744	77	3181125.075043	44	-11.297396	0.3
7745	77	3181125.075043	45	-11.297396	0.3
7746	77	3181125.075043	46	-11.297396	0.3
7747	77	3181125.075043	47	-11.297396	0.3
7748	77	3181125.075043	48	-11.297396	0.3
7749	77	3181125.075043	49	-11.297623	0.31
7750	77	3181125.075043	50	-11.297623	0.31
7751	77	3181125.075043	51	-11.297623	0.31
7752	77	3181125.075043	52	-11.297643	0.32
7753	77	3181125.075043	53	-11.297643	0.32
7754	77	3181125.075043	54	-11.325626	0.33
7755	77	3181125.075043	55	-11.325666	0.34
7756	77	3181125.075043	56	-11.325666	0.34
7757	77	3181125.075043	57	-11.325703	0.35
7758	77	3181125.075043	58	-11.333382	0.36
7759	77	3181125.075043	59	-11.333382	0.36
7760	77	3181125.075043	60	-11.339923	0.37
7761	77	3181125.075043	61	-11.339923	0.37
7762	77	3181125.075043	62	-11.354909	0.38
7763	77	3181125.075043	63	-11.354934	0.39
7764	77	3181125.075043	64	-11.354934	0.39
7765	77	3181125.075043	65	-11.370066	0.4
7766	77	3181125.075043	66	-11.370066	0.4
7767	77	3181125.075043	67	-11.371910	0.41
7768	77	3181125.075043	68	-11.385345	0.42
7769	77	3181125.075043	69	-11.385345	0.42
7770	77	3181125.075043	70	-11.411503	0.43
7771	77	3181125.075043	71	-11.411503	0.43
7772	77	3181125.075043	72	-11.411503	0.43
7773	77	3181125.075043	73	-11.411503	0.43
7774	77	3181125.075043	74	-11.411503	0.43
7775	77	3181125.075043	75	-11.441845	0.44
7776	77	3181125.075043	76	-11.441845	0.44
7777	77	3181125.075043	77	-11.463866	0.45
7778	77	3181125.075043	78	-11.484557	0.46
7779	77	3181125.075043	79	-11.484557	0.46
7780	77	3181125.075043	80	-11.484557	0.46
7781	77	3181125.075043	81	-11.485847	0.47
7782	77	3181125.075043	82	-11.503371	0.48
7783	77	3181125.075043	83	-11.528776	0.49
7784	77	3181125.075043	84	-11.528847	0.5
7785	77	3181125.075043	85	-11.528875	0.51
7786	77	3181125.075043	86	-11.531807	0.52
7787	77	3181125.075043	87	-11.539737	0.53
7788	77	3181125.075043	88	-11.539737	0.53
7789	77	3181125.075043	89	-11.574410	0.54
7790	77	3181125.075043	90	-11.574481	0.55
7791	77	3181125.075043	91	-11.574481	0.55
7792	77	3181125.075043	92	-11.574481	0.55
7793	77	3181125.075043	93	-11.574481	0.55
7794	77	3181125.075043	94	-11.579555	0.56
7795	77	3181125.075043	95	-11.579570	0.57
7796	77	3181125.075043	96	-11.604791	0.58
7797	77	3181125.075043	97	-11.604791	0.58
7798	77	3181125.075043	98	-11.605303	0.59
7799	77	3181125.075043	99	-11.605303	0.59
7800	78	3499237.582547	0	-11.605390	0.01
7801	78	3499237.582547	1	-11.632041	0.02
7802	78	3499237.582547	2	-11.650427	0.03
7803	78	3499237.582547	3	-11.651338	0.04
7804	78	3499237.582547	4	-11.651338	0.04
7805	78	3499237.582547	5	-11.651338	0.04
7806	78	3499237.582547	6	-11.651338	0.04
7807	78	3499237.582547	7	-11.673161	0.05
7808	78	3499237.582547	8	-11.673302	0.06
7809	78	3499237.582547	9	-11.673302	0.06
7810	78	3499237.582547	10	-11.673687	0.07
7811	78	3499237.582547	11	-11.702747	0.08
7812	78	3499237.582547	12	-11.713901	0.09
7813	78	3499237.582547	13	-11.728458	0.1
7814	78	3499237.582547	14	-11.728458	0.1
7815	78	3499237.582547	15	-11.729026	0.11
7816	78	3499237.582547	16	-11.729549	0.12
7817	78	3499237.582547	17	-11.731137	0.13
7818	78	3499237.582547	18	-11.731137	0.13
7819	78	3499237.582547	19	-11.731137	0.13
7820	78	3499237.582547	20	-11.731137	0.13
7821	78	3499237.582547	21	-11.731137	0.13
7822	78	3499237.582547	22	-11.756475	0.14
7823	78	3499237.582547	23	-11.756475	0.14
7824	78	3499237.582547	24	-11.756487	0.15
7825	78	3499237.582547	25	-11.756496	0.16
7826	78	3499237.582547	26	-11.760003	0.17
7827	78	3499237.582547	27	-11.767080	0.18
7828	78	3499237.582547	28	-11.767126	0.19
7829	78	3499237.582547	29	-11.767126	0.19
7830	78	3499237.582547	30	-11.767151	0.2
7831	78	3499237.582547	31	-11.767151	0.2
7832	78	3499237.582547	32	-11.798408	0.21
7833	78	3499237.582547	33	-11.798408	0.21
7834	78	3499237.582547	34	-11.798408	0.21
7835	78	3499237.582547	35	-11.798451	0.22
7836	78	3499237.582547	36	-11.798522	0.23
7837	78	3499237.582547	37	-11.825121	0.24
7838	78	3499237.582547	38	-11.826130	0.25
7839	78	3499237.582547	39	-11.830216	0.26
7840	78	3499237.582547	40	-11.830216	0.26
7841	78	3499237.582547	41	-11.834831	0.27
7842	78	3499237.582547	42	-11.841486	0.28
7843	78	3499237.582547	43	-11.841558	0.29
7844	78	3499237.582547	44	-11.841558	0.29
7845	78	3499237.582547	45	-11.853812	0.3
7846	78	3499237.582547	46	-11.853812	0.3
7847	78	3499237.582547	47	-11.853812	0.3
7848	78	3499237.582547	48	-11.853812	0.3
7849	78	3499237.582547	49	-11.853812	0.3
7850	78	3499237.582547	50	-11.853812	0.3
7851	78	3499237.582547	51	-11.864567	0.31
7852	78	3499237.582547	52	-11.864567	0.31
7853	78	3499237.582547	53	-11.872257	0.32
7854	78	3499237.582547	54	-11.872257	0.32
7855	78	3499237.582547	55	-11.872257	0.32
7856	78	3499237.582547	56	-11.872259	0.33
7857	78	3499237.582547	57	-11.872346	0.34
7858	78	3499237.582547	58	-11.872346	0.34
7859	78	3499237.582547	59	-11.872397	0.35
7860	78	3499237.582547	60	-11.873157	0.36
7861	78	3499237.582547	61	-11.873157	0.36
7862	78	3499237.582547	62	-11.873160	0.37
7863	78	3499237.582547	63	-11.896238	0.38
7864	78	3499237.582547	64	-11.896238	0.38
7865	78	3499237.582547	65	-11.908468	0.39
7866	78	3499237.582547	66	-11.923540	0.4
7867	78	3499237.582547	67	-11.926234	0.41
7868	78	3499237.582547	68	-11.926255	0.42
7869	78	3499237.582547	69	-11.926255	0.42
7870	78	3499237.582547	70	-11.926327	0.43
7871	78	3499237.582547	71	-11.926327	0.43
7872	78	3499237.582547	72	-11.926327	0.43
7873	78	3499237.582547	73	-11.926384	0.44
7874	78	3499237.582547	74	-11.926384	0.44
7875	78	3499237.582547	75	-11.926459	0.45
7876	78	3499237.582547	76	-11.927039	0.46
7877	78	3499237.582547	77	-11.931499	0.47
7878	78	3499237.582547	78	-11.931523	0.48
7879	78	3499237.582547	79	-11.945203	0.49
7880	78	3499237.582547	80	-11.976343	0.5
7881	78	3499237.582547	81	-11.976355	0.51
7882	78	3499237.582547	82	-11.988103	0.52
7883	78	3499237.582547	83	-11.989113	0.53
7884	78	3499237.582547	84	-11.989113	0.53
7885	78	3499237.582547	85	-11.989113	0.53
7886	78	3499237.582547	86	-11.989113	0.53
7887	78	3499237.582547	87	-11.989350	0.54
7888	78	3499237.582547	88	-11.989350	0.54
7889	78	3499237.582547	89	-12.009659	0.55
7890	78	3499237.582547	90	-12.009659	0.55
7891	78	3499237.582547	91	-12.009659	0.55
7892	78	3499237.582547	92	-12.009659	0.55
7893	78	3499237.582547	93	-12.009795	0.56
7894	78	3499237.582547	94	-12.010028	0.57
7895	78	3499237.582547	95	-12.010039	0.58
7896	78	3499237.582547	96	-12.037255	0.59
7897	78	3499237.582547	97	-12.037843	0.6
7898	78	3499237.582547	98	-12.037907	0.61
7899	78	3499237.582547	99	-12.037907	0.61
7900	79	3849161.340802	0	-12.037992	0.01
7901	79	3849161.340802	1	-12.057269	0.02
7902	79	3849161.340802	2	-12.057562	0.03
7903	79	3849161.340802	3	-12.057562	0.03
7904	79	3849161.340802	4	-12.057628	0.04
7905	79	3849161.340802	5	-12.071653	0.05
7906	79	3849161.340802	6	-12.075127	0.06
7907	79	3849161.340802	7	-12.078234	0.07
7908	79	3849161.340802	8	-12.084055	0.08
7909	79	3849161.340802	9	-12.094724	0.09
7910	79	3849161.340802	10	-12.097957	0.1
7911	79	3849161.340802	11	-12.119996	0.11
7912	79	3849161.340802	12	-12.120007	0.12
7913	79	3849161.340802	13	-12.121250	0.13
7914	79	3849161.340802	14	-12.121250	0.13
7915	79	3849161.340802	15	-12.147715	0.14
7916	79	3849161.340802	16	-12.147715	0.14
7917	79	3849161.340802	17	-12.147715	0.14
7918	79	3849161.340802	18	-12.147715	0.14
7919	79	3849161.340802	19	-12.147715	0.14
7920	79	3849161.340802	20	-12.147715	0.14
7921	79	3849161.340802	21	-12.147715	0.14
7922	79	3849161.340802	22	-12.147715	0.14
7923	79	3849161.340802	23	-12.147826	0.15
7924	79	3849161.340802	24	-12.148687	0.16
7925	79	3849161.340802	25	-12.148687	0.16
7926	79	3849161.340802	26	-12.160677	0.17
7927	79	3849161.340802	27	-12.188796	0.18
7928	79	3849161.340802	28	-12.188796	0.18
7929	79	3849161.340802	29	-12.223114	0.19
7930	79	3849161.340802	30	-12.225514	0.2
7931	79	3849161.340802	31	-12.225515	0.21
7932	79	3849161.340802	32	-12.225515	0.21
7933	79	3849161.340802	33	-12.225748	0.22
7934	79	3849161.340802	34	-12.225748	0.22
7935	79	3849161.340802	35	-12.225748	0.22
7936	79	3849161.340802	36	-12.225748	0.22
7937	79	3849161.340802	37	-12.240533	0.23
7938	79	3849161.340802	38	-12.256259	0.24
7939	79	3849161.340802	39	-12.256300	0.25
7940	79	3849161.340802	40	-12.271151	0.26
7941	79	3849161.340802	41	-12.271151	0.26
7942	79	3849161.340802	42	-12.271155	0.27
7943	79	3849161.340802	43	-12.271156	0.28
7944	79	3849161.340802	44	-12.289661	0.29
7945	79	3849161.340802	45	-12.289663	0.3
7946	79	3849161.340802	46	-12.289796	0.31
7947	79	3849161.340802	47	-12.289796	0.31
7948	79	3849161.340802	48	-12.289796	0.31
7949	79	3849161.340802	49	-12.290127	0.32
7950	79	3849161.340802	50	-12.290127	0.32
7951	79	3849161.340802	51	-12.319396	0.33
7952	79	3849161.340802	52	-12.331696	0.34
7953	79	3849161.340802	53	-12.361792	0.35
7954	79	3849161.340802	54	-12.361792	0.35
7955	79	3849161.340802	55	-12.361967	0.36
7956	79	3849161.340802	56	-12.361967	0.36
7957	79	3849161.340802	57	-12.362835	0.37
7958	79	3849161.340802	58	-12.362835	0.37
7959	79	3849161.340802	59	-12.362976	0.38
7960	79	3849161.340802	60	-12.362976	0.38
7961	79	3849161.340802	61	-12.392677	0.39
7962	79	3849161.340802	62	-12.417905	0.4
7963	79	3849161.340802	63	-12.417931	0.41
7964	79	3849161.340802	64	-12.418458	0.42
7965	79	3849161.340802	65	-12.418458	0.42
7966	79	3849161.340802	66	-12.418458	0.42
7967	79	3849161.340802	67	-12.446653	0.43
7968	79	3849161.340802	68	-12.446948	0.44
7969	79	3849161.340802	69	-12.446948	0.44
7970	79	3849161.340802	70	-12.447437	0.45
7971	79	3849161.340802	71	-12.452537	0.46
7972	79	3849161.340802	72	-12.452542	0.47
7973	79	3849161.340802	73	-12.452542	0.47
7974	79	3849161.340802	74	-12.452542	0.47
7975	79	3849161.340802	75	-12.452786	0.48
7976	79	3849161.340802	76	-12.453530	0.49
7977	79	3849161.340802	77	-12.484318	0.5
7978	79	3849161.340802	78	-12.484318	0.5
7979	79	3849161.340802	79	-12.484318	0.5
7980	79	3849161.340802	80	-12.489019	0.51
7981	79	3849161.340802	81	-12.489019	0.51
7982	79	3849161.340802	82	-12.520771	0.52
7983	79	3849161.340802	83	-12.520771	0.52
7984	79	3849161.340802	84	-12.520771	0.52
7985	79	3849161.340802	85	-12.520899	0.53
7986	79	3849161.340802	86	-12.520899	0.53
7987	79	3849161.340802	87	-12.539901	0.54
7988	79	3849161.340802	88	-12.540219	0.55
7989	79	3849161.340802	89	-12.540219	0.55
7990	79	3849161.340802	90	-12.540219	0.55
7991	79	3849161.340802	91	-12.540549	0.56
7992	79	3849161.340802	92	-12.540549	0.56
7993	79	3849161.340802	93	-12.562122	0.57
7994	79	3849161.340802	94	-12.562122	0.57
7995	79	3849161.340802	95	-12.590087	0.58
7996	79	3849161.340802	96	-12.590087	0.58
7997	79	3849161.340802	97	-12.625655	0.59
7998	79	3849161.340802	98	-12.636986	0.6
7999	79	3849161.340802	99	-12.637387	0.61
8000	80	4234077.474882	0	-12.637448	0.01
8001	80	4234077.474882	1	-12.637448	0.01
8002	80	4234077.474882	2	-12.638096	0.02
8003	80	4234077.474882	3	-12.638096	0.02
8004	80	4234077.474882	4	-12.638402	0.03
8005	80	4234077.474882	5	-12.638402	0.03
8006	80	4234077.474882	6	-12.638402	0.03
8007	80	4234077.474882	7	-12.660251	0.04
8008	80	4234077.474882	8	-12.691524	0.05
8009	80	4234077.474882	9	-12.691524	0.05
8010	80	4234077.474882	10	-12.691803	0.06
8011	80	4234077.474882	11	-12.692844	0.07
8012	80	4234077.474882	12	-12.692844	0.07
8013	80	4234077.474882	13	-12.692844	0.07
8014	80	4234077.474882	14	-12.693056	0.08
8015	80	4234077.474882	15	-12.693056	0.08
8016	80	4234077.474882	16	-12.693056	0.08
8017	80	4234077.474882	17	-12.693495	0.09
8018	80	4234077.474882	18	-12.693495	0.09
8019	80	4234077.474882	19	-12.705693	0.1
8020	80	4234077.474882	20	-12.705693	0.1
8021	80	4234077.474882	21	-12.726625	0.11
8022	80	4234077.474882	22	-12.726625	0.11
8023	80	4234077.474882	23	-12.744350	0.12
8024	80	4234077.474882	24	-12.744350	0.12
8025	80	4234077.474882	25	-12.761058	0.13
8026	80	4234077.474882	26	-12.761081	0.14
8027	80	4234077.474882	27	-12.761101	0.15
8028	80	4234077.474882	28	-12.761282	0.16
8029	80	4234077.474882	29	-12.785275	0.17
8030	80	4234077.474882	30	-12.805114	0.18
8031	80	4234077.474882	31	-12.805146	0.19
8032	80	4234077.474882	32	-12.817696	0.2
8033	80	4234077.474882	33	-12.821306	0.21
8034	80	4234077.474882	34	-12.833638	0.22
8035	80	4234077.474882	35	-12.838097	0.23
8036	80	4234077.474882	36	-12.843787	0.24
8037	80	4234077.474882	37	-12.843787	0.24
8038	80	4234077.474882	38	-12.843787	0.24
8039	80	4234077.474882	39	-12.887178	0.25
8040	80	4234077.474882	40	-12.887178	0.25
8041	80	4234077.474882	41	-12.887500	0.26
8042	80	4234077.474882	42	-12.911854	0.27
8043	80	4234077.474882	43	-12.911854	0.27
8044	80	4234077.474882	44	-12.923184	0.28
8045	80	4234077.474882	45	-12.923184	0.29
8046	80	4234077.474882	46	-12.923187	0.3
8047	80	4234077.474882	47	-12.923187	0.3
8048	80	4234077.474882	48	-12.935825	0.31
8049	80	4234077.474882	49	-12.935825	0.31
8050	80	4234077.474882	50	-12.951968	0.32
8051	80	4234077.474882	51	-12.977666	0.33
8052	80	4234077.474882	52	-13.005288	0.34
8053	80	4234077.474882	53	-13.014946	0.35
8054	80	4234077.474882	54	-13.014946	0.35
8055	80	4234077.474882	55	-13.014985	0.36
8056	80	4234077.474882	56	-13.021632	0.37
8057	80	4234077.474882	57	-13.051626	0.38
8058	80	4234077.474882	58	-13.051626	0.38
8059	80	4234077.474882	59	-13.051626	0.38
8060	80	4234077.474882	60	-13.051659	0.39
8061	80	4234077.474882	61	-13.058319	0.4
8062	80	4234077.474882	62	-13.058319	0.4
8063	80	4234077.474882	63	-13.058319	0.4
8064	80	4234077.474882	64	-13.062168	0.41
8065	80	4234077.474882	65	-13.062315	0.42
8066	80	4234077.474882	66	-13.062322	0.43
8067	80	4234077.474882	67	-13.079216	0.44
8068	80	4234077.474882	68	-13.079395	0.45
8069	80	4234077.474882	69	-13.091745	0.46
8070	80	4234077.474882	70	-13.091919	0.47
8071	80	4234077.474882	71	-13.091919	0.47
8072	80	4234077.474882	72	-13.107221	0.48
8073	80	4234077.474882	73	-13.132080	0.49
8074	80	4234077.474882	74	-13.132713	0.5
8075	80	4234077.474882	75	-13.133206	0.51
8076	80	4234077.474882	76	-13.133206	0.51
8077	80	4234077.474882	77	-13.138239	0.52
8078	80	4234077.474882	78	-13.138239	0.52
8079	80	4234077.474882	79	-13.154689	0.53
8080	80	4234077.474882	80	-13.164929	0.54
8081	80	4234077.474882	81	-13.164929	0.54
8082	80	4234077.474882	82	-13.182110	0.55
8083	80	4234077.474882	83	-13.182563	0.56
8084	80	4234077.474882	84	-13.182563	0.56
8085	80	4234077.474882	85	-13.182591	0.57
8086	80	4234077.474882	86	-13.182591	0.57
8087	80	4234077.474882	87	-13.207551	0.58
8088	80	4234077.474882	88	-13.208103	0.59
8089	80	4234077.474882	89	-13.211321	0.6
8090	80	4234077.474882	90	-13.219448	0.61
8091	80	4234077.474882	91	-13.241924	0.62
8092	80	4234077.474882	92	-13.241924	0.62
8093	80	4234077.474882	93	-13.241974	0.63
8094	80	4234077.474882	94	-13.241974	0.63
8095	80	4234077.474882	95	-13.251064	0.64
8096	80	4234077.474882	96	-13.251087	0.65
8097	80	4234077.474882	97	-13.251321	0.66
8098	80	4234077.474882	98	-13.251321	0.66
8099	80	4234077.474882	99	-13.252033	0.67
8100	81	4657485.222370	0	-13.259147	0.01
8101	81	4657485.222370	1	-13.261921	0.02
8102	81	4657485.222370	2	-13.262307	0.03
8103	81	4657485.222370	3	-13.262307	0.03
8104	81	4657485.222370	4	-13.262307	0.03
8105	81	4657485.222370	5	-13.262307	0.03
8106	81	4657485.222370	6	-13.262307	0.03
8107	81	4657485.222370	7	-13.262307	0.03
8108	81	4657485.222370	8	-13.270339	0.04
8109	81	4657485.222370	9	-13.281675	0.05
8110	81	4657485.222370	10	-13.281675	0.05
8111	81	4657485.222370	11	-13.290958	0.06
8112	81	4657485.222370	12	-13.304147	0.07
8113	81	4657485.222370	13	-13.304336	0.08
8114	81	4657485.222370	14	-13.305579	0.09
8115	81	4657485.222370	15	-13.305579	0.09
8116	81	4657485.222370	16	-13.308791	0.1
8117	81	4657485.222370	17	-13.308791	0.1
8118	81	4657485.222370	18	-13.308791	0.1
8119	81	4657485.222370	19	-13.330083	0.11
8120	81	4657485.222370	20	-13.330157	0.12
8121	81	4657485.222370	21	-13.342845	0.13
8122	81	4657485.222370	22	-13.344001	0.14
8123	81	4657485.222370	23	-13.352574	0.15
8124	81	4657485.222370	24	-13.352574	0.15
8125	81	4657485.222370	25	-13.353684	0.16
8126	81	4657485.222370	26	-13.375632	0.17
8127	81	4657485.222370	27	-13.377027	0.18
8128	81	4657485.222370	28	-13.377027	0.18
8129	81	4657485.222370	29	-13.389645	0.19
8130	81	4657485.222370	30	-13.389645	0.19
8131	81	4657485.222370	31	-13.409478	0.2
8132	81	4657485.222370	32	-13.409478	0.2
8133	81	4657485.222370	33	-13.409478	0.2
8134	81	4657485.222370	34	-13.409615	0.21
8135	81	4657485.222370	35	-13.409615	0.21
8136	81	4657485.222370	36	-13.409615	0.21
8137	81	4657485.222370	37	-13.409615	0.21
8138	81	4657485.222370	38	-13.409615	0.21
8139	81	4657485.222370	39	-13.438058	0.22
8140	81	4657485.222370	40	-13.438628	0.23
8141	81	4657485.222370	41	-13.438628	0.23
8142	81	4657485.222370	42	-13.440075	0.24
8143	81	4657485.222370	43	-13.440075	0.24
8144	81	4657485.222370	44	-13.440075	0.24
8145	81	4657485.222370	45	-13.440134	0.25
8146	81	4657485.222370	46	-13.440134	0.25
8147	81	4657485.222370	47	-13.440134	0.25
8148	81	4657485.222370	48	-13.453139	0.26
8149	81	4657485.222370	49	-13.461498	0.27
8150	81	4657485.222370	50	-13.461498	0.27
8151	81	4657485.222370	51	-13.461498	0.27
8152	81	4657485.222370	52	-13.461562	0.28
8153	81	4657485.222370	53	-13.486856	0.29
8154	81	4657485.222370	54	-13.486856	0.29
8155	81	4657485.222370	55	-13.497759	0.3
8156	81	4657485.222370	56	-13.524868	0.31
8157	81	4657485.222370	57	-13.529797	0.32
8158	81	4657485.222370	58	-13.564386	0.33
8159	81	4657485.222370	59	-13.564386	0.33
8160	81	4657485.222370	60	-13.564386	0.33
8161	81	4657485.222370	61	-13.564386	0.33
8162	81	4657485.222370	62	-13.564386	0.33
8163	81	4657485.222370	63	-13.564386	0.33
8164	81	4657485.222370	64	-13.564386	0.33
8165	81	4657485.222370	65	-13.585784	0.34
8166	81	4657485.222370	66	-13.585784	0.34
8167	81	4657485.222370	67	-13.586097	0.35
8168	81	4657485.222370	68	-13.586097	0.35
8169	81	4657485.222370	69	-13.591018	0.36
8170	81	4657485.222370	70	-13.600162	0.37
8171	81	4657485.222370	71	-13.600162	0.37
8172	81	4657485.222370	72	-13.622793	0.38
8173	81	4657485.222370	73	-13.631885	0.39
8174	81	4657485.222370	74	-13.631885	0.39
8175	81	4657485.222370	75	-13.631885	0.39
8176	81	4657485.222370	76	-13.631905	0.4
8177	81	4657485.222370	77	-13.631905	0.4
8178	81	4657485.222370	78	-13.652611	0.41
8179	81	4657485.222370	79	-13.685622	0.42
8180	81	4657485.222370	80	-13.685622	0.42
8181	81	4657485.222370	81	-13.706586	0.43
8182	81	4657485.222370	82	-13.706586	0.43
8183	81	4657485.222370	83	-13.706930	0.44
8184	81	4657485.222370	84	-13.706942	0.45
8185	81	4657485.222370	85	-13.707255	0.46
8186	81	4657485.222370	86	-13.707263	0.47
8187	81	4657485.222370	87	-13.707660	0.48
8188	81	4657485.222370	88	-13.708455	0.49
8189	81	4657485.222370	89	-13.708455	0.49
8190	81	4657485.222370	90	-13.709487	0.5
8191	81	4657485.222370	91	-13.709487	0.5
8192	81	4657485.222370	92	-13.709536	0.51
8193	81	4657485.222370	93	-13.710273	0.52
8194	81	4657485.222370	94	-13.712907	0.53
8195	81	4657485.222370	95	-13.712915	0.54
8196	81	4657485.222370	96	-13.744468	0.55
8197	81	4657485.222370	97	-13.744468	0.56
8198	81	4657485.222370	98	-13.744468	0.56
8199	81	4657485.222370	99	-13.744468	0.56
8200	82	5123233.744607	0	-13.744690	0.01
8201	82	5123233.744607	1	-13.744690	0.01
8202	82	5123233.744607	2	-13.744694	0.02
8203	82	5123233.744607	3	-13.744694	0.02
8204	82	5123233.744607	4	-13.745308	0.03
8205	82	5123233.744607	5	-13.746069	0.04
8206	82	5123233.744607	6	-13.748504	0.05
8207	82	5123233.744607	7	-13.766140	0.06
8208	82	5123233.744607	8	-13.776808	0.07
8209	82	5123233.744607	9	-13.789152	0.08
8210	82	5123233.744607	10	-13.789152	0.08
8211	82	5123233.744607	11	-13.789152	0.08
8212	82	5123233.744607	12	-13.789152	0.08
8213	82	5123233.744607	13	-13.789213	0.09
8214	82	5123233.744607	14	-13.789213	0.09
8215	82	5123233.744607	15	-13.789421	0.1
8216	82	5123233.744607	16	-13.789421	0.1
8217	82	5123233.744607	17	-13.800804	0.11
8218	82	5123233.744607	18	-13.804917	0.12
8219	82	5123233.744607	19	-13.807826	0.13
8220	82	5123233.744607	20	-13.807868	0.14
8221	82	5123233.744607	21	-13.807880	0.15
8222	82	5123233.744607	22	-13.817728	0.16
8223	82	5123233.744607	23	-13.818218	0.17
8224	82	5123233.744607	24	-13.818226	0.18
8225	82	5123233.744607	25	-13.818226	0.18
8226	82	5123233.744607	26	-13.834311	0.19
8227	82	5123233.744607	27	-13.843382	0.2
8228	82	5123233.744607	28	-13.858295	0.21
8229	82	5123233.744607	29	-13.876174	0.22
8230	82	5123233.744607	30	-13.876228	0.23
8231	82	5123233.744607	31	-13.897130	0.24
8232	82	5123233.744607	32	-13.897417	0.25
8233	82	5123233.744607	33	-13.897417	0.25
8234	82	5123233.744607	34	-13.897417	0.25
8235	82	5123233.744607	35	-13.897698	0.26
8236	82	5123233.744607	36	-13.897698	0.26
8237	82	5123233.744607	37	-13.898151	0.27
8238	82	5123233.744607	38	-13.918789	0.28
8239	82	5123233.744607	39	-13.922337	0.29
8240	82	5123233.744607	40	-13.922337	0.29
8241	82	5123233.744607	41	-13.938658	0.3
8242	82	5123233.744607	42	-13.938658	0.3
8243	82	5123233.744607	43	-13.948452	0.31
8244	82	5123233.744607	44	-13.952683	0.32
8245	82	5123233.744607	45	-13.952683	0.32
8246	82	5123233.744607	46	-13.956461	0.33
8247	82	5123233.744607	47	-13.968263	0.34
8248	82	5123233.744607	48	-13.971919	0.35
8249	82	5123233.744607	49	-13.982309	0.36
8250	82	5123233.744607	50	-13.982309	0.36
8251	82	5123233.744607	51	-13.992886	0.37
8252	82	5123233.744607	52	-14.026106	0.38
8253	82	5123233.744607	53	-14.026106	0.38
8254	82	5123233.744607	54	-14.027255	0.39
8255	82	5123233.744607	55	-14.027255	0.39
8256	82	5123233.744607	56	-14.042875	0.4
8257	82	5123233.744607	57	-14.079296	0.41
8258	82	5123233.744607	58	-14.110215	0.42
8259	82	5123233.744607	59	-14.136345	0.43
8260	82	5123233.744607	60	-14.155115	0.44
8261	82	5123233.744607	61	-14.155212	0.45
8262	82	5123233.744607	62	-14.156463	0.46
8263	82	5123233.744607	63	-14.156463	0.46
8264	82	5123233.744607	64	-14.157797	0.47
8265	82	5123233.744607	65	-14.157797	0.47
8266	82	5123233.744607	66	-14.157877	0.48
8267	82	5123233.744607	67	-14.157877	0.48
8268	82	5123233.744607	68	-14.158970	0.49
8269	82	5123233.744607	69	-14.160053	0.5
8270	82	5123233.744607	70	-14.160168	0.51
8271	82	5123233.744607	71	-14.160168	0.51
8272	82	5123233.744607	72	-14.180070	0.52
8273	82	5123233.744607	73	-14.180070	0.52
8274	82	5123233.744607	74	-14.180070	0.52
8275	82	5123233.744607	75	-14.186623	0.53
8276	82	5123233.744607	76	-14.188052	0.54
8277	82	5123233.744607	77	-14.188052	0.54
8278	82	5123233.744607	78	-14.214182	0.55
8279	82	5123233.744607	79	-14.228551	0.56
8280	82	5123233.744607	80	-14.228587	0.57
8281	82	5123233.744607	81	-14.248706	0.58
8282	82	5123233.744607	82	-14.256292	0.59
8283	82	5123233.744607	83	-14.256292	0.59
8284	82	5123233.744607	84	-14.256306	0.6
8285	82	5123233.744607	85	-14.256306	0.6
8286	82	5123233.744607	86	-14.256306	0.6
8287	82	5123233.744607	87	-14.256306	0.6
8288	82	5123233.744607	88	-14.256306	0.6
8289	82	5123233.744607	89	-14.275704	0.61
8290	82	5123233.744607	90	-14.284516	0.62
8291	82	5123233.744607	91	-14.284516	0.62
8292	82	5123233.744607	92	-14.284516	0.62
8293	82	5123233.744607	93	-14.284532	0.63
8294	82	5123233.744607	94	-14.299400	0.64
8295	82	5123233.744607	95	-14.299851	0.65
8296	82	5123233.744607	96	-14.321054	0.66
8297	82	5123233.744607	97	-14.336726	0.67
8298	82	5123233.744607	98	-14.336726	0.67
8299	82	5123233.744607	99	-14.338809	0.68
8300	83	5635557.119068	0	-14.355207	0.01
8301	83	5635557.119068	1	-14.368025	0.02
8302	83	5635557.119068	2	-14.368464	0.03
8303	83	5635557.119068	3	-14.368464	0.03
8304	83	5635557.119068	4	-14.368476	0.04
8305	83	5635557.119068	5	-14.368520	0.05
8306	83	5635557.119068	6	-14.368520	0.05
8307	83	5635557.119068	7	-14.407740	0.06
8308	83	5635557.119068	8	-14.407740	0.06
8309	83	5635557.119068	9	-14.439929	0.07
8310	83	5635557.119068	10	-14.460316	0.08
8311	83	5635557.119068	11	-14.460316	0.08
8312	83	5635557.119068	12	-14.481882	0.09
8313	83	5635557.119068	13	-14.481882	0.09
8314	83	5635557.119068	14	-14.481882	0.09
8315	83	5635557.119068	15	-14.485030	0.1
8316	83	5635557.119068	16	-14.485030	0.1
8317	83	5635557.119068	17	-14.485046	0.11
8318	83	5635557.119068	18	-14.504825	0.12
8319	83	5635557.119068	19	-14.504825	0.12
8320	83	5635557.119068	20	-14.504825	0.12
8321	83	5635557.119068	21	-14.506416	0.13
8322	83	5635557.119068	22	-14.522672	0.14
8323	83	5635557.119068	23	-14.522672	0.14
8324	83	5635557.119068	24	-14.522672	0.14
8325	83	5635557.119068	25	-14.537936	0.15
8326	83	5635557.119068	26	-14.537936	0.15
8327	83	5635557.119068	27	-14.563487	0.16
8328	83	5635557.119068	28	-14.563487	0.16
8329	83	5635557.119068	29	-14.563830	0.17
8330	83	5635557.119068	30	-14.564042	0.18
8331	83	5635557.119068	31	-14.564042	0.18
8332	83	5635557.119068	32	-14.564324	0.19
8333	83	5635557.119068	33	-14.583141	0.2
8334	83	5635557.119068	34	-14.583141	0.2
8335	83	5635557.119068	35	-14.583141	0.2
8336	83	5635557.119068	36	-14.586413	0.21
8337	83	5635557.119068	37	-14.586413	0.21
8338	83	5635557.119068	38	-14.606589	0.22
8339	83	5635557.119068	39	-14.606589	0.22
8340	83	5635557.119068	40	-14.607915	0.23
8341	83	5635557.119068	41	-14.610805	0.24
8342	83	5635557.119068	42	-14.612716	0.25
8343	83	5635557.119068	43	-14.614503	0.26
8344	83	5635557.119068	44	-14.624414	0.27
8345	83	5635557.119068	45	-14.648552	0.28
8346	83	5635557.119068	46	-14.649037	0.29
8347	83	5635557.119068	47	-14.665885	0.3
8348	83	5635557.119068	48	-14.665885	0.3
8349	83	5635557.119068	49	-14.676643	0.31
8350	83	5635557.119068	50	-14.676643	0.31
8351	83	5635557.119068	51	-14.676670	0.32
8352	83	5635557.119068	52	-14.676670	0.32
8353	83	5635557.119068	53	-14.711712	0.33
8354	83	5635557.119068	54	-14.730825	0.34
8355	83	5635557.119068	55	-14.745822	0.35
8356	83	5635557.119068	56	-14.745822	0.35
8357	83	5635557.119068	57	-14.752757	0.36
8358	83	5635557.119068	58	-14.762836	0.37
8359	83	5635557.119068	59	-14.788027	0.38
8360	83	5635557.119068	60	-14.793142	0.39
8361	83	5635557.119068	61	-14.793145	0.4
8362	83	5635557.119068	62	-14.793145	0.4
8363	83	5635557.119068	63	-14.793636	0.41
8364	83	5635557.119068	64	-14.793636	0.41
8365	83	5635557.119068	65	-14.812977	0.42
8366	83	5635557.119068	66	-14.812977	0.42
8367	83	5635557.119068	67	-14.819105	0.43
8368	83	5635557.119068	68	-14.819105	0.43
8369	83	5635557.119068	69	-14.819105	0.43
8370	83	5635557.119068	70	-14.819297	0.44
8371	83	5635557.119068	71	-14.819297	0.44
8372	83	5635557.119068	72	-14.819416	0.45
8373	83	5635557.119068	73	-14.836426	0.46
8374	83	5635557.119068	74	-14.837542	0.47
8375	83	5635557.119068	75	-14.837542	0.47
8376	83	5635557.119068	76	-14.842262	0.48
8377	83	5635557.119068	77	-14.843523	0.49
8378	83	5635557.119068	78	-14.860960	0.5
8379	83	5635557.119068	79	-14.860960	0.5
8380	83	5635557.119068	80	-14.863175	0.51
8381	83	5635557.119068	81	-14.863175	0.51
8382	83	5635557.119068	82	-14.863294	0.52
8383	83	5635557.119068	83	-14.863295	0.53
8384	83	5635557.119068	84	-14.863295	0.53
8385	83	5635557.119068	85	-14.882900	0.54
8386	83	5635557.119068	86	-14.882900	0.54
8387	83	5635557.119068	87	-14.891229	0.55
8388	83	5635557.119068	88	-14.904199	0.56
8389	83	5635557.119068	89	-14.904199	0.56
8390	83	5635557.119068	90	-14.904256	0.57
8391	83	5635557.119068	91	-14.904256	0.57
8392	83	5635557.119068	92	-14.904256	0.57
8393	83	5635557.119068	93	-14.904285	0.58
8394	83	5635557.119068	94	-14.919606	0.59
8395	83	5635557.119068	95	-14.924534	0.6
8396	83	5635557.119068	96	-14.943499	0.61
8397	83	5635557.119068	97	-14.943499	0.61
8398	83	5635557.119068	98	-14.943499	0.61
8399	83	5635557.119068	99	-14.952691	0.62
8400	84	6199112.830975	0	-14.952691	0
8401	84	6199112.830975	1	-14.952691	0
8402	84	6199112.830975	2	-14.974277	0.01
8403	84	6199112.830975	3	-14.974495	0.02
8404	84	6199112.830975	4	-14.974715	0.03
8405	84	6199112.830975	5	-14.975253	0.04
8406	84	6199112.830975	6	-14.975253	0.04
8407	84	6199112.830975	7	-14.975892	0.05
8408	84	6199112.830975	8	-14.975892	0.05
8409	84	6199112.830975	9	-15.000819	0.06
8410	84	6199112.830975	10	-15.000819	0.06
8411	84	6199112.830975	11	-15.000819	0.06
8412	84	6199112.830975	12	-15.001506	0.07
8413	84	6199112.830975	13	-15.001506	0.07
8414	84	6199112.830975	14	-15.001506	0.07
8415	84	6199112.830975	15	-15.027132	0.08
8416	84	6199112.830975	16	-15.028518	0.09
8417	84	6199112.830975	17	-15.028518	0.09
8418	84	6199112.830975	18	-15.028518	0.09
8419	84	6199112.830975	19	-15.028518	0.09
8420	84	6199112.830975	20	-15.028518	0.09
8421	84	6199112.830975	21	-15.075353	0.1
8422	84	6199112.830975	22	-15.076259	0.11
8423	84	6199112.830975	23	-15.077707	0.12
8424	84	6199112.830975	24	-15.077707	0.12
8425	84	6199112.830975	25	-15.077707	0.12
8426	84	6199112.830975	26	-15.100314	0.13
8427	84	6199112.830975	27	-15.100314	0.13
8428	84	6199112.830975	28	-15.100314	0.13
8429	84	6199112.830975	29	-15.100715	0.14
8430	84	6199112.830975	30	-15.101668	0.15
8431	84	6199112.830975	31	-15.101668	0.15
8432	84	6199112.830975	32	-15.101668	0.15
8433	84	6199112.830975	33	-15.101668	0.15
8434	84	6199112.830975	34	-15.113517	0.16
8435	84	6199112.830975	35	-15.113517	0.16
8436	84	6199112.830975	36	-15.113517	0.16
8437	84	6199112.830975	37	-15.113517	0.16
8438	84	6199112.830975	38	-15.126020	0.17
8439	84	6199112.830975	39	-15.126020	0.17
8440	84	6199112.830975	40	-15.126020	0.17
8441	84	6199112.830975	41	-15.131904	0.18
8442	84	6199112.830975	42	-15.131904	0.18
8443	84	6199112.830975	43	-15.144978	0.19
8444	84	6199112.830975	44	-15.145004	0.2
8445	84	6199112.830975	45	-15.145004	0.2
8446	84	6199112.830975	46	-15.153846	0.21
8447	84	6199112.830975	47	-15.153859	0.22
8448	84	6199112.830975	48	-15.166616	0.23
8449	84	6199112.830975	49	-15.166616	0.23
8450	84	6199112.830975	50	-15.166770	0.24
8451	84	6199112.830975	51	-15.168229	0.25
8452	84	6199112.830975	52	-15.168229	0.25
8453	84	6199112.830975	53	-15.189454	0.26
8454	84	6199112.830975	54	-15.189475	0.27
8455	84	6199112.830975	55	-15.189475	0.27
8456	84	6199112.830975	56	-15.189475	0.27
8457	84	6199112.830975	57	-15.189475	0.27
8458	84	6199112.830975	58	-15.190084	0.28
8459	84	6199112.830975	59	-15.205212	0.29
8460	84	6199112.830975	60	-15.210859	0.3
8461	84	6199112.830975	61	-15.213220	0.31
8462	84	6199112.830975	62	-15.213220	0.31
8463	84	6199112.830975	63	-15.213220	0.31
8464	84	6199112.830975	64	-15.217849	0.32
8465	84	6199112.830975	65	-15.227243	0.33
8466	84	6199112.830975	66	-15.234581	0.34
8467	84	6199112.830975	67	-15.264325	0.35
8468	84	6199112.830975	68	-15.267444	0.36
8469	84	6199112.830975	69	-15.296571	0.37
8470	84	6199112.830975	70	-15.300442	0.38
8471	84	6199112.830975	71	-15.325845	0.39
8472	84	6199112.830975	72	-15.325845	0.39
8473	84	6199112.830975	73	-15.325845	0.39
8474	84	6199112.830975	74	-15.325845	0.39
8475	84	6199112.830975	75	-15.340061	0.4
8476	84	6199112.830975	76	-15.342747	0.41
8477	84	6199112.830975	77	-15.350588	0.42
8478	84	6199112.830975	78	-15.370349	0.43
8479	84	6199112.830975	79	-15.383182	0.44
8480	84	6199112.830975	80	-15.383182	0.44
8481	84	6199112.830975	81	-15.383186	0.45
8482	84	6199112.830975	82	-15.426627	0.46
8483	84	6199112.830975	83	-15.428028	0.47
8484	84	6199112.830975	84	-15.428028	0.47
8485	84	6199112.830975	85	-15.450988	0.48
8486	84	6199112.830975	86	-15.451011	0.49
8487	84	6199112.830975	87	-15.451011	0.49
8488	84	6199112.830975	88	-15.451175	0.5
8489	84	6199112.830975	89	-15.451175	0.5
8490	84	6199112.830975	90	-15.451175	0.5
8491	84	6199112.830975	91	-15.451175	0.5
8492	84	6199112.830975	92	-15.475322	0.51
8493	84	6199112.830975	93	-15.475360	0.52
8494	84	6199112.830975	94	-15.475360	0.52
8495	84	6199112.830975	95	-15.499877	0.53
8496	84	6199112.830975	96	-15.503725	0.54
8497	84	6199112.830975	97	-15.503725	0.54
8498	84	6199112.830975	98	-15.503725	0.54
8499	84	6199112.830975	99	-15.521523	0.55
8500	85	6819024.114073	0	-15.521523	0
8501	85	6819024.114073	1	-15.521523	0
8502	85	6819024.114073	2	-15.523622	0.01
8503	85	6819024.114073	3	-15.525543	0.02
8504	85	6819024.114073	4	-15.547224	0.03
8505	85	6819024.114073	5	-15.547224	0.03
8506	85	6819024.114073	6	-15.547224	0.03
8507	85	6819024.114073	7	-15.548781	0.04
8508	85	6819024.114073	8	-15.551253	0.05
8509	85	6819024.114073	9	-15.564129	0.06
8510	85	6819024.114073	10	-15.564129	0.06
8511	85	6819024.114073	11	-15.564129	0.06
8512	85	6819024.114073	12	-15.565658	0.07
8513	85	6819024.114073	13	-15.565733	0.08
8514	85	6819024.114073	14	-15.565733	0.08
8515	85	6819024.114073	15	-15.577181	0.09
8516	85	6819024.114073	16	-15.577181	0.09
8517	85	6819024.114073	17	-15.598372	0.1
8518	85	6819024.114073	18	-15.626451	0.11
8519	85	6819024.114073	19	-15.667511	0.12
8520	85	6819024.114073	20	-15.667511	0.12
8521	85	6819024.114073	21	-15.681728	0.13
8522	85	6819024.114073	22	-15.681728	0.13
8523	85	6819024.114073	23	-15.722586	0.14
8524	85	6819024.114073	24	-15.722586	0.14
8525	85	6819024.114073	25	-15.722586	0.14
8526	85	6819024.114073	26	-15.722586	0.14
8527	85	6819024.114073	27	-15.728114	0.15
8528	85	6819024.114073	28	-15.728114	0.15
8529	85	6819024.114073	29	-15.728201	0.16
8530	85	6819024.114073	30	-15.744510	0.17
8531	85	6819024.114073	31	-15.744510	0.17
8532	85	6819024.114073	32	-15.744510	0.17
8533	85	6819024.114073	33	-15.746457	0.18
8534	85	6819024.114073	34	-15.746457	0.18
8535	85	6819024.114073	35	-15.746508	0.19
8536	85	6819024.114073	36	-15.771170	0.2
8537	85	6819024.114073	37	-15.772104	0.21
8538	85	6819024.114073	38	-15.772111	0.22
8539	85	6819024.114073	39	-15.772130	0.23
8540	85	6819024.114073	40	-15.792170	0.24
8541	85	6819024.114073	41	-15.792170	0.24
8542	85	6819024.114073	42	-15.792170	0.24
8543	85	6819024.114073	43	-15.792170	0.24
8544	85	6819024.114073	44	-15.792170	0.24
8545	85	6819024.114073	45	-15.811972	0.25
8546	85	6819024.114073	46	-15.815069	0.26
8547	85	6819024.114073	47	-15.815069	0.26
8548	85	6819024.114073	48	-15.815069	0.26
8549	85	6819024.114073	49	-15.822656	0.27
8550	85	6819024.114073	50	-15.823274	0.28
8551	85	6819024.114073	51	-15.823392	0.29
8552	85	6819024.114073	52	-15.823510	0.3
8553	85	6819024.114073	53	-15.848706	0.31
8554	85	6819024.114073	54	-15.849166	0.32
8555	85	6819024.114073	55	-15.849166	0.32
8556	85	6819024.114073	56	-15.880882	0.33
8557	85	6819024.114073	57	-15.880882	0.33
8558	85	6819024.114073	58	-15.880882	0.33
8559	85	6819024.114073	59	-15.880882	0.33
8560	85	6819024.114073	60	-15.911051	0.34
8561	85	6819024.114073	61	-15.942420	0.35
8562	85	6819024.114073	62	-15.942420	0.35
8563	85	6819024.114073	63	-15.977508	0.36
8564	85	6819024.114073	64	-16.006429	0.37
8565	85	6819024.114073	65	-16.026813	0.38
8566	85	6819024.114073	66	-16.026813	0.38
8567	85	6819024.114073	67	-16.026813	0.38
8568	85	6819024.114073	68	-16.026813	0.38
8569	85	6819024.114073	69	-16.026813	0.38
8570	85	6819024.114073	70	-16.026813	0.38
8571	85	6819024.114073	71	-16.026828	0.39
8572	85	6819024.114073	72	-16.028304	0.4
8573	85	6819024.114073	73	-16.028304	0.4
8574	85	6819024.114073	74	-16.028306	0.41
8575	85	6819024.114073	75	-16.030611	0.42
8576	85	6819024.114073	76	-16.030611	0.42
8577	85	6819024.114073	77	-16.030611	0.42
8578	85	6819024.114073	78	-16.030611	0.42
8579	85	6819024.114073	79	-16.031077	0.43
8580	85	6819024.114073	80	-16.043157	0.44
8581	85	6819024.114073	81	-16.043157	0.44
8582	85	6819024.114073	82	-16.043157	0.44
8583	85	6819024.114073	83	-16.043157	0.44
8584	85	6819024.114073	84	-16.044903	0.45
8585	85	6819024.114073	85	-16.044903	0.45
8586	85	6819024.114073	86	-16.053661	0.46
8587	85	6819024.114073	87	-16.053812	0.47
8588	85	6819024.114073	88	-16.077338	0.48
8589	85	6819024.114073	89	-16.083067	0.49
8590	85	6819024.114073	90	-16.092131	0.5
8591	85	6819024.114073	91	-16.092131	0.5
8592	85	6819024.114073	92	-16.092131	0.5
8593	85	6819024.114073	93	-16.098807	0.51
8594	85	6819024.114073	94	-16.098807	0.51
8595	85	6819024.114073	95	-16.101249	0.52
8596	85	6819024.114073	96	-16.101249	0.52
8597	85	6819024.114073	97	-16.102263	0.53
8598	85	6819024.114073	98	-16.102263	0.54
8599	85	6819024.114073	99	-16.102268	0.55
8600	86	7500926.525480	0	-16.105744	0.01
8601	86	7500926.525480	1	-16.105744	0.01
8602	86	7500926.525480	2	-16.133156	0.02
8603	86	7500926.525480	3	-16.133156	0.02
8604	86	7500926.525480	4	-16.145082	0.03
8605	86	7500926.525480	5	-16.145499	0.04
8606	86	7500926.525480	6	-16.147149	0.05
8607	86	7500926.525480	7	-16.147149	0.05
8608	86	7500926.525480	8	-16.147774	0.06
8609	86	7500926.525480	9	-16.147830	0.07
8610	86	7500926.525480	10	-16.147830	0.07
8611	86	7500926.525480	11	-16.162801	0.08
8612	86	7500926.525480	12	-16.162801	0.08
8613	86	7500926.525480	13	-16.162801	0.08
8614	86	7500926.525480	14	-16.163038	0.09
8615	86	7500926.525480	15	-16.183442	0.1
8616	86	7500926.525480	16	-16.183442	0.1
8617	86	7500926.525480	17	-16.183442	0.1
8618	86	7500926.525480	18	-16.183442	0.1
8619	86	7500926.525480	19	-16.183442	0.1
8620	86	7500926.525480	20	-16.183645	0.11
8621	86	7500926.525480	21	-16.211462	0.12
8622	86	7500926.525480	22	-16.211867	0.13
8623	86	7500926.525480	23	-16.244767	0.14
8624	86	7500926.525480	24	-16.247699	0.15
8625	86	7500926.525480	25	-16.260835	0.16
8626	86	7500926.525480	26	-16.270058	0.17
8627	86	7500926.525480	27	-16.270058	0.17
8628	86	7500926.525480	28	-16.275436	0.18
8629	86	7500926.525480	29	-16.275436	0.18
8630	86	7500926.525480	30	-16.298219	0.19
8631	86	7500926.525480	31	-16.298219	0.19
8632	86	7500926.525480	32	-16.299962	0.2
8633	86	7500926.525480	33	-16.299962	0.2
8634	86	7500926.525480	34	-16.299999	0.21
8635	86	7500926.525480	35	-16.299999	0.21
8636	86	7500926.525480	36	-16.300876	0.22
8637	86	7500926.525480	37	-16.301227	0.23
8638	86	7500926.525480	38	-16.301256	0.24
8639	86	7500926.525480	39	-16.301256	0.24
8640	86	7500926.525480	40	-16.301256	0.24
8641	86	7500926.525480	41	-16.304624	0.25
8642	86	7500926.525480	42	-16.304624	0.25
8643	86	7500926.525480	43	-16.304624	0.25
8644	86	7500926.525480	44	-16.319884	0.26
8645	86	7500926.525480	45	-16.332533	0.27
8646	86	7500926.525480	46	-16.332538	0.28
8647	86	7500926.525480	47	-16.332538	0.28
8648	86	7500926.525480	48	-16.334689	0.29
8649	86	7500926.525480	49	-16.346274	0.3
8650	86	7500926.525480	50	-16.346274	0.3
8651	86	7500926.525480	51	-16.346274	0.3
8652	86	7500926.525480	52	-16.347925	0.31
8653	86	7500926.525480	53	-16.347925	0.31
8654	86	7500926.525480	54	-16.354512	0.32
8655	86	7500926.525480	55	-16.354571	0.33
8656	86	7500926.525480	56	-16.364835	0.34
8657	86	7500926.525480	57	-16.371762	0.35
8658	86	7500926.525480	58	-16.399963	0.36
8659	86	7500926.525480	59	-16.412326	0.37
8660	86	7500926.525480	60	-16.434209	0.38
8661	86	7500926.525480	61	-16.452241	0.39
8662	86	7500926.525480	62	-16.452241	0.39
8663	86	7500926.525480	63	-16.452241	0.39
8664	86	7500926.525480	64	-16.461295	0.4
8665	86	7500926.525480	65	-16.461295	0.4
8666	86	7500926.525480	66	-16.461551	0.41
8667	86	7500926.525480	67	-16.461631	0.42
8668	86	7500926.525480	68	-16.462121	0.43
8669	86	7500926.525480	69	-16.477579	0.44
8670	86	7500926.525480	70	-16.477625	0.45
8671	86	7500926.525480	71	-16.477625	0.45
8672	86	7500926.525480	72	-16.497350	0.46
8673	86	7500926.525480	73	-16.497350	0.46
8674	86	7500926.525480	74	-16.497350	0.46
8675	86	7500926.525480	75	-16.506743	0.47
8676	86	7500926.525480	76	-16.526382	0.48
8677	86	7500926.525480	77	-16.526382	0.48
8678	86	7500926.525480	78	-16.526382	0.48
8679	86	7500926.525480	79	-16.526382	0.48
8680	86	7500926.525480	80	-16.526382	0.48
8681	86	7500926.525480	81	-16.533843	0.49
8682	86	7500926.525480	82	-16.547568	0.5
8683	86	7500926.525480	83	-16.547768	0.51
8684	86	7500926.525480	84	-16.549137	0.52
8685	86	7500926.525480	85	-16.549137	0.52
8686	86	7500926.525480	86	-16.563097	0.53
8687	86	7500926.525480	87	-16.564755	0.54
8688	86	7500926.525480	88	-16.564946	0.55
8689	86	7500926.525480	89	-16.565422	0.56
8690	86	7500926.525480	90	-16.569264	0.57
8691	86	7500926.525480	91	-16.569264	0.57
8692	86	7500926.525480	92	-16.569322	0.58
8693	86	7500926.525480	93	-16.569441	0.59
8694	86	7500926.525480	94	-16.589024	0.6
8695	86	7500926.525480	95	-16.589024	0.6
8696	86	7500926.525480	96	-16.589433	0.61
8697	86	7500926.525480	97	-16.614205	0.62
8698	86	7500926.525480	98	-16.614205	0.62
8699	86	7500926.525480	99	-16.614955	0.63
8700	87	8251019.178028	0	-16.619839	0.01
8701	87	8251019.178028	1	-16.619839	0.01
8702	87	8251019.178028	2	-16.619839	0.01
8703	87	8251019.178028	3	-16.624186	0.02
8704	87	8251019.178028	4	-16.643368	0.03
8705	87	8251019.178028	5	-16.651393	0.04
8706	87	8251019.178028	6	-16.651393	0.04
8707	87	8251019.178028	7	-16.675161	0.05
8708	87	8251019.178028	8	-16.675161	0.05
8709	87	8251019.178028	9	-16.675317	0.06
8710	87	8251019.178028	10	-16.675317	0.06
8711	87	8251019.178028	11	-16.675317	0.06
8712	87	8251019.178028	12	-16.675359	0.07
8713	87	8251019.178028	13	-16.675371	0.08
8714	87	8251019.178028	14	-16.683417	0.09
8715	87	8251019.178028	15	-16.683417	0.09
8716	87	8251019.178028	16	-16.684166	0.1
8717	87	8251019.178028	17	-16.684166	0.1
8718	87	8251019.178028	18	-16.684628	0.11
8719	87	8251019.178028	19	-16.684671	0.12
8720	87	8251019.178028	20	-16.684671	0.12
8721	87	8251019.178028	21	-16.690255	0.13
8722	87	8251019.178028	22	-16.690255	0.13
8723	87	8251019.178028	23	-16.690470	0.14
8724	87	8251019.178028	24	-16.690663	0.15
8725	87	8251019.178028	25	-16.693493	0.16
8726	87	8251019.178028	26	-16.695194	0.17
8727	87	8251019.178028	27	-16.695638	0.18
8728	87	8251019.178028	28	-16.718130	0.19
8729	87	8251019.178028	29	-16.719065	0.2
8730	87	8251019.178028	30	-16.722884	0.21
8731	87	8251019.178028	31	-16.722914	0.22
8732	87	8251019.178028	32	-16.750319	0.23
8733	87	8251019.178028	33	-16.750319	0.23
8734	87	8251019.178028	34	-16.750319	0.23
8735	87	8251019.178028	35	-16.750326	0.24
8736	87	8251019.178028	36	-16.750326	0.24
8737	87	8251019.178028	37	-16.760781	0.25
8738	87	8251019.178028	38	-16.760781	0.25
8739	87	8251019.178028	39	-16.761170	0.26
8740	87	8251019.178028	40	-16.761170	0.26
8741	87	8251019.178028	41	-16.764029	0.27
8742	87	8251019.178028	42	-16.764051	0.28
8743	87	8251019.178028	43	-16.766533	0.29
8744	87	8251019.178028	44	-16.766750	0.3
8745	87	8251019.178028	45	-16.768049	0.31
8746	87	8251019.178028	46	-16.786413	0.32
8747	87	8251019.178028	47	-16.809274	0.33
8748	87	8251019.178028	48	-16.809274	0.33
8749	87	8251019.178028	49	-16.809274	0.33
8750	87	8251019.178028	50	-16.813554	0.34
8751	87	8251019.178028	51	-16.813554	0.34
8752	87	8251019.178028	52	-16.813554	0.34
8753	87	8251019.178028	53	-16.813554	0.34
8754	87	8251019.178028	54	-16.815736	0.35
8755	87	8251019.178028	55	-16.817800	0.36
8756	87	8251019.178028	56	-16.817800	0.36
8757	87	8251019.178028	57	-16.832805	0.37
8758	87	8251019.178028	58	-16.832805	0.37
8759	87	8251019.178028	59	-16.832805	0.37
8760	87	8251019.178028	60	-16.833260	0.38
8761	87	8251019.178028	61	-16.862420	0.39
8762	87	8251019.178028	62	-16.862731	0.4
8763	87	8251019.178028	63	-16.862731	0.4
8764	87	8251019.178028	64	-16.880569	0.41
8765	87	8251019.178028	65	-16.880569	0.41
8766	87	8251019.178028	66	-16.880570	0.42
8767	87	8251019.178028	67	-16.880570	0.42
8768	87	8251019.178028	68	-16.880570	0.42
8769	87	8251019.178028	69	-16.887556	0.43
8770	87	8251019.178028	70	-16.887556	0.43
8771	87	8251019.178028	71	-16.887649	0.44
8772	87	8251019.178028	72	-16.887649	0.44
8773	87	8251019.178028	73	-16.896078	0.45
8774	87	8251019.178028	74	-16.896089	0.46
8775	87	8251019.178028	75	-16.897501	0.47
8776	87	8251019.178028	76	-16.897522	0.48
8777	87	8251019.178028	77	-16.912758	0.49
8778	87	8251019.178028	78	-16.912758	0.49
8779	87	8251019.178028	79	-16.912758	0.49
8780	87	8251019.178028	80	-16.912758	0.49
8781	87	8251019.178028	81	-16.917692	0.5
8782	87	8251019.178028	82	-16.917692	0.5
8783	87	8251019.178028	83	-16.917692	0.5
8784	87	8251019.178028	84	-16.917703	0.51
8785	87	8251019.178028	85	-16.926410	0.52
8786	87	8251019.178028	86	-16.958614	0.53
8787	87	8251019.178028	87	-16.958967	0.54
8788	87	8251019.178028	88	-16.958967	0.54
8789	87	8251019.178028	89	-16.961859	0.55
8790	87	8251019.178028	90	-16.999597	0.56
8791	87	8251019.178028	91	-16.999796	0.57
8792	87	8251019.178028	92	-16.999828	0.58
8793	87	8251019.178028	93	-16.999828	0.59
8794	87	8251019.178028	94	-16.999828	0.59
8795	87	8251019.178028	95	-17.000071	0.6
8796	87	8251019.178028	96	-17.000555	0.61
8797	87	8251019.178028	97	-17.025252	0.62
8798	87	8251019.178028	98	-17.025252	0.62
8799	87	8251019.178028	99	-17.025252	0.62
8800	88	9076121.095831	0	-17.052378	0.01
8801	88	9076121.095831	1	-17.052565	0.02
8802	88	9076121.095831	2	-17.052565	0.02
8803	88	9076121.095831	3	-17.053332	0.03
8804	88	9076121.095831	4	-17.053332	0.03
8805	88	9076121.095831	5	-17.053501	0.04
8806	88	9076121.095831	6	-17.085661	0.05
8807	88	9076121.095831	7	-17.085661	0.05
8808	88	9076121.095831	8	-17.085948	0.06
8809	88	9076121.095831	9	-17.085948	0.06
8810	88	9076121.095831	10	-17.085948	0.06
8811	88	9076121.095831	11	-17.085948	0.06
8812	88	9076121.095831	12	-17.085948	0.06
8813	88	9076121.095831	13	-17.086193	0.07
8814	88	9076121.095831	14	-17.086193	0.07
8815	88	9076121.095831	15	-17.093022	0.08
8816	88	9076121.095831	16	-17.110539	0.09
8817	88	9076121.095831	17	-17.110539	0.09
8818	88	9076121.095831	18	-17.128731	0.1
8819	88	9076121.095831	19	-17.128731	0.1
8820	88	9076121.095831	20	-17.128731	0.1
8821	88	9076121.095831	21	-17.128731	0.1
8822	88	9076121.095831	22	-17.160823	0.11
8823	88	9076121.095831	23	-17.160823	0.11
8824	88	9076121.095831	24	-17.179582	0.12
8825	88	9076121.095831	25	-17.200902	0.13
8826	88	9076121.095831	26	-17.212449	0.14
8827	88	9076121.095831	27	-17.212550	0.15
8828	88	9076121.095831	28	-17.229689	0.16
8829	88	9076121.095831	29	-17.230170	0.17
8830	88	9076121.095831	30	-17.230373	0.18
8831	88	9076121.095831	31	-17.236628	0.19
8832	88	9076121.095831	32	-17.236628	0.19
8833	88	9076121.095831	33	-17.241956	0.2
8834	88	9076121.095831	34	-17.241956	0.2
8835	88	9076121.095831	35	-17.241956	0.2
8836	88	9076121.095831	36	-17.241956	0.2
8837	88	9076121.095831	37	-17.255943	0.21
8838	88	9076121.095831	38	-17.261218	0.22
8839	88	9076121.095831	39	-17.262109	0.23
8840	88	9076121.095831	40	-17.262109	0.23
8841	88	9076121.095831	41	-17.262109	0.23
8842	88	9076121.095831	42	-17.269714	0.24
8843	88	9076121.095831	43	-17.269820	0.25
8844	88	9076121.095831	44	-17.269820	0.25
8845	88	9076121.095831	45	-17.269820	0.25
8846	88	9076121.095831	46	-17.277915	0.26
8847	88	9076121.095831	47	-17.277915	0.26
8848	88	9076121.095831	48	-17.277915	0.26
8849	88	9076121.095831	49	-17.286506	0.27
8850	88	9076121.095831	50	-17.286987	0.28
8851	88	9076121.095831	51	-17.286987	0.28
8852	88	9076121.095831	52	-17.288540	0.29
8853	88	9076121.095831	53	-17.301247	0.3
8854	88	9076121.095831	54	-17.301247	0.3
8855	88	9076121.095831	55	-17.301247	0.3
8856	88	9076121.095831	56	-17.301247	0.3
8857	88	9076121.095831	57	-17.301247	0.3
8858	88	9076121.095831	58	-17.301247	0.3
8859	88	9076121.095831	59	-17.303651	0.31
8860	88	9076121.095831	60	-17.303708	0.32
8861	88	9076121.095831	61	-17.315201	0.33
8862	88	9076121.095831	62	-17.315201	0.33
8863	88	9076121.095831	63	-17.315201	0.33
8864	88	9076121.095831	64	-17.317094	0.34
8865	88	9076121.095831	65	-17.317094	0.34
8866	88	9076121.095831	66	-17.317094	0.34
8867	88	9076121.095831	67	-17.317587	0.35
8868	88	9076121.095831	68	-17.317587	0.35
8869	88	9076121.095831	69	-17.353803	0.36
8870	88	9076121.095831	70	-17.354503	0.37
8871	88	9076121.095831	71	-17.393959	0.38
8872	88	9076121.095831	72	-17.393959	0.38
8873	88	9076121.095831	73	-17.428716	0.39
8874	88	9076121.095831	74	-17.448691	0.4
8875	88	9076121.095831	75	-17.482580	0.41
8876	88	9076121.095831	76	-17.482580	0.41
8877	88	9076121.095831	77	-17.482580	0.41
8878	88	9076121.095831	78	-17.482580	0.41
8879	88	9076121.095831	79	-17.483353	0.42
8880	88	9076121.095831	80	-17.495965	0.43
8881	88	9076121.095831	81	-17.496731	0.44
8882	88	9076121.095831	82	-17.496949	0.45
8883	88	9076121.095831	83	-17.497305	0.46
8884	88	9076121.095831	84	-17.497305	0.46
8885	88	9076121.095831	85	-17.497305	0.46
8886	88	9076121.095831	86	-17.497305	0.46
8887	88	9076121.095831	87	-17.508333	0.47
8888	88	9076121.095831	88	-17.508333	0.47
8889	88	9076121.095831	89	-17.508333	0.47
8890	88	9076121.095831	90	-17.509366	0.48
8891	88	9076121.095831	91	-17.530220	0.49
8892	88	9076121.095831	92	-17.530997	0.5
8893	88	9076121.095831	93	-17.530997	0.5
8894	88	9076121.095831	94	-17.531038	0.51
8895	88	9076121.095831	95	-17.531881	0.52
8896	88	9076121.095831	96	-17.531881	0.52
8897	88	9076121.095831	97	-17.531958	0.53
8898	88	9076121.095831	98	-17.534354	0.54
8899	88	9076121.095831	99	-17.540720	0.55
8900	89	9983733.205414	0	-17.561634	0.01
8901	89	9983733.205414	1	-17.561634	0.01
8902	89	9983733.205414	2	-17.561635	0.02
8903	89	9983733.205414	3	-17.573262	0.03
8904	89	9983733.205414	4	-17.573262	0.03
8905	89	9983733.205414	5	-17.593104	0.04
8906	89	9983733.205414	6	-17.594297	0.05
8907	89	9983733.205414	7	-17.594297	0.05
8908	89	9983733.205414	8	-17.605355	0.06
8909	89	9983733.205414	9	-17.605918	0.07
8910	89	9983733.205414	10	-17.605918	0.07
8911	89	9983733.205414	11	-17.605918	0.07
8912	89	9983733.205414	12	-17.614805	0.08
8913	89	9983733.205414	13	-17.625228	0.09
8914	89	9983733.205414	14	-17.625228	0.09
8915	89	9983733.205414	15	-17.630248	0.1
8916	89	9983733.205414	16	-17.630248	0.1
8917	89	9983733.205414	17	-17.630248	0.1
8918	89	9983733.205414	18	-17.630248	0.1
8919	89	9983733.205414	19	-17.630336	0.11
8920	89	9983733.205414	20	-17.630336	0.11
8921	89	9983733.205414	21	-17.630336	0.11
8922	89	9983733.205414	22	-17.657026	0.12
8923	89	9983733.205414	23	-17.657169	0.13
8924	89	9983733.205414	24	-17.672525	0.14
8925	89	9983733.205414	25	-17.675099	0.15
8926	89	9983733.205414	26	-17.679245	0.16
8927	89	9983733.205414	27	-17.679245	0.16
8928	89	9983733.205414	28	-17.679245	0.16
8929	89	9983733.205414	29	-17.680306	0.17
8930	89	9983733.205414	30	-17.680328	0.18
8931	89	9983733.205414	31	-17.728880	0.19
8932	89	9983733.205414	32	-17.744304	0.2
8933	89	9983733.205414	33	-17.744304	0.2
8934	89	9983733.205414	34	-17.744304	0.2
8935	89	9983733.205414	35	-17.769911	0.21
8936	89	9983733.205414	36	-17.769911	0.21
8937	89	9983733.205414	37	-17.769911	0.21
8938	89	9983733.205414	38	-17.774054	0.22
8939	89	9983733.205414	39	-17.774054	0.22
8940	89	9983733.205414	40	-17.798173	0.23
8941	89	9983733.205414	41	-17.798173	0.23
8942	89	9983733.205414	42	-17.798402	0.24
8943	89	9983733.205414	43	-17.798856	0.25
8944	89	9983733.205414	44	-17.799106	0.26
8945	89	9983733.205414	45	-17.799106	0.26
8946	89	9983733.205414	46	-17.799106	0.26
8947	89	9983733.205414	47	-17.799106	0.26
8948	89	9983733.205414	48	-17.799106	0.26
8949	89	9983733.205414	49	-17.799106	0.26
8950	89	9983733.205414	50	-17.799106	0.26
8951	89	9983733.205414	51	-17.799106	0.26
8952	89	9983733.205414	52	-17.801806	0.27
8953	89	9983733.205414	53	-17.815143	0.28
8954	89	9983733.205414	54	-17.815143	0.28
8955	89	9983733.205414	55	-17.815242	0.29
8956	89	9983733.205414	56	-17.815258	0.3
8957	89	9983733.205414	57	-17.829276	0.31
8958	89	9983733.205414	58	-17.829276	0.31
8959	89	9983733.205414	59	-17.858271	0.32
8960	89	9983733.205414	60	-17.860494	0.33
8961	89	9983733.205414	61	-17.867000	0.34
8962	89	9983733.205414	62	-17.867000	0.34
8963	89	9983733.205414	63	-17.867000	0.34
8964	89	9983733.205414	64	-17.867000	0.34
8965	89	9983733.205414	65	-17.867054	0.35
8966	89	9983733.205414	66	-17.873252	0.36
8967	89	9983733.205414	67	-17.901471	0.37
8968	89	9983733.205414	68	-17.901471	0.37
8969	89	9983733.205414	69	-17.901471	0.37
8970	89	9983733.205414	70	-17.906445	0.38
8971	89	9983733.205414	71	-17.906445	0.38
8972	89	9983733.205414	72	-17.907076	0.39
8973	89	9983733.205414	73	-17.955923	0.4
8974	89	9983733.205414	74	-17.955923	0.4
8975	89	9983733.205414	75	-17.955923	0.4
8976	89	9983733.205414	76	-17.957288	0.41
8977	89	9983733.205414	77	-17.958179	0.42
8978	89	9983733.205414	78	-17.975771	0.43
8979	89	9983733.205414	79	-17.975771	0.43
8980	89	9983733.205414	80	-17.975771	0.43
8981	89	9983733.205414	81	-17.976455	0.44
8982	89	9983733.205414	82	-17.976455	0.44
8983	89	9983733.205414	83	-18.015997	0.45
8984	89	9983733.205414	84	-18.015997	0.45
8985	89	9983733.205414	85	-18.029950	0.46
8986	89	9983733.205414	86	-18.029950	0.46
8987	89	9983733.205414	87	-18.029950	0.46
8988	89	9983733.205414	88	-18.029950	0.46
8989	89	9983733.205414	89	-18.030168	0.47
8990	89	9983733.205414	90	-18.032842	0.48
8991	89	9983733.205414	91	-18.049043	0.49
8992	89	9983733.205414	92	-18.049322	0.5
8993	89	9983733.205414	93	-18.049322	0.5
8994	89	9983733.205414	94	-18.049322	0.5
8995	89	9983733.205414	95	-18.049322	0.5
8996	89	9983733.205414	96	-18.063462	0.51
8997	89	9983733.205414	97	-18.063462	0.51
8998	89	9983733.205414	98	-18.064163	0.52
8999	89	9983733.205414	99	-18.064163	0.52
9000	90	10982106.525955	0	-18.064163	0
9001	90	10982106.525955	1	-18.064163	0
9002	90	10982106.525955	2	-18.064169	0.01
9003	90	10982106.525955	3	-18.064169	0.01
9004	90	10982106.525955	4	-18.064169	0.01
9005	90	10982106.525955	5	-18.064293	0.02
9006	90	10982106.525955	6	-18.065117	0.03
9007	90	10982106.525955	7	-18.106431	0.04
9008	90	10982106.525955	8	-18.106431	0.04
9009	90	10982106.525955	9	-18.106431	0.04
9010	90	10982106.525955	10	-18.111480	0.05
9011	90	10982106.525955	11	-18.111480	0.05
9012	90	10982106.525955	12	-18.111480	0.05
9013	90	10982106.525955	13	-18.139315	0.06
9014	90	10982106.525955	14	-18.147163	0.07
9015	90	10982106.525955	15	-18.154279	0.08
9016	90	10982106.525955	16	-18.162139	0.09
9017	90	10982106.525955	17	-18.162139	0.09
9018	90	10982106.525955	18	-18.163423	0.1
9019	90	10982106.525955	19	-18.163423	0.1
9020	90	10982106.525955	20	-18.163423	0.1
9021	90	10982106.525955	21	-18.184698	0.11
9022	90	10982106.525955	22	-18.184919	0.12
9023	90	10982106.525955	23	-18.184919	0.12
9024	90	10982106.525955	24	-18.184919	0.12
9025	90	10982106.525955	25	-18.185076	0.13
9026	90	10982106.525955	26	-18.185076	0.13
9027	90	10982106.525955	27	-18.195912	0.14
9028	90	10982106.525955	28	-18.195912	0.14
9029	90	10982106.525955	29	-18.195912	0.14
9030	90	10982106.525955	30	-18.195912	0.14
9031	90	10982106.525955	31	-18.201518	0.15
9032	90	10982106.525955	32	-18.235396	0.16
9033	90	10982106.525955	33	-18.251732	0.17
9034	90	10982106.525955	34	-18.257076	0.18
9035	90	10982106.525955	35	-18.257193	0.19
9036	90	10982106.525955	36	-18.297214	0.2
9037	90	10982106.525955	37	-18.307641	0.21
9038	90	10982106.525955	38	-18.351785	0.22
9039	90	10982106.525955	39	-18.360658	0.23
9040	90	10982106.525955	40	-18.361038	0.24
9041	90	10982106.525955	41	-18.361038	0.24
9042	90	10982106.525955	42	-18.361038	0.24
9043	90	10982106.525955	43	-18.391618	0.25
9044	90	10982106.525955	44	-18.400346	0.26
9045	90	10982106.525955	45	-18.400346	0.26
9046	90	10982106.525955	46	-18.426338	0.27
9047	90	10982106.525955	47	-18.447683	0.28
9048	90	10982106.525955	48	-18.447683	0.28
9049	90	10982106.525955	49	-18.447683	0.28
9050	90	10982106.525955	50	-18.470295	0.29
9051	90	10982106.525955	51	-18.470295	0.29
9052	90	10982106.525955	52	-18.470295	0.29
9053	90	10982106.525955	53	-18.470295	0.29
9054	90	10982106.525955	54	-18.507646	0.3
9055	90	10982106.525955	55	-18.508076	0.31
9056	90	10982106.525955	56	-18.531190	0.32
9057	90	10982106.525955	57	-18.531190	0.32
9058	90	10982106.525955	58	-18.531559	0.33
9059	90	10982106.525955	59	-18.531559	0.33
9060	90	10982106.525955	60	-18.538611	0.34
9061	90	10982106.525955	61	-18.539138	0.35
9062	90	10982106.525955	62	-18.540222	0.36
9063	90	10982106.525955	63	-18.540222	0.36
9064	90	10982106.525955	64	-18.555563	0.37
9065	90	10982106.525955	65	-18.556245	0.38
9066	90	10982106.525955	66	-18.556245	0.38
9067	90	10982106.525955	67	-18.556245	0.38
9068	90	10982106.525955	68	-18.556245	0.38
9069	90	10982106.525955	69	-18.556245	0.38
9070	90	10982106.525955	70	-18.556245	0.38
9071	90	10982106.525955	71	-18.556245	0.38
9072	90	10982106.525955	72	-18.560912	0.39
9073	90	10982106.525955	73	-18.604547	0.4
9074	90	10982106.525955	74	-18.623395	0.41
9075	90	10982106.525955	75	-18.656914	0.42
9076	90	10982106.525955	76	-18.688913	0.43
9077	90	10982106.525955	77	-18.719638	0.44
9078	90	10982106.525955	78	-18.720232	0.45
9079	90	10982106.525955	79	-18.720232	0.45
9080	90	10982106.525955	80	-18.720232	0.45
9081	90	10982106.525955	81	-18.722020	0.46
9082	90	10982106.525955	82	-18.722040	0.47
9083	90	10982106.525955	83	-18.723238	0.48
9084	90	10982106.525955	84	-18.724110	0.49
9085	90	10982106.525955	85	-18.724707	0.5
9086	90	10982106.525955	86	-18.724707	0.5
9087	90	10982106.525955	87	-18.737521	0.51
9088	90	10982106.525955	88	-18.737521	0.51
9089	90	10982106.525955	89	-18.738379	0.52
9090	90	10982106.525955	90	-18.738379	0.52
9091	90	10982106.525955	91	-18.738379	0.52
9092	90	10982106.525955	92	-18.740206	0.53
9093	90	10982106.525955	93	-18.740206	0.53
9094	90	10982106.525955	94	-18.740206	0.53
9095	90	10982106.525955	95	-18.743728	0.54
9096	90	10982106.525955	96	-18.743728	0.54
9097	90	10982106.525955	97	-18.743728	0.54
9098	90	10982106.525955	98	-18.750058	0.55
9099	90	10982106.525955	99	-18.764644	0.56
9100	91	12080317.178550	0	-18.764644	0
9101	91	12080317.178550	1	-18.765327	0.01
9102	91	12080317.178550	2	-18.765327	0.01
9103	91	12080317.178550	3	-18.765337	0.02
9104	91	12080317.178550	4	-18.773956	0.03
9105	91	12080317.178550	5	-18.774365	0.04
9106	91	12080317.178550	6	-18.787251	0.05
9107	91	12080317.178550	7	-18.787251	0.05
9108	91	12080317.178550	8	-18.787251	0.05
9109	91	12080317.178550	9	-18.839206	0.06
9110	91	12080317.178550	10	-18.882992	0.07
9111	91	12080317.178550	11	-18.933664	0.08
9112	91	12080317.178550	12	-18.933757	0.09
9113	91	12080317.178550	13	-18.933761	0.1
9114	91	12080317.178550	14	-18.933761	0.1
9115	91	12080317.178550	15	-18.950241	0.11
9116	91	12080317.178550	16	-18.960812	0.12
9117	91	12080317.178550	17	-18.981649	0.13
9118	91	12080317.178550	18	-19.025072	0.14
9119	91	12080317.178550	19	-19.029482	0.15
9120	91	12080317.178550	20	-19.030021	0.16
9121	91	12080317.178550	21	-19.050828	0.17
9122	91	12080317.178550	22	-19.050852	0.18
9123	91	12080317.178550	23	-19.050852	0.18
9124	91	12080317.178550	24	-19.051024	0.19
9125	91	12080317.178550	25	-19.051024	0.19
9126	91	12080317.178550	26	-19.051024	0.19
9127	91	12080317.178550	27	-19.051024	0.19
9128	91	12080317.178550	28	-19.051024	0.19
9129	91	12080317.178550	29	-19.051024	0.19
9130	91	12080317.178550	30	-19.061135	0.2
9131	91	12080317.178550	31	-19.061415	0.21
9132	91	12080317.178550	32	-19.093280	0.22
9133	91	12080317.178550	33	-19.095156	0.23
9134	91	12080317.178550	34	-19.107701	0.24
9135	91	12080317.178550	35	-19.111018	0.25
9136	91	12080317.178550	36	-19.111018	0.25
9137	91	12080317.178550	37	-19.122564	0.26
9138	91	12080317.178550	38	-19.122564	0.26
9139	91	12080317.178550	39	-19.124841	0.27
9140	91	12080317.178550	40	-19.124841	0.27
9141	91	12080317.178550	41	-19.124841	0.27
9142	91	12080317.178550	42	-19.154180	0.28
9143	91	12080317.178550	43	-19.154180	0.28
9144	91	12080317.178550	44	-19.154180	0.28
9145	91	12080317.178550	45	-19.154180	0.28
9146	91	12080317.178550	46	-19.154180	0.28
9147	91	12080317.178550	47	-19.160590	0.29
9148	91	12080317.178550	48	-19.173683	0.3
9149	91	12080317.178550	49	-19.188608	0.31
9150	91	12080317.178550	50	-19.188608	0.31
9151	91	12080317.178550	51	-19.189178	0.32
9152	91	12080317.178550	52	-19.191843	0.33
9153	91	12080317.178550	53	-19.226459	0.34
9154	91	12080317.178550	54	-19.227749	0.35
9155	91	12080317.178550	55	-19.227749	0.35
9156	91	12080317.178550	56	-19.228532	0.36
9157	91	12080317.178550	57	-19.267451	0.37
9158	91	12080317.178550	58	-19.281250	0.38
9159	91	12080317.178550	59	-19.281882	0.39
9160	91	12080317.178550	60	-19.281882	0.39
9161	91	12080317.178550	61	-19.281882	0.39
9162	91	12080317.178550	62	-19.281882	0.39
9163	91	12080317.178550	63	-19.282211	0.4
9164	91	12080317.178550	64	-19.283052	0.41
9165	91	12080317.178550	65	-19.283052	0.41
9166	91	12080317.178550	66	-19.284412	0.42
9167	91	12080317.178550	67	-19.284442	0.43
9168	91	12080317.178550	68	-19.303801	0.44
9169	91	12080317.178550	69	-19.322464	0.45
9170	91	12080317.178550	70	-19.322996	0.46
9171	91	12080317.178550	71	-19.322996	0.46
9172	91	12080317.178550	72	-19.323252	0.47
9173	91	12080317.178550	73	-19.323748	0.48
9174	91	12080317.178550	74	-19.323748	0.48
9175	91	12080317.178550	75	-19.324726	0.49
9176	91	12080317.178550	76	-19.324726	0.49
9177	91	12080317.178550	77	-19.351470	0.5
9178	91	12080317.178550	78	-19.351470	0.5
9179	91	12080317.178550	79	-19.362127	0.51
9180	91	12080317.178550	80	-19.362127	0.51
9181	91	12080317.178550	81	-19.362127	0.51
9182	91	12080317.178550	82	-19.362127	0.51
9183	91	12080317.178550	83	-19.362127	0.51
9184	91	12080317.178550	84	-19.362127	0.51
9185	91	12080317.178550	85	-19.362127	0.51
9186	91	12080317.178550	86	-19.362411	0.52
9187	91	12080317.178550	87	-19.362415	0.53
9188	91	12080317.178550	88	-19.362441	0.54
9189	91	12080317.178550	89	-19.370296	0.55
9190	91	12080317.178550	90	-19.370296	0.55
9191	91	12080317.178550	91	-19.392741	0.56
9192	91	12080317.178550	92	-19.398431	0.57
9193	91	12080317.178550	93	-19.406265	0.58
9194	91	12080317.178550	94	-19.424927	0.59
9195	91	12080317.178550	95	-19.425096	0.6
9196	91	12080317.178550	96	-19.441271	0.61
9197	91	12080317.178550	97	-19.441430	0.62
9198	91	12080317.178550	98	-19.441430	0.62
9199	91	12080317.178550	99	-19.441430	0.62
9200	92	13288348.896405	0	-19.441430	0
9201	92	13288348.896405	1	-19.441430	0
9202	92	13288348.896405	2	-19.441430	0
9203	92	13288348.896405	3	-19.465515	0.01
9204	92	13288348.896405	4	-19.465515	0.01
9205	92	13288348.896405	5	-19.465515	0.01
9206	92	13288348.896405	6	-19.465515	0.01
9207	92	13288348.896405	7	-19.465515	0.01
9208	92	13288348.896405	8	-19.465515	0.01
9209	92	13288348.896405	9	-19.465515	0.01
9210	92	13288348.896405	10	-19.465515	0.01
9211	92	13288348.896405	11	-19.465785	0.02
9212	92	13288348.896405	12	-19.472017	0.03
9213	92	13288348.896405	13	-19.472017	0.03
9214	92	13288348.896405	14	-19.472017	0.03
9215	92	13288348.896405	15	-19.507627	0.04
9216	92	13288348.896405	16	-19.507627	0.04
9217	92	13288348.896405	17	-19.507922	0.05
9218	92	13288348.896405	18	-19.507922	0.05
9219	92	13288348.896405	19	-19.508243	0.06
9220	92	13288348.896405	20	-19.508243	0.06
9221	92	13288348.896405	21	-19.509154	0.07
9222	92	13288348.896405	22	-19.509349	0.08
9223	92	13288348.896405	23	-19.511320	0.09
9224	92	13288348.896405	24	-19.515268	0.1
9225	92	13288348.896405	25	-19.518110	0.11
9226	92	13288348.896405	26	-19.521481	0.12
9227	92	13288348.896405	27	-19.524104	0.13
9228	92	13288348.896405	28	-19.525734	0.14
9229	92	13288348.896405	29	-19.538672	0.15
9230	92	13288348.896405	30	-19.538672	0.15
9231	92	13288348.896405	31	-19.538672	0.15
9232	92	13288348.896405	32	-19.575865	0.16
9233	92	13288348.896405	33	-19.576004	0.17
9234	92	13288348.896405	34	-19.591974	0.18
9235	92	13288348.896405	35	-19.614930	0.19
9236	92	13288348.896405	36	-19.614930	0.19
9237	92	13288348.896405	37	-19.614930	0.19
9238	92	13288348.896405	38	-19.614930	0.19
9239	92	13288348.896405	39	-19.640816	0.2
9240	92	13288348.896405	40	-19.640816	0.2
9241	92	13288348.896405	41	-19.642903	0.21
9242	92	13288348.896405	42	-19.649875	0.22
9243	92	13288348.896405	43	-19.679669	0.23
9244	92	13288348.896405	44	-19.701069	0.24
9245	92	13288348.896405	45	-19.701069	0.24
9246	92	13288348.896405	46	-19.701069	0.24
9247	92	13288348.896405	47	-19.701510	0.25
9248	92	13288348.896405	48	-19.701525	0.26
9249	92	13288348.896405	49	-19.701525	0.26
9250	92	13288348.896405	50	-19.701881	0.27
9251	92	13288348.896405	51	-19.702070	0.28
9252	92	13288348.896405	52	-19.707794	0.29
9253	92	13288348.896405	53	-19.719774	0.3
9254	92	13288348.896405	54	-19.719974	0.31
9255	92	13288348.896405	55	-19.770064	0.32
9256	92	13288348.896405	56	-19.770064	0.32
9257	92	13288348.896405	57	-19.821351	0.33
9258	92	13288348.896405	58	-19.821351	0.33
9259	92	13288348.896405	59	-19.821351	0.33
9260	92	13288348.896405	60	-19.823535	0.34
9261	92	13288348.896405	61	-19.823535	0.34
9262	92	13288348.896405	62	-19.823535	0.34
9263	92	13288348.896405	63	-19.823535	0.34
9264	92	13288348.896405	64	-19.823535	0.34
9265	92	13288348.896405	65	-19.840927	0.35
9266	92	13288348.896405	66	-19.840927	0.35
9267	92	13288348.896405	67	-19.840927	0.35
9268	92	13288348.896405	68	-19.866007	0.36
9269	92	13288348.896405	69	-19.866007	0.36
9270	92	13288348.896405	70	-19.872276	0.37
9271	92	13288348.896405	71	-19.872276	0.37
9272	92	13288348.896405	72	-19.872276	0.37
9273	92	13288348.896405	73	-19.872490	0.38
9274	92	13288348.896405	74	-19.872661	0.39
9275	92	13288348.896405	75	-19.872661	0.39
9276	92	13288348.896405	76	-19.872661	0.39
9277	92	13288348.896405	77	-19.882241	0.4
9278	92	13288348.896405	78	-19.915251	0.41
9279	92	13288348.896405	79	-19.915251	0.41
9280	92	13288348.896405	80	-19.918497	0.42
9281	92	13288348.896405	81	-19.923468	0.43
9282	92	13288348.896405	82	-19.923542	0.44
9283	92	13288348.896405	83	-19.923542	0.44
9284	92	13288348.896405	84	-19.940225	0.45
9285	92	13288348.896405	85	-19.941042	0.46
9286	92	13288348.896405	86	-19.942502	0.47
9287	92	13288348.896405	87	-19.942502	0.47
9288	92	13288348.896405	88	-19.942502	0.47
9289	92	13288348.896405	89	-19.942564	0.48
9290	92	13288348.896405	90	-19.948310	0.49
9291	92	13288348.896405	91	-19.948310	0.49
9292	92	13288348.896405	92	-19.948310	0.49
9293	92	13288348.896405	93	-19.993212	0.5
9294	92	13288348.896405	94	-20.003952	0.51
9295	92	13288348.896405	95	-20.003952	0.51
9296	92	13288348.896405	96	-20.003952	0.51
9297	92	13288348.896405	97	-20.037996	0.52
9298	92	13288348.896405	98	-20.040690	0.53
9299	92	13288348.896405	99	-20.040690	0.53
9300	93	14617183.786046	0	-20.056809	0.01
9301	93	14617183.786046	1	-20.057223	0.02
9302	93	14617183.786046	2	-20.058184	0.03
9303	93	14617183.786046	3	-20.060009	0.04
9304	93	14617183.786046	4	-20.061032	0.05
9305	93	14617183.786046	5	-20.080149	0.06
9306	93	14617183.786046	6	-20.080149	0.06
9307	93	14617183.786046	7	-20.080446	0.07
9308	93	14617183.786046	8	-20.080453	0.08
9309	93	14617183.786046	9	-20.080453	0.08
9310	93	14617183.786046	10	-20.094153	0.09
9311	93	14617183.786046	11	-20.094153	0.09
9312	93	14617183.786046	12	-20.094498	0.1
9313	93	14617183.786046	13	-20.094498	0.1
9314	93	14617183.786046	14	-20.094498	0.1
9315	93	14617183.786046	15	-20.094498	0.1
9316	93	14617183.786046	16	-20.094498	0.1
9317	93	14617183.786046	17	-20.094716	0.11
9318	93	14617183.786046	18	-20.094816	0.12
9319	93	14617183.786046	19	-20.094861	0.13
9320	93	14617183.786046	20	-20.094861	0.13
9321	93	14617183.786046	21	-20.094861	0.13
9322	93	14617183.786046	22	-20.094861	0.13
9323	93	14617183.786046	23	-20.097199	0.14
9324	93	14617183.786046	24	-20.124601	0.15
9325	93	14617183.786046	25	-20.125192	0.16
9326	93	14617183.786046	26	-20.130293	0.17
9327	93	14617183.786046	27	-20.131715	0.18
9328	93	14617183.786046	28	-20.131715	0.18
9329	93	14617183.786046	29	-20.146275	0.19
9330	93	14617183.786046	30	-20.146275	0.19
9331	93	14617183.786046	31	-20.147914	0.2
9332	93	14617183.786046	32	-20.147914	0.2
9333	93	14617183.786046	33	-20.154256	0.21
9334	93	14617183.786046	34	-20.157993	0.22
9335	93	14617183.786046	35	-20.157993	0.22
9336	93	14617183.786046	36	-20.165904	0.23
9337	93	14617183.786046	37	-20.172879	0.24
9338	93	14617183.786046	38	-20.172879	0.24
9339	93	14617183.786046	39	-20.196764	0.25
9340	93	14617183.786046	40	-20.196764	0.25
9341	93	14617183.786046	41	-20.196764	0.25
9342	93	14617183.786046	42	-20.196764	0.25
9343	93	14617183.786046	43	-20.196764	0.25
9344	93	14617183.786046	44	-20.213355	0.26
9345	93	14617183.786046	45	-20.226879	0.27
9346	93	14617183.786046	46	-20.239694	0.28
9347	93	14617183.786046	47	-20.239694	0.28
9348	93	14617183.786046	48	-20.239704	0.29
9349	93	14617183.786046	49	-20.239704	0.29
9350	93	14617183.786046	50	-20.239704	0.29
9351	93	14617183.786046	51	-20.241333	0.3
9352	93	14617183.786046	52	-20.241333	0.3
9353	93	14617183.786046	53	-20.241341	0.31
9354	93	14617183.786046	54	-20.241341	0.31
9355	93	14617183.786046	55	-20.241696	0.32
9356	93	14617183.786046	56	-20.241696	0.32
9357	93	14617183.786046	57	-20.243641	0.33
9358	93	14617183.786046	58	-20.245575	0.34
9359	93	14617183.786046	59	-20.289374	0.35
9360	93	14617183.786046	60	-20.296688	0.36
9361	93	14617183.786046	61	-20.296804	0.37
9362	93	14617183.786046	62	-20.299152	0.38
9363	93	14617183.786046	63	-20.299152	0.38
9364	93	14617183.786046	64	-20.319595	0.39
9365	93	14617183.786046	65	-20.319595	0.39
9366	93	14617183.786046	66	-20.319953	0.4
9367	93	14617183.786046	67	-20.366169	0.41
9368	93	14617183.786046	68	-20.368011	0.42
9369	93	14617183.786046	69	-20.368011	0.42
9370	93	14617183.786046	70	-20.370943	0.43
9371	93	14617183.786046	71	-20.373974	0.44
9372	93	14617183.786046	72	-20.373974	0.44
9373	93	14617183.786046	73	-20.376156	0.45
9374	93	14617183.786046	74	-20.416785	0.46
9375	93	14617183.786046	75	-20.454892	0.47
9376	93	14617183.786046	76	-20.454892	0.47
9377	93	14617183.786046	77	-20.454892	0.47
9378	93	14617183.786046	78	-20.454892	0.47
9379	93	14617183.786046	79	-20.459066	0.48
9380	93	14617183.786046	80	-20.459066	0.48
9381	93	14617183.786046	81	-20.459066	0.48
9382	93	14617183.786046	82	-20.459066	0.48
9383	93	14617183.786046	83	-20.459066	0.48
9384	93	14617183.786046	84	-20.466019	0.49
9385	93	14617183.786046	85	-20.466829	0.5
9386	93	14617183.786046	86	-20.498717	0.51
9387	93	14617183.786046	87	-20.535663	0.52
9388	93	14617183.786046	88	-20.535663	0.52
9389	93	14617183.786046	89	-20.564157	0.53
9390	93	14617183.786046	90	-20.588352	0.54
9391	93	14617183.786046	91	-20.600275	0.55
9392	93	14617183.786046	92	-20.600275	0.55
9393	93	14617183.786046	93	-20.601707	0.56
9394	93	14617183.786046	94	-20.601707	0.56
9395	93	14617183.786046	95	-20.601946	0.57
9396	93	14617183.786046	96	-20.601946	0.57
9397	93	14617183.786046	97	-20.602342	0.58
9398	93	14617183.786046	98	-20.607270	0.59
9399	93	14617183.786046	99	-20.607270	0.59
9400	94	16078902.164651	0	-20.607270	0
9401	94	16078902.164651	1	-20.607270	0
9402	94	16078902.164651	2	-20.607270	0
9403	94	16078902.164651	3	-20.609964	0.01
9404	94	16078902.164651	4	-20.611659	0.02
9405	94	16078902.164651	5	-20.611659	0.02
9406	94	16078902.164651	6	-20.626760	0.03
9407	94	16078902.164651	7	-20.626760	0.03
9408	94	16078902.164651	8	-20.629260	0.04
9409	94	16078902.164651	9	-20.634657	0.05
9410	94	16078902.164651	10	-20.636169	0.06
9411	94	16078902.164651	11	-20.636405	0.07
9412	94	16078902.164651	12	-20.638786	0.08
9413	94	16078902.164651	13	-20.638786	0.08
9414	94	16078902.164651	14	-20.685379	0.09
9415	94	16078902.164651	15	-20.685379	0.09
9416	94	16078902.164651	16	-20.685379	0.09
9417	94	16078902.164651	17	-20.697931	0.1
9418	94	16078902.164651	18	-20.713903	0.11
9419	94	16078902.164651	19	-20.723246	0.12
9420	94	16078902.164651	20	-20.723246	0.12
9421	94	16078902.164651	21	-20.746995	0.13
9422	94	16078902.164651	22	-20.748100	0.14
9423	94	16078902.164651	23	-20.748100	0.14
9424	94	16078902.164651	24	-20.748100	0.14
9425	94	16078902.164651	25	-20.767075	0.15
9426	94	16078902.164651	26	-20.776510	0.16
9427	94	16078902.164651	27	-20.776510	0.16
9428	94	16078902.164651	28	-20.776510	0.16
9429	94	16078902.164651	29	-20.776510	0.16
9430	94	16078902.164651	30	-20.778885	0.17
9431	94	16078902.164651	31	-20.779642	0.18
9432	94	16078902.164651	32	-20.811297	0.19
9433	94	16078902.164651	33	-20.811988	0.2
9434	94	16078902.164651	34	-20.814805	0.21
9435	94	16078902.164651	35	-20.814805	0.21
9436	94	16078902.164651	36	-20.815123	0.22
9437	94	16078902.164651	37	-20.815123	0.22
9438	94	16078902.164651	38	-20.815123	0.22
9439	94	16078902.164651	39	-20.815145	0.23
9440	94	16078902.164651	40	-20.823705	0.24
9441	94	16078902.164651	41	-20.823705	0.24
9442	94	16078902.164651	42	-20.827169	0.25
9443	94	16078902.164651	43	-20.834748	0.26
9444	94	16078902.164651	44	-20.834748	0.26
9445	94	16078902.164651	45	-20.835987	0.27
9446	94	16078902.164651	46	-20.885335	0.28
9447	94	16078902.164651	47	-20.885342	0.29
9448	94	16078902.164651	48	-20.885342	0.29
9449	94	16078902.164651	49	-20.885342	0.29
9450	94	16078902.164651	50	-20.885408	0.3
9451	94	16078902.164651	51	-20.885408	0.3
9452	94	16078902.164651	52	-20.885408	0.3
9453	94	16078902.164651	53	-20.887009	0.31
9454	94	16078902.164651	54	-20.893466	0.32
9455	94	16078902.164651	55	-20.893466	0.32
9456	94	16078902.164651	56	-20.893466	0.32
9457	94	16078902.164651	57	-20.914511	0.33
9458	94	16078902.164651	58	-20.939201	0.34
9459	94	16078902.164651	59	-20.970626	0.35
9460	94	16078902.164651	60	-21.018255	0.36
9461	94	16078902.164651	61	-21.018255	0.36
9462	94	16078902.164651	62	-21.018365	0.37
9463	94	16078902.164651	63	-21.018468	0.38
9464	94	16078902.164651	64	-21.018468	0.38
9465	94	16078902.164651	65	-21.020846	0.39
9466	94	16078902.164651	66	-21.025577	0.4
9467	94	16078902.164651	67	-21.025577	0.4
9468	94	16078902.164651	68	-21.026189	0.41
9469	94	16078902.164651	69	-21.026189	0.41
9470	94	16078902.164651	70	-21.026189	0.41
9471	94	16078902.164651	71	-21.026189	0.41
9472	94	16078902.164651	72	-21.027081	0.42
9473	94	16078902.164651	73	-21.027081	0.42
9474	94	16078902.164651	74	-21.027081	0.42
9475	94	16078902.164651	75	-21.027081	0.42
9476	94	16078902.164651	76	-21.027081	0.42
9477	94	16078902.164651	77	-21.027081	0.42
9478	94	16078902.164651	78	-21.030111	0.43
9479	94	16078902.164651	79	-21.030403	0.44
9480	94	16078902.164651	80	-21.030403	0.44
9481	94	16078902.164651	81	-21.030496	0.45
9482	94	16078902.164651	82	-21.031539	0.46
9483	94	16078902.164651	83	-21.031539	0.46
9484	94	16078902.164651	84	-21.031539	0.46
9485	94	16078902.164651	85	-21.047726	0.47
9486	94	16078902.164651	86	-21.058712	0.48
9487	94	16078902.164651	87	-21.060062	0.49
9488	94	16078902.164651	88	-21.078625	0.5
9489	94	16078902.164651	89	-21.078625	0.5
9490	94	16078902.164651	90	-21.100165	0.51
9491	94	16078902.164651	91	-21.102330	0.52
9492	94	16078902.164651	92	-21.102330	0.52
9493	94	16078902.164651	93	-21.102470	0.53
9494	94	16078902.164651	94	-21.109622	0.54
9495	94	16078902.164651	95	-21.135568	0.55
9496	94	16078902.164651	96	-21.136273	0.56
9497	94	16078902.164651	97	-21.165837	0.57
9498	94	16078902.164651	98	-21.165837	0.57
9499	94	16078902.164651	99	-21.165837	0.57
9500	95	17686792.381116	0	-21.178659	0.01
9501	95	17686792.381116	1	-21.179005	0.02
9502	95	17686792.381116	2	-21.179005	0.02
9503	95	17686792.381116	3	-21.205658	0.03
9504	95	17686792.381116	4	-21.205874	0.04
9505	95	17686792.381116	5	-21.205874	0.04
9506	95	17686792.381116	6	-21.207293	0.05
9507	95	17686792.381116	7	-21.207293	0.05
9508	95	17686792.381116	8	-21.229272	0.06
9509	95	17686792.381116	9	-21.229272	0.06
9510	95	17686792.381116	10	-21.238148	0.07
9511	95	17686792.381116	11	-21.238148	0.07
9512	95	17686792.381116	12	-21.238148	0.07
9513	95	17686792.381116	13	-21.251522	0.08
9514	95	17686792.381116	14	-21.251522	0.08
9515	95	17686792.381116	15	-21.256264	0.09
9516	95	17686792.381116	16	-21.256264	0.09
9517	95	17686792.381116	17	-21.256264	0.09
9518	95	17686792.381116	18	-21.256264	0.09
9519	95	17686792.381116	19	-21.256264	0.09
9520	95	17686792.381116	20	-21.256264	0.09
9521	95	17686792.381116	21	-21.263127	0.1
9522	95	17686792.381116	22	-21.266810	0.11
9523	95	17686792.381116	23	-21.266810	0.11
9524	95	17686792.381116	24	-21.266810	0.11
9525	95	17686792.381116	25	-21.266810	0.11
9526	95	17686792.381116	26	-21.268411	0.12
9527	95	17686792.381116	27	-21.268411	0.12
9528	95	17686792.381116	28	-21.276516	0.13
9529	95	17686792.381116	29	-21.276561	0.14
9530	95	17686792.381116	30	-21.276662	0.15
9531	95	17686792.381116	31	-21.277028	0.16
9532	95	17686792.381116	32	-21.283765	0.17
9533	95	17686792.381116	33	-21.283765	0.17
9534	95	17686792.381116	34	-21.283765	0.17
9535	95	17686792.381116	35	-21.283765	0.17
9536	95	17686792.381116	36	-21.287892	0.18
9537	95	17686792.381116	37	-21.297737	0.19
9538	95	17686792.381116	38	-21.301558	0.2
9539	95	17686792.381116	39	-21.301558	0.2
9540	95	17686792.381116	40	-21.301558	0.2
9541	95	17686792.381116	41	-21.301558	0.2
9542	95	17686792.381116	42	-21.301558	0.2
9543	95	17686792.381116	43	-21.301558	0.2
9544	95	17686792.381116	44	-21.301558	0.2
9545	95	17686792.381116	45	-21.303775	0.21
9546	95	17686792.381116	46	-21.303922	0.22
9547	95	17686792.381116	47	-21.303922	0.22
9548	95	17686792.381116	48	-21.306293	0.23
9549	95	17686792.381116	49	-21.306293	0.23
9550	95	17686792.381116	50	-21.306293	0.23
9551	95	17686792.381116	51	-21.306293	0.23
9552	95	17686792.381116	52	-21.321117	0.24
9553	95	17686792.381116	53	-21.321117	0.24
9554	95	17686792.381116	54	-21.321117	0.24
9555	95	17686792.381116	55	-21.326366	0.25
9556	95	17686792.381116	56	-21.326366	0.25
9557	95	17686792.381116	57	-21.327560	0.26
9558	95	17686792.381116	58	-21.327684	0.27
9559	95	17686792.381116	59	-21.328153	0.28
9560	95	17686792.381116	60	-21.328153	0.28
9561	95	17686792.381116	61	-21.329948	0.29
9562	95	17686792.381116	62	-21.329948	0.29
9563	95	17686792.381116	63	-21.329948	0.29
9564	95	17686792.381116	64	-21.339001	0.3
9565	95	17686792.381116	65	-21.340097	0.31
9566	95	17686792.381116	66	-21.345589	0.32
9567	95	17686792.381116	67	-21.346472	0.33
9568	95	17686792.381116	68	-21.346472	0.33
9569	95	17686792.381116	69	-21.346476	0.34
9570	95	17686792.381116	70	-21.346661	0.35
9571	95	17686792.381116	71	-21.346661	0.35
9572	95	17686792.381116	72	-21.346661	0.35
9573	95	17686792.381116	73	-21.363434	0.36
9574	95	17686792.381116	74	-21.369333	0.37
9575	95	17686792.381116	75	-21.399986	0.38
9576	95	17686792.381116	76	-21.399986	0.38
9577	95	17686792.381116	77	-21.399986	0.38
9578	95	17686792.381116	78	-21.424875	0.39
9579	95	17686792.381116	79	-21.424875	0.39
9580	95	17686792.381116	80	-21.429702	0.4
9581	95	17686792.381116	81	-21.429702	0.4
9582	95	17686792.381116	82	-21.430350	0.41
9583	95	17686792.381116	83	-21.458109	0.42
9584	95	17686792.381116	84	-21.468498	0.43
9585	95	17686792.381116	85	-21.468498	0.43
9586	95	17686792.381116	86	-21.468498	0.43
9587	95	17686792.381116	87	-21.474920	0.44
9588	95	17686792.381116	88	-21.474920	0.44
9589	95	17686792.381116	89	-21.475463	0.45
9590	95	17686792.381116	90	-21.475463	0.45
9591	95	17686792.381116	91	-21.479623	0.46
9592	95	17686792.381116	92	-21.479623	0.46
9593	95	17686792.381116	93	-21.495671	0.47
9594	95	17686792.381116	94	-21.498210	0.48
9595	95	17686792.381116	95	-21.498210	0.48
9596	95	17686792.381116	96	-21.498210	0.48
9597	95	17686792.381116	97	-21.503518	0.49
9598	95	17686792.381116	98	-21.503559	0.5
9599	95	17686792.381116	99	-21.544174	0.51
9600	96	19455471.619227	0	-21.544174	0
9601	96	19455471.619227	1	-21.548327	0.01
9602	96	19455471.619227	2	-21.548327	0.01
9603	96	19455471.619227	3	-21.577608	0.02
9604	96	19455471.619227	4	-21.577713	0.03
9605	96	19455471.619227	5	-21.577713	0.03
9606	96	19455471.619227	6	-21.577713	0.03
9607	96	19455471.619227	7	-21.584037	0.04
9608	96	19455471.619227	8	-21.584037	0.04
9609	96	19455471.619227	9	-21.584037	0.04
9610	96	19455471.619227	10	-21.584037	0.04
9611	96	19455471.619227	11	-21.584055	0.05
9612	96	19455471.619227	12	-21.584055	0.05
9613	96	19455471.619227	13	-21.584055	0.05
9614	96	19455471.619227	14	-21.593954	0.06
9615	96	19455471.619227	15	-21.593954	0.06
9616	96	19455471.619227	16	-21.594255	0.07
9617	96	19455471.619227	17	-21.594255	0.07
9618	96	19455471.619227	18	-21.620805	0.08
9619	96	19455471.619227	19	-21.639226	0.09
9620	96	19455471.619227	20	-21.641082	0.1
9621	96	19455471.619227	21	-21.645457	0.11
9622	96	19455471.619227	22	-21.646932	0.12
9623	96	19455471.619227	23	-21.647622	0.13
9624	96	19455471.619227	24	-21.647622	0.13
9625	96	19455471.619227	25	-21.647622	0.13
9626	96	19455471.619227	26	-21.666555	0.14
9627	96	19455471.619227	27	-21.673247	0.15
9628	96	19455471.619227	28	-21.674049	0.16
9629	96	19455471.619227	29	-21.702599	0.17
9630	96	19455471.619227	30	-21.702599	0.17
9631	96	19455471.619227	31	-21.729433	0.18
9632	96	19455471.619227	32	-21.729433	0.18
9633	96	19455471.619227	33	-21.729433	0.18
9634	96	19455471.619227	34	-21.729433	0.18
9635	96	19455471.619227	35	-21.729433	0.18
9636	96	19455471.619227	36	-21.729585	0.19
9637	96	19455471.619227	37	-21.729616	0.2
9638	96	19455471.619227	38	-21.743114	0.21
9639	96	19455471.619227	39	-21.743114	0.21
9640	96	19455471.619227	40	-21.743114	0.21
9641	96	19455471.619227	41	-21.743114	0.21
9642	96	19455471.619227	42	-21.751140	0.22
9643	96	19455471.619227	43	-21.751178	0.23
9644	96	19455471.619227	44	-21.751213	0.24
9645	96	19455471.619227	45	-21.780819	0.25
9646	96	19455471.619227	46	-21.784544	0.26
9647	96	19455471.619227	47	-21.799347	0.27
9648	96	19455471.619227	48	-21.799347	0.27
9649	96	19455471.619227	49	-21.822886	0.28
9650	96	19455471.619227	50	-21.822886	0.28
9651	96	19455471.619227	51	-21.836837	0.29
9652	96	19455471.619227	52	-21.877938	0.3
9653	96	19455471.619227	53	-21.885019	0.31
9654	96	19455471.619227	54	-21.914280	0.32
9655	96	19455471.619227	55	-21.947473	0.33
9656	96	19455471.619227	56	-21.947473	0.33
9657	96	19455471.619227	57	-21.951324	0.34
9658	96	19455471.619227	58	-21.951466	0.35
9659	96	19455471.619227	59	-21.951466	0.35
9660	96	19455471.619227	60	-21.954349	0.36
9661	96	19455471.619227	61	-21.954349	0.36
9662	96	19455471.619227	62	-21.954349	0.36
9663	96	19455471.619227	63	-21.960736	0.37
9664	96	19455471.619227	64	-21.961501	0.38
9665	96	19455471.619227	65	-21.981037	0.39
9666	96	19455471.619227	66	-21.981240	0.4
9667	96	19455471.619227	67	-21.982232	0.41
9668	96	19455471.619227	68	-21.982234	0.42
9669	96	19455471.619227	69	-21.982677	0.43
9670	96	19455471.619227	70	-22.013809	0.44
9671	96	19455471.619227	71	-22.013809	0.44
9672	96	19455471.619227	72	-22.013809	0.44
9673	96	19455471.619227	73	-22.013809	0.44
9674	96	19455471.619227	74	-22.013809	0.44
9675	96	19455471.619227	75	-22.013809	0.44
9676	96	19455471.619227	76	-22.013809	0.44
9677	96	19455471.619227	77	-22.018795	0.45
9678	96	19455471.619227	78	-22.018795	0.45
9679	96	19455471.619227	79	-22.019556	0.46
9680	96	19455471.619227	80	-22.019556	0.46
9681	96	19455471.619227	81	-22.019556	0.46
9682	96	19455471.619227	82	-22.020299	0.47
9683	96	19455471.619227	83	-22.041314	0.48
9684	96	19455471.619227	84	-22.059290	0.49
9685	96	19455471.619227	85	-22.059290	0.49
9686	96	19455471.619227	86	-22.085122	0.5
9687	96	19455471.619227	87	-22.108649	0.51
9688	96	19455471.619227	88	-22.112865	0.52
9689	96	19455471.619227	89	-22.121147	0.53
9690	96	19455471.619227	90	-22.121147	0.53
9691	96	19455471.619227	91	-22.121147	0.53
9692	96	19455471.619227	92	-22.128344	0.54
9693	96	19455471.619227	93	-22.128344	0.54
9694	96	19455471.619227	94	-22.133139	0.55
9695	96	19455471.619227	95	-22.134832	0.56
9696	96	19455471.619227	96	-22.134832	0.56
9697	96	19455471.619227	97	-22.134832	0.56
9698	96	19455471.619227	98	-22.134832	0.56
9699	96	19455471.619227	99	-22.138526	0.57
9700	97	21401018.781150	0	-22.146326	0.01
9701	97	21401018.781150	1	-22.146326	0.01
9702	97	21401018.781150	2	-22.156638	0.02
9703	97	21401018.781150	3	-22.158185	0.03
9704	97	21401018.781150	4	-22.200884	0.04
9705	97	21401018.781150	5	-22.201259	0.05
9706	97	21401018.781150	6	-22.201259	0.05
9707	97	21401018.781150	7	-22.205129	0.06
9708	97	21401018.781150	8	-22.205129	0.06
9709	97	21401018.781150	9	-22.205129	0.06
9710	97	21401018.781150	10	-22.205129	0.06
9711	97	21401018.781150	11	-22.237985	0.07
9712	97	21401018.781150	12	-22.241795	0.08
9713	97	21401018.781150	13	-22.242187	0.09
9714	97	21401018.781150	14	-22.242187	0.09
9715	97	21401018.781150	15	-22.258470	0.1
9716	97	21401018.781150	16	-22.258470	0.1
9717	97	21401018.781150	17	-22.258470	0.1
9718	97	21401018.781150	18	-22.263215	0.11
9719	97	21401018.781150	19	-22.263356	0.12
9720	97	21401018.781150	20	-22.267297	0.13
9721	97	21401018.781150	21	-22.267297	0.13
9722	97	21401018.781150	22	-22.267297	0.13
9723	97	21401018.781150	23	-22.267400	0.14
9724	97	21401018.781150	24	-22.267400	0.14
9725	97	21401018.781150	25	-22.267400	0.14
9726	97	21401018.781150	26	-22.278226	0.15
9727	97	21401018.781150	27	-22.312182	0.16
9728	97	21401018.781150	28	-22.312182	0.16
9729	97	21401018.781150	29	-22.326074	0.17
9730	97	21401018.781150	30	-22.326440	0.18
9731	97	21401018.781150	31	-22.333295	0.19
9732	97	21401018.781150	32	-22.382312	0.2
9733	97	21401018.781150	33	-22.382312	0.2
9734	97	21401018.781150	34	-22.382837	0.21
9735	97	21401018.781150	35	-22.384687	0.22
9736	97	21401018.781150	36	-22.393682	0.23
9737	97	21401018.781150	37	-22.393682	0.23
9738	97	21401018.781150	38	-22.393682	0.23
9739	97	21401018.781150	39	-22.393682	0.23
9740	97	21401018.781150	40	-22.393682	0.23
9741	97	21401018.781150	41	-22.393682	0.23
9742	97	21401018.781150	42	-22.393682	0.23
9743	97	21401018.781150	43	-22.393682	0.23
9744	97	21401018.781150	44	-22.393682	0.23
9745	97	21401018.781150	45	-22.393682	0.23
9746	97	21401018.781150	46	-22.393682	0.23
9747	97	21401018.781150	47	-22.393682	0.23
9748	97	21401018.781150	48	-22.393682	0.23
9749	97	21401018.781150	49	-22.395271	0.24
9750	97	21401018.781150	50	-22.395464	0.25
9751	97	21401018.781150	51	-22.395464	0.25
9752	97	21401018.781150	52	-22.395464	0.25
9753	97	21401018.781150	53	-22.395464	0.25
9754	97	21401018.781150	54	-22.395464	0.25
9755	97	21401018.781150	55	-22.401434	0.26
9756	97	21401018.781150	56	-22.401434	0.26
9757	97	21401018.781150	57	-22.415772	0.27
9758	97	21401018.781150	58	-22.418005	0.28
9759	97	21401018.781150	59	-22.432822	0.29
9760	97	21401018.781150	60	-22.458014	0.3
9761	97	21401018.781150	61	-22.479326	0.31
9762	97	21401018.781150	62	-22.484932	0.32
9763	97	21401018.781150	63	-22.525692	0.33
9764	97	21401018.781150	64	-22.525692	0.33
9765	97	21401018.781150	65	-22.525692	0.33
9766	97	21401018.781150	66	-22.525692	0.33
9767	97	21401018.781150	67	-22.525692	0.33
9768	97	21401018.781150	68	-22.525823	0.34
9769	97	21401018.781150	69	-22.525823	0.34
9770	97	21401018.781150	70	-22.525823	0.34
9771	97	21401018.781150	71	-22.525823	0.34
9772	97	21401018.781150	72	-22.526499	0.35
9773	97	21401018.781150	73	-22.526499	0.35
9774	97	21401018.781150	74	-22.526499	0.35
9775	97	21401018.781150	75	-22.526499	0.35
9776	97	21401018.781150	76	-22.530048	0.36
9777	97	21401018.781150	77	-22.530048	0.36
9778	97	21401018.781150	78	-22.536214	0.37
9779	97	21401018.781150	79	-22.536214	0.37
9780	97	21401018.781150	80	-22.536214	0.37
9781	97	21401018.781150	81	-22.536236	0.38
9782	97	21401018.781150	82	-22.543580	0.39
9783	97	21401018.781150	83	-22.543685	0.4
9784	97	21401018.781150	84	-22.548030	0.41
9785	97	21401018.781150	85	-22.548546	0.42
9786	97	21401018.781150	86	-22.548546	0.42
9787	97	21401018.781150	87	-22.553032	0.43
9788	97	21401018.781150	88	-22.553032	0.43
9789	97	21401018.781150	89	-22.553032	0.43
9790	97	21401018.781150	90	-22.560949	0.44
9791	97	21401018.781150	91	-22.564218	0.45
9792	97	21401018.781150	92	-22.564218	0.45
9793	97	21401018.781150	93	-22.569530	0.46
9794	97	21401018.781150	94	-22.586218	0.47
9795	97	21401018.781150	95	-22.586218	0.47
9796	97	21401018.781150	96	-22.586218	0.47
9797	97	21401018.781150	97	-22.586352	0.48
9798	97	21401018.781150	98	-22.586352	0.48
9799	97	21401018.781150	99	-22.586352	0.48
9800	98	23541120.659265	0	-22.586352	0
9801	98	23541120.659265	1	-22.586352	0
9802	98	23541120.659265	2	-22.649772	0.01
9803	98	23541120.659265	3	-22.652862	0.02
9804	98	23541120.659265	4	-22.653593	0.03
9805	98	23541120.659265	5	-22.653593	0.03
9806	98	23541120.659265	6	-22.654045	0.04
9807	98	23541120.659265	7	-22.673610	0.05
9808	98	23541120.659265	8	-22.678244	0.06
9809	98	23541120.659265	9	-22.678244	0.06
9810	98	23541120.659265	10	-22.683048	0.07
9811	98	23541120.659265	11	-22.683048	0.07
9812	98	23541120.659265	12	-22.688933	0.08
9813	98	23541120.659265	13	-22.702055	0.09
9814	98	23541120.659265	14	-22.702055	0.09
9815	98	23541120.659265	15	-22.702055	0.09
9816	98	23541120.659265	16	-22.715158	0.1
9817	98	23541120.659265	17	-22.715158	0.1
9818	98	23541120.659265	18	-22.719873	0.11
9819	98	23541120.659265	19	-22.733910	0.12
9820	98	23541120.659265	20	-22.791300	0.13
9821	98	23541120.659265	21	-22.791300	0.13
9822	98	23541120.659265	22	-22.797468	0.14
9823	98	23541120.659265	23	-22.797564	0.15
9824	98	23541120.659265	24	-22.798558	0.16
9825	98	23541120.659265	25	-22.798558	0.16
9826	98	23541120.659265	26	-22.799958	0.17
9827	98	23541120.659265	27	-22.811188	0.18
9828	98	23541120.659265	28	-22.811188	0.18
9829	98	23541120.659265	29	-22.811298	0.19
9830	98	23541120.659265	30	-22.868089	0.2
9831	98	23541120.659265	31	-22.913173	0.21
9832	98	23541120.659265	32	-22.913173	0.21
9833	98	23541120.659265	33	-22.913173	0.21
9834	98	23541120.659265	34	-22.919065	0.22
9835	98	23541120.659265	35	-22.930086	0.23
9836	98	23541120.659265	36	-22.930086	0.23
9837	98	23541120.659265	37	-22.930086	0.23
9838	98	23541120.659265	38	-22.930086	0.23
9839	98	23541120.659265	39	-22.944001	0.24
9840	98	23541120.659265	40	-22.944170	0.25
9841	98	23541120.659265	41	-22.952905	0.26
9842	98	23541120.659265	42	-22.955686	0.27
9843	98	23541120.659265	43	-22.955686	0.27
9844	98	23541120.659265	44	-22.988077	0.28
9845	98	23541120.659265	45	-22.988077	0.28
9846	98	23541120.659265	46	-22.988077	0.28
9847	98	23541120.659265	47	-22.992443	0.29
9848	98	23541120.659265	48	-22.992443	0.29
9849	98	23541120.659265	49	-22.994998	0.3
9850	98	23541120.659265	50	-22.995044	0.31
9851	98	23541120.659265	51	-22.995313	0.32
9852	98	23541120.659265	52	-22.995422	0.33
9853	98	23541120.659265	53	-22.995422	0.33
9854	98	23541120.659265	54	-22.995422	0.33
9855	98	23541120.659265	55	-22.995422	0.33
9856	98	23541120.659265	56	-22.995422	0.33
9857	98	23541120.659265	57	-22.995422	0.33
9858	98	23541120.659265	58	-23.000558	0.34
9859	98	23541120.659265	59	-23.000558	0.34
9860	98	23541120.659265	60	-23.000558	0.34
9861	98	23541120.659265	61	-23.004029	0.35
9862	98	23541120.659265	62	-23.004029	0.35
9863	98	23541120.659265	63	-23.004482	0.36
9864	98	23541120.659265	64	-23.004482	0.36
9865	98	23541120.659265	65	-23.022884	0.37
9866	98	23541120.659265	66	-23.034635	0.38
9867	98	23541120.659265	67	-23.034733	0.39
9868	98	23541120.659265	68	-23.034733	0.39
9869	98	23541120.659265	69	-23.078894	0.4
9870	98	23541120.659265	70	-23.095859	0.41
9871	98	23541120.659265	71	-23.096570	0.42
9872	98	23541120.659265	72	-23.096570	0.42
9873	98	23541120.659265	73	-23.096570	0.42
9874	98	23541120.659265	74	-23.096570	0.42
9875	98	23541120.659265	75	-23.102652	0.43
9876	98	23541120.659265	76	-23.102652	0.43
9877	98	23541120.659265	77	-23.102652	0.43
9878	98	23541120.659265	78	-23.123491	0.44
9879	98	23541120.659265	79	-23.123491	0.44
9880	98	23541120.659265	80	-23.142311	0.45
9881	98	23541120.659265	81	-23.142311	0.45
9882	98	23541120.659265	82	-23.142311	0.45
9883	98	23541120.659265	83	-23.142311	0.45
9884	98	23541120.659265	84	-23.142311	0.45
9885	98	23541120.659265	85	-23.146011	0.46
9886	98	23541120.659265	86	-23.148677	0.47
9887	98	23541120.659265	87	-23.148677	0.47
9888	98	23541120.659265	88	-23.149569	0.48
9889	98	23541120.659265	89	-23.149569	0.48
9890	98	23541120.659265	90	-23.149569	0.48
9891	98	23541120.659265	91	-23.168063	0.49
9892	98	23541120.659265	92	-23.169214	0.5
9893	98	23541120.659265	93	-23.178384	0.51
9894	98	23541120.659265	94	-23.178512	0.52
9895	98	23541120.659265	95	-23.193156	0.53
9896	98	23541120.659265	96	-23.193156	0.53
9897	98	23541120.659265	97	-23.196565	0.54
9898	98	23541120.659265	98	-23.196565	0.54
9899	98	23541120.659265	99	-23.196606	0.55
9900	99	25895232.725191	0	-23.196842	0.01
9901	99	25895232.725191	1	-23.196842	0.01
9902	99	25895232.725191	2	-23.197935	0.02
9903	99	25895232.725191	3	-23.218151	0.03
9904	99	25895232.725191	4	-23.218151	0.03
9905	99	25895232.725191	5	-23.219816	0.04
9906	99	25895232.725191	6	-23.232884	0.05
9907	99	25895232.725191	7	-23.232884	0.05
9908	99	25895232.725191	8	-23.232884	0.05
9909	99	25895232.725191	9	-23.232884	0.05
9910	99	25895232.725191	10	-23.232884	0.05
9911	99	25895232.725191	11	-23.233533	0.06
9912	99	25895232.725191	12	-23.245838	0.07
9913	99	25895232.725191	13	-23.247414	0.08
9914	99	25895232.725191	14	-23.252600	0.09
9915	99	25895232.725191	15	-23.253733	0.1
9916	99	25895232.725191	16	-23.291725	0.11
9917	99	25895232.725191	17	-23.291725	0.11
9918	99	25895232.725191	18	-23.291725	0.11
9919	99	25895232.725191	19	-23.291725	0.11
9920	99	25895232.725191	20	-23.313526	0.12
9921	99	25895232.725191	21	-23.314342	0.13
9922	99	25895232.725191	22	-23.314342	0.13
9923	99	25895232.725191	23	-23.314343	0.14
9924	99	25895232.725191	24	-23.318217	0.15
9925	99	25895232.725191	25	-23.318217	0.15
9926	99	25895232.725191	26	-23.318217	0.15
9927	99	25895232.725191	27	-23.322013	0.16
9928	99	25895232.725191	28	-23.322409	0.17
9929	99	25895232.725191	29	-23.329789	0.18
9930	99	25895232.725191	30	-23.330597	0.19
9931	99	25895232.725191	31	-23.330597	0.19
9932	99	25895232.725191	32	-23.353556	0.2
9933	99	25895232.725191	33	-23.353690	0.21
9934	99	25895232.725191	34	-23.354516	0.22
9935	99	25895232.725191	35	-23.354516	0.22
9936	99	25895232.725191	36	-23.354516	0.22
9937	99	25895232.725191	37	-23.354516	0.22
9938	99	25895232.725191	38	-23.354516	0.22
9939	99	25895232.725191	39	-23.354926	0.23
9940	99	25895232.725191	40	-23.354926	0.23
9941	99	25895232.725191	41	-23.354926	0.23
9942	99	25895232.725191	42	-23.355432	0.24
9943	99	25895232.725191	43	-23.355432	0.24
9944	99	25895232.725191	44	-23.355432	0.24
9945	99	25895232.725191	45	-23.355442	0.25
9946	99	25895232.725191	46	-23.362208	0.26
9947	99	25895232.725191	47	-23.396042	0.27
9948	99	25895232.725191	48	-23.396042	0.27
9949	99	25895232.725191	49	-23.423366	0.28
9950	99	25895232.725191	50	-23.452426	0.29
9951	99	25895232.725191	51	-23.452426	0.29
9952	99	25895232.725191	52	-23.452426	0.29
9953	99	25895232.725191	53	-23.452426	0.29
9954	99	25895232.725191	54	-23.452426	0.29
9955	99	25895232.725191	55	-23.452426	0.29
9956	99	25895232.725191	56	-23.452426	0.29
9957	99	25895232.725191	57	-23.452426	0.29
9958	99	25895232.725191	58	-23.453103	0.3
9959	99	25895232.725191	59	-23.459726	0.31
9960	99	25895232.725191	60	-23.459726	0.31
9961	99	25895232.725191	61	-23.459766	0.32
9962	99	25895232.725191	62	-23.460372	0.33
9963	99	25895232.725191	63	-23.471907	0.34
9964	99	25895232.725191	64	-23.471907	0.34
9965	99	25895232.725191	65	-23.472665	0.35
9966	99	25895232.725191	66	-23.472751	0.36
9967	99	25895232.725191	67	-23.481679	0.37
9968	99	25895232.725191	68	-23.481679	0.37
9969	99	25895232.725191	69	-23.481679	0.37
9970	99	25895232.725191	70	-23.484602	0.38
9971	99	25895232.725191	71	-23.491025	0.39
9972	99	25895232.725191	72	-23.491295	0.4
9973	99	25895232.725191	73	-23.500725	0.41
9974	99	25895232.725191	74	-23.500725	0.41
9975	99	25895232.725191	75	-23.500725	0.41
9976	99	25895232.725191	76	-23.500824	0.42
9977	99	25895232.725191	77	-23.500824	0.42
9978	99	25895232.725191	78	-23.500824	0.42
9979	99	25895232.725191	79	-23.504416	0.43
9980	99	25895232.725191	80	-23.509643	0.44
9981	99	25895232.725191	81	-23.528604	0.45
9982	99	25895232.725191	82	-23.531358	0.46
9983	99	25895232.725191	83	-23.539947	0.47
9984	99	25895232.725191	84	-23.539947	0.47
9985	99	25895232.725191	85	-23.539947	0.47
9986	99	25895232.725191	86	-23.552691	0.48
9987	99	25895232.725191	87	-23.579004	0.49
9988	99	25895232.725191	88	-23.579004	0.49
9989	99	25895232.725191	89	-23.582883	0.5
9990	99	25895232.725191	90	-23.589134	0.51
9991	99	25895232.725191	91	-23.589134	0.51
9992	99	25895232.725191	92	-23.589134	0.51
9993	99	25895232.725191	93	-23.589134	0.51
9994	99	25895232.725191	94	-23.589134	0.51
9995	99	25895232.725191	95	-23.590095	0.52
9996	99	25895232.725191	96	-23.601947	0.53
9997	99	25895232.725191	97	-23.601947	0.53
9998	99	25895232.725191	98	-23.601947	0.53
9999	99	25895232.725191	99	-23.616002	0.54
