Beta matrix values (n_betas x CHAINLEN)

Beta step 1:
	 1.85695	 1.55018	 1.32490	 0.93313	 2.12065	 1.28105	 1.20280	 0.01800	 0.99915	 1.76242	 1.95822	 1.42659	 1.92522	 1.47316	 0.28247	 1.43459	 2.60223	 1.40373	 1.20378	 1.95248	 1.31883	 1.38382	 0.52440	 2.32454	 1.85893	 1.02690	 1.02290	 0.00000	 2.13655	 1.87249	 1.51270	 2.02809	 2.44071	 1.21830	 0.00000	 0.00000	 0.00000	 1.49957	 1.94435	 2.71218	 1.88235	 2.40711	 0.81715	 1.31252	 0.54662	 0.18262	 1.79349	 0.32170	 1.00267	 1.44358	 1.18609	 0.67280	 0.70596	 0.96457	 1.68605	 1.65133	 3.20712	 1.15670	 2.78685	 2.90463	 3.07145	 0.49987	 0.00000	 0.71858	 2.54003	 2.23737	 2.86883	 2.41302	 2.74035	 1.09687	 1.91121	 2.14432	 1.84879	 1.81048	 1.69321	 1.54178	 0.74583	 1.78524	 1.36246	 1.22109	 1.52431	 2.36338	 0.92450	 2.13707	 1.39219	 2.11714	 1.71989	 1.91265	 2.18473	 1.87963	 0.95685	 1.96508	 1.46365	 2.08044	 1.45588	 1.17195	 1.92361	 2.04229	 2.03312	 0.81496	 0.99649	 0.96083	 1.51588	 0.84699	 1.08038	 0.52401	 1.31540	 1.72901	 3.03551	 3.33637	 3.36578	 3.44423	 3.34050	 3.20697	 2.79182	 2.24892	 1.73801	 1.04664	 0.47719	 0.25426	 0.05831	 0.00000	 0.00000	 0.00000	 0.04268	 0.12738	 0.39469	 0.71885	 1.45880	 2.01818	 2.54975	 3.03733	 3.18761	 3.11772	 2.99863	 2.06861	 1.58152	 2.62807	 0.86302	 0.87579	 0.89620	 0.88979	 1.03931	 1.86410	 1.00721	 1.18733	 1.25953	 1.29282	 1.33173	 2.39467	 2.64869	 2.38398	 1.41924	 1.10756	 0.33996	 1.80236	 1.04848	 2.29815	 1.68877	 1.69191	 1.14807	 2.11175	 1.64109	 1.55290	 0.93279	 1.95169	 1.86460	 1.59698	 1.59147	 1.00584	 1.60273	 0.51577	 2.16556	 1.73750	 1.71997	 2.10788	 0.00000	 2.19726	 2.44661	 2.17172	 2.67430	 2.37284	 0.62152	 0.62258	 0.26009	 0.59802	 1.58075	 2.50365	 2.28697	 1.72785	 2.54809	 0.81099	 1.06666	 0.45106	 0.63579	 1.87026	 0.52487	 0.89155	 1.97391	 1.36692	 0.02472	 2.11900	 1.26281	 1.23408	 0.90887	 1.28569	 2.83602	 0.22188	 0.23056	 0.00000	 0.00000	 0.00000	 0.00000	 0.23475	 0.23756	 2.39149	 1.77227	 2.51145	 1.54827	 2.20699	 1.54382	 0.95700	 1.40426	 0.54522	 2.10667	 0.60478	 0.59967	 0.95313	 0.86323	 0.94915	 2.20669	 1.09886	 1.07441	 0.38616	 0.41355	 1.40524	 2.19431	 1.62286	 1.57136	 0.65461	 1.63662	 0.64299	 1.46184	 1.93830	 1.42448	 1.13856	 1.86078	 1.46628	 0.80073	 2.01412	 1.00740	 2.06745	 0.81650	 1.02346	 0.51763	 2.16113	 2.22979	 2.55710	 2.66328	 2.27081	 2.11308	 0.70236	 0.01800	 0.00000	 0.00000	 0.00000	 0.00000	 0.00000	 0.00000	 0.00000	 0.00000	 0.00000	 0.00000	 0.00000	 0.00000	 0.00000	 0.00000	 0.00000	 0.00000	 0.00000	 0.00000	 0.14089	 1.98520	 3.06242	 2.77121	 3.00340	 1.88006	 0.56185	 0.82234	 1.91700	 0.89756	 0.91061	 1.32709	 1.38057	 1.84610	 1.58163	 1.76337	 0.00000

Beta step 2:
	 1.82054	 1.51979	 1.29893	 0.91483	 2.07907	 1.25594	 1.17922	 0.01765	 0.97956	 1.72786	 1.91982	 1.39862	 1.88747	 1.44427	 0.27693	 1.40646	 2.55121	 1.37621	 1.18017	 1.91419	 1.29298	 1.35669	 0.51412	 2.27896	 1.82248	 1.00676	 1.00284	 0.00000	 2.09465	 1.83578	 1.48304	 1.98832	 2.39285	 1.19441	 0.00000	 0.00000	 0.00000	 1.47017	 1.90623	 2.65900	 1.84544	 2.35991	 0.80113	 1.28679	 0.53590	 0.17904	 1.75833	 0.31539	 0.98301	 1.41528	 1.16283	 0.65960	 0.69212	 0.94566	 1.65299	 1.61895	 3.14424	 1.13402	 2.73221	 2.84768	 3.01122	 0.49007	 0.00000	 0.70449	 2.49023	 2.19350	 2.81258	 2.36571	 2.68662	 1.07536	 1.87374	 2.10227	 1.81254	 1.77498	 1.66001	 1.51155	 0.73120	 1.75023	 1.33574	 1.19715	 1.49443	 2.31703	 0.90637	 2.09516	 1.36489	 2.07563	 1.68617	 1.87515	 2.14189	 1.84277	 0.93808	 1.92655	 1.43496	 2.03965	 1.42733	 1.14897	 1.88589	 2.00224	 1.99326	 0.79898	 0.97695	 0.94199	 1.48615	 0.83038	 1.05920	 0.51373	 1.28961	 1.69510	 2.97599	 3.27095	 3.29978	 3.37669	 3.27500	 3.14409	 2.73708	 2.20482	 1.70393	 1.02611	 0.46783	 0.24927	 0.05717	 0.00000	 0.00000	 0.00000	 0.04184	 0.12488	 0.38695	 0.70476	 1.43020	 1.97860	 2.49976	 2.97777	 3.12510	 3.05659	 2.93983	 2.02805	 1.55051	 2.57654	 0.84610	 0.85862	 0.87862	 0.87234	 1.01893	 1.82755	 0.98746	 1.16405	 1.23484	 1.26747	 1.30561	 2.34771	 2.59676	 2.33723	 1.39141	 1.08584	 0.33330	 1.76702	 1.02792	 2.25309	 1.65566	 1.65873	 1.12556	 2.07034	 1.60891	 1.52245	 0.91450	 1.91342	 1.82804	 1.56566	 1.56027	 0.98611	 1.57131	 0.50566	 2.12309	 1.70343	 1.68624	 2.06655	 0.00000	 2.15418	 2.39864	 2.12913	 2.62187	 2.32632	 0.60933	 0.61037	 0.25499	 0.58630	 1.54976	 2.45456	 2.24213	 1.69397	 2.49813	 0.79509	 1.04574	 0.44221	 0.62332	 1.83359	 0.51458	 0.87407	 1.93520	 1.34011	 0.02423	 2.07746	 1.23805	 1.20988	 0.89105	 1.26048	 2.78041	 0.21753	 0.22603	 0.00000	 0.00000	 0.00000	 0.00000	 0.23015	 0.23290	 2.34460	 1.73752	 2.46221	 1.51791	 2.16371	 1.51355	 0.93823	 1.37673	 0.53453	 2.06536	 0.59292	 0.58791	 0.93445	 0.84630	 0.93054	 2.16343	 1.07732	 1.05335	 0.37859	 0.40545	 1.37768	 2.15128	 1.59104	 1.54055	 0.64177	 1.60453	 0.63038	 1.43317	 1.90029	 1.39655	 1.11623	 1.82429	 1.43752	 0.78503	 1.97462	 0.98765	 2.02691	 0.80050	 1.00339	 0.50749	 2.11876	 2.18607	 2.50696	 2.61106	 2.22629	 2.07165	 0.68858	 0.01765	 0.00000	 0.00000	 0.00000	 0.00000	 0.00000	 0.00000	 0.00000	 0.00000	 0.00000	 0.00000	 0.00000	 0.00000	 0.00000	 0.00000	 0.00000	 0.00000	 0.00000	 0.00000	 0.13813	 1.94628	 3.00237	 2.71687	 2.94451	 1.84320	 0.55083	 0.80622	 1.87941	 0.87996	 0.89276	 1.30107	 1.35350	 1.80990	 1.55062	 1.72880	 0.00000

Beta step 3:
	 1.78484	 1.48999	 1.27346	 0.89689	 2.03831	 1.23131	 1.15610	 0.01731	 0.96036	 1.69398	 1.88218	 1.37120	 1.85046	 1.41595	 0.27150	 1.37888	 2.50118	 1.34922	 1.15703	 1.87666	 1.26762	 1.33009	 0.50404	 2.23427	 1.78675	 0.98702	 0.98318	 0.00000	 2.05358	 1.79978	 1.45396	 1.94934	 2.34593	 1.17099	 0.00000	 0.00000	 0.00000	 1.44134	 1.86885	 2.60686	 1.80925	 2.31364	 0.78542	 1.26156	 0.52539	 0.17553	 1.72385	 0.30921	 0.96374	 1.38752	 1.14003	 0.64667	 0.67855	 0.92711	 1.62058	 1.58721	 3.08259	 1.11178	 2.67864	 2.79184	 2.95218	 0.48046	 0.00000	 0.69067	 2.44140	 2.15049	 2.75743	 2.31932	 2.63394	 1.05428	 1.83700	 2.06105	 1.77700	 1.74018	 1.62746	 1.48191	 0.71686	 1.71592	 1.30955	 1.17367	 1.46512	 2.27160	 0.88860	 2.05408	 1.33813	 2.03493	 1.65310	 1.83838	 2.09989	 1.80664	 0.91969	 1.88877	 1.40682	 1.99965	 1.39934	 1.12644	 1.84892	 1.96298	 1.95417	 0.78331	 0.95780	 0.92352	 1.45701	 0.81410	 1.03843	 0.50366	 1.26433	 1.66187	 2.91764	 3.20682	 3.23508	 3.31048	 3.21078	 3.08244	 2.68341	 2.16159	 1.67052	 1.00599	 0.45866	 0.24439	 0.05605	 0.00000	 0.00000	 0.00000	 0.04102	 0.12243	 0.37936	 0.69094	 1.40216	 1.93981	 2.45074	 2.91939	 3.06383	 2.99666	 2.88219	 1.98828	 1.52011	 2.52602	 0.82951	 0.84179	 0.86140	 0.85524	 0.99895	 1.79171	 0.96810	 1.14122	 1.21062	 1.24262	 1.28001	 2.30168	 2.54584	 2.29140	 1.36413	 1.06455	 0.32676	 1.73237	 1.00777	 2.20891	 1.62319	 1.62621	 1.10349	 2.02975	 1.57736	 1.49260	 0.89657	 1.87591	 1.79220	 1.53497	 1.52968	 0.96678	 1.54050	 0.49574	 2.08146	 1.67003	 1.65318	 2.02603	 0.00000	 2.11194	 2.35161	 2.08739	 2.57046	 2.28070	 0.59738	 0.59840	 0.24999	 0.57480	 1.51937	 2.40643	 2.19816	 1.66076	 2.44915	 0.77950	 1.02524	 0.43354	 0.61110	 1.79764	 0.50449	 0.85693	 1.89726	 1.31384	 0.02376	 2.03672	 1.21377	 1.18615	 0.87358	 1.23576	 2.72589	 0.21326	 0.22160	 0.00000	 0.00000	 0.00000	 0.00000	 0.22563	 0.22833	 2.29862	 1.70345	 2.41393	 1.48815	 2.12129	 1.48387	 0.91984	 1.34973	 0.52405	 2.02487	 0.58130	 0.57639	 0.91612	 0.82971	 0.91230	 2.12101	 1.05619	 1.03269	 0.37117	 0.39750	 1.35067	 2.10910	 1.55984	 1.51034	 0.62919	 1.57307	 0.61802	 1.40507	 1.86303	 1.36917	 1.09434	 1.78852	 1.40934	 0.76964	 1.93591	 0.96828	 1.98716	 0.78480	 0.98372	 0.49753	 2.07721	 2.14321	 2.45780	 2.55986	 2.18263	 2.03103	 0.67508	 0.01731	 0.00000	 0.00000	 0.00000	 0.00000	 0.00000	 0.00000	 0.00000	 0.00000	 0.00000	 0.00000	 0.00000	 0.00000	 0.00000	 0.00000	 0.00000	 0.00000	 0.00000	 0.00000	 0.13542	 1.90811	 2.94350	 2.66360	 2.88677	 1.80706	 0.54003	 0.79041	 1.84256	 0.86271	 0.87525	 1.27556	 1.32696	 1.77441	 1.52021	 1.69490	 0.00000

Beta step 4:
	 1.74985	 1.46077	 1.24849	 0.87931	 1.99834	 1.20717	 1.13343	 0.01697	 0.94153	 1.66077	 1.84527	 1.34431	 1.81417	 1.38819	 0.26618	 1.35185	 2.45214	 1.32277	 1.13435	 1.83986	 1.24277	 1.30401	 0.49415	 2.19046	 1.75171	 0.96767	 0.96390	 0.00000	 2.01331	 1.76449	 1.42545	 1.91111	 2.29993	 1.14803	 0.00000	 0.00000	 0.00000	 1.41308	 1.83221	 2.55575	 1.77378	 2.26827	 0.77002	 1.23682	 0.51509	 0.17208	 1.69005	 0.30315	 0.94484	 1.36032	 1.11768	 0.63399	 0.66524	 0.90894	 1.58880	 1.55609	 3.02214	 1.08998	 2.62611	 2.73710	 2.89429	 0.47104	 0.00000	 0.67713	 2.39353	 2.10832	 2.70337	 2.27385	 2.58229	 1.03361	 1.80098	 2.02064	 1.74216	 1.70606	 1.59555	 1.45285	 0.70281	 1.68227	 1.28387	 1.15066	 1.43640	 2.22706	 0.87118	 2.01381	 1.31189	 1.99503	 1.62069	 1.80233	 2.05872	 1.77122	 0.90166	 1.85174	 1.37923	 1.96045	 1.37190	 1.10435	 1.81266	 1.92449	 1.91586	 0.76795	 0.93902	 0.90541	 1.42844	 0.79814	 1.01807	 0.49379	 1.23953	 1.62928	 2.86043	 3.14394	 3.17165	 3.24557	 3.14782	 3.02200	 2.63079	 2.11920	 1.63776	 0.98627	 0.44967	 0.23959	 0.05495	 0.00000	 0.00000	 0.00000	 0.04022	 0.12003	 0.37192	 0.67739	 1.37466	 1.90177	 2.40269	 2.86214	 3.00375	 2.93790	 2.82568	 1.94930	 1.49030	 2.47649	 0.81324	 0.82528	 0.84451	 0.83847	 0.97936	 1.75658	 0.94912	 1.11885	 1.18689	 1.21825	 1.25491	 2.25655	 2.49592	 2.24647	 1.33738	 1.04368	 0.32035	 1.69840	 0.98801	 2.16560	 1.59137	 1.59432	 1.08185	 1.98995	 1.54643	 1.46333	 0.87899	 1.83912	 1.75705	 1.50487	 1.49968	 0.94782	 1.51029	 0.48602	 2.04065	 1.63729	 1.62076	 1.98630	 0.00000	 2.07053	 2.30550	 2.04646	 2.52006	 2.23598	 0.58567	 0.58667	 0.24509	 0.56353	 1.48958	 2.35924	 2.15506	 1.62819	 2.40112	 0.76421	 1.00513	 0.42504	 0.59912	 1.76239	 0.49460	 0.84013	 1.86006	 1.28807	 0.02329	 1.99679	 1.18997	 1.16290	 0.85645	 1.21153	 2.67245	 0.20908	 0.21726	 0.00000	 0.00000	 0.00000	 0.00000	 0.22121	 0.22385	 2.25355	 1.67005	 2.36660	 1.45897	 2.07969	 1.45477	 0.90180	 1.32327	 0.51378	 1.98516	 0.56990	 0.56509	 0.89816	 0.81344	 0.89441	 2.07942	 1.03548	 1.01244	 0.36389	 0.38970	 1.32419	 2.06774	 1.52926	 1.48073	 0.61685	 1.54222	 0.60590	 1.37752	 1.82650	 1.34232	 1.07289	 1.75345	 1.38170	 0.75454	 1.89795	 0.94930	 1.94820	 0.76941	 0.96443	 0.48778	 2.03648	 2.10118	 2.40961	 2.50967	 2.13984	 1.99120	 0.66185	 0.01697	 0.00000	 0.00000	 0.00000	 0.00000	 0.00000	 0.00000	 0.00000	 0.00000	 0.00000	 0.00000	 0.00000	 0.00000	 0.00000	 0.00000	 0.00000	 0.00000	 0.00000	 0.00000	 0.13276	 1.87070	 2.88579	 2.61137	 2.83017	 1.77163	 0.52944	 0.77491	 1.80643	 0.84579	 0.85809	 1.25055	 1.30094	 1.73962	 1.49041	 1.66167	 0.00000

Beta step 5:
	 1.71554	 1.43213	 1.22401	 0.86206	 1.95916	 1.18350	 1.11121	 0.01663	 0.92306	 1.62820	 1.80909	 1.31795	 1.77860	 1.36097	 0.26096	 1.32534	 2.40406	 1.29683	 1.11210	 1.80379	 1.21840	 1.27844	 0.48446	 2.14751	 1.71737	 0.94869	 0.94500	 0.00000	 1.97384	 1.72989	 1.39750	 1.87364	 2.25484	 1.12552	 0.00000	 0.00000	 0.00000	 1.38537	 1.79628	 2.50563	 1.73900	 2.22379	 0.75492	 1.21257	 0.50499	 0.16871	 1.65691	 0.29720	 0.92631	 1.33365	 1.09576	 0.62156	 0.65220	 0.89111	 1.55765	 1.52558	 2.96289	 1.06861	 2.57462	 2.68343	 2.83754	 0.46180	 0.00000	 0.66385	 2.34660	 2.06698	 2.65036	 2.22926	 2.53166	 1.01334	 1.76567	 1.98102	 1.70800	 1.67260	 1.56426	 1.42437	 0.68903	 1.64928	 1.25870	 1.12810	 1.40823	 2.18339	 0.85409	 1.97432	 1.28617	 1.95591	 1.58891	 1.76699	 2.01835	 1.73649	 0.88398	 1.81543	 1.35219	 1.92200	 1.34500	 1.08270	 1.77712	 1.88676	 1.87829	 0.75289	 0.92060	 0.88766	 1.40043	 0.78249	 0.99811	 0.48410	 1.21523	 1.59733	 2.80435	 3.08229	 3.10946	 3.18193	 3.08610	 2.96275	 2.57921	 2.07765	 1.60565	 0.96693	 0.44085	 0.23490	 0.05387	 0.00000	 0.00000	 0.00000	 0.03943	 0.11768	 0.36463	 0.66411	 1.34771	 1.86448	 2.35558	 2.80602	 2.94486	 2.88029	 2.77027	 1.91108	 1.46108	 2.42793	 0.79730	 0.80910	 0.82795	 0.82203	 0.96016	 1.72214	 0.93051	 1.09691	 1.16361	 1.19437	 1.23031	 2.21230	 2.44698	 2.20242	 1.31116	 1.02322	 0.31407	 1.66510	 0.96863	 2.12313	 1.56016	 1.56306	 1.06064	 1.95093	 1.51611	 1.43464	 0.86175	 1.80306	 1.72260	 1.47536	 1.47028	 0.92924	 1.48068	 0.47649	 2.00064	 1.60518	 1.58898	 1.94735	 0.00000	 2.02993	 2.26029	 2.00633	 2.47064	 2.19214	 0.57418	 0.57517	 0.24028	 0.55248	 1.46037	 2.31298	 2.11281	 1.59627	 2.35404	 0.74923	 0.98542	 0.41671	 0.58737	 1.72783	 0.48490	 0.82366	 1.82358	 1.26282	 0.02284	 1.95763	 1.16664	 1.14009	 0.83966	 1.18778	 2.62004	 0.20498	 0.21300	 0.00000	 0.00000	 0.00000	 0.00000	 0.21687	 0.21947	 2.20936	 1.63731	 2.32019	 1.43036	 2.03891	 1.42625	 0.88412	 1.29732	 0.50370	 1.94624	 0.55872	 0.55401	 0.88055	 0.79749	 0.87687	 2.03865	 1.01518	 0.99259	 0.35675	 0.38206	 1.29822	 2.02720	 1.49927	 1.45170	 0.60476	 1.51198	 0.59402	 1.35051	 1.79069	 1.31600	 1.05185	 1.71907	 1.35461	 0.73975	 1.86073	 0.93068	 1.91000	 0.75432	 0.94552	 0.47821	 1.99655	 2.05998	 2.36236	 2.46046	 2.09788	 1.95216	 0.64887	 0.01663	 0.00000	 0.00000	 0.00000	 0.00000	 0.00000	 0.00000	 0.00000	 0.00000	 0.00000	 0.00000	 0.00000	 0.00000	 0.00000	 0.00000	 0.00000	 0.00000	 0.00000	 0.00000	 0.13016	 1.83402	 2.82920	 2.56017	 2.77468	 1.73689	 0.51906	 0.75971	 1.77101	 0.82921	 0.84127	 1.22603	 1.27543	 1.70551	 1.46118	 1.62909	 0.00000

Beta step 6:
	 1.68190	 1.40405	 1.20001	 0.84516	 1.92074	 1.16029	 1.08942	 0.01631	 0.90497	 1.59628	 1.77362	 1.29211	 1.74373	 1.33428	 0.25584	 1.29935	 2.35692	 1.27140	 1.09030	 1.76842	 1.19451	 1.25337	 0.47496	 2.10540	 1.68369	 0.93009	 0.92647	 0.00000	 1.93513	 1.69597	 1.37010	 1.83690	 2.21062	 1.10345	 0.00000	 0.00000	 0.00000	 1.35821	 1.76106	 2.45650	 1.70490	 2.18019	 0.74012	 1.18879	 0.49509	 0.16540	 1.62442	 0.29137	 0.90815	 1.30750	 1.07428	 0.60937	 0.63941	 0.87364	 1.52711	 1.49566	 2.90479	 1.04766	 2.52414	 2.63081	 2.78191	 0.45275	 0.00000	 0.65084	 2.30058	 2.02645	 2.59839	 2.18555	 2.48202	 0.99347	 1.73105	 1.94218	 1.67451	 1.63981	 1.53359	 1.39644	 0.67552	 1.61695	 1.23402	 1.10598	 1.38062	 2.14058	 0.83735	 1.93561	 1.26095	 1.91756	 1.55776	 1.73235	 1.97878	 1.70244	 0.86664	 1.77983	 1.32568	 1.88432	 1.31863	 1.06147	 1.74228	 1.84976	 1.84146	 0.73813	 0.90255	 0.87025	 1.37298	 0.76714	 0.97854	 0.47461	 1.19140	 1.56601	 2.74936	 3.02186	 3.04849	 3.11954	 3.02559	 2.90465	 2.52864	 2.03691	 1.57417	 0.94797	 0.43221	 0.23029	 0.05282	 0.00000	 0.00000	 0.00000	 0.03865	 0.11537	 0.35748	 0.65108	 1.32128	 1.82792	 2.30939	 2.75100	 2.88711	 2.82382	 2.71595	 1.87360	 1.43243	 2.38033	 0.78166	 0.79323	 0.81171	 0.80591	 0.94133	 1.68837	 0.91226	 1.07540	 1.14080	 1.17095	 1.20618	 2.16892	 2.39900	 2.15924	 1.28545	 1.00315	 0.30791	 1.63245	 0.94964	 2.08150	 1.52957	 1.53241	 1.03984	 1.91267	 1.48638	 1.40651	 0.84485	 1.76771	 1.68883	 1.44643	 1.44145	 0.91102	 1.45165	 0.46715	 1.96141	 1.57371	 1.55783	 1.90917	 0.00000	 1.99013	 2.21597	 1.96699	 2.42220	 2.14916	 0.56293	 0.56389	 0.23557	 0.54165	 1.43173	 2.26763	 2.07138	 1.56497	 2.30789	 0.73454	 0.96610	 0.40854	 0.57585	 1.69395	 0.47539	 0.80751	 1.78783	 1.23806	 0.02239	 1.91925	 1.14376	 1.11774	 0.82319	 1.16449	 2.56867	 0.20096	 0.20882	 0.00000	 0.00000	 0.00000	 0.00000	 0.21262	 0.21516	 2.16604	 1.60520	 2.27470	 1.40232	 1.99893	 1.39828	 0.86678	 1.27188	 0.49383	 1.90808	 0.54777	 0.54314	 0.86328	 0.78185	 0.85968	 1.99867	 0.99528	 0.97313	 0.34976	 0.37457	 1.27277	 1.98745	 1.46987	 1.42323	 0.59290	 1.48234	 0.58238	 1.32403	 1.75558	 1.29020	 1.03122	 1.68536	 1.32805	 0.72524	 1.82425	 0.91243	 1.87255	 0.73953	 0.92698	 0.46884	 1.95741	 2.01959	 2.31604	 2.41221	 2.05675	 1.91388	 0.63615	 0.01631	 0.00000	 0.00000	 0.00000	 0.00000	 0.00000	 0.00000	 0.00000	 0.00000	 0.00000	 0.00000	 0.00000	 0.00000	 0.00000	 0.00000	 0.00000	 0.00000	 0.00000	 0.00000	 0.12761	 1.79806	 2.77373	 2.50997	 2.72027	 1.70283	 0.50888	 0.74482	 1.73629	 0.81295	 0.82477	 1.20199	 1.25042	 1.67207	 1.43253	 1.59714	 0.00000

Beta step 7:
	 1.64892	 1.37652	 1.17648	 0.82859	 1.88308	 1.13754	 1.06806	 0.01599	 0.88722	 1.56498	 1.73884	 1.26677	 1.70954	 1.30812	 0.25083	 1.27388	 2.31071	 1.24647	 1.06892	 1.73374	 1.17109	 1.22880	 0.46565	 2.06412	 1.65068	 0.91185	 0.90830	 0.00000	 1.89719	 1.66272	 1.34324	 1.80089	 2.16728	 1.08181	 0.00000	 0.00000	 0.00000	 1.33158	 1.72653	 2.40834	 1.67147	 2.13744	 0.72561	 1.16548	 0.48538	 0.16216	 1.59257	 0.28566	 0.89034	 1.28186	 1.05322	 0.59742	 0.62687	 0.85651	 1.49716	 1.46634	 2.84783	 1.02711	 2.47465	 2.57923	 2.72736	 0.44387	 0.00000	 0.63807	 2.25547	 1.98672	 2.54744	 2.14270	 2.43335	 0.97399	 1.69710	 1.90410	 1.64167	 1.60765	 1.50352	 1.36906	 0.66227	 1.58524	 1.20982	 1.08429	 1.35355	 2.09861	 0.82093	 1.89765	 1.23623	 1.87996	 1.52721	 1.69838	 1.93998	 1.66906	 0.84965	 1.74493	 1.29968	 1.84737	 1.29278	 1.04065	 1.70811	 1.81349	 1.80536	 0.72366	 0.88486	 0.85319	 1.34605	 0.75210	 0.95935	 0.46531	 1.16804	 1.53531	 2.69545	 2.96260	 2.98871	 3.05837	 2.96627	 2.84770	 2.47905	 1.99697	 1.54330	 0.92938	 0.42373	 0.22577	 0.05178	 0.00000	 0.00000	 0.00000	 0.03790	 0.11311	 0.35047	 0.63832	 1.29538	 1.79208	 2.26411	 2.69706	 2.83050	 2.76845	 2.66270	 1.83687	 1.40434	 2.33366	 0.76634	 0.77768	 0.79580	 0.79011	 0.92288	 1.65527	 0.89438	 1.05431	 1.11843	 1.14799	 1.18253	 2.12640	 2.35196	 2.11690	 1.26025	 0.98348	 0.30188	 1.60044	 0.93102	 2.04069	 1.49958	 1.50237	 1.01945	 1.87517	 1.45724	 1.37893	 0.82829	 1.73305	 1.65571	 1.41807	 1.41318	 0.89315	 1.42318	 0.45799	 1.92295	 1.54285	 1.52728	 1.87174	 0.00000	 1.95110	 2.17252	 1.92842	 2.37470	 2.10702	 0.55189	 0.55283	 0.23095	 0.53103	 1.40366	 2.22317	 2.03076	 1.53428	 2.26263	 0.72014	 0.94716	 0.40053	 0.56456	 1.66074	 0.46607	 0.79167	 1.75277	 1.21378	 0.02195	 1.88162	 1.12134	 1.09582	 0.80705	 1.14165	 2.51830	 0.19702	 0.20473	 0.00000	 0.00000	 0.00000	 0.00000	 0.20845	 0.21094	 2.12357	 1.57373	 2.23010	 1.37482	 1.95974	 1.37086	 0.84979	 1.24694	 0.48414	 1.87066	 0.53703	 0.53249	 0.84636	 0.76652	 0.84282	 1.95948	 0.97576	 0.95405	 0.34290	 0.36722	 1.24781	 1.94848	 1.44105	 1.39532	 0.58127	 1.45327	 0.57096	 1.29807	 1.72115	 1.26490	 1.01100	 1.65232	 1.30201	 0.71102	 1.78848	 0.89454	 1.83583	 0.72503	 0.90880	 0.45965	 1.91902	 1.97999	 2.27063	 2.36492	 2.01642	 1.87636	 0.62367	 0.01599	 0.00000	 0.00000	 0.00000	 0.00000	 0.00000	 0.00000	 0.00000	 0.00000	 0.00000	 0.00000	 0.00000	 0.00000	 0.00000	 0.00000	 0.00000	 0.00000	 0.00000	 0.00000	 0.12511	 1.76280	 2.71934	 2.46075	 2.66693	 1.66944	 0.49890	 0.73021	 1.70224	 0.79701	 0.80860	 1.17842	 1.22591	 1.63928	 1.40444	 1.56583	 0.00000

Beta step 8:
	 1.61659	 1.34953	 1.15341	 0.81234	 1.84616	 1.11523	 1.04711	 0.01567	 0.86982	 1.53429	 1.70475	 1.24193	 1.67602	 1.28247	 0.24591	 1.24890	 2.26540	 1.22203	 1.04796	 1.69975	 1.14813	 1.20470	 0.45652	 2.02365	 1.61831	 0.89397	 0.89049	 0.00000	 1.85999	 1.63012	 1.31690	 1.76557	 2.12478	 1.06060	 0.00000	 0.00000	 0.00000	 1.30547	 1.69268	 2.36112	 1.63870	 2.09553	 0.71138	 1.14263	 0.47586	 0.15898	 1.56134	 0.28006	 0.87289	 1.25672	 1.03256	 0.58571	 0.61458	 0.83972	 1.46781	 1.43758	 2.79199	 1.00698	 2.42612	 2.52866	 2.67388	 0.43517	 0.00000	 0.62556	 2.21125	 1.94776	 2.49749	 2.10068	 2.38564	 0.95489	 1.66383	 1.86676	 1.60948	 1.57613	 1.47404	 1.34221	 0.64929	 1.55416	 1.18610	 1.06303	 1.32701	 2.05746	 0.80483	 1.86045	 1.21199	 1.84310	 1.49727	 1.66508	 1.90194	 1.63633	 0.83299	 1.71072	 1.27420	 1.81115	 1.26743	 1.02025	 1.67462	 1.77793	 1.76996	 0.70947	 0.86751	 0.83646	 1.31966	 0.73735	 0.94054	 0.45618	 1.14514	 1.50520	 2.64260	 2.90451	 2.93011	 2.99841	 2.90810	 2.79186	 2.43045	 1.95782	 1.51304	 0.91116	 0.41542	 0.22135	 0.05077	 0.00000	 0.00000	 0.00000	 0.03715	 0.11089	 0.34360	 0.62580	 1.26998	 1.75694	 2.21971	 2.64418	 2.77500	 2.71416	 2.61049	 1.80085	 1.37681	 2.28790	 0.75131	 0.76243	 0.78019	 0.77461	 0.90478	 1.62281	 0.87684	 1.03364	 1.09650	 1.12548	 1.15935	 2.08470	 2.30585	 2.07539	 1.23553	 0.96420	 0.29596	 1.56906	 0.91277	 2.00068	 1.47018	 1.47291	 0.99946	 1.83840	 1.42867	 1.35189	 0.81205	 1.69907	 1.62325	 1.39027	 1.38547	 0.87564	 1.39528	 0.44901	 1.88525	 1.51260	 1.49734	 1.83504	 0.00000	 1.91285	 2.12993	 1.89061	 2.32814	 2.06570	 0.54107	 0.54199	 0.22642	 0.52061	 1.37614	 2.17957	 1.99094	 1.50420	 2.21827	 0.70601	 0.92859	 0.39267	 0.55349	 1.62817	 0.45693	 0.77615	 1.71840	 1.18998	 0.02152	 1.84472	 1.09935	 1.07434	 0.79123	 1.11927	 2.46893	 0.19316	 0.20071	 0.00000	 0.00000	 0.00000	 0.00000	 0.20436	 0.20681	 2.08193	 1.54287	 2.18637	 1.34786	 1.92131	 1.34399	 0.83312	 1.22249	 0.47465	 1.83398	 0.52650	 0.52205	 0.82976	 0.75149	 0.82630	 1.92106	 0.95663	 0.93534	 0.33618	 0.36002	 1.22334	 1.91028	 1.41280	 1.36796	 0.56988	 1.42478	 0.55976	 1.27262	 1.68740	 1.24010	 0.99118	 1.61992	 1.27648	 0.69708	 1.75341	 0.87700	 1.79984	 0.71082	 0.89098	 0.45063	 1.88140	 1.94117	 2.22611	 2.31854	 1.97688	 1.83956	 0.61144	 0.01567	 0.00000	 0.00000	 0.00000	 0.00000	 0.00000	 0.00000	 0.00000	 0.00000	 0.00000	 0.00000	 0.00000	 0.00000	 0.00000	 0.00000	 0.00000	 0.00000	 0.00000	 0.00000	 0.12265	 1.72824	 2.66602	 2.41250	 2.61464	 1.63671	 0.48912	 0.71590	 1.66886	 0.78138	 0.79274	 1.15531	 1.20187	 1.60714	 1.37691	 1.53512	 0.00000

Beta step 9:
	 1.58489	 1.32306	 1.13079	 0.79641	 1.80996	 1.09337	 1.02658	 0.01537	 0.85277	 1.50421	 1.67132	 1.21758	 1.64315	 1.25732	 0.24109	 1.22441	 2.22098	 1.19807	 1.02741	 1.66642	 1.12561	 1.18108	 0.44757	 1.98397	 1.58658	 0.87645	 0.87303	 0.00000	 1.82352	 1.59815	 1.29108	 1.73095	 2.08312	 1.03981	 0.00000	 0.00000	 0.00000	 1.27987	 1.65949	 2.31482	 1.60657	 2.05444	 0.69743	 1.12022	 0.46653	 0.15586	 1.53073	 0.27457	 0.85577	 1.23208	 1.01232	 0.57423	 0.60253	 0.82325	 1.43903	 1.40940	 2.73725	 0.98723	 2.37855	 2.47907	 2.62145	 0.42663	 0.00000	 0.61330	 2.16789	 1.90957	 2.44852	 2.05949	 2.33886	 0.93617	 1.63120	 1.83016	 1.57792	 1.54523	 1.44514	 1.31589	 0.63656	 1.52368	 1.16284	 1.04219	 1.30099	 2.01712	 0.78905	 1.82397	 1.18822	 1.80696	 1.46791	 1.63243	 1.86465	 1.60424	 0.81666	 1.67718	 1.24922	 1.77564	 1.24258	 1.00024	 1.64178	 1.74307	 1.73525	 0.69556	 0.85050	 0.82006	 1.29379	 0.72290	 0.92210	 0.44724	 1.12268	 1.47569	 2.59078	 2.84756	 2.87266	 2.93961	 2.85108	 2.73712	 2.38279	 1.91943	 1.48337	 0.89329	 0.40728	 0.21701	 0.04977	 0.00000	 0.00000	 0.00000	 0.03642	 0.10871	 0.33686	 0.61353	 1.24508	 1.72249	 2.17619	 2.59233	 2.72059	 2.66095	 2.55930	 1.76554	 1.34981	 2.24304	 0.73658	 0.74748	 0.76490	 0.75942	 0.88704	 1.59099	 0.85965	 1.01337	 1.07500	 1.10341	 1.13661	 2.04383	 2.26063	 2.03470	 1.21131	 0.94529	 0.29015	 1.53830	 0.89487	 1.96145	 1.44135	 1.44403	 0.97986	 1.80236	 1.40065	 1.32539	 0.79612	 1.66575	 1.59142	 1.36301	 1.35831	 0.85847	 1.36792	 0.44020	 1.84828	 1.48294	 1.46798	 1.79905	 0.00000	 1.87534	 2.08816	 1.85354	 2.28249	 2.02520	 0.53046	 0.53136	 0.22198	 0.51041	 1.34916	 2.13684	 1.95191	 1.47470	 2.17477	 0.69217	 0.91038	 0.38497	 0.54264	 1.59625	 0.44797	 0.76093	 1.68471	 1.16665	 0.02110	 1.80855	 1.07779	 1.05327	 0.77571	 1.09732	 2.42052	 0.18937	 0.19678	 0.00000	 0.00000	 0.00000	 0.00000	 0.20036	 0.20275	 2.04111	 1.51262	 2.14350	 1.32144	 1.88364	 1.31763	 0.81679	 1.19852	 0.46534	 1.79802	 0.51617	 0.51182	 0.81349	 0.73676	 0.81009	 1.88339	 0.93787	 0.91700	 0.32958	 0.35296	 1.19936	 1.87282	 1.38510	 1.34114	 0.55870	 1.39684	 0.54879	 1.24766	 1.65432	 1.21578	 0.97175	 1.58816	 1.25145	 0.68341	 1.71903	 0.85981	 1.76454	 0.69688	 0.87351	 0.44180	 1.84451	 1.90310	 2.18246	 2.27308	 1.93812	 1.80349	 0.59945	 0.01537	 0.00000	 0.00000	 0.00000	 0.00000	 0.00000	 0.00000	 0.00000	 0.00000	 0.00000	 0.00000	 0.00000	 0.00000	 0.00000	 0.00000	 0.00000	 0.00000	 0.00000	 0.00000	 0.12025	 1.69435	 2.61375	 2.36520	 2.56337	 1.60462	 0.47953	 0.70186	 1.63614	 0.76606	 0.77720	 1.13266	 1.17830	 1.57563	 1.34991	 1.50502	 0.00000

Beta step 10:
	 1.55381	 1.29712	 1.10862	 0.78080	 1.77447	 1.07193	 1.00645	 0.01507	 0.83605	 1.47471	 1.63855	 1.19371	 1.61093	 1.23267	 0.23636	 1.20040	 2.17743	 1.17458	 1.00727	 1.63375	 1.10354	 1.15792	 0.43879	 1.94507	 1.55547	 0.85926	 0.85592	 0.00000	 1.78777	 1.56682	 1.26576	 1.69701	 2.04228	 1.01942	 0.00000	 0.00000	 0.00000	 1.25477	 1.62695	 2.26943	 1.57507	 2.01416	 0.68376	 1.09826	 0.45739	 0.15281	 1.50072	 0.26918	 0.83899	 1.20792	 0.99247	 0.56297	 0.59072	 0.80711	 1.41081	 1.38176	 2.68358	 0.96787	 2.33191	 2.43046	 2.57005	 0.41827	 0.00000	 0.60127	 2.12538	 1.87213	 2.40051	 2.01911	 2.29300	 0.91781	 1.59922	 1.79427	 1.54698	 1.51493	 1.41680	 1.29009	 0.62407	 1.49381	 1.14004	 1.02175	 1.27548	 1.97757	 0.77358	 1.78820	 1.16492	 1.77153	 1.43913	 1.60042	 1.82808	 1.57279	 0.80065	 1.64429	 1.22472	 1.74082	 1.21821	 0.98063	 1.60959	 1.70889	 1.70123	 0.68192	 0.83382	 0.80398	 1.26842	 0.70872	 0.90402	 0.43847	 1.10067	 1.44675	 2.53998	 2.79173	 2.81633	 2.88197	 2.79518	 2.68345	 2.33607	 1.88179	 1.45429	 0.87578	 0.39929	 0.21275	 0.04879	 0.00000	 0.00000	 0.00000	 0.03571	 0.10658	 0.33026	 0.60150	 1.22066	 1.68872	 2.13352	 2.54150	 2.66725	 2.60877	 2.50912	 1.73092	 1.32335	 2.19906	 0.72213	 0.73283	 0.74990	 0.74453	 0.86965	 1.55979	 0.84279	 0.99350	 1.05392	 1.08177	 1.11433	 2.00375	 2.21631	 1.99480	 1.18756	 0.92676	 0.28447	 1.50813	 0.87732	 1.92299	 1.41309	 1.41571	 0.96065	 1.76702	 1.37319	 1.29940	 0.78051	 1.63309	 1.56021	 1.33628	 1.33167	 0.84164	 1.34110	 0.43157	 1.81204	 1.45386	 1.43919	 1.76378	 0.00000	 1.83857	 2.04722	 1.81719	 2.23774	 1.98549	 0.52006	 0.52095	 0.21763	 0.50040	 1.32270	 2.09494	 1.91363	 1.44579	 2.13213	 0.67860	 0.89253	 0.37743	 0.53200	 1.56495	 0.43919	 0.74601	 1.65168	 1.14377	 0.02068	 1.77309	 1.05666	 1.03262	 0.76050	 1.07581	 2.37306	 0.18566	 0.19292	 0.00000	 0.00000	 0.00000	 0.00000	 0.19643	 0.19878	 2.00109	 1.48296	 2.10147	 1.29552	 1.84671	 1.29180	 0.80077	 1.17502	 0.45622	 1.76277	 0.50605	 0.50178	 0.79754	 0.72231	 0.79421	 1.84646	 0.91948	 0.89902	 0.32312	 0.34604	 1.17584	 1.83610	 1.35794	 1.31485	 0.54775	 1.36945	 0.53803	 1.22320	 1.62188	 1.19194	 0.95269	 1.55702	 1.22691	 0.67001	 1.68532	 0.84295	 1.72995	 0.68321	 0.85639	 0.43313	 1.80834	 1.86579	 2.13967	 2.22851	 1.90012	 1.76813	 0.58770	 0.01507	 0.00000	 0.00000	 0.00000	 0.00000	 0.00000	 0.00000	 0.00000	 0.00000	 0.00000	 0.00000	 0.00000	 0.00000	 0.00000	 0.00000	 0.00000	 0.00000	 0.00000	 0.00000	 0.11789	 1.66113	 2.56250	 2.31882	 2.51311	 1.57315	 0.47013	 0.68810	 1.60406	 0.75104	 0.76196	 1.11045	 1.15520	 1.54473	 1.32344	 1.47551	 0.00000

Beta step 11:
	 1.52335	 1.27169	 1.08688	 0.76549	 1.73967	 1.05091	 0.98672	 0.01477	 0.81965	 1.44580	 1.60642	 1.17030	 1.57935	 1.20850	 0.23172	 1.17686	 2.13474	 1.15155	 0.98752	 1.60171	 1.08190	 1.13522	 0.43019	 1.90693	 1.52497	 0.84241	 0.83913	 0.00000	 1.75271	 1.53610	 1.24094	 1.66374	 2.00223	 0.99943	 0.00000	 0.00000	 0.00000	 1.23017	 1.59505	 2.22493	 1.54418	 1.97467	 0.67035	 1.07673	 0.44842	 0.14981	 1.47129	 0.26391	 0.82254	 1.18424	 0.97301	 0.55193	 0.57913	 0.79128	 1.38315	 1.35467	 2.63096	 0.94890	 2.28619	 2.38281	 2.51966	 0.41007	 0.00000	 0.58948	 2.08371	 1.83542	 2.35344	 1.97952	 2.24804	 0.89982	 1.56786	 1.75909	 1.51665	 1.48522	 1.38902	 1.26480	 0.61184	 1.46452	 1.11769	 1.00172	 1.25047	 1.93879	 0.75841	 1.75314	 1.14208	 1.73679	 1.41091	 1.56904	 1.79224	 1.54195	 0.78495	 1.61205	 1.20071	 1.70669	 1.19433	 0.96140	 1.57803	 1.67539	 1.66787	 0.66855	 0.81747	 0.78821	 1.24355	 0.69482	 0.88629	 0.42987	 1.07909	 1.41839	 2.49018	 2.73699	 2.76111	 2.82546	 2.74037	 2.63084	 2.29026	 1.84489	 1.42577	 0.85861	 0.39146	 0.20858	 0.04784	 0.00000	 0.00000	 0.00000	 0.03501	 0.10449	 0.32378	 0.58971	 1.19673	 1.65561	 2.09168	 2.49167	 2.61495	 2.55762	 2.45992	 1.69698	 1.29740	 2.15594	 0.70798	 0.71846	 0.73519	 0.72994	 0.85260	 1.52921	 0.82627	 0.97402	 1.03326	 1.06056	 1.09248	 1.96446	 2.17285	 1.95569	 1.16427	 0.90859	 0.27889	 1.47856	 0.86012	 1.88528	 1.38538	 1.38795	 0.94181	 1.73237	 1.34626	 1.27392	 0.76521	 1.60107	 1.52962	 1.31008	 1.30556	 0.82514	 1.31480	 0.42311	 1.77651	 1.42536	 1.41097	 1.72919	 0.00000	 1.80252	 2.00708	 1.78156	 2.19386	 1.94656	 0.50986	 0.51073	 0.21336	 0.49059	 1.29677	 2.05386	 1.87611	 1.41744	 2.09032	 0.66529	 0.87503	 0.37003	 0.52157	 1.53427	 0.43058	 0.73138	 1.61929	 1.12135	 0.02028	 1.73832	 1.03594	 1.01237	 0.74559	 1.05471	 2.32652	 0.18202	 0.18914	 0.00000	 0.00000	 0.00000	 0.00000	 0.19258	 0.19488	 1.96185	 1.45388	 2.06027	 1.27012	 1.81050	 1.26647	 0.78507	 1.15198	 0.44727	 1.72820	 0.49613	 0.49194	 0.78190	 0.70815	 0.77864	 1.81026	 0.90145	 0.88139	 0.31679	 0.33926	 1.15278	 1.80010	 1.33131	 1.28906	 0.53701	 1.34260	 0.52748	 1.19922	 1.59008	 1.16857	 0.93401	 1.52649	 1.20286	 0.65688	 1.65228	 0.82642	 1.69603	 0.66982	 0.83959	 0.42464	 1.77288	 1.82921	 2.09771	 2.18482	 1.86286	 1.73346	 0.57618	 0.01477	 0.00000	 0.00000	 0.00000	 0.00000	 0.00000	 0.00000	 0.00000	 0.00000	 0.00000	 0.00000	 0.00000	 0.00000	 0.00000	 0.00000	 0.00000	 0.00000	 0.00000	 0.00000	 0.11558	 1.62856	 2.51225	 2.27335	 2.46383	 1.54231	 0.46091	 0.67460	 1.57261	 0.73631	 0.74702	 1.08868	 1.13255	 1.51444	 1.29749	 1.44658	 0.00000

Beta step 12:
	 1.49348	 1.24675	 1.06557	 0.75048	 1.70556	 1.03030	 0.96737	 0.01448	 0.80358	 1.41745	 1.57492	 1.14735	 1.54838	 1.18480	 0.22718	 1.15379	 2.09288	 1.12897	 0.96815	 1.57031	 1.06069	 1.11296	 0.42175	 1.86954	 1.49507	 0.82589	 0.82268	 0.00000	 1.71834	 1.50598	 1.21661	 1.63112	 1.96297	 0.97983	 0.00000	 0.00000	 0.00000	 1.20605	 1.56377	 2.18131	 1.51390	 1.93595	 0.65721	 1.05561	 0.43963	 0.14687	 1.44244	 0.25873	 0.80641	 1.16102	 0.95393	 0.54111	 0.56778	 0.77577	 1.35603	 1.32811	 2.57937	 0.93029	 2.24136	 2.33609	 2.47025	 0.40203	 0.00000	 0.57792	 2.04285	 1.79943	 2.30730	 1.94071	 2.20396	 0.88217	 1.53712	 1.72460	 1.48691	 1.45610	 1.36178	 1.24000	 0.59984	 1.43580	 1.09577	 0.98208	 1.22595	 1.90078	 0.74354	 1.71876	 1.11969	 1.70274	 1.38324	 1.53827	 1.75710	 1.51172	 0.76956	 1.58044	 1.17716	 1.67322	 1.17091	 0.94255	 1.54709	 1.64253	 1.63517	 0.65544	 0.80144	 0.77276	 1.21916	 0.68120	 0.86891	 0.42144	 1.05793	 1.39058	 2.44135	 2.68332	 2.70697	 2.77006	 2.68664	 2.57925	 2.24536	 1.80872	 1.39781	 0.84177	 0.38379	 0.20449	 0.04690	 0.00000	 0.00000	 0.00000	 0.03432	 0.10244	 0.31743	 0.57814	 1.17326	 1.62314	 2.05067	 2.44281	 2.56367	 2.50747	 2.41169	 1.66371	 1.27196	 2.11366	 0.69409	 0.70437	 0.72078	 0.71562	 0.83588	 1.49923	 0.81007	 0.95492	 1.01300	 1.03977	 1.07106	 1.92594	 2.13024	 1.91734	 1.14144	 0.89077	 0.27342	 1.44957	 0.84325	 1.84832	 1.35822	 1.36074	 0.92335	 1.69840	 1.31987	 1.24894	 0.75021	 1.56967	 1.49963	 1.28439	 1.27996	 0.80896	 1.28902	 0.41481	 1.74168	 1.39741	 1.38331	 1.69529	 0.00000	 1.76718	 1.96772	 1.74663	 2.15084	 1.90839	 0.49986	 0.50072	 0.20918	 0.48097	 1.27134	 2.01359	 1.83932	 1.38965	 2.04934	 0.65225	 0.85787	 0.36277	 0.51134	 1.50418	 0.42213	 0.71704	 1.58754	 1.09936	 0.01988	 1.70424	 1.01563	 0.99252	 0.73097	 1.03403	 2.28091	 0.17845	 0.18543	 0.00000	 0.00000	 0.00000	 0.00000	 0.18880	 0.19106	 1.92339	 1.42537	 2.01987	 1.24522	 1.77500	 1.24163	 0.76968	 1.12940	 0.43850	 1.69432	 0.48640	 0.48229	 0.76657	 0.69426	 0.76337	 1.77476	 0.88378	 0.86411	 0.31057	 0.33261	 1.13018	 1.76480	 1.30521	 1.26379	 0.52648	 1.31627	 0.51713	 1.17570	 1.55890	 1.14566	 0.91570	 1.49656	 1.17927	 0.64400	 1.61988	 0.81022	 1.66277	 0.65668	 0.82313	 0.41631	 1.73812	 1.79334	 2.05658	 2.14198	 1.82633	 1.69947	 0.56488	 0.01448	 0.00000	 0.00000	 0.00000	 0.00000	 0.00000	 0.00000	 0.00000	 0.00000	 0.00000	 0.00000	 0.00000	 0.00000	 0.00000	 0.00000	 0.00000	 0.00000	 0.00000	 0.00000	 0.11331	 1.59663	 2.46299	 2.22878	 2.41552	 1.51207	 0.45187	 0.66138	 1.54177	 0.72187	 0.73237	 1.06733	 1.11034	 1.48475	 1.27205	 1.41822	 0.00000

Beta step 13:
	 1.46419	 1.22231	 1.04468	 0.73576	 1.67212	 1.01010	 0.94840	 0.01420	 0.78783	 1.38966	 1.54404	 1.12486	 1.51802	 1.16157	 0.22273	 1.13117	 2.05184	 1.10683	 0.94917	 1.53952	 1.03989	 1.09114	 0.41348	 1.83288	 1.46575	 0.80970	 0.80655	 0.00000	 1.68465	 1.47645	 1.19276	 1.59913	 1.92448	 0.96062	 0.00000	 0.00000	 0.00000	 1.18240	 1.53311	 2.13853	 1.48422	 1.89799	 0.64432	 1.03491	 0.43101	 0.14399	 1.41416	 0.25366	 0.79060	 1.13825	 0.93522	 0.53050	 0.55664	 0.76056	 1.32944	 1.30206	 2.52880	 0.91205	 2.19742	 2.29028	 2.42182	 0.39414	 0.00000	 0.56659	 2.00280	 1.76415	 2.26206	 1.90265	 2.16075	 0.86487	 1.50698	 1.69078	 1.45776	 1.42755	 1.33508	 1.21568	 0.58808	 1.40765	 1.07429	 0.96282	 1.20191	 1.86351	 0.72896	 1.68506	 1.09773	 1.66935	 1.35612	 1.50811	 1.72264	 1.48207	 0.75447	 1.54945	 1.15408	 1.64041	 1.14795	 0.92407	 1.51676	 1.61033	 1.60310	 0.64259	 0.78573	 0.75761	 1.19526	 0.66784	 0.85187	 0.41318	 1.03719	 1.36331	 2.39348	 2.63071	 2.65389	 2.71575	 2.63396	 2.52868	 2.20133	 1.77325	 1.37041	 0.82526	 0.37626	 0.20048	 0.04598	 0.00000	 0.00000	 0.00000	 0.03365	 0.10044	 0.31121	 0.56681	 1.15026	 1.59132	 2.01046	 2.39491	 2.51341	 2.45830	 2.36440	 1.63108	 1.24702	 2.07222	 0.68048	 0.69056	 0.70665	 0.70159	 0.81949	 1.46983	 0.79418	 0.93620	 0.99313	 1.01938	 1.05006	 1.88818	 2.08848	 1.87975	 1.11906	 0.87330	 0.26806	 1.42115	 0.82672	 1.81208	 1.33158	 1.33406	 0.90524	 1.66510	 1.29399	 1.22445	 0.73550	 1.53890	 1.47022	 1.25921	 1.25487	 0.79309	 1.26375	 0.40668	 1.70753	 1.37001	 1.35618	 1.66205	 0.00000	 1.73252	 1.92914	 1.71238	 2.10867	 1.87097	 0.49006	 0.49090	 0.20508	 0.47154	 1.24641	 1.97411	 1.80326	 1.36240	 2.00915	 0.63946	 0.84105	 0.35566	 0.50131	 1.47469	 0.41386	 0.70298	 1.55641	 1.07780	 0.01949	 1.67082	 0.99571	 0.97306	 0.71664	 1.01376	 2.23618	 0.17495	 0.18179	 0.00000	 0.00000	 0.00000	 0.00000	 0.18510	 0.18731	 1.88567	 1.39742	 1.98026	 1.22080	 1.74019	 1.21729	 0.75459	 1.10725	 0.42991	 1.66110	 0.47687	 0.47284	 0.75154	 0.68065	 0.74840	 1.73996	 0.86645	 0.84717	 0.30448	 0.32609	 1.10802	 1.73020	 1.27961	 1.23901	 0.51615	 1.29046	 0.50699	 1.15265	 1.52833	 1.12320	 0.89774	 1.46721	 1.15615	 0.63137	 1.58812	 0.79433	 1.63017	 0.64381	 0.80699	 0.40815	 1.70404	 1.75817	 2.01625	 2.09998	 1.79052	 1.66615	 0.55380	 0.01420	 0.00000	 0.00000	 0.00000	 0.00000	 0.00000	 0.00000	 0.00000	 0.00000	 0.00000	 0.00000	 0.00000	 0.00000	 0.00000	 0.00000	 0.00000	 0.00000	 0.00000	 0.00000	 0.11109	 1.56532	 2.41470	 2.18508	 2.36816	 1.48242	 0.44301	 0.64841	 1.51154	 0.70772	 0.71801	 1.04640	 1.08857	 1.45564	 1.24711	 1.39041	 0.00000

Beta step 14:
	 1.43548	 1.19834	 1.02419	 0.72134	 1.63933	 0.99030	 0.92981	 0.01392	 0.77238	 1.36241	 1.51376	 1.10280	 1.48825	 1.13880	 0.21836	 1.10899	 2.01161	 1.08513	 0.93056	 1.50933	 1.01950	 1.06974	 0.40538	 1.79694	 1.43701	 0.79382	 0.79073	 0.00000	 1.65162	 1.44750	 1.16937	 1.56778	 1.88675	 0.94178	 0.00000	 0.00000	 0.00000	 1.15922	 1.50305	 2.09660	 1.45512	 1.86077	 0.63169	 1.01462	 0.42255	 0.14117	 1.38643	 0.24868	 0.77510	 1.11593	 0.91689	 0.52009	 0.54573	 0.74564	 1.30337	 1.27653	 2.47921	 0.89417	 2.15433	 2.24537	 2.37433	 0.38641	 0.00000	 0.55548	 1.96353	 1.72956	 2.21770	 1.86535	 2.11838	 0.84792	 1.47743	 1.65763	 1.42917	 1.39956	 1.30890	 1.19185	 0.57655	 1.38005	 1.05322	 0.94394	 1.17834	 1.82697	 0.71467	 1.65202	 1.07621	 1.63662	 1.32953	 1.47854	 1.68887	 1.45301	 0.73967	 1.51907	 1.13145	 1.60825	 1.12544	 0.90595	 1.48702	 1.57875	 1.57167	 0.62999	 0.77032	 0.74275	 1.17182	 0.65475	 0.83517	 0.40508	 1.01685	 1.33658	 2.34655	 2.57912	 2.60186	 2.66250	 2.58231	 2.47909	 2.15817	 1.73848	 1.34354	 0.80908	 0.36888	 0.19655	 0.04508	 0.00000	 0.00000	 0.00000	 0.03299	 0.09847	 0.30511	 0.55569	 1.12770	 1.56012	 1.97104	 2.34795	 2.46412	 2.41010	 2.31804	 1.59910	 1.22257	 2.03159	 0.66714	 0.67702	 0.69279	 0.68783	 0.80342	 1.44101	 0.77861	 0.91784	 0.97366	 0.99939	 1.02947	 1.85116	 2.04752	 1.84289	 1.09712	 0.85618	 0.26280	 1.39328	 0.81051	 1.77654	 1.30547	 1.30790	 0.88749	 1.63245	 1.26861	 1.20044	 0.72107	 1.50872	 1.44140	 1.23452	 1.23026	 0.77754	 1.23897	 0.39871	 1.67404	 1.34315	 1.32959	 1.62946	 0.00000	 1.69855	 1.89131	 1.67881	 2.06732	 1.83429	 0.48045	 0.48127	 0.20106	 0.46229	 1.22197	 1.93540	 1.76790	 1.33568	 1.96976	 0.62692	 0.82456	 0.34868	 0.49148	 1.44577	 0.40574	 0.68920	 1.52589	 1.05667	 0.01911	 1.63806	 0.97619	 0.95398	 0.70259	 0.99388	 2.19234	 0.17152	 0.17823	 0.00000	 0.00000	 0.00000	 0.00000	 0.18147	 0.18364	 1.84870	 1.37002	 1.94143	 1.19686	 1.70607	 1.19342	 0.73979	 1.08554	 0.42148	 1.62853	 0.46752	 0.46357	 0.73680	 0.66730	 0.73373	 1.70585	 0.84946	 0.83056	 0.29851	 0.31969	 1.08629	 1.69627	 1.25452	 1.21471	 0.50603	 1.26516	 0.49705	 1.13005	 1.49837	 1.10117	 0.88014	 1.43844	 1.13348	 0.61899	 1.55698	 0.77875	 1.59820	 0.63118	 0.79117	 0.40015	 1.67063	 1.72370	 1.97672	 2.05880	 1.75541	 1.63348	 0.54294	 0.01392	 0.00000	 0.00000	 0.00000	 0.00000	 0.00000	 0.00000	 0.00000	 0.00000	 0.00000	 0.00000	 0.00000	 0.00000	 0.00000	 0.00000	 0.00000	 0.00000	 0.00000	 0.00000	 0.10891	 1.53463	 2.36735	 2.14223	 2.32172	 1.45335	 0.43433	 0.63570	 1.48190	 0.69384	 0.70393	 1.02588	 1.06722	 1.42709	 1.22265	 1.36315	 0.00000

Beta step 15:
	 1.40734	 1.17484	 1.00411	 0.70719	 1.60719	 0.97088	 0.91158	 0.01364	 0.75723	 1.33569	 1.48408	 1.08118	 1.45907	 1.11647	 0.21408	 1.08724	 1.97217	 1.06385	 0.91231	 1.47973	 0.99951	 1.04877	 0.39743	 1.76171	 1.40884	 0.77826	 0.77523	 0.00000	 1.61923	 1.41911	 1.14644	 1.53704	 1.84975	 0.92332	 0.00000	 0.00000	 0.00000	 1.13649	 1.47358	 2.05549	 1.42659	 1.82429	 0.61930	 0.99473	 0.41427	 0.13840	 1.35924	 0.24381	 0.75990	 1.09405	 0.89891	 0.50990	 0.53503	 0.73102	 1.27781	 1.25150	 2.43060	 0.87663	 2.11209	 2.20135	 2.32777	 0.37884	 0.00000	 0.54459	 1.92503	 1.69564	 2.17422	 1.82877	 2.07684	 0.83129	 1.44846	 1.62513	 1.40115	 1.37212	 1.28324	 1.16848	 0.56524	 1.35299	 1.03257	 0.92543	 1.15524	 1.79114	 0.70065	 1.61963	 1.05511	 1.60453	 1.30346	 1.44955	 1.65575	 1.42452	 0.72517	 1.48928	 1.10927	 1.57671	 1.10337	 0.88819	 1.45786	 1.54780	 1.54085	 0.61764	 0.75522	 0.72819	 1.14884	 0.64191	 0.81879	 0.39713	 0.99691	 1.31037	 2.30054	 2.52855	 2.55084	 2.61029	 2.53168	 2.43049	 2.11585	 1.70440	 1.31719	 0.79322	 0.36165	 0.19270	 0.04419	 0.00000	 0.00000	 0.00000	 0.03234	 0.09654	 0.29912	 0.54480	 1.10559	 1.52953	 1.93239	 2.30192	 2.41581	 2.36284	 2.27259	 1.56775	 1.19859	 1.99175	 0.65406	 0.66374	 0.67921	 0.67435	 0.78767	 1.41275	 0.76334	 0.89985	 0.95457	 0.97980	 1.00928	 1.81486	 2.00738	 1.80676	 1.07561	 0.83939	 0.25765	 1.36596	 0.79462	 1.74171	 1.27988	 1.28226	 0.87009	 1.60044	 1.24374	 1.17691	 0.70694	 1.47914	 1.41313	 1.21031	 1.20614	 0.76230	 1.21467	 0.39089	 1.64122	 1.31681	 1.30352	 1.59751	 0.00000	 1.66525	 1.85423	 1.64589	 2.02679	 1.79832	 0.47103	 0.47184	 0.19711	 0.45323	 1.19801	 1.89745	 1.73324	 1.30949	 1.93114	 0.61463	 0.80839	 0.34185	 0.48185	 1.41742	 0.39779	 0.67569	 1.49597	 1.03595	 0.01873	 1.60594	 0.95705	 0.93527	 0.68881	 0.97439	 2.14935	 0.16816	 0.17473	 0.00000	 0.00000	 0.00000	 0.00000	 0.17791	 0.18004	 1.81245	 1.34316	 1.90337	 1.17340	 1.67262	 1.17002	 0.72528	 1.06426	 0.41321	 1.59659	 0.45835	 0.45448	 0.72236	 0.65422	 0.71934	 1.67240	 0.83280	 0.81427	 0.29266	 0.31342	 1.06499	 1.66301	 1.22993	 1.19090	 0.49611	 1.24035	 0.48731	 1.10789	 1.46899	 1.07958	 0.86288	 1.41024	 1.11125	 0.60685	 1.52645	 0.76348	 1.56687	 0.61881	 0.77566	 0.39230	 1.63787	 1.68990	 1.93796	 2.01843	 1.72099	 1.60145	 0.53230	 0.01364	 0.00000	 0.00000	 0.00000	 0.00000	 0.00000	 0.00000	 0.00000	 0.00000	 0.00000	 0.00000	 0.00000	 0.00000	 0.00000	 0.00000	 0.00000	 0.00000	 0.00000	 0.00000	 0.10678	 1.50454	 2.32093	 2.10023	 2.27620	 1.42485	 0.42581	 0.62323	 1.45285	 0.68024	 0.69013	 1.00577	 1.04630	 1.39911	 1.19868	 1.33642	 0.00000

Beta step 16:
	 1.37974	 1.15181	 0.98442	 0.69333	 1.57568	 0.95184	 0.89370	 0.01338	 0.74239	 1.30950	 1.45498	 1.05998	 1.43046	 1.09458	 0.20988	 1.06592	 1.93350	 1.04299	 0.89442	 1.45072	 0.97991	 1.02820	 0.38964	 1.72716	 1.38121	 0.76300	 0.76003	 0.00000	 1.58748	 1.39129	 1.12396	 1.50690	 1.81348	 0.90521	 0.00000	 0.00000	 0.00000	 1.11420	 1.44468	 2.01519	 1.39861	 1.78852	 0.60716	 0.97522	 0.40615	 0.13569	 1.33259	 0.23903	 0.74500	 1.07260	 0.88128	 0.49990	 0.52454	 0.71669	 1.25276	 1.22696	 2.38294	 0.85944	 2.07067	 2.15818	 2.28213	 0.37141	 0.00000	 0.53391	 1.88728	 1.66240	 2.13159	 1.79291	 2.03612	 0.81499	 1.42006	 1.59326	 1.37368	 1.34521	 1.25808	 1.14556	 0.55416	 1.32646	 1.01233	 0.90729	 1.13259	 1.75602	 0.68692	 1.58787	 1.03442	 1.57307	 1.27790	 1.42113	 1.62329	 1.39659	 0.71095	 1.46008	 1.08752	 1.54580	 1.08174	 0.87077	 1.42927	 1.51745	 1.51064	 0.60552	 0.74041	 0.71391	 1.12632	 0.62932	 0.80274	 0.38935	 0.97736	 1.28468	 2.25543	 2.47897	 2.50082	 2.55911	 2.48204	 2.38283	 2.07436	 1.67098	 1.29136	 0.77767	 0.35456	 0.18892	 0.04333	 0.00000	 0.00000	 0.00000	 0.03171	 0.09464	 0.29326	 0.53412	 1.08391	 1.49953	 1.89450	 2.25678	 2.36844	 2.31651	 2.22803	 1.53701	 1.17509	 1.95270	 0.64123	 0.65073	 0.66589	 0.66113	 0.77222	 1.38505	 0.74837	 0.88220	 0.93585	 0.96058	 0.98949	 1.77927	 1.96802	 1.77133	 1.05452	 0.82293	 0.25260	 1.33918	 0.77904	 1.70756	 1.25478	 1.25711	 0.85303	 1.56906	 1.21935	 1.15383	 0.69307	 1.45014	 1.38543	 1.18658	 1.18249	 0.74735	 1.19086	 0.38322	 1.60904	 1.29099	 1.27796	 1.56618	 0.00000	 1.63260	 1.81787	 1.61362	 1.98705	 1.76306	 0.46180	 0.46259	 0.19325	 0.44434	 1.17452	 1.86025	 1.69925	 1.28382	 1.89327	 0.60258	 0.79254	 0.33514	 0.47240	 1.38963	 0.38999	 0.66244	 1.46664	 1.01564	 0.01837	 1.57445	 0.93828	 0.91694	 0.67530	 0.95528	 2.10720	 0.16486	 0.17131	 0.00000	 0.00000	 0.00000	 0.00000	 0.17442	 0.17651	 1.77691	 1.31682	 1.86605	 1.15039	 1.63982	 1.14708	 0.71106	 1.04339	 0.40511	 1.56529	 0.44936	 0.44557	 0.70819	 0.64139	 0.70524	 1.63961	 0.81647	 0.79831	 0.28692	 0.30728	 1.04411	 1.63040	 1.20581	 1.16754	 0.48638	 1.21603	 0.47775	 1.08617	 1.44018	 1.05841	 0.84596	 1.38259	 1.08946	 0.59495	 1.49652	 0.74851	 1.53614	 0.60668	 0.76045	 0.38461	 1.60575	 1.65677	 1.89996	 1.97886	 1.68725	 1.57005	 0.52186	 0.01338	 0.00000	 0.00000	 0.00000	 0.00000	 0.00000	 0.00000	 0.00000	 0.00000	 0.00000	 0.00000	 0.00000	 0.00000	 0.00000	 0.00000	 0.00000	 0.00000	 0.00000	 0.00000	 0.10468	 1.47503	 2.27542	 2.05905	 2.23157	 1.39692	 0.41746	 0.61101	 1.42436	 0.66690	 0.67660	 0.98605	 1.02578	 1.37168	 1.17518	 1.31021	 0.00000

Beta step 17:
	 1.35269	 1.12922	 0.96512	 0.67973	 1.54478	 0.93318	 0.87618	 0.01312	 0.72783	 1.28383	 1.42645	 1.03919	 1.40242	 1.07311	 0.20576	 1.04502	 1.89558	 1.02254	 0.87689	 1.42227	 0.96070	 1.00804	 0.38200	 1.69330	 1.35413	 0.74804	 0.74513	 0.00000	 1.55636	 1.36401	 1.10192	 1.47735	 1.77792	 0.88746	 0.00000	 0.00000	 0.00000	 1.09236	 1.41636	 1.97568	 1.37119	 1.75345	 0.59525	 0.95610	 0.39818	 0.13303	 1.30646	 0.23434	 0.73039	 1.05157	 0.86400	 0.49010	 0.51425	 0.70264	 1.22819	 1.20291	 2.33622	 0.84259	 2.03007	 2.11587	 2.23738	 0.36413	 0.00000	 0.52344	 1.85027	 1.62980	 2.08979	 1.75776	 1.99620	 0.79901	 1.39222	 1.56202	 1.34674	 1.31884	 1.23341	 1.12310	 0.54329	 1.30045	 0.99248	 0.88950	 1.11038	 1.72159	 0.67345	 1.55674	 1.01414	 1.54222	 1.25285	 1.39326	 1.59146	 1.36921	 0.69701	 1.43145	 1.06619	 1.51549	 1.06053	 0.85370	 1.40125	 1.48769	 1.48102	 0.59365	 0.72589	 0.69991	 1.10423	 0.61698	 0.78700	 0.38171	 0.95820	 1.25949	 2.21121	 2.43037	 2.45179	 2.50893	 2.43337	 2.33611	 2.03369	 1.63821	 1.26604	 0.76242	 0.34761	 0.18521	 0.04248	 0.00000	 0.00000	 0.00000	 0.03109	 0.09279	 0.28751	 0.52364	 1.06266	 1.47013	 1.85736	 2.21253	 2.32200	 2.27109	 2.18434	 1.50687	 1.15205	 1.91441	 0.62866	 0.63797	 0.65283	 0.64816	 0.75708	 1.35790	 0.73370	 0.86490	 0.91750	 0.94175	 0.97009	 1.74439	 1.92943	 1.73660	 1.03384	 0.80680	 0.24764	 1.31292	 0.76376	 1.67408	 1.23018	 1.23246	 0.83630	 1.53829	 1.19544	 1.13120	 0.67949	 1.42170	 1.35826	 1.16331	 1.15930	 0.73270	 1.16751	 0.37571	 1.57749	 1.26568	 1.25290	 1.53548	 0.00000	 1.60058	 1.78223	 1.58198	 1.94808	 1.72849	 0.45274	 0.45351	 0.18946	 0.43563	 1.15149	 1.82377	 1.66593	 1.25865	 1.85615	 0.59076	 0.77700	 0.32857	 0.46314	 1.36238	 0.38234	 0.64945	 1.43788	 0.99572	 0.01801	 1.54358	 0.91989	 0.89896	 0.66206	 0.93655	 2.06589	 0.16163	 0.16795	 0.00000	 0.00000	 0.00000	 0.00000	 0.17100	 0.17305	 1.74207	 1.29100	 1.82946	 1.12783	 1.60767	 1.12459	 0.69712	 1.02293	 0.39717	 1.53460	 0.44055	 0.43683	 0.69431	 0.62882	 0.69141	 1.60746	 0.80046	 0.78265	 0.28130	 0.30125	 1.02364	 1.59843	 1.18217	 1.14465	 0.47685	 1.19219	 0.46838	 1.06487	 1.41194	 1.03766	 0.82938	 1.35548	 1.06810	 0.58329	 1.46717	 0.73384	 1.50602	 0.59478	 0.74554	 0.37707	 1.57427	 1.62428	 1.86271	 1.94005	 1.65416	 1.53927	 0.51163	 0.01312	 0.00000	 0.00000	 0.00000	 0.00000	 0.00000	 0.00000	 0.00000	 0.00000	 0.00000	 0.00000	 0.00000	 0.00000	 0.00000	 0.00000	 0.00000	 0.00000	 0.00000	 0.00000	 0.10263	 1.44611	 2.23081	 2.01867	 2.18781	 1.36952	 0.40928	 0.59903	 1.39643	 0.65382	 0.66333	 0.96671	 1.00567	 1.34478	 1.15213	 1.28452	 0.00000

Beta step 18:
	 1.32616	 1.10708	 0.94620	 0.66640	 1.51449	 0.91488	 0.85900	 0.01286	 0.71356	 1.25865	 1.39848	 1.01882	 1.37492	 1.05207	 0.20173	 1.02453	 1.85842	 1.00249	 0.85969	 1.39439	 0.94186	 0.98827	 0.37451	 1.66010	 1.32758	 0.73337	 0.73052	 0.00000	 1.52584	 1.33726	 1.08032	 1.44839	 1.74306	 0.87006	 0.00000	 0.00000	 0.00000	 1.07094	 1.38858	 1.93694	 1.34430	 1.71907	 0.58358	 0.93735	 0.39037	 0.13042	 1.28085	 0.22975	 0.71607	 1.03095	 0.84706	 0.48049	 0.50417	 0.68886	 1.20411	 1.17932	 2.29041	 0.82607	 1.99027	 2.07438	 2.19351	 0.35699	 0.00000	 0.51318	 1.81400	 1.59784	 2.04881	 1.72329	 1.95706	 0.78334	 1.36492	 1.53139	 1.32034	 1.29298	 1.20922	 1.10108	 0.53264	 1.27495	 0.97302	 0.87206	 1.08861	 1.68783	 0.66024	 1.52621	 0.99425	 1.51198	 1.22828	 1.36594	 1.56025	 1.34236	 0.68334	 1.40339	 1.04529	 1.48577	 1.03973	 0.83696	 1.37377	 1.45852	 1.45198	 0.58201	 0.71166	 0.68619	 1.08258	 0.60489	 0.77157	 0.37423	 0.93941	 1.23479	 2.16785	 2.38271	 2.40371	 2.45974	 2.38566	 2.29030	 1.99381	 1.60609	 1.24122	 0.74747	 0.34079	 0.18158	 0.04165	 0.00000	 0.00000	 0.00000	 0.03048	 0.09097	 0.28187	 0.51338	 1.04182	 1.44131	 1.82094	 2.16915	 2.27647	 2.22656	 2.14151	 1.47732	 1.12946	 1.87687	 0.61633	 0.62546	 0.64003	 0.63545	 0.74224	 1.33127	 0.71931	 0.84795	 0.89951	 0.92328	 0.95107	 1.71018	 1.89160	 1.70255	 1.01357	 0.79098	 0.24279	 1.28718	 0.74879	 1.64125	 1.20606	 1.20830	 0.81991	 1.50813	 1.17200	 1.10902	 0.66616	 1.39383	 1.33163	 1.14050	 1.13657	 0.71833	 1.14461	 0.36834	 1.54656	 1.24086	 1.22834	 1.50537	 0.00000	 1.56920	 1.74728	 1.55096	 1.90989	 1.69460	 0.44386	 0.44462	 0.18575	 0.42708	 1.12891	 1.78801	 1.63327	 1.23397	 1.81975	 0.57918	 0.76177	 0.32213	 0.45406	 1.33567	 0.37484	 0.63671	 1.40969	 0.97620	 0.01765	 1.51331	 0.90185	 0.88133	 0.64908	 0.91819	 2.02538	 0.15846	 0.16465	 0.00000	 0.00000	 0.00000	 0.00000	 0.16765	 0.16965	 1.70791	 1.26569	 1.79359	 1.10572	 1.57615	 1.10254	 0.68345	 1.00287	 0.38938	 1.50451	 0.43191	 0.42826	 0.68069	 0.61649	 0.67785	 1.57594	 0.78477	 0.76731	 0.27578	 0.29535	 1.00357	 1.56709	 1.15899	 1.12221	 0.46750	 1.16881	 0.45920	 1.04399	 1.38426	 1.01731	 0.81311	 1.32890	 1.04716	 0.57185	 1.43841	 0.71945	 1.47649	 0.58312	 0.73092	 0.36968	 1.54340	 1.59243	 1.82618	 1.90201	 1.62173	 1.50908	 0.50160	 0.01286	 0.00000	 0.00000	 0.00000	 0.00000	 0.00000	 0.00000	 0.00000	 0.00000	 0.00000	 0.00000	 0.00000	 0.00000	 0.00000	 0.00000	 0.00000	 0.00000	 0.00000	 0.00000	 0.10062	 1.41776	 2.18707	 1.97909	 2.14491	 1.34267	 0.40125	 0.58728	 1.36905	 0.64100	 0.65033	 0.94776	 0.98595	 1.31841	 1.12954	 1.25934	 0.00000

Beta step 19:
	 1.30016	 1.08537	 0.92764	 0.65334	 1.48479	 0.89694	 0.84216	 0.01261	 0.69957	 1.23397	 1.37106	 0.99884	 1.34796	 1.03144	 0.19777	 1.00444	 1.82198	 0.98283	 0.84284	 1.36705	 0.92339	 0.96890	 0.36716	 1.62755	 1.30155	 0.71899	 0.71619	 0.00000	 1.49592	 1.31104	 1.05913	 1.41999	 1.70888	 0.85300	 0.00000	 0.00000	 0.00000	 1.04994	 1.36136	 1.89896	 1.31794	 1.68536	 0.57214	 0.91897	 0.38272	 0.12786	 1.25573	 0.22524	 0.70203	 1.01074	 0.83045	 0.47106	 0.49428	 0.67535	 1.18050	 1.15620	 2.24550	 0.80987	 1.95124	 2.03370	 2.15050	 0.34999	 0.00000	 0.50312	 1.77843	 1.56651	 2.00864	 1.68950	 1.91868	 0.76798	 1.33815	 1.50137	 1.29445	 1.26762	 1.18551	 1.07949	 0.52220	 1.24995	 0.95394	 0.85496	 1.06726	 1.65474	 0.64730	 1.49629	 0.97476	 1.48234	 1.20420	 1.33916	 1.52966	 1.31604	 0.66994	 1.37587	 1.02479	 1.45664	 1.01934	 0.82055	 1.34684	 1.42993	 1.42351	 0.57060	 0.69770	 0.67273	 1.06135	 0.59303	 0.75644	 0.36689	 0.92099	 1.21058	 2.12534	 2.33599	 2.35658	 2.41151	 2.33888	 2.24539	 1.95472	 1.57460	 1.21688	 0.73281	 0.33411	 0.17802	 0.04083	 0.00000	 0.00000	 0.00000	 0.02988	 0.08918	 0.27634	 0.50331	 1.02140	 1.41304	 1.78523	 2.12661	 2.23183	 2.18290	 2.09952	 1.44836	 1.10732	 1.84007	 0.60425	 0.61320	 0.62748	 0.62299	 0.72768	 1.30517	 0.70521	 0.83132	 0.88187	 0.90518	 0.93242	 1.67665	 1.85451	 1.66916	 0.99369	 0.77547	 0.23803	 1.26194	 0.73410	 1.60907	 1.18241	 1.18461	 0.80383	 1.47856	 1.14902	 1.08728	 0.65310	 1.36650	 1.30552	 1.11814	 1.11429	 0.70424	 1.12217	 0.36112	 1.51623	 1.21653	 1.20425	 1.47585	 0.00000	 1.53843	 1.71302	 1.52055	 1.87244	 1.66137	 0.43516	 0.43590	 0.18210	 0.41871	 1.10678	 1.75295	 1.60124	 1.20977	 1.78407	 0.56782	 0.74683	 0.31581	 0.44515	 1.30948	 0.36749	 0.62423	 1.38205	 0.95706	 0.01731	 1.48364	 0.88417	 0.86405	 0.63635	 0.90019	 1.98567	 0.15535	 0.16143	 0.00000	 0.00000	 0.00000	 0.00000	 0.16436	 0.16633	 1.67442	 1.24087	 1.75842	 1.08404	 1.54524	 1.08092	 0.67005	 0.98321	 0.38174	 1.47501	 0.42344	 0.41987	 0.66735	 0.60440	 0.66456	 1.54504	 0.76938	 0.75226	 0.27037	 0.28955	 0.98389	 1.53636	 1.13626	 1.10020	 0.45833	 1.14590	 0.45020	 1.02352	 1.35712	 0.99737	 0.79717	 1.30284	 1.02663	 0.56064	 1.41020	 0.70534	 1.44754	 0.57168	 0.71659	 0.36243	 1.51314	 1.56121	 1.79038	 1.86472	 1.58993	 1.47949	 0.49176	 0.01261	 0.00000	 0.00000	 0.00000	 0.00000	 0.00000	 0.00000	 0.00000	 0.00000	 0.00000	 0.00000	 0.00000	 0.00000	 0.00000	 0.00000	 0.00000	 0.00000	 0.00000	 0.00000	 0.09865	 1.38996	 2.14418	 1.94029	 2.10286	 1.31634	 0.39338	 0.57577	 1.34221	 0.62843	 0.63757	 0.92917	 0.96662	 1.29256	 1.10739	 1.23464	 0.00000

Beta step 20:
	 1.27467	 1.06409	 0.90945	 0.64053	 1.45568	 0.87935	 0.82564	 0.01236	 0.68585	 1.20978	 1.34418	 0.97926	 1.32153	 1.01122	 0.19390	 0.98475	 1.78625	 0.96356	 0.82631	 1.34024	 0.90529	 0.94990	 0.35996	 1.59563	 1.27603	 0.70489	 0.70215	 0.00000	 1.46659	 1.28534	 1.03837	 1.39214	 1.67538	 0.83628	 0.00000	 0.00000	 0.00000	 1.02935	 1.33466	 1.86172	 1.29210	 1.65231	 0.56092	 0.90096	 0.37522	 0.12535	 1.23111	 0.22082	 0.68827	 0.99092	 0.81417	 0.46183	 0.48459	 0.66211	 1.15736	 1.13353	 2.20147	 0.79399	 1.91298	 1.99383	 2.10834	 0.34312	 0.00000	 0.49325	 1.74356	 1.53580	 1.96926	 1.65637	 1.88106	 0.75293	 1.31192	 1.47193	 1.26907	 1.24277	 1.16227	 1.05832	 0.51196	 1.22544	 0.93523	 0.83819	 1.04634	 1.62229	 0.63460	 1.46695	 0.95564	 1.45327	 1.18058	 1.31290	 1.49967	 1.29023	 0.65681	 1.34889	 1.00470	 1.42808	 0.99936	 0.80446	 1.32043	 1.40189	 1.39560	 0.55941	 0.68402	 0.65954	 1.04054	 0.58140	 0.74161	 0.35970	 0.90293	 1.18684	 2.08367	 2.29019	 2.31037	 2.36422	 2.29302	 2.20137	 1.91639	 1.54372	 1.19302	 0.71844	 0.32756	 0.17453	 0.04003	 0.00000	 0.00000	 0.00000	 0.02929	 0.08744	 0.27093	 0.49344	 1.00137	 1.38534	 1.75023	 2.08492	 2.18807	 2.14010	 2.05835	 1.41996	 1.08560	 1.80399	 0.59240	 0.60117	 0.61518	 0.61078	 0.71341	 1.27958	 0.69138	 0.81502	 0.86458	 0.88743	 0.91414	 1.64377	 1.81814	 1.63643	 0.97421	 0.76026	 0.23336	 1.23719	 0.71971	 1.57752	 1.15922	 1.16138	 0.78807	 1.44957	 1.12649	 1.06596	 0.64029	 1.33970	 1.27992	 1.09621	 1.09244	 0.69044	 1.10017	 0.35404	 1.48650	 1.19268	 1.18064	 1.44691	 0.00000	 1.50827	 1.67943	 1.49073	 1.83572	 1.62879	 0.42663	 0.42736	 0.17853	 0.41050	 1.08508	 1.71858	 1.56985	 1.18605	 1.74909	 0.55669	 0.73219	 0.30962	 0.43642	 1.28380	 0.36029	 0.61199	 1.35495	 0.93829	 0.01697	 1.45455	 0.86683	 0.84711	 0.62388	 0.88254	 1.94673	 0.15230	 0.15826	 0.00000	 0.00000	 0.00000	 0.00000	 0.16114	 0.16307	 1.64159	 1.21654	 1.72394	 1.06278	 1.51494	 1.05972	 0.65691	 0.96393	 0.37426	 1.44608	 0.41514	 0.41163	 0.65426	 0.59255	 0.65153	 1.51474	 0.75429	 0.73751	 0.26507	 0.28388	 0.96460	 1.50624	 1.11398	 1.07863	 0.44934	 1.12343	 0.44137	 1.00345	 1.33051	 0.97781	 0.78154	 1.27730	 1.00650	 0.54964	 1.38255	 0.69151	 1.41916	 0.56047	 0.70253	 0.35532	 1.48347	 1.53060	 1.75527	 1.82816	 1.55876	 1.45048	 0.48212	 0.01236	 0.00000	 0.00000	 0.00000	 0.00000	 0.00000	 0.00000	 0.00000	 0.00000	 0.00000	 0.00000	 0.00000	 0.00000	 0.00000	 0.00000	 0.00000	 0.00000	 0.00000	 0.00000	 0.09671	 1.36270	 2.10214	 1.90224	 2.06162	 1.29053	 0.38567	 0.56448	 1.31589	 0.61611	 0.62507	 0.91096	 0.94767	 1.26722	 1.08568	 1.21043	 0.00000

Beta step 21:
	 1.24967	 1.04323	 0.89162	 0.62797	 1.42714	 0.86211	 0.80945	 0.01212	 0.67240	 1.18606	 1.31782	 0.96006	 1.29562	 0.99139	 0.19009	 0.96544	 1.75123	 0.94467	 0.81011	 1.31396	 0.88754	 0.93127	 0.35290	 1.56435	 1.25101	 0.69107	 0.68838	 0.00000	 1.43783	 1.26013	 1.01801	 1.36485	 1.64253	 0.81988	 0.00000	 0.00000	 0.00000	 1.00917	 1.30849	 1.82522	 1.26677	 1.61991	 0.54992	 0.88329	 0.36786	 0.12290	 1.20697	 0.21650	 0.67477	 0.97149	 0.79821	 0.45277	 0.47509	 0.64913	 1.13466	 1.11130	 2.15830	 0.77842	 1.87547	 1.95473	 2.06700	 0.33640	 0.00000	 0.48358	 1.70937	 1.50568	 1.93064	 1.62390	 1.84418	 0.73816	 1.28619	 1.44307	 1.24418	 1.21840	 1.13948	 1.03757	 0.50192	 1.20141	 0.91689	 0.82176	 1.02582	 1.59048	 0.62216	 1.43818	 0.93691	 1.42478	 1.15744	 1.28716	 1.47026	 1.26494	 0.64393	 1.32244	 0.98500	 1.40008	 0.97976	 0.78869	 1.29454	 1.37440	 1.36823	 0.54844	 0.67061	 0.64661	 1.02014	 0.57000	 0.72707	 0.35264	 0.88523	 1.16357	 2.04281	 2.24528	 2.26507	 2.31786	 2.24806	 2.15820	 1.87881	 1.51346	 1.16963	 0.70436	 0.32114	 0.17111	 0.03924	 0.00000	 0.00000	 0.00000	 0.02872	 0.08572	 0.26561	 0.48377	 0.98173	 1.35817	 1.71591	 2.04403	 2.14517	 2.09814	 2.01799	 1.39212	 1.06432	 1.76862	 0.58079	 0.58938	 0.60311	 0.59880	 0.69943	 1.25449	 0.67783	 0.79904	 0.84763	 0.87003	 0.89621	 1.61154	 1.78249	 1.60435	 0.95511	 0.74536	 0.22879	 1.21294	 0.70560	 1.54659	 1.13649	 1.13861	 0.77262	 1.42115	 1.10441	 1.04506	 0.62774	 1.31343	 1.25482	 1.07472	 1.07102	 0.67690	 1.07859	 0.34710	 1.45736	 1.16929	 1.15749	 1.41854	 0.00000	 1.47869	 1.64650	 1.46150	 1.79973	 1.59686	 0.41826	 0.41898	 0.17503	 0.40245	 1.06380	 1.68488	 1.53906	 1.16279	 1.71479	 0.54577	 0.71783	 0.30355	 0.42787	 1.25863	 0.35322	 0.59999	 1.32838	 0.91989	 0.01663	 1.42603	 0.84983	 0.83050	 0.61164	 0.86523	 1.90856	 0.14932	 0.15516	 0.00000	 0.00000	 0.00000	 0.00000	 0.15798	 0.15987	 1.60940	 1.19269	 1.69014	 1.04194	 1.48524	 1.03894	 0.64403	 0.94503	 0.36692	 1.41773	 0.40700	 0.40356	 0.64143	 0.58093	 0.63875	 1.48504	 0.73950	 0.72305	 0.25987	 0.27831	 0.94568	 1.47671	 1.09214	 1.05748	 0.44053	 1.10140	 0.43271	 0.98378	 1.30442	 0.95864	 0.76621	 1.25225	 0.98676	 0.53887	 1.35544	 0.67795	 1.39133	 0.54948	 0.68876	 0.34835	 1.45438	 1.50059	 1.72085	 1.79231	 1.52819	 1.42204	 0.47267	 0.01212	 0.00000	 0.00000	 0.00000	 0.00000	 0.00000	 0.00000	 0.00000	 0.00000	 0.00000	 0.00000	 0.00000	 0.00000	 0.00000	 0.00000	 0.00000	 0.00000	 0.00000	 0.00000	 0.09482	 1.33598	 2.06092	 1.86494	 2.02120	 1.26523	 0.37811	 0.55341	 1.29009	 0.60403	 0.61282	 0.89309	 0.92908	 1.24237	 1.06439	 1.18670	 0.00000

Beta step 22:
	 1.22517	 1.02277	 0.87414	 0.61565	 1.39916	 0.84521	 0.79358	 0.01188	 0.65922	 1.16280	 1.29198	 0.94123	 1.27021	 0.97195	 0.18637	 0.94651	 1.71689	 0.92615	 0.79422	 1.28820	 0.87014	 0.91301	 0.34599	 1.53367	 1.22648	 0.67752	 0.67488	 0.00000	 1.40964	 1.23542	 0.99804	 1.33808	 1.61032	 0.80380	 0.00000	 0.00000	 0.00000	 0.98938	 1.28284	 1.78943	 1.24193	 1.58815	 0.53914	 0.86597	 0.36065	 0.12049	 1.18330	 0.21225	 0.66154	 0.95244	 0.78255	 0.44389	 0.46578	 0.63640	 1.11241	 1.08951	 2.11598	 0.76316	 1.83870	 1.91640	 2.02647	 0.32980	 0.00000	 0.47410	 1.67585	 1.47616	 1.89279	 1.59206	 1.80802	 0.72369	 1.26097	 1.41477	 1.21979	 1.19451	 1.11714	 1.01723	 0.49208	 1.17786	 0.89892	 0.80565	 1.00571	 1.55930	 0.60996	 1.40998	 0.91853	 1.39684	 1.13474	 1.26192	 1.44143	 1.24013	 0.63130	 1.29651	 0.96568	 1.37262	 0.96055	 0.77322	 1.26915	 1.34745	 1.34141	 0.53769	 0.65746	 0.63393	 1.00014	 0.55882	 0.71281	 0.34573	 0.86787	 1.14076	 2.00276	 2.20126	 2.22066	 2.27242	 2.20398	 2.11588	 1.84197	 1.48378	 1.14670	 0.69054	 0.31484	 0.16775	 0.03847	 0.00000	 0.00000	 0.00000	 0.02816	 0.08404	 0.26040	 0.47428	 0.96248	 1.33154	 1.68226	 2.00396	 2.10311	 2.05700	 1.97842	 1.36482	 1.04345	 1.73394	 0.56940	 0.57783	 0.59129	 0.58706	 0.68571	 1.22989	 0.66454	 0.78337	 0.83101	 0.85297	 0.87864	 1.57994	 1.74754	 1.57289	 0.93638	 0.73074	 0.22430	 1.18915	 0.69176	 1.51626	 1.11421	 1.11628	 0.75747	 1.39328	 1.08275	 1.02457	 0.61543	 1.28768	 1.23022	 1.05365	 1.05002	 0.66363	 1.05745	 0.34029	 1.42878	 1.14636	 1.13479	 1.39073	 0.00000	 1.44970	 1.61422	 1.43285	 1.76444	 1.56554	 0.41006	 0.41076	 0.17160	 0.39456	 1.04294	 1.65185	 1.50889	 1.13999	 1.68117	 0.53507	 0.70375	 0.29760	 0.41948	 1.23395	 0.34630	 0.58822	 1.30234	 0.90186	 0.01631	 1.39807	 0.83317	 0.81421	 0.59965	 0.84827	 1.87114	 0.14639	 0.15212	 0.00000	 0.00000	 0.00000	 0.00000	 0.15488	 0.15673	 1.57785	 1.16930	 1.65700	 1.02151	 1.45612	 1.01857	 0.63140	 0.92650	 0.35973	 1.38993	 0.39902	 0.39565	 0.62886	 0.56954	 0.62623	 1.45592	 0.72500	 0.70887	 0.25478	 0.27285	 0.92714	 1.44775	 1.07072	 1.03675	 0.43189	 1.07980	 0.42423	 0.96449	 1.27884	 0.93984	 0.75119	 1.22770	 0.96741	 0.52830	 1.32887	 0.66466	 1.36405	 0.53871	 0.67525	 0.34152	 1.42586	 1.47116	 1.68711	 1.75717	 1.49823	 1.39416	 0.46340	 0.01188	 0.00000	 0.00000	 0.00000	 0.00000	 0.00000	 0.00000	 0.00000	 0.00000	 0.00000	 0.00000	 0.00000	 0.00000	 0.00000	 0.00000	 0.00000	 0.00000	 0.00000	 0.00000	 0.09296	 1.30979	 2.02051	 1.82837	 1.98157	 1.24042	 0.37069	 0.54256	 1.26479	 0.59219	 0.60080	 0.87558	 0.91087	 1.21801	 1.04352	 1.16343	 0.00000

Beta step 23:
	 1.20115	 1.00272	 0.85700	 0.60358	 1.37172	 0.82864	 0.77802	 0.01165	 0.64629	 1.14000	 1.26665	 0.92277	 1.24530	 0.95289	 0.18271	 0.92795	 1.68323	 0.90799	 0.77865	 1.26294	 0.85307	 0.89511	 0.33920	 1.50360	 1.20243	 0.66424	 0.66165	 0.00000	 1.38200	 1.21120	 0.97848	 1.31185	 1.57875	 0.78804	 0.00000	 0.00000	 0.00000	 0.96998	 1.25768	 1.75434	 1.21758	 1.55701	 0.52857	 0.84899	 0.35357	 0.11812	 1.16010	 0.20809	 0.64857	 0.93376	 0.76721	 0.43519	 0.45664	 0.62392	 1.09060	 1.06815	 2.07449	 0.74820	 1.80265	 1.87883	 1.98673	 0.32333	 0.00000	 0.46480	 1.64299	 1.44722	 1.85567	 1.56084	 1.77257	 0.70950	 1.23625	 1.38703	 1.19587	 1.17109	 1.09523	 0.99728	 0.48243	 1.15476	 0.88129	 0.78985	 0.98599	 1.52872	 0.59800	 1.38234	 0.90052	 1.36945	 1.11249	 1.23718	 1.41317	 1.21582	 0.61893	 1.27109	 0.94675	 1.34571	 0.94172	 0.75806	 1.24427	 1.32103	 1.31510	 0.52715	 0.64457	 0.62150	 0.98053	 0.54786	 0.69883	 0.33895	 0.85085	 1.11839	 1.96349	 2.15810	 2.17712	 2.22786	 2.16076	 2.07440	 1.80586	 1.45469	 1.12421	 0.67700	 0.30867	 0.16446	 0.03772	 0.00000	 0.00000	 0.00000	 0.02761	 0.08239	 0.25530	 0.46498	 0.94361	 1.30543	 1.64928	 1.96466	 2.06187	 2.01666	 1.93963	 1.33806	 1.02299	 1.69994	 0.55823	 0.56650	 0.57970	 0.57555	 0.67227	 1.20577	 0.65151	 0.76801	 0.81472	 0.83625	 0.86141	 1.54896	 1.71328	 1.54205	 0.91802	 0.71641	 0.21990	 1.16584	 0.67820	 1.48653	 1.09236	 1.09439	 0.74261	 1.36596	 1.06152	 1.00448	 0.60336	 1.26243	 1.20610	 1.03299	 1.02943	 0.65061	 1.03671	 0.33362	 1.40077	 1.12388	 1.11254	 1.36346	 0.00000	 1.42127	 1.58257	 1.40475	 1.72984	 1.53485	 0.40202	 0.40271	 0.16824	 0.38682	 1.02249	 1.61946	 1.47930	 1.11764	 1.64821	 0.52458	 0.68995	 0.29176	 0.41125	 1.20976	 0.33951	 0.57669	 1.27680	 0.88417	 0.01599	 1.37065	 0.81683	 0.79825	 0.58789	 0.83163	 1.83445	 0.14352	 0.14913	 0.00000	 0.00000	 0.00000	 0.00000	 0.15184	 0.15366	 1.54691	 1.14637	 1.62451	 1.00148	 1.42756	 0.99860	 0.61902	 0.90833	 0.35267	 1.36268	 0.39120	 0.38789	 0.61652	 0.55837	 0.61395	 1.42738	 0.71079	 0.69497	 0.24978	 0.26750	 0.90896	 1.41936	 1.04973	 1.01642	 0.42343	 1.05863	 0.41591	 0.94557	 1.25377	 0.92141	 0.73646	 1.20362	 0.94844	 0.51794	 1.30281	 0.65163	 1.33730	 0.52815	 0.66201	 0.33483	 1.39791	 1.44232	 1.65403	 1.72271	 1.46885	 1.36682	 0.45431	 0.01165	 0.00000	 0.00000	 0.00000	 0.00000	 0.00000	 0.00000	 0.00000	 0.00000	 0.00000	 0.00000	 0.00000	 0.00000	 0.00000	 0.00000	 0.00000	 0.00000	 0.00000	 0.00000	 0.09113	 1.28411	 1.98089	 1.79252	 1.94272	 1.21610	 0.36343	 0.53192	 1.23999	 0.58058	 0.58902	 0.85841	 0.89301	 1.19413	 1.02306	 1.14062	 0.00000

Beta step 24:
	 1.17760	 0.98306	 0.84020	 0.59175	 1.34482	 0.81239	 0.76277	 0.01142	 0.63362	 1.11765	 1.24181	 0.90468	 1.22089	 0.93421	 0.17913	 0.90975	 1.65022	 0.89018	 0.76338	 1.23818	 0.83635	 0.87756	 0.33255	 1.47412	 1.17885	 0.65121	 0.64868	 0.00000	 1.35490	 1.18745	 0.95929	 1.28612	 1.54779	 0.77259	 0.00000	 0.00000	 0.00000	 0.95096	 1.23302	 1.71994	 1.19370	 1.52648	 0.51820	 0.83234	 0.34664	 0.11581	 1.13735	 0.20401	 0.63585	 0.91546	 0.75217	 0.42666	 0.44769	 0.61169	 1.06922	 1.04720	 2.03382	 0.73353	 1.76730	 1.84199	 1.94778	 0.31699	 0.00000	 0.45569	 1.61078	 1.41884	 1.81929	 1.53023	 1.73781	 0.69559	 1.21201	 1.35983	 1.17242	 1.14813	 1.07376	 0.97773	 0.47297	 1.13212	 0.86401	 0.77436	 0.96665	 1.49875	 0.58628	 1.35523	 0.88287	 1.34260	 1.09068	 1.21292	 1.38546	 1.19198	 0.60679	 1.24617	 0.92819	 1.31932	 0.92325	 0.74320	 1.21987	 1.29513	 1.28932	 0.51681	 0.63193	 0.60932	 0.96130	 0.53712	 0.68513	 0.33230	 0.83417	 1.09646	 1.92499	 2.11578	 2.13443	 2.18418	 2.11840	 2.03372	 1.77045	 1.42616	 1.10217	 0.66373	 0.30261	 0.16124	 0.03698	 0.00000	 0.00000	 0.00000	 0.02706	 0.08078	 0.25029	 0.45586	 0.92511	 1.27984	 1.61694	 1.92614	 2.02144	 1.97712	 1.90160	 1.31182	 1.00293	 1.66661	 0.54729	 0.55539	 0.56833	 0.56426	 0.65908	 1.18213	 0.63873	 0.75295	 0.79874	 0.81985	 0.84452	 1.51859	 1.67968	 1.51181	 0.90002	 0.70237	 0.21559	 1.14298	 0.66490	 1.45738	 1.07094	 1.07293	 0.72805	 1.33918	 1.04071	 0.98478	 0.59153	 1.23768	 1.18245	 1.01273	 1.00924	 0.63786	 1.01638	 0.32708	 1.37330	 1.10185	 1.09073	 1.33672	 0.00000	 1.39341	 1.55154	 1.37721	 1.69593	 1.50475	 0.39414	 0.39481	 0.16494	 0.37924	 1.00244	 1.58770	 1.45029	 1.09573	 1.61589	 0.51429	 0.67643	 0.28604	 0.40319	 1.18604	 0.33285	 0.56538	 1.25176	 0.86684	 0.01568	 1.34378	 0.80082	 0.78260	 0.57637	 0.81533	 1.79848	 0.14071	 0.14621	 0.00000	 0.00000	 0.00000	 0.00000	 0.14887	 0.15065	 1.51658	 1.12390	 1.59265	 0.98185	 1.39957	 0.97902	 0.60689	 0.89052	 0.34576	 1.33596	 0.38353	 0.38029	 0.60444	 0.54742	 0.60191	 1.39939	 0.69685	 0.68135	 0.24489	 0.26226	 0.89114	 1.39153	 1.02915	 0.99649	 0.41512	 1.03787	 0.40776	 0.92703	 1.22918	 0.90334	 0.72202	 1.18002	 0.92985	 0.50779	 1.27726	 0.63885	 1.31108	 0.51779	 0.64903	 0.32826	 1.37050	 1.41403	 1.62160	 1.68893	 1.44005	 1.34002	 0.44540	 0.01142	 0.00000	 0.00000	 0.00000	 0.00000	 0.00000	 0.00000	 0.00000	 0.00000	 0.00000	 0.00000	 0.00000	 0.00000	 0.00000	 0.00000	 0.00000	 0.00000	 0.00000	 0.00000	 0.08935	 1.25893	 1.94205	 1.75738	 1.90462	 1.19225	 0.35630	 0.52149	 1.21568	 0.56919	 0.57747	 0.84158	 0.87550	 1.17071	 1.00300	 1.11825	 0.00000

Beta step 25:
	 1.15451	 0.96378	 0.82372	 0.58014	 1.31846	 0.79646	 0.74781	 0.01119	 0.62120	 1.09573	 1.21747	 0.88694	 1.19695	 0.91589	 0.17562	 0.89192	 1.61786	 0.87273	 0.74841	 1.21390	 0.81995	 0.86035	 0.32603	 1.44521	 1.15574	 0.63844	 0.63596	 0.00000	 1.32834	 1.16417	 0.94048	 1.26091	 1.51744	 0.75744	 0.00000	 0.00000	 0.00000	 0.93232	 1.20885	 1.68622	 1.17030	 1.49655	 0.50804	 0.81602	 0.33984	 0.11354	 1.11505	 0.20001	 0.62338	 0.89751	 0.73742	 0.41829	 0.43891	 0.59969	 1.04825	 1.02667	 1.99394	 0.71914	 1.73265	 1.80587	 1.90959	 0.31078	 0.00000	 0.44675	 1.57919	 1.39102	 1.78362	 1.50023	 1.70373	 0.68195	 1.18824	 1.33317	 1.14943	 1.12561	 1.05270	 0.95856	 0.46370	 1.10992	 0.84707	 0.75918	 0.94770	 1.46936	 0.57478	 1.32866	 0.86556	 1.31627	 1.06929	 1.18914	 1.35829	 1.16860	 0.59489	 1.22173	 0.90999	 1.29345	 0.90515	 0.72862	 1.19595	 1.26973	 1.26404	 0.50668	 0.61954	 0.59737	 0.94245	 0.52659	 0.67170	 0.32579	 0.81782	 1.07496	 1.88724	 2.07429	 2.09258	 2.14135	 2.07686	 1.99384	 1.73573	 1.39820	 1.08056	 0.65072	 0.29668	 0.15808	 0.03626	 0.00000	 0.00000	 0.00000	 0.02653	 0.07919	 0.24539	 0.44692	 0.90697	 1.25474	 1.58524	 1.88837	 1.98180	 1.93835	 1.86431	 1.28610	 0.98327	 1.63393	 0.53656	 0.54450	 0.55718	 0.55320	 0.64616	 1.15895	 0.62621	 0.73819	 0.78308	 0.80377	 0.82796	 1.48882	 1.64675	 1.48217	 0.88237	 0.68859	 0.21136	 1.12057	 0.65186	 1.42881	 1.04994	 1.05190	 0.71378	 1.31292	 1.02030	 0.96547	 0.57993	 1.21341	 1.15926	 0.99288	 0.98945	 0.62535	 0.99645	 0.32067	 1.34637	 1.08024	 1.06934	 1.31051	 0.00000	 1.36608	 1.52111	 1.35020	 1.66267	 1.47525	 0.38641	 0.38707	 0.16170	 0.37180	 0.98279	 1.55657	 1.42186	 1.07424	 1.58420	 0.50421	 0.66316	 0.28043	 0.39528	 1.16278	 0.32632	 0.55430	 1.22722	 0.84984	 0.01537	 1.31743	 0.78511	 0.76725	 0.56506	 0.79934	 1.76321	 0.13795	 0.14334	 0.00000	 0.00000	 0.00000	 0.00000	 0.14595	 0.14769	 1.48684	 1.10186	 1.56142	 0.96259	 1.37213	 0.95982	 0.59499	 0.87306	 0.33898	 1.30976	 0.37601	 0.37283	 0.59258	 0.53669	 0.59011	 1.37195	 0.68319	 0.66799	 0.24008	 0.25712	 0.87367	 1.36425	 1.00897	 0.97695	 0.40698	 1.01752	 0.39976	 0.90886	 1.20508	 0.88563	 0.70786	 1.15689	 0.91161	 0.49783	 1.25222	 0.62632	 1.28538	 0.50764	 0.63631	 0.32182	 1.34362	 1.38631	 1.58980	 1.65582	 1.41181	 1.31375	 0.43667	 0.01119	 0.00000	 0.00000	 0.00000	 0.00000	 0.00000	 0.00000	 0.00000	 0.00000	 0.00000	 0.00000	 0.00000	 0.00000	 0.00000	 0.00000	 0.00000	 0.00000	 0.00000	 0.00000	 0.08759	 1.23424	 1.90397	 1.72292	 1.86728	 1.16888	 0.34931	 0.51127	 1.19184	 0.55803	 0.56615	 0.82508	 0.85833	 1.14776	 0.98333	 1.09633	 0.00000

Beta step 26:
	 1.13187	 0.94488	 0.80757	 0.56877	 1.29260	 0.78084	 0.73315	 0.01097	 0.60902	 1.07425	 1.19359	 0.86955	 1.17348	 0.89793	 0.17217	 0.87443	 1.58614	 0.85562	 0.73374	 1.19010	 0.80387	 0.84348	 0.31964	 1.41688	 1.13308	 0.62592	 0.62349	 0.00000	 1.30229	 1.14134	 0.92204	 1.23618	 1.48769	 0.74259	 0.00000	 0.00000	 0.00000	 0.91403	 1.18514	 1.65316	 1.14735	 1.46721	 0.49808	 0.80002	 0.33318	 0.11131	 1.09319	 0.19609	 0.61116	 0.87991	 0.72296	 0.41009	 0.43030	 0.58794	 1.02770	 1.00654	 1.95484	 0.70504	 1.69867	 1.77046	 1.87214	 0.30469	 0.00000	 0.43799	 1.54823	 1.36374	 1.74864	 1.47081	 1.67033	 0.66858	 1.16494	 1.30703	 1.12689	 1.10354	 1.03206	 0.93976	 0.45460	 1.08816	 0.83046	 0.74429	 0.92912	 1.44055	 0.56351	 1.30261	 0.84858	 1.29046	 1.04833	 1.16582	 1.33166	 1.14569	 0.58323	 1.19778	 0.89214	 1.26809	 0.88740	 0.71434	 1.17250	 1.24484	 1.23925	 0.49674	 0.60739	 0.58566	 0.92397	 0.51627	 0.65853	 0.31940	 0.80178	 1.05388	 1.85024	 2.03362	 2.05155	 2.09936	 2.03614	 1.95475	 1.70170	 1.37078	 1.05937	 0.63796	 0.29086	 0.15498	 0.03554	 0.00000	 0.00000	 0.00000	 0.02601	 0.07764	 0.24057	 0.43816	 0.88919	 1.23014	 1.55415	 1.85135	 1.94294	 1.90035	 1.82776	 1.26088	 0.96399	 1.60189	 0.52604	 0.53382	 0.54626	 0.54235	 0.63349	 1.13623	 0.61393	 0.72371	 0.76772	 0.78801	 0.81173	 1.45962	 1.61446	 1.45311	 0.86507	 0.67509	 0.20722	 1.09859	 0.63908	 1.40079	 1.02936	 1.03127	 0.69978	 1.28718	 1.00029	 0.94654	 0.56856	 1.18962	 1.13653	 0.97341	 0.97005	 0.61309	 0.97692	 0.31438	 1.31997	 1.05906	 1.04837	 1.28482	 0.00000	 1.33930	 1.49129	 1.32373	 1.63007	 1.44632	 0.37883	 0.37948	 0.15853	 0.36451	 0.96352	 1.52605	 1.39398	 1.05318	 1.55314	 0.49432	 0.65016	 0.27493	 0.38753	 1.13998	 0.31993	 0.54343	 1.20316	 0.83318	 0.01507	 1.29160	 0.76972	 0.75221	 0.55398	 0.78367	 1.72864	 0.13524	 0.14053	 0.00000	 0.00000	 0.00000	 0.00000	 0.14309	 0.14480	 1.45769	 1.08025	 1.53081	 0.94372	 1.34523	 0.94100	 0.58332	 0.85594	 0.33233	 1.28408	 0.36863	 0.36552	 0.58096	 0.52617	 0.57854	 1.34505	 0.66979	 0.65489	 0.23538	 0.25207	 0.85654	 1.33750	 0.98918	 0.95779	 0.39900	 0.99757	 0.39192	 0.89104	 1.18145	 0.86827	 0.69398	 1.13420	 0.89374	 0.48807	 1.22767	 0.61404	 1.26017	 0.49768	 0.62383	 0.31551	 1.31728	 1.35913	 1.55863	 1.62335	 1.38413	 1.28799	 0.42811	 0.01097	 0.00000	 0.00000	 0.00000	 0.00000	 0.00000	 0.00000	 0.00000	 0.00000	 0.00000	 0.00000	 0.00000	 0.00000	 0.00000	 0.00000	 0.00000	 0.00000	 0.00000	 0.00000	 0.08588	 1.21004	 1.86664	 1.68914	 1.83066	 1.14596	 0.34246	 0.50124	 1.16847	 0.54709	 0.55505	 0.80890	 0.84150	 1.12525	 0.96405	 1.07483	 0.00000

Beta step 27:
	 1.10968	 0.92636	 0.79174	 0.55762	 1.26726	 0.76553	 0.71877	 0.01076	 0.59707	 1.05319	 1.17019	 0.85250	 1.15047	 0.88033	 0.16880	 0.85728	 1.55504	 0.83884	 0.71935	 1.16676	 0.78811	 0.82694	 0.31337	 1.38909	 1.11086	 0.61365	 0.61126	 0.00000	 1.27676	 1.11896	 0.90396	 1.21194	 1.45852	 0.72803	 0.00000	 0.00000	 0.00000	 0.89611	 1.16191	 1.62074	 1.12485	 1.43844	 0.48831	 0.78434	 0.32665	 0.10913	 1.07175	 0.19224	 0.59918	 0.86265	 0.70878	 0.40205	 0.42187	 0.57641	 1.00755	 0.98680	 1.91651	 0.69122	 1.66537	 1.73575	 1.83543	 0.29871	 0.00000	 0.42941	 1.51787	 1.33700	 1.71436	 1.44197	 1.63758	 0.65547	 1.14210	 1.28140	 1.10480	 1.08191	 1.01183	 0.92134	 0.44569	 1.06682	 0.81418	 0.72970	 0.91090	 1.41230	 0.55246	 1.27707	 0.83195	 1.26516	 1.02777	 1.14296	 1.30555	 1.12323	 0.57179	 1.17429	 0.87465	 1.24323	 0.87000	 0.70033	 1.14951	 1.22043	 1.21495	 0.48700	 0.59548	 0.57417	 0.90586	 0.50614	 0.64561	 0.31314	 0.78606	 1.03322	 1.81396	 1.99375	 2.01132	 2.05820	 1.99621	 1.91642	 1.66833	 1.34391	 1.03860	 0.62545	 0.28516	 0.15194	 0.03485	 0.00000	 0.00000	 0.00000	 0.02550	 0.07612	 0.23586	 0.42957	 0.87175	 1.20602	 1.52368	 1.81504	 1.90485	 1.86309	 1.79192	 1.23616	 0.94508	 1.57048	 0.51572	 0.52336	 0.53555	 0.53172	 0.62107	 1.11395	 0.60189	 0.70952	 0.75267	 0.77256	 0.79581	 1.43100	 1.58280	 1.42461	 0.84811	 0.66186	 0.20315	 1.07705	 0.62655	 1.37333	 1.00917	 1.01105	 0.68606	 1.26194	 0.98068	 0.92798	 0.55741	 1.16629	 1.11425	 0.95432	 0.95103	 0.60107	 0.95776	 0.30821	 1.29409	 1.03830	 1.02782	 1.25962	 0.00000	 1.31304	 1.46205	 1.29777	 1.59811	 1.41796	 0.37140	 0.37204	 0.15542	 0.35737	 0.94462	 1.49613	 1.36665	 1.03253	 1.52269	 0.48463	 0.63741	 0.26954	 0.37993	 1.11763	 0.31365	 0.53277	 1.17957	 0.81684	 0.01477	 1.26627	 0.75463	 0.73746	 0.54312	 0.76830	 1.69475	 0.13259	 0.13778	 0.00000	 0.00000	 0.00000	 0.00000	 0.14028	 0.14196	 1.42910	 1.05907	 1.50079	 0.92522	 1.31885	 0.92255	 0.57188	 0.83916	 0.32581	 1.25890	 0.36140	 0.35835	 0.56957	 0.51585	 0.56719	 1.31868	 0.65666	 0.64205	 0.23076	 0.24713	 0.83974	 1.31127	 0.96979	 0.93901	 0.39118	 0.97801	 0.38424	 0.87356	 1.15829	 0.85124	 0.68038	 1.11196	 0.87622	 0.47850	 1.20359	 0.60200	 1.23546	 0.48793	 0.61160	 0.30933	 1.29145	 1.33248	 1.52807	 1.59152	 1.35699	 1.26273	 0.41971	 0.01076	 0.00000	 0.00000	 0.00000	 0.00000	 0.00000	 0.00000	 0.00000	 0.00000	 0.00000	 0.00000	 0.00000	 0.00000	 0.00000	 0.00000	 0.00000	 0.00000	 0.00000	 0.00000	 0.08419	 1.18632	 1.83004	 1.65602	 1.79477	 1.12349	 0.33575	 0.49141	 1.14556	 0.53636	 0.54416	 0.79304	 0.82500	 1.10319	 0.94515	 1.05376	 0.00000

Beta step 28:
	 1.08792	 0.90819	 0.77621	 0.54668	 1.24241	 0.75052	 0.70468	 0.01055	 0.58537	 1.03253	 1.14724	 0.83579	 1.12791	 0.86307	 0.16549	 0.84047	 1.52455	 0.82239	 0.70525	 1.14388	 0.77266	 0.81073	 0.30723	 1.36186	 1.08908	 0.60162	 0.59928	 0.00000	 1.25172	 1.09702	 0.88624	 1.18818	 1.42992	 0.71375	 0.00000	 0.00000	 0.00000	 0.87854	 1.13912	 1.58896	 1.10280	 1.41023	 0.47874	 0.76896	 0.32024	 0.10699	 1.05074	 0.18847	 0.58743	 0.84574	 0.69489	 0.39417	 0.41360	 0.56511	 0.98779	 0.96745	 1.87893	 0.67767	 1.63271	 1.70171	 1.79945	 0.29285	 0.00000	 0.42099	 1.48811	 1.31079	 1.68074	 1.41370	 1.60547	 0.64261	 1.11971	 1.25628	 1.08314	 1.06069	 0.99199	 0.90327	 0.43695	 1.04590	 0.79821	 0.71539	 0.89304	 1.38461	 0.54163	 1.25203	 0.81563	 1.24035	 1.00762	 1.12055	 1.27995	 1.10120	 0.56058	 1.15126	 0.85750	 1.21885	 0.85294	 0.68660	 1.12697	 1.19650	 1.19113	 0.47745	 0.58381	 0.56291	 0.88809	 0.49622	 0.63295	 0.30700	 0.77065	 1.01296	 1.77839	 1.95465	 1.97188	 2.01784	 1.95707	 1.87884	 1.63562	 1.31755	 1.01823	 0.61318	 0.27957	 0.14896	 0.03416	 0.00000	 0.00000	 0.00000	 0.02500	 0.07463	 0.23123	 0.42115	 0.85466	 1.18237	 1.49380	 1.77946	 1.86750	 1.82655	 1.75678	 1.21192	 0.92655	 1.53969	 0.50561	 0.51309	 0.52505	 0.52129	 0.60889	 1.09211	 0.59009	 0.69561	 0.73791	 0.75741	 0.78021	 1.40295	 1.55177	 1.39668	 0.83148	 0.64888	 0.19917	 1.05593	 0.61426	 1.34640	 0.98939	 0.99123	 0.67261	 1.23719	 0.96145	 0.90979	 0.54648	 1.14342	 1.09240	 0.93561	 0.93238	 0.58928	 0.93898	 0.30217	 1.26872	 1.01794	 1.00766	 1.23493	 0.00000	 1.28729	 1.43338	 1.27233	 1.56677	 1.39016	 0.36412	 0.36475	 0.15238	 0.35036	 0.92610	 1.46679	 1.33985	 1.01228	 1.49283	 0.47513	 0.62491	 0.26426	 0.37248	 1.09571	 0.30750	 0.52233	 1.15644	 0.80082	 0.01448	 1.24144	 0.73983	 0.72300	 0.53247	 0.75324	 1.66152	 0.12999	 0.13507	 0.00000	 0.00000	 0.00000	 0.00000	 0.13753	 0.13918	 1.40108	 1.03831	 1.47136	 0.90707	 1.29299	 0.90446	 0.56067	 0.82270	 0.31943	 1.23422	 0.35432	 0.35133	 0.55841	 0.50573	 0.55607	 1.29282	 0.64378	 0.62946	 0.22624	 0.24229	 0.82328	 1.28556	 0.95077	 0.92060	 0.38351	 0.95883	 0.37670	 0.85644	 1.13558	 0.83455	 0.66704	 1.09016	 0.85904	 0.46912	 1.17999	 0.59020	 1.21124	 0.47836	 0.59961	 0.30326	 1.26613	 1.30635	 1.49811	 1.56031	 1.33038	 1.23797	 0.41148	 0.01055	 0.00000	 0.00000	 0.00000	 0.00000	 0.00000	 0.00000	 0.00000	 0.00000	 0.00000	 0.00000	 0.00000	 0.00000	 0.00000	 0.00000	 0.00000	 0.00000	 0.00000	 0.00000	 0.08254	 1.16305	 1.79416	 1.62354	 1.75958	 1.10146	 0.32917	 0.48178	 1.12310	 0.52585	 0.53349	 0.77749	 0.80882	 1.08156	 0.92662	 1.03309	 0.00000

Beta step 29:
	 1.06659	 0.89038	 0.76099	 0.53596	 1.21805	 0.73580	 0.69086	 0.01034	 0.57389	 1.01229	 1.12475	 0.81940	 1.10579	 0.84614	 0.16224	 0.82399	 1.49466	 0.80627	 0.69142	 1.12145	 0.75751	 0.79483	 0.30120	 1.33515	 1.06772	 0.58982	 0.58753	 0.00000	 1.22718	 1.07551	 0.86886	 1.16488	 1.40188	 0.69976	 0.00000	 0.00000	 0.00000	 0.86132	 1.11679	 1.55781	 1.08117	 1.38258	 0.46935	 0.75388	 0.31396	 0.10489	 1.03014	 0.18478	 0.57591	 0.82916	 0.68126	 0.38644	 0.40549	 0.55402	 0.96842	 0.94848	 1.84209	 0.66438	 1.60070	 1.66835	 1.76416	 0.28711	 0.00000	 0.41273	 1.45893	 1.28509	 1.64779	 1.38598	 1.57399	 0.63001	 1.09775	 1.23164	 1.06190	 1.03989	 0.97253	 0.88556	 0.42838	 1.02540	 0.78256	 0.70136	 0.87553	 1.35746	 0.53101	 1.22748	 0.79964	 1.21603	 0.98786	 1.09858	 1.25485	 1.07961	 0.54959	 1.12869	 0.84069	 1.19495	 0.83622	 0.67314	 1.10487	 1.17304	 1.16777	 0.46809	 0.57236	 0.55188	 0.87068	 0.48649	 0.62054	 0.30098	 0.75553	 0.99310	 1.74352	 1.91633	 1.93322	 1.97828	 1.91870	 1.84200	 1.60355	 1.29172	 0.99827	 0.60116	 0.27409	 0.14604	 0.03349	 0.00000	 0.00000	 0.00000	 0.02451	 0.07316	 0.22670	 0.41289	 0.83790	 1.15919	 1.46451	 1.74456	 1.83088	 1.79074	 1.72234	 1.18816	 0.90839	 1.50950	 0.49570	 0.50303	 0.51475	 0.51107	 0.59695	 1.07069	 0.57852	 0.68197	 0.72344	 0.74256	 0.76491	 1.37544	 1.52134	 1.36929	 0.81518	 0.63615	 0.19527	 1.03523	 0.60222	 1.32000	 0.96999	 0.97179	 0.65942	 1.21293	 0.94260	 0.89195	 0.53577	 1.12100	 1.07098	 0.91726	 0.91410	 0.57773	 0.92057	 0.29625	 1.24384	 0.99798	 0.98791	 1.21071	 0.00000	 1.26205	 1.40527	 1.24738	 1.53605	 1.36290	 0.35698	 0.35759	 0.14939	 0.34349	 0.90794	 1.43803	 1.31358	 0.99243	 1.46356	 0.46581	 0.61266	 0.25908	 0.36518	 1.07423	 0.30147	 0.51208	 1.13376	 0.78512	 0.01420	 1.21710	 0.72532	 0.70882	 0.52203	 0.73847	 1.62894	 0.12744	 0.13243	 0.00000	 0.00000	 0.00000	 0.00000	 0.13483	 0.13645	 1.37361	 1.01795	 1.44251	 0.88929	 1.26764	 0.88673	 0.54968	 0.80657	 0.31316	 1.21002	 0.34737	 0.34444	 0.54746	 0.49582	 0.54517	 1.26747	 0.63116	 0.61712	 0.22180	 0.23754	 0.80713	 1.26035	 0.93213	 0.90255	 0.37599	 0.94003	 0.36932	 0.83964	 1.11331	 0.81819	 0.65396	 1.06878	 0.84219	 0.45992	 1.15686	 0.57863	 1.18749	 0.46898	 0.58785	 0.29732	 1.24130	 1.28074	 1.46873	 1.52972	 1.30430	 1.21370	 0.40342	 0.01034	 0.00000	 0.00000	 0.00000	 0.00000	 0.00000	 0.00000	 0.00000	 0.00000	 0.00000	 0.00000	 0.00000	 0.00000	 0.00000	 0.00000	 0.00000	 0.00000	 0.00000	 0.00000	 0.08092	 1.14025	 1.75898	 1.59171	 1.72508	 1.07986	 0.32271	 0.47233	 1.10108	 0.51554	 0.52303	 0.76225	 0.79296	 1.06035	 0.90845	 1.01284	 0.00000

Beta step 30:
	 1.04567	 0.87293	 0.74607	 0.52546	 1.19417	 0.72138	 0.67731	 0.01014	 0.56264	 0.99244	 1.10270	 0.80333	 1.08411	 0.82955	 0.15906	 0.80784	 1.46535	 0.79046	 0.67786	 1.09946	 0.74265	 0.77925	 0.29530	 1.30898	 1.04679	 0.57826	 0.57601	 0.00000	 1.20311	 1.05442	 0.85182	 1.14204	 1.37439	 0.68604	 0.00000	 0.00000	 0.00000	 0.84443	 1.09489	 1.52726	 1.05997	 1.35547	 0.46015	 0.73910	 0.30781	 0.10283	 1.00994	 0.18115	 0.56462	 0.81290	 0.66790	 0.37886	 0.39753	 0.54316	 0.94943	 0.92989	 1.80597	 0.65135	 1.56931	 1.63563	 1.72957	 0.28148	 0.00000	 0.40464	 1.43032	 1.25989	 1.61548	 1.35880	 1.54312	 0.61766	 1.07623	 1.20749	 1.04108	 1.01950	 0.95347	 0.86819	 0.41998	 1.00529	 0.76722	 0.68761	 0.85836	 1.33085	 0.52060	 1.20341	 0.78396	 1.19219	 0.96849	 1.07704	 1.23025	 1.05844	 0.53881	 1.10656	 0.82420	 1.17152	 0.81982	 0.65994	 1.08321	 1.15004	 1.14488	 0.45891	 0.56114	 0.54105	 0.85361	 0.47695	 0.60838	 0.29508	 0.74072	 0.97362	 1.70934	 1.87875	 1.89531	 1.93949	 1.88107	 1.80589	 1.57211	 1.26639	 0.97869	 0.58937	 0.26871	 0.14318	 0.03284	 0.00000	 0.00000	 0.00000	 0.02403	 0.07173	 0.22225	 0.40479	 0.82147	 1.13646	 1.43580	 1.71036	 1.79498	 1.75563	 1.68857	 1.16486	 0.89057	 1.47990	 0.48598	 0.49317	 0.50466	 0.50105	 0.58525	 1.04970	 0.56717	 0.66860	 0.70926	 0.72800	 0.74991	 1.34847	 1.49151	 1.34245	 0.79919	 0.62368	 0.19144	 1.01493	 0.59041	 1.29412	 0.95097	 0.95273	 0.64649	 1.18915	 0.92412	 0.87446	 0.52526	 1.09902	 1.04998	 0.89928	 0.89618	 0.56640	 0.90252	 0.29044	 1.21945	 0.97841	 0.96854	 1.18697	 0.00000	 1.23730	 1.37772	 1.22292	 1.50593	 1.33618	 0.34998	 0.35058	 0.14646	 0.33675	 0.89014	 1.40983	 1.28782	 0.97297	 1.43486	 0.45668	 0.60065	 0.25400	 0.35802	 1.05317	 0.29556	 0.50204	 1.11153	 0.76973	 0.01392	 1.19324	 0.71110	 0.69492	 0.51180	 0.72399	 1.59700	 0.12494	 0.12983	 0.00000	 0.00000	 0.00000	 0.00000	 0.13219	 0.13377	 1.34668	 0.99799	 1.41423	 0.87185	 1.24278	 0.86934	 0.53890	 0.79076	 0.30702	 1.18629	 0.34056	 0.33768	 0.53672	 0.48610	 0.53448	 1.24262	 0.61878	 0.60502	 0.21745	 0.23288	 0.79131	 1.23564	 0.91385	 0.88485	 0.36862	 0.92160	 0.36208	 0.82318	 1.09148	 0.80214	 0.64113	 1.04783	 0.82568	 0.45090	 1.13417	 0.56728	 1.16420	 0.45978	 0.57632	 0.29149	 1.21696	 1.25562	 1.43993	 1.49973	 1.27872	 1.18990	 0.39551	 0.01014	 0.00000	 0.00000	 0.00000	 0.00000	 0.00000	 0.00000	 0.00000	 0.00000	 0.00000	 0.00000	 0.00000	 0.00000	 0.00000	 0.00000	 0.00000	 0.00000	 0.00000	 0.00000	 0.07934	 1.11789	 1.72449	 1.56050	 1.69125	 1.05869	 0.31638	 0.46307	 1.07949	 0.50543	 0.51278	 0.74730	 0.77742	 1.03956	 0.89064	 0.99298	 0.00000

Beta step 31:
	 1.02517	 0.85581	 0.73144	 0.51515	 1.17075	 0.70723	 0.66403	 0.00994	 0.55160	 0.97298	 1.08107	 0.78758	 1.06286	 0.81329	 0.15594	 0.79200	 1.43662	 0.77496	 0.66457	 1.07791	 0.72809	 0.76397	 0.28951	 1.28331	 1.02626	 0.56692	 0.56471	 0.00000	 1.17952	 1.03375	 0.83512	 1.11965	 1.34744	 0.67259	 0.00000	 0.00000	 0.00000	 0.82787	 1.07342	 1.49732	 1.03919	 1.32889	 0.45113	 0.72461	 0.30177	 0.10082	 0.99014	 0.17760	 0.55355	 0.79696	 0.65481	 0.37143	 0.38974	 0.53251	 0.93082	 0.91165	 1.77056	 0.63858	 1.53854	 1.60356	 1.69566	 0.27596	 0.00000	 0.39670	 1.40228	 1.23519	 1.58380	 1.33216	 1.51287	 0.60555	 1.05513	 1.18382	 1.02066	 0.99951	 0.93477	 0.85117	 0.41175	 0.98558	 0.75217	 0.67413	 0.84153	 1.30475	 0.51039	 1.17981	 0.76859	 1.16881	 0.94950	 1.05592	 1.20613	 1.03769	 0.52825	 1.08486	 0.80804	 1.14855	 0.80375	 0.64700	 1.06197	 1.12749	 1.12243	 0.44991	 0.55013	 0.53045	 0.83687	 0.46760	 0.59645	 0.28929	 0.72620	 0.95453	 1.67582	 1.84191	 1.85815	 1.90146	 1.84419	 1.77048	 1.54128	 1.24156	 0.95950	 0.57782	 0.26344	 0.14037	 0.03219	 0.00000	 0.00000	 0.00000	 0.02356	 0.07032	 0.21790	 0.39686	 0.80536	 1.11418	 1.40764	 1.67682	 1.75978	 1.72120	 1.65546	 1.14202	 0.87311	 1.45088	 0.47645	 0.48350	 0.49476	 0.49123	 0.57377	 1.02911	 0.55605	 0.65549	 0.69535	 0.71373	 0.73521	 1.32203	 1.46227	 1.31612	 0.78352	 0.61145	 0.18768	 0.99503	 0.57884	 1.26874	 0.93232	 0.93405	 0.63381	 1.16583	 0.90600	 0.85731	 0.51496	 1.07747	 1.02939	 0.88165	 0.87861	 0.55529	 0.88482	 0.28474	 1.19554	 0.95922	 0.94954	 1.16370	 0.00000	 1.21304	 1.35070	 1.19894	 1.47640	 1.30998	 0.34312	 0.34371	 0.14359	 0.33015	 0.87269	 1.38219	 1.26257	 0.95390	 1.40673	 0.44772	 0.58887	 0.24902	 0.35100	 1.03252	 0.28977	 0.49220	 1.08974	 0.75463	 0.01365	 1.16984	 0.69716	 0.68130	 0.50176	 0.70979	 1.56568	 0.12249	 0.12728	 0.00000	 0.00000	 0.00000	 0.00000	 0.12960	 0.13115	 1.32027	 0.97842	 1.38650	 0.85476	 1.21841	 0.85230	 0.52833	 0.77525	 0.30100	 1.16303	 0.33388	 0.33106	 0.52620	 0.47656	 0.52400	 1.21825	 0.60665	 0.59315	 0.21319	 0.22831	 0.77579	 1.21141	 0.89593	 0.86750	 0.36139	 0.90353	 0.35498	 0.80704	 1.07008	 0.78642	 0.62856	 1.02728	 0.80949	 0.44206	 1.11193	 0.55616	 1.14138	 0.45077	 0.56502	 0.28577	 1.19310	 1.23100	 1.41170	 1.47032	 1.25365	 1.16657	 0.38775	 0.00994	 0.00000	 0.00000	 0.00000	 0.00000	 0.00000	 0.00000	 0.00000	 0.00000	 0.00000	 0.00000	 0.00000	 0.00000	 0.00000	 0.00000	 0.00000	 0.00000	 0.00000	 0.00000	 0.07778	 1.09597	 1.69067	 1.52990	 1.65809	 1.03793	 0.31018	 0.45399	 1.05832	 0.49552	 0.50272	 0.73265	 0.76217	 1.01918	 0.87317	 0.97351	 0.00000

Beta step 32:
	 1.00507	 0.83903	 0.71710	 0.50505	 1.14779	 0.69337	 0.65101	 0.00974	 0.54079	 0.95390	 1.05988	 0.77214	 1.04202	 0.79734	 0.15289	 0.77647	 1.40845	 0.75976	 0.65154	 1.05677	 0.71381	 0.74899	 0.28383	 1.25815	 1.00614	 0.55580	 0.55364	 0.00000	 1.15640	 1.01348	 0.81874	 1.09770	 1.32102	 0.65940	 0.00000	 0.00000	 0.00000	 0.81164	 1.05237	 1.46796	 1.01881	 1.30284	 0.44228	 0.71040	 0.29586	 0.09884	 0.97072	 0.17412	 0.54269	 0.78133	 0.64197	 0.36415	 0.38210	 0.52207	 0.91257	 0.89378	 1.73584	 0.62606	 1.50837	 1.57212	 1.66241	 0.27055	 0.00000	 0.38893	 1.37478	 1.21097	 1.55274	 1.30604	 1.48320	 0.59368	 1.03444	 1.16060	 1.00065	 0.97992	 0.91644	 0.83448	 0.40368	 0.96625	 0.73742	 0.66091	 0.82503	 1.27917	 0.50038	 1.15668	 0.75352	 1.14589	 0.93088	 1.03521	 1.18248	 1.01734	 0.51789	 1.06359	 0.79220	 1.12603	 0.78799	 0.63431	 1.04115	 1.10538	 1.10042	 0.44109	 0.53935	 0.52004	 0.82046	 0.45843	 0.58475	 0.28362	 0.71196	 0.93582	 1.64296	 1.80580	 1.82171	 1.86417	 1.80803	 1.73576	 1.51106	 1.21722	 0.94069	 0.56649	 0.25828	 0.13762	 0.03156	 0.00000	 0.00000	 0.00000	 0.02310	 0.06894	 0.21362	 0.38907	 0.78957	 1.09233	 1.38004	 1.64394	 1.72528	 1.68745	 1.62300	 1.11963	 0.85599	 1.42243	 0.46710	 0.47402	 0.48506	 0.48159	 0.56252	 1.00894	 0.54515	 0.64264	 0.68172	 0.69973	 0.72079	 1.29610	 1.43359	 1.29032	 0.76816	 0.59946	 0.18400	 0.97552	 0.56749	 1.24386	 0.91404	 0.91574	 0.62139	 1.14297	 0.88823	 0.84050	 0.50487	 1.05635	 1.00921	 0.86436	 0.86138	 0.54440	 0.86747	 0.27916	 1.17210	 0.94042	 0.93093	 1.14088	 0.00000	 1.18926	 1.32422	 1.17543	 1.44746	 1.28429	 0.33639	 0.33697	 0.14077	 0.32368	 0.85557	 1.35509	 1.23781	 0.93519	 1.37914	 0.43894	 0.57732	 0.24413	 0.34412	 1.01227	 0.28408	 0.48255	 1.06837	 0.73984	 0.01338	 1.14690	 0.68349	 0.66794	 0.49192	 0.69587	 1.53498	 0.12009	 0.12479	 0.00000	 0.00000	 0.00000	 0.00000	 0.12706	 0.12858	 1.29438	 0.95924	 1.35931	 0.83800	 1.19452	 0.83558	 0.51797	 0.76005	 0.29510	 1.14023	 0.32734	 0.32457	 0.51588	 0.46722	 0.51373	 1.19436	 0.59476	 0.58152	 0.20901	 0.22383	 0.76058	 1.18766	 0.87837	 0.85049	 0.35430	 0.88581	 0.34802	 0.79121	 1.04910	 0.77100	 0.61624	 1.00714	 0.79362	 0.43339	 1.09013	 0.54525	 1.11900	 0.44193	 0.55394	 0.28017	 1.16970	 1.20687	 1.38402	 1.44149	 1.22907	 1.14370	 0.38015	 0.00974	 0.00000	 0.00000	 0.00000	 0.00000	 0.00000	 0.00000	 0.00000	 0.00000	 0.00000	 0.00000	 0.00000	 0.00000	 0.00000	 0.00000	 0.00000	 0.00000	 0.00000	 0.00000	 0.07626	 1.07448	 1.65752	 1.49990	 1.62558	 1.01758	 0.30410	 0.44509	 1.03757	 0.48580	 0.49287	 0.71828	 0.74723	 0.99919	 0.85605	 0.95442	 0.00000

Beta step 33:
	 0.98536	 0.82258	 0.70304	 0.49515	 1.12529	 0.67977	 0.63825	 0.00955	 0.53018	 0.93520	 1.03909	 0.75700	 1.02158	 0.78171	 0.14989	 0.76124	 1.38083	 0.74487	 0.63876	 1.03605	 0.69982	 0.73430	 0.27826	 1.23348	 0.98641	 0.54491	 0.54278	 0.00000	 1.13372	 0.99361	 0.80269	 1.07617	 1.29512	 0.64647	 0.00000	 0.00000	 0.00000	 0.79572	 1.03174	 1.43917	 0.99884	 1.27729	 0.43361	 0.69647	 0.29005	 0.09690	 0.95169	 0.17070	 0.53205	 0.76601	 0.62938	 0.35701	 0.37461	 0.51183	 0.89467	 0.87625	 1.70181	 0.61378	 1.47880	 1.54129	 1.62981	 0.26525	 0.00000	 0.38130	 1.34783	 1.18722	 1.52230	 1.28043	 1.45412	 0.58204	 1.01415	 1.13785	 0.98103	 0.96070	 0.89847	 0.81812	 0.39576	 0.94731	 0.72296	 0.64795	 0.80885	 1.25409	 0.49057	 1.13400	 0.73874	 1.12343	 0.91263	 1.01492	 1.15929	 0.99739	 0.50773	 1.04274	 0.77666	 1.10395	 0.77254	 0.62187	 1.02073	 1.08370	 1.07884	 0.43244	 0.52877	 0.50985	 0.80437	 0.44944	 0.57329	 0.27806	 0.69800	 0.91747	 1.61074	 1.77039	 1.78599	 1.82762	 1.77258	 1.70173	 1.48143	 1.19335	 0.92224	 0.55538	 0.25321	 0.13492	 0.03094	 0.00000	 0.00000	 0.00000	 0.02265	 0.06759	 0.20943	 0.38145	 0.77409	 1.07091	 1.35298	 1.61171	 1.69145	 1.65437	 1.59117	 1.09767	 0.83921	 1.39454	 0.45795	 0.46473	 0.47555	 0.47215	 0.55149	 0.98915	 0.53446	 0.63004	 0.66835	 0.68601	 0.70666	 1.27069	 1.40548	 1.26502	 0.75310	 0.58771	 0.18040	 0.95639	 0.55636	 1.21947	 0.89612	 0.89778	 0.60920	 1.12056	 0.87082	 0.82402	 0.49497	 1.03563	 0.98942	 0.84741	 0.84449	 0.53373	 0.85046	 0.27368	 1.14912	 0.92198	 0.91267	 1.11851	 0.00000	 1.16594	 1.29826	 1.15238	 1.41907	 1.25911	 0.32980	 0.33036	 0.13801	 0.31733	 0.83880	 1.32852	 1.21354	 0.91685	 1.35210	 0.43034	 0.56600	 0.23935	 0.33737	 0.99242	 0.27851	 0.47309	 1.04742	 0.72533	 0.01312	 1.12441	 0.67009	 0.65484	 0.48228	 0.68223	 1.50489	 0.11774	 0.12234	 0.00000	 0.00000	 0.00000	 0.00000	 0.12457	 0.12606	 1.26900	 0.94043	 1.33266	 0.82156	 1.17110	 0.81920	 0.50781	 0.74515	 0.28931	 1.11787	 0.32092	 0.31821	 0.50576	 0.45806	 0.50365	 1.17095	 0.58309	 0.57012	 0.20491	 0.21945	 0.74567	 1.16437	 0.86114	 0.83382	 0.34736	 0.86845	 0.34119	 0.77570	 1.02853	 0.75588	 0.60416	 0.98739	 0.77805	 0.42489	 1.06876	 0.53456	 1.09706	 0.43326	 0.54308	 0.27467	 1.14677	 1.18320	 1.35688	 1.41322	 1.20497	 1.12127	 0.37269	 0.00955	 0.00000	 0.00000	 0.00000	 0.00000	 0.00000	 0.00000	 0.00000	 0.00000	 0.00000	 0.00000	 0.00000	 0.00000	 0.00000	 0.00000	 0.00000	 0.00000	 0.00000	 0.00000	 0.07476	 1.05341	 1.62502	 1.47049	 1.59370	 0.99762	 0.29814	 0.43636	 1.01722	 0.47627	 0.48320	 0.70420	 0.73258	 0.97960	 0.83927	 0.93571	 0.00000

Beta step 34:
	 0.96604	 0.80645	 0.68925	 0.48544	 1.10322	 0.66644	 0.62573	 0.00937	 0.51979	 0.91686	 1.01872	 0.74215	 1.00155	 0.76638	 0.14695	 0.74632	 1.35376	 0.73026	 0.62624	 1.01574	 0.68610	 0.71990	 0.27281	 1.20929	 0.96707	 0.53422	 0.53214	 0.00000	 1.11149	 0.97412	 0.78695	 1.05507	 1.26973	 0.63379	 0.00000	 0.00000	 0.00000	 0.78012	 1.01151	 1.41095	 0.97925	 1.25225	 0.42511	 0.68281	 0.28437	 0.09500	 0.93303	 0.16736	 0.52162	 0.75099	 0.61704	 0.35001	 0.36726	 0.50180	 0.87713	 0.85907	 1.66844	 0.60175	 1.44980	 1.51107	 1.59786	 0.26005	 0.00000	 0.37382	 1.32140	 1.16394	 1.49245	 1.25532	 1.42561	 0.57062	 0.99427	 1.11554	 0.96179	 0.94186	 0.88085	 0.80208	 0.38800	 0.92873	 0.70879	 0.63525	 0.79299	 1.22950	 0.48095	 1.11176	 0.72426	 1.10140	 0.89474	 0.99502	 1.13656	 0.97784	 0.49778	 1.02229	 0.76144	 1.08230	 0.75739	 0.60968	 1.00072	 1.06246	 1.05769	 0.42396	 0.51840	 0.49985	 0.78860	 0.44063	 0.56205	 0.27260	 0.68431	 0.89948	 1.57916	 1.73568	 1.75097	 1.79178	 1.73782	 1.66836	 1.45238	 1.16995	 0.90416	 0.54449	 0.24825	 0.13227	 0.03034	 0.00000	 0.00000	 0.00000	 0.02220	 0.06626	 0.20533	 0.37397	 0.75891	 1.04991	 1.32645	 1.58011	 1.65828	 1.62193	 1.55997	 1.07615	 0.82275	 1.36720	 0.44897	 0.45561	 0.46623	 0.46289	 0.54068	 0.96976	 0.52398	 0.61768	 0.65525	 0.67256	 0.69280	 1.24578	 1.37793	 1.24021	 0.73833	 0.57618	 0.17686	 0.93764	 0.54545	 1.19556	 0.87855	 0.88018	 0.59726	 1.09859	 0.85374	 0.80786	 0.48526	 1.01533	 0.97002	 0.83079	 0.82793	 0.52326	 0.83379	 0.26832	 1.12658	 0.90390	 0.89478	 1.09658	 0.00000	 1.14308	 1.27280	 1.12979	 1.39125	 1.23442	 0.32333	 0.32388	 0.13531	 0.31111	 0.82235	 1.30247	 1.18975	 0.89888	 1.32559	 0.42190	 0.55490	 0.23465	 0.33076	 0.97296	 0.27305	 0.46381	 1.02688	 0.71111	 0.01286	 1.10237	 0.65695	 0.64200	 0.47282	 0.66885	 1.47538	 0.11543	 0.11994	 0.00000	 0.00000	 0.00000	 0.00000	 0.12212	 0.12358	 1.24412	 0.92199	 1.30653	 0.80546	 1.14814	 0.80314	 0.49786	 0.73054	 0.28364	 1.09595	 0.31462	 0.31197	 0.49585	 0.44908	 0.49378	 1.14799	 0.57166	 0.55894	 0.20089	 0.21514	 0.73105	 1.14154	 0.84426	 0.81747	 0.34055	 0.85142	 0.33450	 0.76049	 1.00836	 0.74106	 0.59231	 0.96803	 0.76280	 0.41656	 1.04780	 0.52408	 1.07554	 0.42477	 0.53243	 0.26929	 1.12428	 1.16000	 1.33028	 1.38551	 1.18134	 1.09929	 0.36539	 0.00937	 0.00000	 0.00000	 0.00000	 0.00000	 0.00000	 0.00000	 0.00000	 0.00000	 0.00000	 0.00000	 0.00000	 0.00000	 0.00000	 0.00000	 0.00000	 0.00000	 0.00000	 0.00000	 0.07330	 1.03276	 1.59316	 1.44166	 1.56245	 0.97806	 0.29229	 0.42780	 0.99728	 0.46694	 0.47373	 0.69039	 0.71821	 0.96039	 0.82281	 0.91736	 0.00000

Beta step 35:
	 0.94710	 0.79064	 0.67574	 0.47592	 1.08159	 0.65337	 0.61346	 0.00918	 0.50960	 0.89888	 0.99875	 0.72760	 0.98191	 0.75135	 0.14407	 0.73168	 1.32721	 0.71594	 0.61396	 0.99582	 0.67264	 0.70579	 0.26746	 1.18558	 0.94811	 0.52375	 0.52171	 0.00000	 1.08970	 0.95502	 0.77152	 1.03438	 1.24483	 0.62137	 0.00000	 0.00000	 0.00000	 0.76482	 0.99168	 1.38329	 0.96005	 1.22769	 0.41677	 0.66942	 0.27879	 0.09314	 0.91473	 0.16408	 0.51139	 0.73627	 0.60494	 0.34315	 0.36006	 0.49196	 0.85993	 0.84223	 1.63572	 0.58995	 1.42137	 1.48144	 1.56653	 0.25495	 0.00000	 0.36649	 1.29549	 1.14112	 1.46319	 1.23071	 1.39766	 0.55943	 0.97477	 1.09366	 0.94293	 0.92340	 0.86358	 0.78635	 0.38039	 0.91052	 0.69489	 0.62279	 0.77744	 1.20539	 0.47152	 1.08996	 0.71006	 1.07980	 0.87719	 0.97551	 1.11427	 0.95866	 0.48802	 1.00225	 0.74651	 1.06108	 0.74254	 0.59772	 0.98110	 1.04162	 1.03695	 0.41565	 0.50824	 0.49005	 0.77314	 0.43199	 0.55103	 0.26726	 0.67089	 0.88184	 1.54820	 1.70164	 1.71664	 1.75665	 1.70375	 1.63565	 1.42391	 1.14701	 0.88643	 0.53381	 0.24338	 0.12968	 0.02974	 0.00000	 0.00000	 0.00000	 0.02177	 0.06497	 0.20130	 0.36663	 0.74403	 1.02933	 1.30045	 1.54912	 1.62577	 1.59013	 1.52939	 1.05505	 0.80662	 1.34039	 0.44016	 0.44668	 0.45709	 0.45382	 0.53008	 0.95074	 0.51371	 0.60557	 0.64240	 0.65937	 0.67922	 1.22135	 1.35091	 1.21589	 0.72385	 0.56489	 0.17339	 0.91925	 0.53475	 1.17212	 0.86132	 0.86292	 0.58555	 1.07705	 0.83700	 0.79202	 0.47575	 0.99542	 0.95100	 0.81450	 0.81170	 0.51300	 0.81744	 0.26306	 1.10449	 0.88618	 0.87723	 1.07508	 0.00000	 1.12066	 1.24784	 1.10764	 1.36397	 1.21022	 0.31699	 0.31753	 0.13265	 0.30501	 0.80623	 1.27693	 1.16642	 0.88125	 1.29960	 0.41363	 0.54402	 0.23005	 0.32427	 0.95389	 0.26770	 0.45472	 1.00675	 0.69717	 0.01261	 1.08075	 0.64407	 0.62941	 0.46355	 0.65574	 1.44645	 0.11316	 0.11759	 0.00000	 0.00000	 0.00000	 0.00000	 0.11973	 0.12116	 1.21973	 0.90391	 1.28091	 0.78966	 1.12562	 0.78739	 0.48810	 0.71621	 0.27808	 1.07446	 0.30846	 0.30585	 0.48613	 0.44027	 0.48410	 1.12548	 0.56045	 0.54798	 0.19695	 0.21092	 0.71671	 1.11916	 0.82770	 0.80144	 0.33387	 0.83472	 0.32794	 0.74558	 0.98859	 0.72653	 0.58070	 0.94905	 0.74784	 0.40839	 1.02726	 0.51380	 1.05446	 0.41644	 0.52199	 0.26401	 1.10224	 1.13726	 1.30419	 1.35835	 1.15818	 1.07773	 0.35822	 0.00918	 0.00000	 0.00000	 0.00000	 0.00000	 0.00000	 0.00000	 0.00000	 0.00000	 0.00000	 0.00000	 0.00000	 0.00000	 0.00000	 0.00000	 0.00000	 0.00000	 0.00000	 0.00000	 0.07186	 1.01251	 1.56192	 1.41339	 1.53182	 0.95889	 0.28656	 0.41942	 0.97772	 0.45778	 0.46444	 0.67685	 0.70413	 0.94156	 0.80668	 0.89937	 0.00000

Beta step 36:
	 0.92853	 0.77513	 0.66249	 0.46659	 1.06038	 0.64056	 0.60144	 0.00900	 0.49961	 0.88126	 0.97916	 0.71334	 0.96266	 0.73662	 0.14124	 0.71734	 1.30119	 0.70190	 0.60192	 0.97629	 0.65945	 0.69195	 0.26221	 1.16233	 0.92952	 0.51348	 0.51148	 0.00000	 1.06833	 0.93630	 0.75639	 1.01410	 1.22042	 0.60918	 0.00000	 0.00000	 0.00000	 0.74983	 0.97223	 1.35616	 0.94123	 1.20362	 0.40860	 0.65630	 0.27332	 0.09131	 0.89680	 0.16086	 0.50136	 0.72183	 0.59308	 0.33642	 0.35300	 0.48231	 0.84307	 0.82571	 1.60365	 0.57838	 1.39350	 1.45240	 1.53581	 0.24995	 0.00000	 0.35931	 1.27009	 1.11875	 1.43450	 1.20658	 1.37025	 0.54847	 0.95566	 1.07222	 0.92445	 0.90529	 0.84665	 0.77093	 0.37293	 0.89267	 0.68127	 0.61058	 0.76220	 1.18175	 0.46228	 1.06859	 0.69613	 1.05863	 0.85999	 0.95638	 1.09243	 0.93987	 0.47845	 0.98259	 0.73187	 1.04028	 0.72798	 0.58600	 0.96186	 1.02120	 1.01662	 0.40750	 0.49827	 0.48044	 0.75798	 0.42352	 0.54022	 0.26202	 0.65774	 0.86455	 1.51784	 1.66828	 1.68298	 1.72221	 1.67034	 1.60358	 1.39599	 1.12452	 0.86905	 0.52335	 0.23861	 0.12714	 0.02916	 0.00000	 0.00000	 0.00000	 0.02134	 0.06369	 0.19735	 0.35944	 0.72944	 1.00914	 1.27495	 1.51875	 1.59389	 1.55895	 1.49940	 1.03436	 0.79080	 1.31411	 0.43153	 0.43792	 0.44812	 0.44492	 0.51968	 0.93210	 0.50363	 0.59370	 0.62980	 0.64645	 0.66590	 1.19740	 1.32442	 1.19205	 0.70966	 0.55381	 0.16999	 0.90123	 0.52427	 1.14914	 0.84443	 0.84600	 0.57407	 1.05593	 0.82059	 0.77649	 0.46642	 0.97590	 0.93235	 0.79853	 0.79578	 0.50295	 0.80141	 0.25790	 1.08284	 0.86880	 0.86003	 1.05400	 0.00000	 1.09869	 1.22337	 1.08592	 1.33723	 1.18649	 0.31077	 0.31131	 0.13005	 0.29903	 0.79042	 1.25189	 1.14355	 0.86397	 1.27412	 0.40552	 0.53336	 0.22554	 0.31791	 0.93518	 0.26245	 0.44580	 0.98701	 0.68350	 0.01236	 1.05956	 0.63144	 0.61707	 0.45446	 0.64288	 1.41809	 0.11095	 0.11528	 0.00000	 0.00000	 0.00000	 0.00000	 0.11738	 0.11878	 1.19581	 0.88618	 1.25580	 0.77418	 1.10355	 0.77195	 0.47853	 0.70217	 0.27263	 1.05339	 0.30241	 0.29985	 0.47659	 0.43164	 0.47460	 1.10341	 0.54946	 0.53724	 0.19309	 0.20679	 0.70266	 1.09721	 0.81148	 0.78572	 0.32732	 0.81836	 0.32151	 0.73096	 0.96920	 0.71228	 0.56931	 0.93044	 0.73318	 0.40039	 1.00711	 0.50373	 1.03378	 0.40828	 0.51176	 0.25883	 1.08063	 1.11496	 1.27862	 1.33171	 1.13547	 1.05660	 0.35120	 0.00900	 0.00000	 0.00000	 0.00000	 0.00000	 0.00000	 0.00000	 0.00000	 0.00000	 0.00000	 0.00000	 0.00000	 0.00000	 0.00000	 0.00000	 0.00000	 0.00000	 0.00000	 0.00000	 0.07045	 0.99266	 1.53130	 1.38568	 1.50178	 0.94008	 0.28094	 0.41119	 0.95855	 0.44880	 0.45533	 0.66358	 0.69032	 0.92310	 0.79086	 0.88174	 0.00000

Beta step 37:
	 0.91032	 0.75993	 0.64950	 0.45744	 1.03959	 0.62800	 0.58964	 0.00883	 0.48981	 0.86398	 0.95996	 0.69935	 0.94379	 0.72217	 0.13847	 0.70327	 1.27567	 0.68814	 0.59012	 0.95715	 0.64652	 0.67838	 0.25707	 1.13954	 0.91129	 0.50341	 0.50145	 0.00000	 1.04738	 0.91794	 0.74156	 0.99422	 1.19649	 0.59724	 0.00000	 0.00000	 0.00000	 0.73512	 0.95317	 1.32957	 0.92277	 1.18002	 0.40059	 0.64343	 0.26797	 0.08952	 0.87921	 0.15770	 0.49153	 0.70768	 0.58145	 0.32982	 0.34608	 0.47285	 0.82654	 0.80952	 1.57221	 0.56704	 1.36618	 1.42392	 1.50570	 0.24505	 0.00000	 0.35226	 1.24518	 1.09681	 1.40637	 1.18292	 1.34338	 0.53771	 0.93692	 1.05120	 0.90632	 0.88754	 0.83005	 0.75582	 0.36562	 0.87517	 0.66791	 0.59861	 0.74725	 1.15858	 0.45321	 1.04764	 0.68248	 1.03787	 0.84313	 0.93763	 1.07101	 0.92144	 0.46907	 0.96333	 0.71752	 1.01988	 0.71370	 0.57451	 0.94300	 1.00118	 0.99668	 0.39951	 0.48850	 0.47102	 0.74312	 0.41521	 0.52963	 0.25688	 0.64484	 0.84760	 1.48808	 1.63557	 1.64998	 1.68844	 1.63759	 1.57213	 1.36861	 1.10247	 0.85201	 0.51308	 0.23393	 0.12464	 0.02859	 0.00000	 0.00000	 0.00000	 0.02092	 0.06244	 0.19348	 0.35240	 0.71514	 0.98936	 1.24995	 1.48897	 1.56264	 1.52838	 1.47000	 1.01408	 0.77530	 1.28834	 0.42307	 0.42933	 0.43934	 0.43619	 0.50949	 0.91382	 0.49376	 0.58206	 0.61745	 0.63377	 0.65284	 1.17392	 1.29845	 1.16868	 0.69574	 0.54295	 0.16666	 0.88356	 0.51399	 1.12661	 0.82787	 0.82941	 0.56281	 1.03523	 0.80450	 0.76127	 0.45727	 0.95677	 0.91407	 0.78288	 0.78018	 0.49308	 0.78570	 0.25284	 1.06161	 0.85176	 0.84317	 1.03333	 0.00000	 1.07715	 1.19939	 1.06463	 1.31101	 1.16322	 0.30468	 0.30520	 0.12750	 0.29316	 0.77492	 1.22735	 1.12113	 0.84703	 1.24913	 0.39757	 0.52290	 0.22112	 0.31168	 0.91685	 0.25730	 0.43706	 0.96765	 0.67009	 0.01212	 1.03879	 0.61906	 0.60497	 0.44555	 0.63027	 1.39028	 0.10877	 0.11302	 0.00000	 0.00000	 0.00000	 0.00000	 0.11508	 0.11646	 1.17236	 0.86881	 1.23117	 0.75900	 1.08192	 0.75681	 0.46914	 0.68840	 0.26728	 1.03274	 0.29648	 0.29397	 0.46725	 0.42318	 0.46530	 1.08177	 0.53869	 0.52670	 0.18930	 0.20273	 0.68888	 1.07570	 0.79556	 0.77032	 0.32090	 0.80231	 0.31521	 0.71663	 0.95020	 0.69831	 0.55815	 0.91220	 0.71880	 0.39254	 0.98737	 0.49385	 1.01351	 0.40027	 0.50172	 0.25376	 1.05944	 1.09310	 1.25355	 1.30560	 1.11321	 1.03588	 0.34431	 0.00883	 0.00000	 0.00000	 0.00000	 0.00000	 0.00000	 0.00000	 0.00000	 0.00000	 0.00000	 0.00000	 0.00000	 0.00000	 0.00000	 0.00000	 0.00000	 0.00000	 0.00000	 0.00000	 0.06907	 0.97319	 1.50127	 1.35851	 1.47234	 0.92165	 0.27543	 0.40313	 0.93976	 0.44000	 0.44640	 0.65057	 0.67679	 0.90500	 0.77535	 0.86445	 0.00000

Beta step 38:
	 0.89247	 0.74503	 0.63676	 0.44847	 1.01921	 0.61569	 0.57808	 0.00865	 0.48020	 0.84704	 0.94114	 0.68564	 0.92528	 0.70801	 0.13576	 0.68948	 1.25066	 0.67465	 0.57855	 0.93838	 0.63385	 0.66508	 0.25203	 1.11720	 0.89342	 0.49354	 0.49162	 0.00000	 1.02685	 0.89994	 0.72702	 0.97472	 1.17303	 0.58553	 0.00000	 0.00000	 0.00000	 0.72071	 0.93448	 1.30350	 0.90468	 1.15688	 0.39273	 0.63081	 0.26271	 0.08777	 0.86197	 0.15461	 0.48190	 0.69380	 0.57005	 0.32335	 0.33929	 0.46358	 0.81033	 0.79365	 1.54138	 0.55592	 1.33939	 1.39600	 1.47617	 0.24024	 0.00000	 0.34536	 1.22077	 1.07530	 1.37879	 1.15973	 1.31704	 0.52717	 0.91855	 1.03058	 0.88855	 0.87014	 0.81377	 0.74100	 0.35845	 0.85801	 0.65481	 0.58687	 0.73260	 1.13586	 0.44432	 1.02710	 0.66910	 1.01752	 0.82660	 0.91924	 1.05000	 0.90337	 0.45987	 0.94444	 0.70345	 0.99988	 0.69971	 0.56325	 0.92451	 0.98154	 0.97714	 0.39168	 0.47892	 0.46179	 0.72855	 0.40707	 0.51924	 0.25184	 0.63220	 0.83098	 1.45890	 1.60350	 1.61763	 1.65533	 1.60548	 1.54131	 1.34178	 1.08085	 0.83531	 0.50302	 0.22934	 0.12220	 0.02803	 0.00000	 0.00000	 0.00000	 0.02051	 0.06122	 0.18969	 0.34549	 0.70112	 0.96996	 1.22544	 1.45977	 1.53200	 1.49841	 1.44117	 0.99420	 0.76010	 1.26308	 0.41478	 0.42092	 0.43072	 0.42764	 0.49950	 0.89591	 0.48408	 0.57064	 0.60535	 0.62134	 0.64004	 1.15090	 1.27299	 1.14576	 0.68210	 0.53231	 0.16339	 0.86623	 0.50391	 1.10452	 0.81164	 0.81315	 0.55177	 1.01493	 0.78872	 0.74634	 0.44831	 0.93801	 0.89615	 0.76753	 0.76488	 0.48342	 0.77029	 0.24788	 1.04079	 0.83506	 0.82664	 1.01307	 0.00000	 1.05603	 1.17587	 1.04375	 1.28530	 1.14041	 0.29871	 0.29922	 0.12500	 0.28742	 0.75973	 1.20328	 1.09914	 0.83042	 1.22464	 0.38977	 0.51265	 0.21678	 0.30557	 0.89887	 0.25226	 0.42849	 0.94868	 0.65695	 0.01188	 1.01842	 0.60692	 0.59311	 0.43681	 0.61792	 1.36302	 0.10664	 0.11081	 0.00000	 0.00000	 0.00000	 0.00000	 0.11282	 0.11417	 1.14938	 0.85177	 1.20703	 0.74412	 1.06070	 0.74198	 0.45994	 0.67490	 0.26204	 1.01249	 0.29066	 0.28821	 0.45809	 0.41488	 0.45617	 1.06056	 0.52813	 0.51638	 0.18559	 0.19876	 0.67537	 1.05461	 0.77996	 0.75521	 0.31461	 0.78658	 0.30903	 0.70258	 0.93157	 0.68462	 0.54720	 0.89431	 0.70471	 0.38484	 0.96801	 0.48417	 0.99364	 0.39242	 0.49189	 0.24878	 1.03866	 1.07166	 1.22897	 1.28000	 1.09138	 1.01557	 0.33756	 0.00865	 0.00000	 0.00000	 0.00000	 0.00000	 0.00000	 0.00000	 0.00000	 0.00000	 0.00000	 0.00000	 0.00000	 0.00000	 0.00000	 0.00000	 0.00000	 0.00000	 0.00000	 0.00000	 0.06771	 0.95411	 1.47183	 1.33187	 1.44347	 0.90358	 0.27003	 0.39523	 0.92133	 0.43138	 0.43765	 0.63781	 0.66352	 0.88725	 0.76015	 0.84750	 0.00000

Beta step 39:
	 0.87497	 0.73043	 0.62428	 0.43968	 0.99922	 0.60362	 0.56675	 0.00848	 0.47079	 0.83043	 0.92269	 0.67219	 0.90714	 0.69413	 0.13310	 0.67596	 1.22614	 0.66142	 0.56720	 0.91998	 0.62142	 0.65204	 0.24709	 1.09529	 0.87590	 0.48386	 0.48198	 0.00000	 1.00671	 0.88229	 0.71277	 0.95561	 1.15003	 0.57405	 0.00000	 0.00000	 0.00000	 0.70658	 0.91615	 1.27794	 0.88694	 1.13420	 0.38503	 0.61844	 0.25756	 0.08605	 0.84507	 0.15158	 0.47245	 0.68020	 0.55887	 0.31701	 0.33264	 0.45449	 0.79444	 0.77809	 1.51116	 0.54502	 1.31313	 1.36862	 1.44723	 0.23553	 0.00000	 0.33858	 1.19683	 1.05422	 1.35176	 1.13699	 1.29122	 0.51683	 0.90054	 1.01038	 0.87113	 0.85308	 0.79782	 0.72647	 0.35142	 0.84118	 0.64197	 0.57536	 0.71824	 1.11359	 0.43561	 1.00696	 0.65598	 0.99757	 0.81039	 0.90122	 1.02942	 0.88566	 0.45085	 0.92592	 0.68966	 0.98028	 0.68599	 0.55221	 0.90638	 0.96230	 0.95798	 0.38400	 0.46953	 0.45273	 0.71426	 0.39909	 0.50906	 0.24691	 0.61980	 0.81469	 1.43030	 1.57206	 1.58591	 1.62287	 1.57400	 1.51108	 1.31547	 1.05966	 0.81893	 0.49316	 0.22485	 0.11980	 0.02748	 0.00000	 0.00000	 0.00000	 0.02011	 0.06002	 0.18597	 0.33871	 0.68737	 0.95094	 1.20141	 1.43115	 1.50196	 1.46903	 1.41292	 0.97470	 0.74519	 1.23832	 0.40664	 0.41266	 0.42228	 0.41926	 0.48971	 0.87834	 0.47459	 0.55945	 0.59348	 0.60916	 0.62749	 1.12834	 1.24803	 1.12330	 0.66873	 0.52187	 0.16019	 0.84925	 0.49403	 1.08286	 0.79573	 0.79721	 0.54095	 0.99503	 0.77326	 0.73171	 0.43952	 0.91961	 0.87858	 0.75248	 0.74988	 0.47394	 0.75519	 0.24302	 1.02038	 0.81869	 0.81043	 0.99321	 0.00000	 1.03532	 1.15281	 1.02328	 1.26010	 1.11805	 0.29285	 0.29335	 0.12255	 0.28178	 0.74483	 1.17969	 1.07759	 0.81414	 1.20063	 0.38213	 0.50259	 0.21253	 0.29958	 0.88124	 0.24731	 0.42009	 0.93008	 0.64407	 0.01165	 0.99845	 0.59502	 0.58148	 0.42825	 0.60580	 1.33630	 0.10455	 0.10863	 0.00000	 0.00000	 0.00000	 0.00000	 0.11061	 0.11193	 1.12684	 0.83507	 1.18336	 0.72953	 1.03990	 0.72743	 0.45092	 0.66167	 0.25690	 0.99264	 0.28497	 0.28256	 0.44910	 0.40674	 0.44723	 1.03977	 0.51777	 0.50625	 0.18195	 0.19486	 0.66213	 1.03393	 0.76467	 0.74041	 0.30844	 0.77115	 0.30297	 0.68880	 0.91330	 0.67120	 0.53647	 0.87677	 0.69089	 0.37729	 0.94903	 0.47467	 0.97415	 0.38473	 0.48224	 0.24390	 1.01830	 1.05065	 1.20487	 1.25490	 1.06998	 0.99566	 0.33094	 0.00848	 0.00000	 0.00000	 0.00000	 0.00000	 0.00000	 0.00000	 0.00000	 0.00000	 0.00000	 0.00000	 0.00000	 0.00000	 0.00000	 0.00000	 0.00000	 0.00000	 0.00000	 0.00000	 0.06639	 0.93540	 1.44297	 1.30576	 1.41516	 0.88586	 0.26474	 0.38748	 0.90327	 0.42292	 0.42907	 0.62531	 0.65051	 0.86986	 0.74524	 0.83088	 0.00000

Beta step 40:
	 0.85782	 0.71610	 0.61204	 0.43106	 0.97963	 0.59178	 0.55563	 0.00832	 0.46156	 0.81415	 0.90459	 0.65901	 0.88935	 0.68052	 0.13049	 0.66271	 1.20210	 0.64845	 0.55608	 0.90194	 0.60923	 0.63925	 0.24224	 1.07382	 0.85873	 0.47437	 0.47253	 0.00000	 0.98697	 0.86499	 0.69879	 0.93687	 1.12748	 0.56279	 0.00000	 0.00000	 0.00000	 0.69272	 0.89819	 1.25289	 0.86955	 1.11196	 0.37748	 0.60632	 0.25251	 0.08436	 0.82850	 0.14861	 0.46318	 0.66686	 0.54791	 0.31080	 0.32612	 0.44558	 0.77887	 0.76283	 1.48153	 0.53433	 1.28738	 1.34179	 1.41885	 0.23091	 0.00000	 0.33194	 1.17336	 1.03355	 1.32525	 1.11469	 1.26590	 0.50670	 0.88288	 0.99056	 0.85405	 0.83635	 0.78217	 0.71222	 0.34453	 0.82469	 0.62938	 0.56408	 0.70415	 1.09176	 0.42707	 0.98721	 0.64312	 0.97801	 0.79450	 0.88355	 1.00923	 0.86829	 0.44201	 0.90776	 0.67613	 0.96106	 0.67254	 0.54138	 0.88861	 0.94343	 0.93920	 0.37647	 0.46033	 0.44385	 0.70026	 0.39126	 0.49908	 0.24207	 0.60765	 0.79871	 1.40225	 1.54123	 1.55482	 1.59105	 1.54314	 1.48146	 1.28968	 1.03888	 0.80287	 0.48349	 0.22044	 0.11745	 0.02694	 0.00000	 0.00000	 0.00000	 0.01971	 0.05884	 0.18232	 0.33207	 0.67389	 0.93229	 1.17785	 1.40309	 1.47251	 1.44023	 1.38521	 0.95559	 0.73058	 1.21403	 0.39867	 0.40457	 0.41400	 0.41104	 0.48011	 0.86112	 0.46528	 0.54848	 0.58184	 0.59722	 0.61519	 1.10621	 1.22356	 1.10127	 0.65562	 0.51164	 0.15705	 0.83260	 0.48434	 1.06163	 0.78012	 0.78157	 0.53035	 0.97552	 0.75810	 0.71736	 0.43090	 0.90158	 0.86135	 0.73772	 0.73518	 0.46464	 0.74038	 0.23826	 1.00037	 0.80264	 0.79454	 0.97373	 0.00000	 1.01502	 1.13021	 1.00322	 1.23539	 1.09613	 0.28711	 0.28760	 0.12015	 0.27625	 0.73022	 1.15656	 1.05646	 0.79818	 1.17709	 0.37464	 0.49274	 0.20837	 0.29370	 0.86396	 0.24246	 0.41185	 0.91184	 0.63144	 0.01142	 0.97887	 0.58335	 0.57008	 0.41985	 0.59392	 1.31009	 0.10250	 0.10650	 0.00000	 0.00000	 0.00000	 0.00000	 0.10844	 0.10974	 1.10474	 0.81870	 1.16016	 0.71522	 1.01951	 0.71316	 0.44208	 0.64870	 0.25187	 0.97317	 0.27938	 0.27702	 0.44030	 0.39877	 0.43846	 1.01938	 0.50762	 0.49632	 0.17839	 0.19104	 0.64915	 1.01366	 0.74968	 0.72589	 0.30239	 0.75603	 0.29703	 0.67529	 0.89539	 0.65804	 0.52595	 0.85958	 0.67734	 0.36990	 0.93042	 0.46537	 0.95505	 0.37718	 0.47279	 0.23912	 0.99833	 1.03005	 1.18125	 1.23030	 1.04900	 0.97613	 0.32445	 0.00832	 0.00000	 0.00000	 0.00000	 0.00000	 0.00000	 0.00000	 0.00000	 0.00000	 0.00000	 0.00000	 0.00000	 0.00000	 0.00000	 0.00000	 0.00000	 0.00000	 0.00000	 0.00000	 0.06508	 0.91706	 1.41468	 1.28015	 1.38741	 0.86849	 0.25954	 0.37988	 0.88555	 0.41463	 0.42066	 0.61305	 0.63775	 0.85280	 0.73063	 0.81459	 0.00000

Beta step 41:
	 0.84100	 0.70206	 0.60004	 0.42260	 0.96042	 0.58018	 0.54474	 0.00815	 0.45251	 0.79818	 0.88686	 0.64609	 0.87191	 0.66718	 0.12793	 0.64971	 1.17853	 0.63574	 0.54518	 0.88426	 0.59729	 0.62672	 0.23749	 1.05276	 0.84189	 0.46507	 0.46326	 0.00000	 0.96762	 0.84803	 0.68509	 0.91850	 1.10537	 0.55176	 0.00000	 0.00000	 0.00000	 0.67914	 0.88058	 1.22832	 0.85250	 1.09016	 0.37008	 0.59443	 0.24756	 0.08271	 0.81226	 0.14569	 0.45410	 0.65378	 0.53717	 0.30470	 0.31972	 0.43684	 0.76359	 0.74787	 1.45248	 0.52386	 1.26214	 1.31548	 1.39103	 0.22639	 0.00000	 0.32544	 1.15036	 1.01328	 1.29927	 1.09284	 1.24108	 0.49676	 0.86557	 0.97114	 0.83730	 0.81995	 0.76684	 0.69826	 0.33778	 0.80852	 0.61704	 0.55302	 0.69035	 1.07035	 0.41870	 0.96786	 0.63051	 0.95883	 0.77892	 0.86622	 0.98944	 0.85127	 0.43335	 0.88997	 0.66288	 0.94221	 0.65935	 0.53076	 0.87119	 0.92493	 0.92078	 0.36909	 0.45130	 0.43515	 0.68653	 0.38359	 0.48929	 0.23732	 0.59573	 0.78305	 1.37476	 1.51101	 1.52433	 1.55986	 1.51288	 1.45241	 1.26439	 1.01851	 0.78713	 0.47401	 0.21612	 0.11515	 0.02641	 0.00000	 0.00000	 0.00000	 0.01933	 0.05769	 0.17875	 0.32556	 0.66068	 0.91401	 1.15476	 1.37558	 1.44364	 1.41199	 1.35805	 0.93685	 0.71626	 1.19023	 0.39085	 0.39664	 0.40588	 0.40298	 0.47069	 0.84423	 0.45616	 0.53773	 0.57043	 0.58551	 0.60313	 1.08452	 1.19957	 1.07968	 0.64276	 0.50160	 0.15397	 0.81627	 0.47485	 1.04081	 0.76483	 0.76625	 0.51995	 0.95639	 0.74323	 0.70329	 0.42245	 0.88390	 0.84446	 0.72326	 0.72076	 0.45553	 0.72586	 0.23359	 0.98076	 0.78690	 0.77896	 0.95464	 0.00000	 0.99512	 1.10805	 0.98355	 1.21117	 1.07464	 0.28148	 0.28196	 0.11779	 0.27084	 0.71591	 1.13388	 1.03575	 0.78253	 1.15401	 0.36729	 0.48308	 0.20428	 0.28794	 0.84702	 0.23771	 0.40378	 0.89396	 0.61906	 0.01119	 0.95968	 0.57191	 0.55890	 0.41162	 0.58228	 1.28441	 0.10049	 0.10442	 0.00000	 0.00000	 0.00000	 0.00000	 0.10632	 0.10759	 1.08308	 0.80265	 1.13741	 0.70120	 0.99952	 0.69918	 0.43342	 0.63598	 0.24693	 0.95409	 0.27390	 0.27159	 0.43167	 0.39095	 0.42986	 0.99939	 0.49767	 0.48659	 0.17489	 0.18729	 0.63642	 0.99378	 0.73498	 0.71165	 0.29647	 0.74121	 0.29120	 0.66205	 0.87784	 0.64513	 0.51564	 0.84273	 0.66406	 0.36264	 0.91217	 0.45624	 0.93633	 0.36979	 0.46352	 0.23443	 0.97876	 1.00985	 1.15809	 1.20617	 1.02843	 0.95699	 0.31809	 0.00815	 0.00000	 0.00000	 0.00000	 0.00000	 0.00000	 0.00000	 0.00000	 0.00000	 0.00000	 0.00000	 0.00000	 0.00000	 0.00000	 0.00000	 0.00000	 0.00000	 0.00000	 0.00000	 0.06381	 0.89908	 1.38694	 1.25505	 1.36021	 0.85146	 0.25446	 0.37243	 0.86819	 0.40650	 0.41241	 0.60103	 0.62525	 0.83608	 0.71631	 0.79862	 0.00000

Beta step 42:
	 0.82451	 0.68830	 0.58827	 0.41432	 0.94159	 0.56880	 0.53406	 0.00799	 0.44363	 0.78253	 0.86947	 0.63342	 0.85482	 0.65410	 0.12542	 0.63697	 1.15542	 0.62327	 0.53449	 0.86692	 0.58558	 0.61443	 0.23284	 1.03212	 0.82538	 0.45595	 0.45418	 0.00000	 0.94865	 0.83141	 0.67166	 0.90049	 1.08370	 0.54094	 0.00000	 0.00000	 0.00000	 0.66582	 0.86331	 1.20424	 0.83578	 1.06878	 0.36282	 0.58277	 0.24270	 0.08108	 0.79633	 0.14284	 0.44520	 0.64096	 0.52664	 0.29873	 0.31345	 0.42828	 0.74862	 0.73321	 1.42400	 0.51359	 1.23739	 1.28969	 1.36375	 0.22195	 0.00000	 0.31905	 1.12780	 0.99341	 1.27379	 1.07141	 1.21674	 0.48702	 0.84860	 0.95210	 0.82088	 0.80387	 0.75180	 0.68457	 0.33115	 0.79266	 0.60494	 0.54218	 0.67681	 1.04936	 0.41049	 0.94888	 0.61815	 0.94003	 0.76365	 0.84924	 0.97004	 0.83457	 0.42485	 0.87251	 0.64988	 0.92374	 0.64642	 0.52036	 0.85410	 0.90680	 0.90273	 0.36185	 0.44245	 0.42662	 0.67306	 0.37607	 0.47970	 0.23267	 0.58405	 0.76770	 1.34780	 1.48138	 1.49444	 1.52927	 1.48321	 1.42393	 1.23960	 0.99854	 0.77169	 0.46472	 0.21188	 0.11289	 0.02589	 0.00000	 0.00000	 0.00000	 0.01895	 0.05656	 0.17524	 0.31918	 0.64772	 0.89609	 1.13212	 1.34860	 1.41533	 1.38430	 1.33142	 0.91848	 0.70221	 1.16689	 0.38319	 0.38886	 0.39792	 0.39507	 0.46146	 0.82768	 0.44721	 0.52719	 0.55925	 0.57403	 0.59130	 1.06326	 1.17605	 1.05851	 0.63016	 0.49177	 0.15095	 0.80027	 0.46554	 1.02040	 0.74983	 0.75122	 0.50975	 0.93764	 0.72866	 0.68950	 0.41417	 0.86657	 0.82790	 0.70907	 0.70663	 0.44660	 0.71163	 0.22901	 0.96153	 0.77147	 0.76368	 0.93592	 0.00000	 0.97561	 1.08632	 0.96426	 1.18742	 1.05357	 0.27596	 0.27643	 0.11548	 0.26553	 0.70187	 1.11164	 1.01544	 0.76718	 1.13138	 0.36009	 0.47361	 0.20027	 0.28230	 0.83041	 0.23305	 0.39586	 0.87643	 0.60692	 0.01098	 0.94086	 0.56070	 0.54794	 0.40355	 0.57086	 1.25922	 0.09852	 0.10237	 0.00000	 0.00000	 0.00000	 0.00000	 0.10423	 0.10548	 1.06184	 0.78691	 1.11511	 0.68745	 0.97992	 0.68547	 0.42492	 0.62351	 0.24209	 0.93538	 0.26853	 0.26626	 0.42320	 0.38328	 0.42143	 0.97980	 0.48791	 0.47705	 0.17146	 0.18362	 0.62394	 0.97429	 0.72057	 0.69770	 0.29065	 0.72668	 0.28549	 0.64907	 0.86062	 0.63249	 0.50553	 0.82620	 0.65104	 0.35553	 0.89429	 0.44730	 0.91797	 0.36254	 0.45443	 0.22984	 0.95957	 0.99005	 1.13538	 1.18252	 1.00826	 0.93823	 0.31185	 0.00799	 0.00000	 0.00000	 0.00000	 0.00000	 0.00000	 0.00000	 0.00000	 0.00000	 0.00000	 0.00000	 0.00000	 0.00000	 0.00000	 0.00000	 0.00000	 0.00000	 0.00000	 0.00000	 0.06256	 0.88145	 1.35975	 1.23044	 1.33354	 0.83477	 0.24947	 0.36513	 0.85117	 0.39853	 0.40432	 0.58924	 0.61299	 0.81969	 0.70226	 0.78296	 0.00000

Beta step 43:
	 0.80834	 0.67480	 0.57674	 0.40619	 0.92313	 0.55765	 0.52359	 0.00784	 0.43494	 0.76719	 0.85242	 0.62100	 0.83805	 0.64127	 0.12296	 0.62448	 1.13276	 0.61105	 0.52401	 0.84992	 0.57409	 0.60238	 0.22827	 1.01188	 0.80920	 0.44701	 0.44527	 0.00000	 0.93005	 0.81510	 0.65849	 0.88284	 1.06245	 0.53033	 0.00000	 0.00000	 0.00000	 0.65277	 0.84639	 1.18062	 0.81939	 1.04782	 0.35571	 0.57135	 0.23795	 0.07949	 0.78072	 0.14004	 0.43647	 0.62840	 0.51631	 0.29287	 0.30731	 0.41988	 0.73394	 0.71883	 1.39607	 0.50352	 1.21313	 1.26440	 1.33701	 0.21759	 0.00000	 0.31280	 1.10569	 0.97394	 1.24882	 1.05040	 1.19289	 0.47747	 0.83196	 0.93343	 0.80479	 0.78811	 0.73706	 0.67114	 0.32466	 0.77712	 0.59308	 0.53155	 0.66354	 1.02879	 0.40244	 0.93027	 0.60603	 0.92160	 0.74867	 0.83258	 0.95102	 0.81821	 0.41652	 0.85541	 0.63714	 0.90562	 0.63375	 0.51015	 0.83736	 0.88902	 0.88503	 0.35475	 0.43378	 0.41825	 0.65987	 0.36870	 0.47029	 0.22810	 0.57260	 0.75264	 1.32137	 1.45234	 1.46514	 1.49929	 1.45413	 1.39601	 1.21529	 0.97896	 0.75656	 0.45560	 0.20772	 0.11068	 0.02538	 0.00000	 0.00000	 0.00000	 0.01858	 0.05545	 0.17181	 0.31292	 0.63502	 0.87852	 1.10992	 1.32216	 1.38758	 1.35716	 1.30532	 0.90047	 0.68844	 1.14401	 0.37568	 0.38124	 0.39012	 0.38733	 0.45242	 0.81145	 0.43844	 0.51685	 0.54828	 0.56277	 0.57971	 1.04241	 1.15299	 1.03775	 0.61780	 0.48213	 0.14799	 0.78457	 0.45641	 1.00039	 0.73513	 0.73649	 0.49976	 0.91925	 0.71437	 0.67598	 0.40605	 0.84958	 0.81167	 0.69517	 0.69278	 0.43784	 0.69768	 0.22452	 0.94268	 0.75634	 0.74871	 0.91757	 0.00000	 0.95648	 1.06502	 0.94536	 1.16414	 1.03291	 0.27055	 0.27101	 0.11322	 0.26032	 0.68811	 1.08985	 0.99553	 0.75214	 1.10919	 0.35303	 0.46432	 0.19635	 0.27676	 0.81413	 0.22848	 0.38810	 0.85925	 0.59502	 0.01076	 0.92241	 0.54970	 0.53720	 0.39563	 0.55966	 1.23453	 0.09658	 0.10036	 0.00000	 0.00000	 0.00000	 0.00000	 0.10219	 0.10341	 1.04102	 0.77148	 1.09325	 0.67397	 0.96071	 0.67203	 0.41658	 0.61128	 0.23734	 0.91704	 0.26326	 0.26104	 0.41490	 0.37577	 0.41317	 0.96058	 0.47834	 0.46770	 0.16810	 0.18002	 0.61171	 0.95519	 0.70644	 0.68402	 0.28495	 0.71243	 0.27990	 0.63634	 0.84375	 0.62008	 0.49562	 0.81000	 0.63828	 0.34856	 0.87675	 0.43853	 0.89997	 0.35543	 0.44552	 0.22533	 0.94075	 0.97064	 1.11312	 1.15934	 0.98849	 0.91983	 0.30574	 0.00784	 0.00000	 0.00000	 0.00000	 0.00000	 0.00000	 0.00000	 0.00000	 0.00000	 0.00000	 0.00000	 0.00000	 0.00000	 0.00000	 0.00000	 0.00000	 0.00000	 0.00000	 0.00000	 0.06133	 0.86417	 1.33308	 1.20632	 1.30739	 0.81840	 0.24457	 0.35797	 0.83448	 0.39071	 0.39639	 0.57769	 0.60097	 0.80361	 0.68849	 0.76760	 0.00000

Beta step 44:
	 0.79249	 0.66157	 0.56543	 0.39823	 0.90503	 0.54671	 0.51332	 0.00768	 0.42641	 0.75215	 0.83571	 0.60882	 0.82162	 0.62870	 0.12055	 0.61224	 1.11055	 0.59907	 0.51373	 0.83326	 0.56284	 0.59057	 0.22380	 0.99204	 0.79333	 0.43825	 0.43654	 0.00000	 0.91181	 0.79912	 0.64557	 0.86553	 1.04162	 0.51993	 0.00000	 0.00000	 0.00000	 0.63997	 0.82979	 1.15747	 0.80333	 1.02728	 0.34874	 0.56014	 0.23328	 0.07794	 0.76541	 0.13729	 0.42791	 0.61608	 0.50619	 0.28713	 0.30128	 0.41165	 0.71955	 0.70474	 1.36870	 0.49364	 1.18934	 1.23961	 1.31080	 0.21333	 0.00000	 0.30667	 1.08401	 0.95484	 1.22433	 1.02980	 1.16950	 0.46811	 0.81565	 0.91513	 0.78901	 0.77266	 0.72261	 0.65798	 0.31830	 0.76188	 0.58145	 0.52112	 0.65053	 1.00861	 0.39455	 0.91203	 0.59414	 0.90353	 0.73400	 0.81626	 0.93237	 0.80217	 0.40835	 0.83863	 0.62464	 0.88787	 0.62132	 0.50015	 0.82094	 0.87158	 0.86767	 0.34780	 0.42527	 0.41005	 0.64693	 0.36147	 0.46107	 0.22363	 0.56137	 0.73789	 1.29546	 1.42386	 1.43641	 1.46989	 1.42562	 1.36864	 1.19146	 0.95977	 0.74173	 0.44667	 0.20365	 0.10851	 0.02489	 0.00000	 0.00000	 0.00000	 0.01821	 0.05436	 0.16844	 0.30678	 0.62257	 0.86129	 1.08815	 1.29624	 1.36037	 1.33055	 1.27972	 0.88282	 0.67494	 1.12158	 0.36831	 0.37376	 0.38247	 0.37973	 0.44354	 0.79554	 0.42985	 0.50671	 0.53753	 0.55174	 0.56834	 1.02197	 1.13038	 1.01741	 0.60569	 0.47267	 0.14509	 0.76919	 0.44746	 0.98078	 0.72071	 0.72205	 0.48996	 0.90123	 0.70037	 0.66273	 0.39808	 0.83292	 0.79575	 0.68154	 0.67919	 0.42926	 0.68400	 0.22011	 0.92419	 0.74151	 0.73403	 0.89958	 0.00000	 0.93772	 1.04414	 0.92682	 1.14131	 1.01266	 0.26524	 0.26570	 0.11100	 0.25522	 0.67461	 1.06848	 0.97601	 0.73739	 1.08745	 0.34610	 0.45522	 0.19250	 0.27133	 0.79817	 0.22400	 0.38049	 0.84240	 0.58336	 0.01055	 0.90432	 0.53893	 0.52666	 0.38788	 0.54869	 1.21032	 0.09469	 0.09839	 0.00000	 0.00000	 0.00000	 0.00000	 0.10018	 0.10138	 1.02061	 0.75635	 1.07181	 0.66075	 0.94187	 0.65885	 0.40842	 0.59930	 0.23268	 0.89906	 0.25810	 0.25592	 0.40677	 0.36840	 0.40507	 0.94175	 0.46896	 0.45853	 0.16480	 0.17649	 0.59971	 0.93646	 0.69259	 0.67061	 0.27937	 0.69846	 0.27441	 0.62387	 0.82720	 0.60792	 0.48590	 0.79412	 0.62576	 0.34173	 0.85956	 0.42993	 0.88232	 0.34846	 0.43678	 0.22091	 0.92230	 0.95161	 1.09129	 1.13660	 0.96911	 0.90180	 0.29974	 0.00768	 0.00000	 0.00000	 0.00000	 0.00000	 0.00000	 0.00000	 0.00000	 0.00000	 0.00000	 0.00000	 0.00000	 0.00000	 0.00000	 0.00000	 0.00000	 0.00000	 0.00000	 0.00000	 0.06013	 0.84722	 1.30695	 1.18266	 1.28176	 0.80235	 0.23978	 0.35095	 0.81812	 0.38305	 0.38862	 0.56636	 0.58918	 0.78786	 0.67499	 0.75255	 0.00000

Beta step 45:
	 0.77695	 0.64860	 0.55434	 0.39042	 0.88728	 0.53599	 0.50325	 0.00753	 0.41805	 0.73740	 0.81932	 0.59689	 0.80551	 0.61637	 0.11819	 0.60023	 1.08878	 0.58732	 0.50366	 0.81692	 0.55180	 0.57899	 0.21941	 0.97259	 0.77778	 0.42965	 0.42798	 0.00000	 0.89393	 0.78345	 0.63292	 0.84855	 1.02119	 0.50974	 0.00000	 0.00000	 0.00000	 0.62742	 0.81352	 1.13478	 0.78758	 1.00714	 0.34190	 0.54916	 0.22871	 0.07641	 0.75040	 0.13460	 0.41952	 0.60400	 0.49626	 0.28150	 0.29537	 0.40358	 0.70544	 0.69092	 1.34186	 0.48396	 1.16602	 1.21530	 1.28510	 0.20915	 0.00000	 0.30065	 1.06275	 0.93612	 1.20032	 1.00961	 1.14656	 0.45893	 0.79965	 0.89719	 0.77354	 0.75751	 0.70844	 0.64508	 0.31205	 0.74695	 0.57005	 0.51091	 0.63777	 0.98884	 0.38681	 0.89415	 0.58249	 0.88581	 0.71960	 0.80025	 0.91409	 0.78644	 0.40035	 0.82219	 0.61239	 0.87046	 0.60914	 0.49034	 0.80484	 0.85449	 0.85066	 0.34098	 0.41693	 0.40201	 0.63424	 0.35438	 0.45203	 0.21925	 0.55037	 0.72342	 1.27006	 1.39594	 1.40824	 1.44107	 1.39767	 1.34180	 1.16810	 0.94095	 0.72718	 0.43791	 0.19966	 0.10638	 0.02440	 0.00000	 0.00000	 0.00000	 0.01786	 0.05329	 0.16514	 0.30077	 0.61036	 0.84441	 1.06682	 1.27082	 1.33370	 1.30446	 1.25463	 0.86551	 0.66171	 1.09959	 0.36109	 0.36643	 0.37497	 0.37229	 0.43485	 0.77994	 0.42142	 0.49678	 0.52699	 0.54092	 0.55719	 1.00193	 1.10821	 0.99746	 0.59381	 0.46340	 0.14224	 0.75411	 0.43868	 0.96155	 0.70658	 0.70790	 0.48035	 0.88356	 0.68663	 0.64974	 0.39028	 0.81659	 0.78015	 0.66818	 0.66587	 0.42084	 0.67059	 0.21580	 0.90607	 0.72697	 0.71964	 0.88194	 0.00000	 0.91934	 1.02367	 0.90865	 1.11893	 0.99280	 0.26004	 0.26049	 0.10882	 0.25021	 0.66139	 1.04753	 0.95687	 0.72293	 1.06612	 0.33932	 0.44629	 0.18872	 0.26601	 0.78252	 0.21961	 0.37303	 0.82588	 0.57192	 0.01034	 0.88659	 0.52836	 0.51634	 0.38027	 0.53793	 1.18659	 0.09283	 0.09646	 0.00000	 0.00000	 0.00000	 0.00000	 0.09822	 0.09939	 1.00060	 0.74152	 1.05079	 0.64780	 0.92340	 0.64593	 0.40041	 0.58754	 0.22812	 0.88143	 0.25304	 0.25090	 0.39879	 0.36118	 0.39713	 0.92328	 0.45977	 0.44954	 0.16157	 0.17303	 0.58795	 0.91810	 0.67901	 0.65746	 0.27389	 0.68476	 0.26903	 0.61163	 0.81099	 0.59600	 0.47637	 0.77855	 0.61349	 0.33503	 0.84271	 0.42150	 0.86502	 0.34163	 0.42822	 0.21658	 0.90422	 0.93295	 1.06989	 1.11432	 0.95011	 0.88411	 0.29387	 0.00753	 0.00000	 0.00000	 0.00000	 0.00000	 0.00000	 0.00000	 0.00000	 0.00000	 0.00000	 0.00000	 0.00000	 0.00000	 0.00000	 0.00000	 0.00000	 0.00000	 0.00000	 0.00000	 0.05895	 0.83061	 1.28132	 1.15947	 1.25662	 0.78662	 0.23508	 0.34407	 0.80207	 0.37554	 0.38100	 0.55526	 0.57763	 0.77241	 0.66176	 0.73780	 0.00000

Beta step 46:
	 0.76172	 0.63588	 0.54347	 0.38277	 0.86988	 0.52548	 0.49339	 0.00739	 0.40985	 0.72294	 0.80325	 0.58518	 0.78972	 0.60428	 0.11587	 0.58846	 1.06743	 0.57581	 0.49379	 0.80090	 0.54098	 0.56764	 0.21511	 0.95352	 0.76253	 0.42123	 0.41959	 0.00000	 0.87640	 0.76809	 0.62051	 0.83192	 1.00117	 0.49974	 0.00000	 0.00000	 0.00000	 0.61512	 0.79757	 1.11253	 0.77213	 0.98739	 0.33519	 0.53839	 0.22422	 0.07491	 0.73569	 0.13196	 0.41129	 0.59215	 0.48653	 0.27598	 0.28958	 0.39566	 0.69161	 0.67737	 1.31555	 0.47447	 1.14316	 1.19147	 1.25990	 0.20504	 0.00000	 0.29476	 1.04191	 0.91776	 1.17679	 0.98981	 1.12408	 0.44993	 0.78397	 0.87959	 0.75837	 0.74265	 0.69455	 0.63243	 0.30594	 0.73230	 0.55888	 0.50089	 0.62527	 0.96945	 0.37923	 0.87662	 0.57107	 0.86844	 0.70549	 0.78456	 0.89617	 0.77102	 0.39250	 0.80607	 0.60039	 0.85339	 0.59720	 0.48073	 0.78906	 0.83774	 0.83398	 0.33429	 0.40876	 0.39413	 0.62181	 0.34743	 0.44317	 0.21495	 0.53957	 0.70923	 1.24516	 1.36857	 1.38063	 1.41281	 1.37026	 1.31549	 1.14519	 0.92250	 0.71292	 0.42933	 0.19574	 0.10430	 0.02392	 0.00000	 0.00000	 0.00000	 0.01751	 0.05225	 0.16190	 0.29487	 0.59840	 0.82785	 1.04590	 1.24590	 1.30755	 1.27888	 1.23003	 0.84854	 0.64873	 1.07803	 0.35401	 0.35925	 0.36762	 0.36499	 0.42632	 0.76465	 0.41316	 0.48704	 0.51666	 0.53031	 0.54627	 0.98229	 1.08648	 0.97790	 0.58217	 0.45432	 0.13945	 0.73932	 0.43008	 0.94269	 0.69273	 0.69402	 0.47093	 0.86623	 0.67317	 0.63700	 0.38263	 0.80058	 0.76485	 0.65508	 0.65282	 0.41259	 0.65744	 0.21157	 0.88830	 0.71272	 0.70553	 0.86465	 0.00000	 0.90131	 1.00359	 0.89083	 1.09699	 0.97333	 0.25494	 0.25538	 0.10669	 0.24531	 0.64842	 1.02699	 0.93811	 0.70876	 1.04522	 0.33267	 0.43754	 0.18502	 0.26080	 0.76718	 0.21530	 0.36571	 0.80969	 0.56070	 0.01014	 0.86921	 0.51800	 0.50621	 0.37282	 0.52738	 1.16333	 0.09101	 0.09457	 0.00000	 0.00000	 0.00000	 0.00000	 0.09629	 0.09744	 0.98098	 0.72698	 1.03019	 0.63510	 0.90530	 0.63327	 0.39256	 0.57602	 0.22365	 0.86415	 0.24808	 0.24598	 0.39097	 0.35409	 0.38934	 0.90518	 0.45075	 0.44072	 0.15840	 0.16964	 0.57642	 0.90010	 0.66569	 0.64457	 0.26852	 0.67134	 0.26375	 0.59964	 0.79508	 0.58432	 0.46703	 0.76329	 0.60146	 0.32846	 0.82618	 0.41323	 0.84806	 0.33493	 0.41982	 0.21233	 0.88649	 0.91465	 1.04891	 1.09247	 0.93148	 0.86678	 0.28810	 0.00739	 0.00000	 0.00000	 0.00000	 0.00000	 0.00000	 0.00000	 0.00000	 0.00000	 0.00000	 0.00000	 0.00000	 0.00000	 0.00000	 0.00000	 0.00000	 0.00000	 0.00000	 0.00000	 0.05779	 0.81432	 1.25620	 1.13674	 1.23198	 0.77120	 0.23047	 0.33732	 0.78635	 0.36818	 0.37353	 0.54437	 0.56630	 0.75726	 0.64878	 0.72333	 0.00000

Beta step 47:
	 0.74678	 0.62341	 0.53282	 0.37526	 0.85283	 0.51518	 0.48371	 0.00724	 0.40181	 0.70876	 0.78750	 0.57371	 0.77423	 0.59243	 0.11360	 0.57693	 1.04650	 0.56452	 0.48410	 0.78520	 0.53037	 0.55651	 0.21089	 0.93482	 0.74758	 0.41297	 0.41136	 0.00000	 0.85922	 0.75303	 0.60834	 0.81560	 0.98154	 0.48994	 0.00000	 0.00000	 0.00000	 0.60306	 0.78193	 1.09071	 0.75699	 0.96803	 0.32862	 0.52784	 0.21982	 0.07344	 0.72126	 0.12937	 0.40323	 0.58054	 0.47699	 0.27057	 0.28390	 0.38791	 0.67805	 0.66409	 1.28976	 0.46517	 1.12074	 1.16811	 1.23519	 0.20102	 0.00000	 0.28898	 1.02148	 0.89977	 1.15371	 0.97041	 1.10204	 0.44111	 0.76860	 0.86235	 0.74350	 0.72809	 0.68093	 0.62003	 0.29994	 0.71794	 0.54792	 0.49107	 0.61301	 0.95044	 0.37179	 0.85943	 0.55988	 0.85142	 0.69166	 0.76918	 0.87860	 0.75590	 0.38480	 0.79026	 0.58861	 0.83666	 0.58549	 0.47130	 0.77359	 0.82131	 0.81763	 0.32774	 0.40074	 0.38640	 0.60961	 0.34062	 0.43448	 0.21073	 0.52899	 0.69533	 1.22074	 1.34173	 1.35356	 1.38511	 1.34339	 1.28970	 1.12274	 0.90441	 0.69895	 0.42091	 0.19190	 0.10225	 0.02345	 0.00000	 0.00000	 0.00000	 0.01716	 0.05122	 0.15872	 0.28909	 0.58666	 0.81162	 1.02539	 1.22147	 1.28191	 1.25380	 1.20591	 0.83190	 0.63601	 1.05689	 0.34707	 0.35220	 0.36041	 0.35783	 0.41796	 0.74965	 0.40505	 0.47749	 0.50653	 0.51991	 0.53556	 0.96302	 1.06518	 0.95872	 0.57075	 0.44541	 0.13672	 0.72483	 0.42165	 0.92421	 0.67915	 0.68041	 0.46170	 0.84925	 0.65997	 0.62451	 0.37512	 0.78488	 0.74986	 0.64223	 0.64002	 0.40450	 0.64455	 0.20742	 0.87089	 0.69874	 0.69169	 0.84769	 0.00000	 0.88364	 0.98392	 0.87336	 1.07548	 0.95425	 0.24994	 0.25037	 0.10460	 0.24050	 0.63570	 1.00685	 0.91971	 0.69486	 1.02472	 0.32614	 0.42896	 0.18140	 0.25568	 0.75213	 0.21108	 0.35854	 0.79381	 0.54971	 0.00994	 0.85217	 0.50784	 0.49629	 0.36551	 0.51704	 1.14052	 0.08923	 0.09272	 0.00000	 0.00000	 0.00000	 0.00000	 0.09441	 0.09553	 0.96175	 0.71273	 1.00999	 0.62264	 0.88755	 0.62085	 0.38486	 0.56473	 0.21926	 0.84721	 0.24321	 0.24116	 0.38331	 0.34715	 0.38171	 0.88743	 0.44191	 0.43208	 0.15530	 0.16631	 0.56512	 0.88245	 0.65264	 0.63193	 0.26325	 0.65817	 0.25858	 0.58788	 0.77949	 0.57286	 0.45787	 0.74832	 0.58967	 0.32202	 0.80998	 0.40513	 0.83143	 0.32836	 0.41159	 0.20817	 0.86911	 0.89672	 1.02835	 1.07105	 0.91322	 0.84978	 0.28246	 0.00724	 0.00000	 0.00000	 0.00000	 0.00000	 0.00000	 0.00000	 0.00000	 0.00000	 0.00000	 0.00000	 0.00000	 0.00000	 0.00000	 0.00000	 0.00000	 0.00000	 0.00000	 0.00000	 0.05666	 0.79836	 1.23156	 1.11445	 1.20783	 0.75607	 0.22595	 0.33071	 0.77093	 0.36096	 0.36621	 0.53369	 0.55520	 0.74241	 0.63606	 0.70915	 0.00000

Beta step 48:
	 0.73214	 0.61119	 0.52237	 0.36790	 0.83611	 0.50508	 0.47423	 0.00710	 0.39394	 0.69487	 0.77206	 0.56246	 0.75905	 0.58082	 0.11137	 0.56561	 1.02598	 0.55345	 0.47461	 0.76980	 0.51997	 0.54560	 0.20675	 0.91649	 0.73292	 0.40487	 0.40330	 0.00000	 0.84237	 0.73826	 0.59641	 0.79961	 0.96229	 0.48034	 0.00000	 0.00000	 0.00000	 0.59123	 0.76660	 1.06933	 0.74215	 0.94905	 0.32218	 0.51749	 0.21551	 0.07200	 0.70712	 0.12684	 0.39532	 0.56916	 0.46764	 0.26526	 0.27834	 0.38030	 0.66476	 0.65107	 1.26447	 0.45605	 1.09877	 1.14520	 1.21098	 0.19708	 0.00000	 0.28331	 1.00145	 0.88212	 1.13109	 0.95138	 1.08043	 0.43246	 0.75353	 0.84544	 0.72892	 0.71382	 0.66758	 0.60787	 0.29406	 0.70386	 0.53717	 0.48144	 0.60099	 0.93180	 0.36450	 0.84258	 0.54890	 0.83472	 0.67810	 0.75410	 0.86137	 0.74108	 0.37725	 0.77477	 0.57707	 0.82025	 0.57401	 0.46206	 0.75842	 0.80521	 0.80160	 0.32131	 0.39288	 0.37882	 0.59766	 0.33394	 0.42596	 0.20660	 0.51862	 0.68169	 1.19681	 1.31543	 1.32702	 1.35795	 1.31705	 1.26441	 1.10073	 0.88668	 0.68524	 0.41266	 0.18814	 0.10025	 0.02299	 0.00000	 0.00000	 0.00000	 0.01683	 0.05022	 0.15561	 0.28342	 0.57516	 0.79570	 1.00529	 1.19752	 1.25677	 1.22922	 1.18227	 0.81559	 0.62354	 1.03617	 0.34026	 0.34530	 0.35334	 0.35081	 0.40977	 0.73496	 0.39711	 0.46813	 0.49659	 0.50972	 0.52506	 0.94414	 1.04430	 0.93993	 0.55956	 0.43668	 0.13404	 0.71061	 0.41338	 0.90609	 0.66583	 0.66707	 0.45265	 0.83260	 0.64703	 0.61226	 0.36777	 0.76949	 0.73515	 0.62964	 0.62747	 0.39657	 0.63191	 0.20335	 0.85381	 0.68504	 0.67813	 0.83107	 0.00000	 0.86631	 0.96462	 0.85624	 1.05439	 0.93554	 0.24504	 0.24546	 0.10254	 0.23578	 0.62324	 0.98711	 0.90168	 0.68124	 1.00463	 0.31975	 0.42055	 0.17784	 0.25067	 0.73738	 0.20694	 0.35151	 0.77825	 0.53893	 0.00975	 0.83546	 0.49788	 0.48656	 0.35834	 0.50691	 1.11815	 0.08748	 0.09090	 0.00000	 0.00000	 0.00000	 0.00000	 0.09255	 0.09366	 0.94289	 0.69875	 0.99019	 0.61043	 0.87014	 0.60868	 0.37731	 0.55366	 0.21496	 0.83059	 0.23845	 0.23643	 0.37579	 0.34034	 0.37422	 0.87003	 0.43325	 0.42361	 0.15225	 0.16305	 0.55404	 0.86515	 0.63984	 0.61954	 0.25809	 0.64527	 0.25351	 0.57636	 0.76421	 0.56163	 0.44890	 0.73365	 0.57811	 0.31570	 0.79410	 0.39719	 0.81513	 0.32192	 0.40352	 0.20409	 0.85207	 0.87914	 1.00818	 1.05005	 0.89531	 0.83312	 0.27692	 0.00710	 0.00000	 0.00000	 0.00000	 0.00000	 0.00000	 0.00000	 0.00000	 0.00000	 0.00000	 0.00000	 0.00000	 0.00000	 0.00000	 0.00000	 0.00000	 0.00000	 0.00000	 0.00000	 0.05555	 0.78270	 1.20742	 1.09260	 1.18414	 0.74125	 0.22152	 0.32422	 0.75581	 0.35388	 0.35903	 0.52323	 0.54431	 0.72786	 0.62359	 0.69524	 0.00000

Beta step 49:
	 0.71778	 0.59920	 0.51213	 0.36069	 0.81971	 0.49518	 0.46493	 0.00696	 0.38621	 0.68124	 0.75692	 0.55143	 0.74417	 0.56943	 0.10919	 0.55452	 1.00586	 0.54259	 0.46531	 0.75471	 0.50978	 0.53490	 0.20270	 0.89852	 0.71855	 0.39693	 0.39539	 0.00000	 0.82586	 0.72379	 0.58472	 0.78393	 0.94343	 0.47092	 0.00000	 0.00000	 0.00000	 0.57964	 0.75157	 1.04836	 0.72760	 0.93044	 0.31586	 0.50734	 0.21129	 0.07059	 0.69325	 0.12435	 0.38757	 0.55800	 0.45847	 0.26006	 0.27288	 0.37284	 0.65172	 0.63830	 1.23967	 0.44711	 1.07722	 1.12275	 1.18723	 0.19322	 0.00000	 0.27776	 0.98182	 0.86483	 1.10891	 0.93272	 1.05925	 0.42398	 0.73876	 0.82886	 0.71463	 0.69982	 0.65449	 0.59596	 0.28829	 0.69006	 0.52664	 0.47200	 0.58920	 0.91353	 0.35735	 0.82606	 0.53813	 0.81836	 0.66480	 0.73931	 0.84448	 0.72655	 0.36986	 0.75958	 0.56576	 0.80417	 0.56275	 0.45300	 0.74355	 0.78942	 0.78588	 0.31501	 0.38518	 0.37140	 0.58594	 0.32739	 0.41761	 0.20255	 0.50845	 0.66833	 1.17334	 1.28963	 1.30100	 1.33132	 1.29123	 1.23962	 1.07914	 0.86929	 0.67181	 0.40456	 0.18445	 0.09828	 0.02254	 0.00000	 0.00000	 0.00000	 0.01650	 0.04924	 0.15256	 0.27786	 0.56388	 0.78010	 0.98557	 1.17404	 1.23213	 1.20512	 1.15908	 0.79960	 0.61132	 1.01585	 0.33359	 0.33853	 0.34641	 0.34394	 0.40173	 0.72054	 0.38933	 0.45895	 0.48686	 0.49972	 0.51476	 0.92563	 1.02382	 0.92150	 0.54859	 0.42811	 0.13141	 0.69668	 0.40528	 0.88832	 0.65277	 0.65399	 0.44377	 0.81627	 0.63434	 0.60025	 0.36056	 0.75440	 0.72074	 0.61729	 0.61516	 0.38879	 0.61952	 0.19936	 0.83707	 0.67161	 0.66483	 0.81477	 0.00000	 0.84932	 0.94571	 0.83945	 1.03372	 0.91719	 0.24024	 0.24065	 0.10053	 0.23116	 0.61102	 0.96775	 0.88400	 0.66788	 0.98493	 0.31348	 0.41230	 0.17435	 0.24576	 0.72293	 0.20288	 0.34462	 0.76299	 0.52836	 0.00955	 0.81907	 0.48812	 0.47702	 0.35131	 0.49697	 1.09623	 0.08576	 0.08912	 0.00000	 0.00000	 0.00000	 0.00000	 0.09074	 0.09182	 0.92440	 0.68505	 0.97077	 0.59847	 0.85308	 0.59674	 0.36992	 0.54280	 0.21075	 0.81431	 0.23377	 0.23180	 0.36842	 0.33367	 0.36688	 0.85297	 0.42475	 0.41530	 0.14927	 0.15985	 0.54318	 0.84818	 0.62730	 0.60739	 0.25303	 0.63262	 0.24854	 0.56506	 0.74922	 0.55062	 0.44009	 0.71926	 0.56677	 0.30951	 0.77853	 0.38940	 0.79915	 0.31561	 0.39561	 0.20009	 0.83536	 0.86190	 0.98841	 1.02946	 0.87775	 0.81679	 0.27149	 0.00696	 0.00000	 0.00000	 0.00000	 0.00000	 0.00000	 0.00000	 0.00000	 0.00000	 0.00000	 0.00000	 0.00000	 0.00000	 0.00000	 0.00000	 0.00000	 0.00000	 0.00000	 0.00000	 0.05446	 0.76736	 1.18374	 1.07118	 1.16093	 0.72672	 0.21718	 0.31787	 0.74099	 0.34694	 0.35199	 0.51297	 0.53364	 0.71359	 0.61136	 0.68161	 0.00000

Beta step 50:
	 0.70371	 0.58745	 0.50208	 0.35362	 0.80364	 0.48547	 0.45581	 0.00682	 0.37864	 0.66788	 0.74208	 0.54062	 0.72958	 0.55826	 0.10704	 0.54365	 0.98614	 0.53196	 0.45618	 0.73991	 0.49978	 0.52441	 0.19873	 0.88090	 0.70446	 0.38915	 0.38764	 0.00000	 0.80966	 0.70960	 0.57325	 0.76856	 0.92493	 0.46168	 0.00000	 0.00000	 0.00000	 0.56827	 0.73683	 1.02780	 0.71333	 0.91219	 0.30967	 0.49739	 0.20715	 0.06920	 0.67966	 0.12191	 0.37997	 0.54706	 0.44948	 0.25496	 0.26753	 0.36553	 0.63894	 0.62579	 1.21537	 0.43834	 1.05610	 1.10073	 1.16395	 0.18943	 0.00000	 0.27231	 0.96257	 0.84787	 1.08717	 0.91444	 1.03848	 0.41567	 0.72427	 0.81261	 0.70061	 0.68610	 0.64166	 0.58427	 0.28264	 0.67653	 0.51631	 0.46274	 0.57765	 0.89562	 0.35035	 0.80986	 0.52758	 0.80231	 0.65177	 0.72482	 0.82792	 0.71230	 0.36260	 0.74468	 0.55466	 0.78840	 0.55172	 0.44412	 0.72897	 0.77394	 0.77047	 0.30883	 0.37763	 0.36411	 0.57445	 0.32097	 0.40942	 0.19858	 0.49848	 0.65522	 1.15033	 1.26435	 1.27549	 1.30522	 1.26591	 1.21531	 1.05798	 0.85225	 0.65863	 0.39663	 0.18084	 0.09635	 0.02210	 0.00000	 0.00000	 0.00000	 0.01617	 0.04827	 0.14957	 0.27241	 0.55283	 0.76480	 0.96625	 1.15102	 1.20797	 1.18149	 1.13636	 0.78392	 0.59933	 0.99593	 0.32705	 0.33189	 0.33962	 0.33719	 0.39386	 0.70642	 0.38169	 0.44995	 0.47731	 0.48993	 0.50467	 0.90748	 1.00374	 0.90343	 0.53783	 0.41972	 0.12883	 0.68302	 0.39733	 0.87090	 0.63997	 0.64116	 0.43507	 0.80026	 0.62190	 0.58849	 0.35349	 0.73961	 0.70661	 0.60519	 0.60310	 0.38117	 0.60737	 0.19546	 0.82066	 0.65844	 0.65180	 0.79880	 0.00000	 0.83267	 0.92717	 0.82299	 1.01345	 0.89921	 0.23553	 0.23593	 0.09856	 0.22663	 0.59904	 0.94878	 0.86667	 0.65478	 0.96562	 0.30733	 0.40422	 0.17093	 0.24094	 0.70875	 0.19890	 0.33786	 0.74803	 0.51800	 0.00937	 0.80301	 0.47855	 0.46766	 0.34442	 0.48722	 1.07473	 0.08408	 0.08737	 0.00000	 0.00000	 0.00000	 0.00000	 0.08896	 0.09002	 0.90627	 0.67162	 0.95174	 0.58673	 0.83636	 0.58504	 0.36266	 0.53216	 0.20662	 0.79834	 0.22919	 0.22725	 0.36120	 0.32713	 0.35969	 0.83625	 0.41642	 0.40716	 0.14634	 0.15672	 0.53253	 0.83155	 0.61500	 0.59548	 0.24807	 0.62021	 0.24367	 0.55398	 0.73453	 0.53982	 0.43147	 0.70516	 0.55566	 0.30344	 0.76327	 0.38176	 0.78348	 0.30942	 0.38785	 0.19616	 0.81898	 0.84500	 0.96903	 1.00927	 0.86054	 0.80077	 0.26616	 0.00682	 0.00000	 0.00000	 0.00000	 0.00000	 0.00000	 0.00000	 0.00000	 0.00000	 0.00000	 0.00000	 0.00000	 0.00000	 0.00000	 0.00000	 0.00000	 0.00000	 0.00000	 0.00000	 0.05339	 0.75231	 1.16053	 1.05017	 1.13816	 0.71247	 0.21292	 0.31163	 0.72646	 0.34014	 0.34508	 0.50291	 0.52318	 0.69959	 0.59937	 0.66825	 0.00000

